"","occurrenceID","basisOfRecord","typeStatus","associatedReferences","institutionCode","taxonRank","collectionCode","recordedBy","recordNumber","identifiedBy","lifeForm","datasetID","matchCodeEpig","matchedNameEpig","decimalLatitude","decimalLongitude","eventDate","changes","discardReason","verbatimidentifiedBy","verbatimrecordedBy"
"1","EBUM2024:001","PreservedSpecimen",NA,NA,"EBUM Facultad de Biología, UMSNH","SPECIES","Michoacán de Ocampo","Garcia-Martinez, S.","88","Garcia-Martinez, S.",NA,"EBUM2024",1,"Laelia autumnalis",19.72,-101.15861111,"1985-10-27","change1: Standardized taxonRank to EN uppercase (Darwin Core). | change2: Filled coordinateUncertaintyInMeters from decimal-place precision (conservative). | epi_taxo: acceptedName(match1); authorship_epig(match1); genus_from_scientificName; family_WFO; order_majorGroup_WCVP [2026-03-11] | CoordinateCleaner QA applied without sea test (validity, equal, zeros, capitals, centroids, gbif, institutions) [2026-04-14] | No lifeForm information available or recoverable from text fields; lifeForm left as NA [2026-04-14]","standardized author names in recordedBy / standardized author names in identifiedBy","Silvia García Martínez","Silvia García Martínez"
"2","EBUM2024:002","PreservedSpecimen",NA,NA,"EBUM Facultad de Biología, UMSNH","SPECIES","Michoacán de Ocampo","Madrigal-Sanchez, X.","4855","Avila-Diaz, I.",NA,"EBUM2024",1,"Barkeria uniflora",NA,NA,"2003-10-26","change1: Trimmed whitespace in verbatimScientificName (and standardized blanks to NA) | change2: Standardized taxonRank to EN uppercase (Darwin Core). | change3: Set (0,0) to NA (Null Island placeholder). | epi_taxo: acceptedName(match1); authorship_epig(match1); genus_from_scientificName; family_WFO; order_majorGroup_WCVP [2026-03-11] | CoordinateCleaner QA applied without sea test (validity, equal, zeros, capitals, centroids, gbif, institutions) [2026-04-14] | No lifeForm information available or recoverable from text fields; lifeForm left as NA [2026-04-14]","standardized author names in recordedBy / standardized author names in identifiedBy","Irene Ávila Díaz","Xavier Madrigal Sánchez"
"3","EBUM2024:003","PreservedSpecimen",NA,NA,"EBUM Facultad de Biología, UMSNH","SPECIES","Michoacán de Ocampo","Madrigal-Sanchez, X.","4297","Madrigal-Sanchez, X.",NA,"EBUM2024",1,"Peperomia tetraphylla",18.79027778,-110.96777778,"1989-05-19","change1: Standardized taxonRank to EN uppercase (Darwin Core). | change2: Filled coordinateUncertaintyInMeters from decimal-place precision (conservative). | epi_taxo: acceptedName(match1); authorship_epig(match1); genus_from_scientificName; family_WFO; order_majorGroup_WCVP [2026-03-11] | CoordinateCleaner QA applied without sea test (validity, equal, zeros, capitals, centroids, gbif, institutions) [2026-04-14] | No lifeForm information available or recoverable from text fields; lifeForm left as NA [2026-04-14]","standardized author names in recordedBy / standardized author names in identifiedBy","Xavier Madrigal Sánchez","Xavier Madrigal Sánchez"
"4","EBUM2024:004","PreservedSpecimen",NA,NA,"EBUM Facultad de Biología, UMSNH","SPECIES","Michoacán de Ocampo","Torres-Rodriguez, L.","727","Torres-Rodriguez, L.",NA,"EBUM2024",1,"Rhynchostele cervantesii",19.76694444,-102.39166667,"1990-05-05","change1: Standardized taxonRank to EN uppercase (Darwin Core). | change2: Filled coordinateUncertaintyInMeters from decimal-place precision (conservative). | epi_taxo: acceptedName(match1); authorship_epig(match1); genus_from_scientificName; family_WFO; order_majorGroup_WCVP [2026-03-11] | CoordinateCleaner QA applied without sea test (validity, equal, zeros, capitals, centroids, gbif, institutions) [2026-04-14] | No lifeForm information available or recoverable from text fields; lifeForm left as NA [2026-04-14]","standardized author names in recordedBy / standardized author names in identifiedBy","Laura Torres Rodríguez","Laura Torres Rodríguez"
"5","EBUM2024:005","PreservedSpecimen",NA,NA,"EBUM Facultad de Biología, UMSNH","SPECIES","Michoacán de Ocampo","Torres-Rodriguez, L.","627","Torres-Rodriguez, L.",NA,"EBUM2024",1,"Rhynchostele cervantesii",19.76666667,-102.39083333,"1990-05-05","change1: Standardized taxonRank to EN uppercase (Darwin Core). | change2: Filled coordinateUncertaintyInMeters from decimal-place precision (conservative). | epi_taxo: acceptedName(match1); authorship_epig(match1); genus_from_scientificName; family_WFO; order_majorGroup_WCVP [2026-03-11] | CoordinateCleaner QA applied without sea test (validity, equal, zeros, capitals, centroids, gbif, institutions) [2026-04-14] | No lifeForm information available or recoverable from text fields; lifeForm left as NA [2026-04-14]","standardized author names in recordedBy / standardized author names in identifiedBy","Laura Torres Rodríguez","Laura Torres Rodríguez"
"6","EBUM2024:006","PreservedSpecimen",NA,NA,"EBUM Facultad de Biología, UMSNH","SPECIES","Michoacán de Ocampo","Torres-Rodriguez, L.","627","Torres-Rodriguez, L.",NA,"EBUM2024",1,"Rhynchostele cervantesii",19.76666667,-102.39138889,"1990-05-05","change1: Standardized taxonRank to EN uppercase (Darwin Core). | change2: Filled coordinateUncertaintyInMeters from decimal-place precision (conservative). | epi_taxo: acceptedName(match1); authorship_epig(match1); genus_from_scientificName; family_WFO; order_majorGroup_WCVP [2026-03-11] | CoordinateCleaner QA applied without sea test (validity, equal, zeros, capitals, centroids, gbif, institutions) [2026-04-14] | No lifeForm information available or recoverable from text fields; lifeForm left as NA [2026-04-14]","standardized author names in recordedBy / standardized author names in identifiedBy","Laura Torres Rodríguez","Laura Torres Rodríguez"
"7","EBUM2024:007","PreservedSpecimen",NA,NA,"EBUM Facultad de Biología, UMSNH","SPECIES","Michoacán de Ocampo","Torres-Rodriguez, L.","867","Torres-Rodriguez, L.",NA,"EBUM2024",1,"Rhynchostele cervantesii",19.76444444,-102.39416667,"1991-02-22","change1: Standardized taxonRank to EN uppercase (Darwin Core). | change2: Filled coordinateUncertaintyInMeters from decimal-place precision (conservative). | epi_taxo: acceptedName(match1); authorship_epig(match1); genus_from_scientificName; family_WFO; order_majorGroup_WCVP [2026-03-11] | CoordinateCleaner QA applied without sea test (validity, equal, zeros, capitals, centroids, gbif, institutions) [2026-04-14] | No lifeForm information available or recoverable from text fields; lifeForm left as NA [2026-04-14]","standardized author names in recordedBy / standardized author names in identifiedBy","Laura Torres Rodríguez","Laura Torres Rodríguez"
"8","EBUM2024:008","PreservedSpecimen",NA,NA,"EBUM Facultad de Biología, UMSNH","SPECIES","Michoacán de Ocampo","Medina-Garcia, C.","1278","Medina-Garcia, C.",NA,"EBUM2024",1,"Prosthechea michuacana",19.64416667,-101.13305556,"1988-07-31","change1: Standardized taxonRank to EN uppercase (Darwin Core). | change2: Filled coordinateUncertaintyInMeters from decimal-place precision (conservative). | epi_taxo: acceptedName(match1); authorship_epig(match1); genus_from_scientificName; family_WFO; order_majorGroup_WCVP [2026-03-11] | CoordinateCleaner QA applied without sea test (validity, equal, zeros, capitals, centroids, gbif, institutions) [2026-04-14] | No lifeForm information available or recoverable from text fields; lifeForm left as NA [2026-04-14]","standardized author names in recordedBy / standardized author names in identifiedBy","Consuelo Medina García","Consuelo Medina García"
"9","EBUM2024:009","PreservedSpecimen",NA,NA,"EBUM Facultad de Biología, UMSNH","SPECIES","Michoacán de Ocampo","Rzedowski-Rotter, J.","40219","Zamudio-Ruiz, S.",NA,"EBUM2024",1,"Prosthechea pastoris",19.41805556,-101.75,"1986-08-03","change1: Standardized taxonRank to EN uppercase (Darwin Core). | change2: Filled coordinateUncertaintyInMeters from decimal-place precision (conservative). | epi_taxo: acceptedName(match1); authorship_epig(match1); genus_from_scientificName; family_WFO; order_majorGroup_WCVP [2026-03-11] | CoordinateCleaner QA applied without sea test (validity, equal, zeros, capitals, centroids, gbif, institutions) [2026-04-14] | No lifeForm information available or recoverable from text fields; lifeForm left as NA [2026-04-14]","standardized author names in recordedBy / standardized author names in identifiedBy","Sergio Zamudio Ruíz","Jerzy Rzedowski Rotter"
"10","EBUM2024:010","PreservedSpecimen",NA,NA,"EBUM Facultad de Biología, UMSNH","SPECIES","Michoacán de Ocampo","Garcia-Lopez, E. | Perez-Calix, E.","3179","Perez-Calix, E.",NA,"EBUM2024",2,"Homalopetalum pachyphyllum",19.54666667,-102.03916667,"1990-09-05","change1: Standardized taxonRank to EN uppercase (Darwin Core). | change2: Filled coordinateUncertaintyInMeters from decimal-place precision (conservative). | epi_taxo: acceptedName(match1); authorship_epig(match1); genus_from_scientificName; family_WFO; order_majorGroup_WCVP [2026-03-11] | CoordinateCleaner QA applied without sea test (validity, equal, zeros, capitals, centroids, gbif, institutions) [2026-04-14] | No lifeForm information available or recoverable from text fields; lifeForm left as NA [2026-04-14]","standardized author names in recordedBy / standardized author names in identifiedBy","Emmanuel Pérez Calix","Eustolia García López; Emmanuel Pérez Calix"
"11","EBUM2024:011","PreservedSpecimen",NA,NA,"EBUM Facultad de Biología, UMSNH","SPECIES","Michoacán de Ocampo","Garcia-Martinez, S.","145","Garcia-Martinez, S.",NA,"EBUM2024",1,"Laelia autumnalis",19.66527778,-101.07833333,"1986-11-20","change1: Standardized taxonRank to EN uppercase (Darwin Core). | change2: Filled coordinateUncertaintyInMeters from decimal-place precision (conservative). | epi_taxo: acceptedName(match1); authorship_epig(match1); genus_from_scientificName; family_WFO; order_majorGroup_WCVP [2026-03-11] | CoordinateCleaner QA applied without sea test (validity, equal, zeros, capitals, centroids, gbif, institutions) [2026-04-14] | No lifeForm information available or recoverable from text fields; lifeForm left as NA [2026-04-14]","standardized author names in recordedBy / standardized author names in identifiedBy","Silvia García Martínez","Silvia García Martínez"
"12","EBUM2024:012","PreservedSpecimen",NA,NA,"EBUM Facultad de Biología, UMSNH","SPECIES","Michoacán de Ocampo","Avila-Diaz, I.","1634","Avila-Diaz, I.",NA,"EBUM2024",1,"Laelia autumnalis",19.51055556,-101.34305556,"1985-12-13","change1: Standardized taxonRank to EN uppercase (Darwin Core). | change2: Filled coordinateUncertaintyInMeters from decimal-place precision (conservative). | epi_taxo: acceptedName(match1); authorship_epig(match1); genus_from_scientificName; family_WFO; order_majorGroup_WCVP [2026-03-11] | CoordinateCleaner QA applied without sea test (validity, equal, zeros, capitals, centroids, gbif, institutions) [2026-04-14] | No lifeForm information available or recoverable from text fields; lifeForm left as NA [2026-04-14]","standardized author names in recordedBy / standardized author names in identifiedBy","Irene Ávila Díaz","Irene Ávila Díaz"
"13","EBUM2024:013","PreservedSpecimen",NA,NA,"EBUM Facultad de Biología, UMSNH","SPECIES","Michoacán de Ocampo","Avila-Diaz, I.","1624","Avila-Diaz, I.",NA,"EBUM2024",1,"Laelia autumnalis",19.395,-101.2875,"1985-03-22","change1: Standardized taxonRank to EN uppercase (Darwin Core). | change2: Filled coordinateUncertaintyInMeters from decimal-place precision (conservative). | epi_taxo: acceptedName(match1); authorship_epig(match1); genus_from_scientificName; family_WFO; order_majorGroup_WCVP [2026-03-11] | CoordinateCleaner QA applied without sea test (validity, equal, zeros, capitals, centroids, gbif, institutions) [2026-04-14] | No lifeForm information available or recoverable from text fields; lifeForm left as NA [2026-04-14]","standardized author names in recordedBy / standardized author names in identifiedBy","Irene Ávila Díaz","Irene Ávila Díaz"
"14","EBUM2024:014","PreservedSpecimen",NA,NA,"EBUM Facultad de Biología, UMSNH","SPECIES","Michoacán de Ocampo","Avila-Diaz, I.","1661","Avila-Diaz, I.",NA,"EBUM2024",1,"Laelia autumnalis",19.48222222,-101.33638889,"1986-11-14","change1: Standardized taxonRank to EN uppercase (Darwin Core). | change2: Filled coordinateUncertaintyInMeters from decimal-place precision (conservative). | epi_taxo: acceptedName(match1); authorship_epig(match1); genus_from_scientificName; family_WFO; order_majorGroup_WCVP [2026-03-11] | CoordinateCleaner QA applied without sea test (validity, equal, zeros, capitals, centroids, gbif, institutions) [2026-04-14] | No lifeForm information available or recoverable from text fields; lifeForm left as NA [2026-04-14]","standardized author names in recordedBy / standardized author names in identifiedBy","Irene Ávila Díaz","Irene Ávila Díaz"
"15","EBUM2024:015","PreservedSpecimen",NA,NA,"EBUM Facultad de Biología, UMSNH","SPECIES","Michoacán de Ocampo","Garcia-Martinez, S.","245","Garcia-Martinez, S.",NA,"EBUM2024",1,"Laelia autumnalis",19.66944444,-101.085,"1986-11-13","change1: Standardized taxonRank to EN uppercase (Darwin Core). | change2: Filled coordinateUncertaintyInMeters from decimal-place precision (conservative). | epi_taxo: acceptedName(match1); authorship_epig(match1); genus_from_scientificName; family_WFO; order_majorGroup_WCVP [2026-03-11] | CoordinateCleaner QA applied without sea test (validity, equal, zeros, capitals, centroids, gbif, institutions) [2026-04-14] | No lifeForm information available or recoverable from text fields; lifeForm left as NA [2026-04-14]","standardized author names in recordedBy / standardized author names in identifiedBy","Silvia García Martínez","Silvia García Martínez"
"16","EBUM2024:016","PreservedSpecimen",NA,NA,"EBUM Facultad de Biología, UMSNH","FORM","Michoacán de Ocampo","Garcia-Martinez, S.","233","Garcia-Martinez, S.",NA,"EBUM2024",1,"Laelia eyermaniana",NA,-102.84138889,"1986-10-25","change1: Standardized taxonRank to EN uppercase (Darwin Core). | change2: Corrected taxonRank (SPECIES→FORM); kept scientificName as-is. | epi_taxo: acceptedName(match1); authorship_epig(match1); genus_from_scientificName; family_WFO; order_majorGroup_WCVP [2026-03-11] | CoordinateCleaner QA applied without sea test (validity, equal, zeros, capitals, centroids, gbif, institutions) [2026-04-14] | No lifeForm information available or recoverable from text fields; lifeForm left as NA [2026-04-14]","standardized author names in recordedBy / standardized author names in identifiedBy","Silvia García Martínez","Silvia García Martínez"
"17","EBUM2024:017","PreservedSpecimen",NA,NA,"EBUM Facultad de Biología, UMSNH","SPECIES","Michoacán de Ocampo","Avila-Diaz, I.","1636","Avila-Diaz, I.",NA,"EBUM2024",1,"Laelia autumnalis",19.51027778,-101.34277778,"1985-12-13","change1: Standardized taxonRank to EN uppercase (Darwin Core). | change2: Filled coordinateUncertaintyInMeters from decimal-place precision (conservative). | epi_taxo: acceptedName(match1); authorship_epig(match1); genus_from_scientificName; family_WFO; order_majorGroup_WCVP [2026-03-11] | CoordinateCleaner QA applied without sea test (validity, equal, zeros, capitals, centroids, gbif, institutions) [2026-04-14] | No lifeForm information available or recoverable from text fields; lifeForm left as NA [2026-04-14]","standardized author names in recordedBy / standardized author names in identifiedBy","Irene Ávila Díaz","Irene Ávila Díaz"
"18","EBUM2024:018","PreservedSpecimen",NA,NA,"EBUM Facultad de Biología, UMSNH","SPECIES","Michoacán de Ocampo","Avila-Diaz, I.","1638","Avila-Diaz, I.",NA,"EBUM2024",1,"Laelia autumnalis",19.44888889,-101.31666667,"1985-12-13","change1: Standardized taxonRank to EN uppercase (Darwin Core). | change2: Filled coordinateUncertaintyInMeters from decimal-place precision (conservative). | epi_taxo: acceptedName(match1); authorship_epig(match1); genus_from_scientificName; family_WFO; order_majorGroup_WCVP [2026-03-11] | CoordinateCleaner QA applied without sea test (validity, equal, zeros, capitals, centroids, gbif, institutions) [2026-04-14] | No lifeForm information available or recoverable from text fields; lifeForm left as NA [2026-04-14]","standardized author names in recordedBy / standardized author names in identifiedBy","Irene Ávila Díaz","Irene Ávila Díaz"
"19","EBUM2024:019","PreservedSpecimen",NA,NA,"EBUM Facultad de Biología, UMSNH","SPECIES","Michoacán de Ocampo","Garcia-Martinez, S.","289","Garcia-Martinez, S.",NA,"EBUM2024",1,"Laelia autumnalis",19.86805556,-102.03638889,"1986-11-23","change1: Standardized taxonRank to EN uppercase (Darwin Core). | change2: Filled coordinateUncertaintyInMeters from decimal-place precision (conservative). | epi_taxo: acceptedName(match1); authorship_epig(match1); genus_from_scientificName; family_WFO; order_majorGroup_WCVP [2026-03-11] | CoordinateCleaner QA applied without sea test (validity, equal, zeros, capitals, centroids, gbif, institutions) [2026-04-14] | No lifeForm information available or recoverable from text fields; lifeForm left as NA [2026-04-14]","standardized author names in recordedBy / standardized author names in identifiedBy","Silvia García Martínez","Silvia García Martínez"
"20","EBUM2024:020","PreservedSpecimen",NA,NA,"EBUM Facultad de Biología, UMSNH","SPECIES","Michoacán de Ocampo","Garcia-Martinez, S.","280","Garcia-Martinez, S.",NA,"EBUM2024",1,"Laelia autumnalis",19.86944444,-102.03666667,"1986-11-23","change1: Standardized taxonRank to EN uppercase (Darwin Core). | change2: Filled coordinateUncertaintyInMeters from decimal-place precision (conservative). | epi_taxo: acceptedName(match1); authorship_epig(match1); genus_from_scientificName; family_WFO; order_majorGroup_WCVP [2026-03-11] | CoordinateCleaner QA applied without sea test (validity, equal, zeros, capitals, centroids, gbif, institutions) [2026-04-14] | No lifeForm information available or recoverable from text fields; lifeForm left as NA [2026-04-14]","standardized author names in recordedBy / standardized author names in identifiedBy","Silvia García Martínez","Silvia García Martínez"
"21","EBUM2024:021","PreservedSpecimen",NA,NA,"EBUM Facultad de Biología, UMSNH","SPECIES","Michoacán de Ocampo","Garcia-Martinez, S.","93","Garcia-Martinez, S.",NA,"EBUM2024",1,"Laelia autumnalis",19.54611111,-101.19805556,"1985-10-27","change1: Standardized taxonRank to EN uppercase (Darwin Core). | change2: Filled coordinateUncertaintyInMeters from decimal-place precision (conservative). | epi_taxo: acceptedName(match1); authorship_epig(match1); genus_from_scientificName; family_WFO; order_majorGroup_WCVP [2026-03-11] | CoordinateCleaner QA applied without sea test (validity, equal, zeros, capitals, centroids, gbif, institutions) [2026-04-14] | No lifeForm information available or recoverable from text fields; lifeForm left as NA [2026-04-14]","standardized author names in recordedBy / standardized author names in identifiedBy","Silvia García Martínez","Silvia García Martínez"
"22","EBUM2024:022","PreservedSpecimen",NA,NA,"EBUM Facultad de Biología, UMSNH","SPECIES","Michoacán de Ocampo","Garcia-Martinez, S.","237","Garcia-Martinez, S.",NA,"EBUM2024",1,"Laelia autumnalis",19.76027778,-101.6825,"1986-11-13","change1: Standardized taxonRank to EN uppercase (Darwin Core). | change2: Filled coordinateUncertaintyInMeters from decimal-place precision (conservative). | epi_taxo: acceptedName(match1); authorship_epig(match1); genus_from_scientificName; family_WFO; order_majorGroup_WCVP [2026-03-11] | CoordinateCleaner QA applied without sea test (validity, equal, zeros, capitals, centroids, gbif, institutions) [2026-04-14] | No lifeForm information available or recoverable from text fields; lifeForm left as NA [2026-04-14]","standardized author names in recordedBy / standardized author names in identifiedBy","Silvia García Martínez","Silvia García Martínez"
"23","EBUM2024:023","PreservedSpecimen",NA,NA,"EBUM Facultad de Biología, UMSNH","SPECIES","Michoacán de Ocampo","Avila-Diaz, I.","1656","Avila-Diaz, I.",NA,"EBUM2024",1,"Laelia autumnalis",19.73916667,-101.61333333,"1986-11-02","change1: Standardized taxonRank to EN uppercase (Darwin Core). | change2: Filled coordinateUncertaintyInMeters from decimal-place precision (conservative). | epi_taxo: acceptedName(match1); authorship_epig(match1); genus_from_scientificName; family_WFO; order_majorGroup_WCVP [2026-03-11] | CoordinateCleaner QA applied without sea test (validity, equal, zeros, capitals, centroids, gbif, institutions) [2026-04-14] | No lifeForm information available or recoverable from text fields; lifeForm left as NA [2026-04-14]","standardized author names in recordedBy / standardized author names in identifiedBy","Irene Ávila Díaz","Irene Ávila Díaz"
"24","EBUM2024:024","PreservedSpecimen",NA,NA,"EBUM Facultad de Biología, UMSNH","SPECIES","Michoacán de Ocampo","Garcia-Martinez, S.","89","Garcia-Martinez, S.",NA,"EBUM2024",1,"Laelia autumnalis",19.72055556,-101.16222222,"1985-10-27","change1: Standardized taxonRank to EN uppercase (Darwin Core). | change2: Filled coordinateUncertaintyInMeters from decimal-place precision (conservative). | epi_taxo: acceptedName(match1); authorship_epig(match1); genus_from_scientificName; family_WFO; order_majorGroup_WCVP [2026-03-11] | CoordinateCleaner QA applied without sea test (validity, equal, zeros, capitals, centroids, gbif, institutions) [2026-04-14] | No lifeForm information available or recoverable from text fields; lifeForm left as NA [2026-04-14]","standardized author names in recordedBy / standardized author names in identifiedBy","Silvia García Martínez","Silvia García Martínez"
"25","EBUM2024:025","PreservedSpecimen",NA,NA,"EBUM Facultad de Biología, UMSNH","SPECIES","Michoacán de Ocampo","Garcia-Martinez, S.","90","Garcia-Martinez, S.",NA,"EBUM2024",1,"Laelia autumnalis",19.54361111,-101.19861111,"1985-10-27","change1: Standardized taxonRank to EN uppercase (Darwin Core). | change2: Filled coordinateUncertaintyInMeters from decimal-place precision (conservative). | epi_taxo: acceptedName(match1); authorship_epig(match1); genus_from_scientificName; family_WFO; order_majorGroup_WCVP [2026-03-11] | CoordinateCleaner QA applied without sea test (validity, equal, zeros, capitals, centroids, gbif, institutions) [2026-04-14] | No lifeForm information available or recoverable from text fields; lifeForm left as NA [2026-04-14]","standardized author names in recordedBy / standardized author names in identifiedBy","Silvia García Martínez","Silvia García Martínez"
"26","EBUM2024:026","PreservedSpecimen",NA,NA,"EBUM Facultad de Biología, UMSNH","SPECIES","Michoacán de Ocampo","Torres-Colin, R. | Ramirez, M.","13710","Gonzalez-Tamayo, R.",NA,"EBUM2024",1,"Laelia autumnalis",19.56527778,-100.47888889,"1989-11-19","change1: Standardized taxonRank to EN uppercase (Darwin Core). | change2: Filled coordinateUncertaintyInMeters from decimal-place precision (conservative). | epi_taxo: acceptedName(match1); authorship_epig(match1); genus_from_scientificName; family_WFO; order_majorGroup_WCVP [2026-03-11] | CoordinateCleaner QA applied without sea test (validity, equal, zeros, capitals, centroids, gbif, institutions) [2026-04-14] | No lifeForm information available or recoverable from text fields; lifeForm left as NA [2026-04-14]","standardized author names in recordedBy / standardized author names in identifiedBy","Roberto González Tamayo","Rafael Torres Colín; M. Ramirez"
"27","EBUM2024:027","PreservedSpecimen",NA,NA,"EBUM Facultad de Biología, UMSNH","SPECIES","Michoacán de Ocampo","Perez-Calix, E.","856","Perez-Calix, E.",NA,"EBUM2024",1,"Laelia autumnalis",19.41722222,-101.74944444,"1989-11-07","change1: Standardized taxonRank to EN uppercase (Darwin Core). | change2: Filled coordinateUncertaintyInMeters from decimal-place precision (conservative). | epi_taxo: acceptedName(match1); authorship_epig(match1); genus_from_scientificName; family_WFO; order_majorGroup_WCVP [2026-03-11] | CoordinateCleaner QA applied without sea test (validity, equal, zeros, capitals, centroids, gbif, institutions) [2026-04-14] | No lifeForm information available or recoverable from text fields; lifeForm left as NA [2026-04-14]","standardized author names in recordedBy / standardized author names in identifiedBy","Emmanuel Pérez Calix","Emmanuel Pérez Calix"
"28","EBUM2024:028","PreservedSpecimen",NA,NA,"EBUM Facultad de Biología, UMSNH","FORM","Michoacán de Ocampo","Garcia-Martinez, S.","235","Garcia-Martinez, S.",NA,"EBUM2024",1,"Laelia eyermaniana",20.11166667,-102.84527778,"1986-10-25","change1: Standardized taxonRank to EN uppercase (Darwin Core). | change2: Corrected taxonRank (SPECIES→FORM); kept scientificName as-is. | change3: Filled coordinateUncertaintyInMeters from decimal-place precision (conservative). | epi_taxo: acceptedName(match1); authorship_epig(match1); genus_from_scientificName; family_WFO; order_majorGroup_WCVP [2026-03-11] | CoordinateCleaner QA applied without sea test (validity, equal, zeros, capitals, centroids, gbif, institutions) [2026-04-14] | No lifeForm information available or recoverable from text fields; lifeForm left as NA [2026-04-14]","standardized author names in recordedBy / standardized author names in identifiedBy","Silvia García Martínez","Silvia García Martínez"
"29","EBUM2024:029","PreservedSpecimen",NA,NA,"EBUM Facultad de Biología, UMSNH","FORM","Michoacán de Ocampo","Garcia-Martinez, S.","224","Garcia-Martinez, S.",NA,"EBUM2024",1,"Laelia eyermaniana",19.98972222,-102.755,"1986-10-24","change1: Standardized taxonRank to EN uppercase (Darwin Core). | change2: Corrected taxonRank (SPECIES→FORM); kept scientificName as-is. | change3: Filled coordinateUncertaintyInMeters from decimal-place precision (conservative). | epi_taxo: acceptedName(match1); authorship_epig(match1); genus_from_scientificName; family_WFO; order_majorGroup_WCVP [2026-03-11] | CoordinateCleaner QA applied without sea test (validity, equal, zeros, capitals, centroids, gbif, institutions) [2026-04-14] | No lifeForm information available or recoverable from text fields; lifeForm left as NA [2026-04-14]","standardized author names in recordedBy / standardized author names in identifiedBy","Silvia García Martínez","Silvia García Martínez"
"30","EBUM2024:030","PreservedSpecimen",NA,NA,"EBUM Facultad de Biología, UMSNH","FORM","Michoacán de Ocampo","Garcia-Martinez, S.","208","Garcia-Martinez, S.",NA,"EBUM2024",1,"Laelia eyermaniana",19.98444444,-102.99583333,"1986-10-24","change1: Standardized taxonRank to EN uppercase (Darwin Core). | change2: Corrected taxonRank (SPECIES→FORM); kept scientificName as-is. | change3: Filled coordinateUncertaintyInMeters from decimal-place precision (conservative). | epi_taxo: acceptedName(match1); authorship_epig(match1); genus_from_scientificName; family_WFO; order_majorGroup_WCVP [2026-03-11] | CoordinateCleaner QA applied without sea test (validity, equal, zeros, capitals, centroids, gbif, institutions) [2026-04-14] | No lifeForm information available or recoverable from text fields; lifeForm left as NA [2026-04-14]","standardized author names in recordedBy / standardized author names in identifiedBy","Silvia García Martínez","Silvia García Martínez"
"31","EBUM2024:031","PreservedSpecimen",NA,NA,"EBUM Facultad de Biología, UMSNH","FORM","Michoacán de Ocampo","Avila-Diaz, I.","1646","Avila-Diaz, I.",NA,"EBUM2024",1,"Laelia eyermaniana",19.98916667,-102.75361111,"1986-10-24","change1: Standardized taxonRank to EN uppercase (Darwin Core). | change2: Corrected taxonRank (SPECIES→FORM); kept scientificName as-is. | change3: Filled coordinateUncertaintyInMeters from decimal-place precision (conservative). | epi_taxo: acceptedName(match1); authorship_epig(match1); genus_from_scientificName; family_WFO; order_majorGroup_WCVP [2026-03-11] | CoordinateCleaner QA applied without sea test (validity, equal, zeros, capitals, centroids, gbif, institutions) [2026-04-14] | No lifeForm information available or recoverable from text fields; lifeForm left as NA [2026-04-14]","standardized author names in recordedBy / standardized author names in identifiedBy","Irene Ávila Díaz","Irene Ávila Díaz"
"32","EBUM2024:032","PreservedSpecimen",NA,NA,"EBUM Facultad de Biología, UMSNH","FORM","Michoacán de Ocampo","Avila-Diaz, I.","1651","Avila-Diaz, I.",NA,"EBUM2024",1,"Laelia eyermaniana",19.98888889,-102.75416667,"1986-10-24","change1: Standardized taxonRank to EN uppercase (Darwin Core). | change2: Corrected taxonRank (SPECIES→FORM); kept scientificName as-is. | change3: Filled coordinateUncertaintyInMeters from decimal-place precision (conservative). | epi_taxo: acceptedName(match1); authorship_epig(match1); genus_from_scientificName; family_WFO; order_majorGroup_WCVP [2026-03-11] | CoordinateCleaner QA applied without sea test (validity, equal, zeros, capitals, centroids, gbif, institutions) [2026-04-14] | No lifeForm information available or recoverable from text fields; lifeForm left as NA [2026-04-14]","standardized author names in recordedBy / standardized author names in identifiedBy","Irene Ávila Díaz","Irene Ávila Díaz"
"33","EBUM2024:033","PreservedSpecimen",NA,NA,"EBUM Facultad de Biología, UMSNH","FORM","Michoacán de Ocampo","Avila-Diaz, I.","1654","Avila-Diaz, I.",NA,"EBUM2024",1,"Laelia eyermaniana",20.11166667,-102.84527778,"1986-10-25","change1: Standardized taxonRank to EN uppercase (Darwin Core). | change2: Corrected taxonRank (SPECIES→FORM); kept scientificName as-is. | change3: Filled coordinateUncertaintyInMeters from decimal-place precision (conservative). | epi_taxo: acceptedName(match1); authorship_epig(match1); genus_from_scientificName; family_WFO; order_majorGroup_WCVP [2026-03-11] | CoordinateCleaner QA applied without sea test (validity, equal, zeros, capitals, centroids, gbif, institutions) [2026-04-14] | No lifeForm information available or recoverable from text fields; lifeForm left as NA [2026-04-14]","standardized author names in recordedBy / standardized author names in identifiedBy","Irene Ávila Díaz","Irene Ávila Díaz"
"34","EBUM2024:034","PreservedSpecimen",NA,NA,"EBUM Facultad de Biología, UMSNH","FORM","Michoacán de Ocampo","Garcia-Martinez, S.","231","Garcia-Martinez, S.",NA,"EBUM2024",1,"Laelia eyermaniana",20.11166667,-102.84527778,"1986-10-25","change1: Standardized taxonRank to EN uppercase (Darwin Core). | change2: Corrected taxonRank (SPECIES→FORM); kept scientificName as-is. | change3: Filled coordinateUncertaintyInMeters from decimal-place precision (conservative). | epi_taxo: acceptedName(match1); authorship_epig(match1); genus_from_scientificName; family_WFO; order_majorGroup_WCVP [2026-03-11] | CoordinateCleaner QA applied without sea test (validity, equal, zeros, capitals, centroids, gbif, institutions) [2026-04-14] | No lifeForm information available or recoverable from text fields; lifeForm left as NA [2026-04-14]","standardized author names in recordedBy / standardized author names in identifiedBy","Silvia García Martínez","Silvia García Martínez"
"35","EBUM2024:035","PreservedSpecimen",NA,NA,"EBUM Facultad de Biología, UMSNH","GENUS","Michoacán de Ocampo","Garcia-Lopez, E. | Perez-Calix, E.","3175","Espejo-Serna, A.",NA,"EBUM2024",NA,"",19.54666667,-102.03916667,"1990-09-05","change1: Trimmed whitespace in verbatimScientificName (and standardized blanks to NA) | change2: Standardized taxonRank to EN uppercase (Darwin Core). | change3: Cleared scientificName for supra-specific rank (GENUS/SUBGENUS/SECTION/FAMILY/…). | change4: Filled coordinateUncertaintyInMeters from decimal-place precision (conservative). | epi_taxo: acceptedName(match1); authorship_epig(match1); genus_from_scientificName; family_WFO; order_majorGroup_WCVP [2026-03-11] | CoordinateCleaner QA applied without sea test (validity, equal, zeros, capitals, centroids, gbif, institutions) [2026-04-14] | No lifeForm information available or recoverable from text fields; lifeForm left as NA [2026-04-14]","standardized author names in recordedBy / standardized author names in identifiedBy","Adolfo Espejo Serna","Eustolia García López; Emmanuel Pérez Calix"
"36","EBUM2024:036","PreservedSpecimen",NA,NA,"EBUM Facultad de Biología, UMSNH","SPECIES","Michoacán de Ocampo","Zamudio-Ruiz, S. | Steinmann-W, V.","12180","Zamudio-Ruiz, S.",NA,"EBUM2024",1,"Ponera exilis",NA,NA,"2002-10-01","change1: Standardized taxonRank to EN uppercase (Darwin Core). | change2: Set (0,0) to NA (Null Island placeholder). | epi_taxo: acceptedName(match1); authorship_epig(match1); genus_from_scientificName; family_WFO; order_majorGroup_WCVP [2026-03-11] | CoordinateCleaner QA applied without sea test (validity, equal, zeros, capitals, centroids, gbif, institutions) [2026-04-14] | No lifeForm information available or recoverable from text fields; lifeForm left as NA [2026-04-14]","standardized author names in recordedBy / standardized author names in identifiedBy","Sergio Zamudio Ruíz","Sergio Zamudio Ruiz; Victor W. Steinmann"
"37","EBUM2024:037","PreservedSpecimen",NA,NA,"EBUM Facultad de Biología, UMSNH","SPECIES","Michoacán de Ocampo","Molina-Paniagua, M.E. | Zamudio-Ruiz, S.","2120","Molina-Paniagua, M.E.",NA,"EBUM2024",1,"Prosthechea pastoris",NA,NA,"2003-08-16","change1: Trimmed whitespace in scientificName (and standardized blanks to NA) | change2: Trimmed whitespace in verbatimScientificName (and standardized blanks to NA) | change3: Standardized taxonRank to EN uppercase (Darwin Core). | change4: Set (0,0) to NA (Null Island placeholder). | epi_taxo: acceptedName(match1); authorship_epig(match1); genus_from_scientificName; family_WFO; order_majorGroup_WCVP [2026-03-11] | CoordinateCleaner QA applied without sea test (validity, equal, zeros, capitals, centroids, gbif, institutions) [2026-04-14] | No lifeForm information available or recoverable from text fields; lifeForm left as NA [2026-04-14]","standardized author names in recordedBy / standardized author names in identifiedBy","María Eugenia Molina Paniagua","María Eugenia Molina Paniagua; Sergio Zamudio Ruiz"
"38","EBUM2024:038","PreservedSpecimen",NA,NA,"EBUM Facultad de Biología, UMSNH","SPECIES","Michoacán de Ocampo","Molina-Paniagua, M.E. | Zamudio-Ruiz, S.","125","Molina-Paniagua, M.E.",NA,"EBUM2024",1,"Prosthechea pastoris",NA,NA,"2003-08-16","change1: Standardized taxonRank to EN uppercase (Darwin Core). | change2: Set (0,0) to NA (Null Island placeholder). | epi_taxo: acceptedName(match1); authorship_epig(match1); genus_from_scientificName; family_WFO; order_majorGroup_WCVP [2026-03-11] | CoordinateCleaner QA applied without sea test (validity, equal, zeros, capitals, centroids, gbif, institutions) [2026-04-14] | No lifeForm information available or recoverable from text fields; lifeForm left as NA [2026-04-14]","standardized author names in recordedBy / standardized author names in identifiedBy","María Eugenia Molina Paniagua","María Eugenia Molina Paniagua; Sergio Zamudio Ruiz"
"39","EBUM2024:039","PreservedSpecimen",NA,NA,"EBUM Facultad de Biología, UMSNH","SPECIES","Michoacán de Ocampo","Molina-Paniagua, M.E. | Zamudio-Ruiz, S.","100","Molina-Paniagua, M.E.",NA,"EBUM2024",1,"Prosthechea pastoris",NA,NA,"2003-06-28","change1: Standardized taxonRank to EN uppercase (Darwin Core). | change2: Set (0,0) to NA (Null Island placeholder). | epi_taxo: acceptedName(match1); authorship_epig(match1); genus_from_scientificName; family_WFO; order_majorGroup_WCVP [2026-03-11] | CoordinateCleaner QA applied without sea test (validity, equal, zeros, capitals, centroids, gbif, institutions) [2026-04-14] | No lifeForm information available or recoverable from text fields; lifeForm left as NA [2026-04-14]","standardized author names in recordedBy / standardized author names in identifiedBy","María Eugenia Molina Paniagua","María Eugenia Molina Paniagua; Sergio Zamudio Ruiz"
"40","EBUM2024:040","PreservedSpecimen",NA,NA,"EBUM Facultad de Biología, UMSNH","SPECIES","Michoacán de Ocampo","Caballero-Caballero, J. | Mapes-Sanchez, C.","668","Caballero-Caballero, J. | Mapes-Sanchez, C.",NA,"EBUM2024",1,"Laelia autumnalis",19.55833333,-101.71805556,"1978-11-11","change1: Standardized taxonRank to EN uppercase (Darwin Core). | change2: Filled coordinateUncertaintyInMeters from decimal-place precision (conservative). | epi_taxo: acceptedName(match1); authorship_epig(match1); genus_from_scientificName; family_WFO; order_majorGroup_WCVP [2026-03-11] | CoordinateCleaner QA applied without sea test (validity, equal, zeros, capitals, centroids, gbif, institutions) [2026-04-14] | No lifeForm information available or recoverable from text fields; lifeForm left as NA [2026-04-14]","standardized author names in recordedBy / standardized author names in identifiedBy","Javier Caballero Caballero; Cristina Mapes Sánchez","Javier Caballero Caballero; Cristina Mapes Sánchez"
"41","EBUM2024:041","PreservedSpecimen",NA,NA,"EBUM Facultad de Biología, UMSNH","SPECIES","Michoacán de Ocampo","Aguirre-Lopez, R. | Torres-Rodriguez, L.","61","Aguirre-Lopez, R. | Torres-Rodriguez, L.",NA,"EBUM2024",3,"Hemionitis graograman",19.69555556,-101.13638889,"1991-10-10","change1: Standardized taxonRank to EN uppercase (Darwin Core). | change2: Filled coordinateUncertaintyInMeters from decimal-place precision (conservative). | epi_taxo: acceptedName(match1); authorship_epig(match1); genus_from_scientificName; family_WFO; order_majorGroup_WCVP [2026-03-11] | CoordinateCleaner QA applied without sea test (validity, equal, zeros, capitals, centroids, gbif, institutions) [2026-04-14] | No lifeForm information available or recoverable from text fields; lifeForm left as NA [2026-04-14]","standardized author names in recordedBy / standardized author names in identifiedBy","Rocío Aguirre López; Laura Torres Rodríguez","Rocío Aguirre López; Laura Torres Rodríguez"
"42","EBUM2024:042","PreservedSpecimen",NA,NA,"EBUM Facultad de Biología, UMSNH","SPECIES","Michoacán de Ocampo","Velazquez-Montes, J.A.","19","Medina-Garcia, C.",NA,"EBUM2024",2,"Asplenium praemorsum",NA,NA,"","change1: Standardized taxonRank to EN uppercase (Darwin Core). | change2: Set (0,0) to NA (Null Island placeholder). | epi_taxo: acceptedName(match1); authorship_epig(match1); genus_from_scientificName; family_WFO; order_majorGroup_WCVP [2026-03-11] | CoordinateCleaner QA applied without sea test (validity, equal, zeros, capitals, centroids, gbif, institutions) [2026-04-14] | No lifeForm information available or recoverable from text fields; lifeForm left as NA [2026-04-14]","standardized author names in recordedBy / standardized author names in identifiedBy","Consuelo Medina García","José Alejandro Velázquez Montes"
"43","EBUM2024:043","PreservedSpecimen",NA,NA,"EBUM Facultad de Biología, UMSNH","SPECIES","Michoacán de Ocampo","Velazquez-Montes, J.A.","21","Medina-Garcia, C.",NA,"EBUM2024",1,"Pleopeltis madrensis",NA,NA,"","change1: Standardized taxonRank to EN uppercase (Darwin Core). | change2: Set (0,0) to NA (Null Island placeholder). | epi_taxo: acceptedName(match1); authorship_epig(match1); genus_from_scientificName; family_WFO; order_majorGroup_WCVP [2026-03-11] | CoordinateCleaner QA applied without sea test (validity, equal, zeros, capitals, centroids, gbif, institutions) [2026-04-14] | No lifeForm information available or recoverable from text fields; lifeForm left as NA [2026-04-14]","standardized author names in recordedBy / standardized author names in identifiedBy","Consuelo Medina García","José Alejandro Velázquez Montes"
"44","EBUM2024:044","PreservedSpecimen",NA,NA,"EBUM Facultad de Biología, UMSNH","SPECIES","Michoacán de Ocampo","Velazquez-Montes, J.A.","5","Medina-Garcia, C.",NA,"EBUM2024",1,"Adiantum andicola",NA,NA,"","change1: Standardized taxonRank to EN uppercase (Darwin Core). | change2: Set (0,0) to NA (Null Island placeholder). | epi_taxo: acceptedName(match1); authorship_epig(match1); genus_from_scientificName; family_WFO; order_majorGroup_WCVP [2026-03-11] | CoordinateCleaner QA applied without sea test (validity, equal, zeros, capitals, centroids, gbif, institutions) [2026-04-14] | No lifeForm information available or recoverable from text fields; lifeForm left as NA [2026-04-14]","standardized author names in recordedBy / standardized author names in identifiedBy","Consuelo Medina García","José Alejandro Velázquez Montes"
"45","EBUM2024:045","PreservedSpecimen",NA,NA,"EBUM Facultad de Biología, UMSNH","SPECIES","Michoacán de Ocampo","Velazquez-Montes, J.A.","10","Medina-Garcia, C.",NA,"EBUM2024",3,"Adiantum andicola",NA,NA,"","change1: Standardized taxonRank to EN uppercase (Darwin Core). | change2: Set (0,0) to NA (Null Island placeholder). | epi_taxo: acceptedName(match1); authorship_epig(match1); genus_from_scientificName; family_WFO; order_majorGroup_WCVP [2026-03-11] | CoordinateCleaner QA applied without sea test (validity, equal, zeros, capitals, centroids, gbif, institutions) [2026-04-14] | No lifeForm information available or recoverable from text fields; lifeForm left as NA [2026-04-14]","standardized author names in recordedBy / standardized author names in identifiedBy","Consuelo Medina García","José Alejandro Velázquez Montes"
"46","EBUM2024:046","PreservedSpecimen",NA,NA,"EBUM Facultad de Biología, UMSNH","SPECIES","Michoacán de Ocampo","Silva-Saenz, P.","1574","Barriga-Vega, H.D.",NA,"EBUM2024",1,"Pleopeltis mexicana",NA,NA,"1995-10-22","change1: Standardized taxonRank to EN uppercase (Darwin Core). | change2: Set (0,0) to NA (Null Island placeholder). | epi_taxo: acceptedName(match1); authorship_epig(match1); genus_from_scientificName; family_WFO; order_majorGroup_WCVP [2026-03-11] | CoordinateCleaner QA applied without sea test (validity, equal, zeros, capitals, centroids, gbif, institutions) [2026-04-14] | No lifeForm information available or recoverable from text fields; lifeForm left as NA [2026-04-14]","standardized author names in recordedBy / standardized author names in identifiedBy","Horalia Díaz Barriga Vega","Patricia Silva Saénz"
"47","EBUM2024:047","PreservedSpecimen",NA,NA,"EBUM Facultad de Biología, UMSNH","SPECIES","Michoacán de Ocampo","Gerardo","15","Zavala-Alvarez, C.",NA,"EBUM2024",1,"Pecluma plumula",NA,NA,"1983-11-08","change1: Trimmed whitespace in scientificName (and standardized blanks to NA) | change2: Trimmed whitespace in verbatimScientificName (and standardized blanks to NA) | change3: Standardized taxonRank to EN uppercase (Darwin Core). | change4: Set (0,0) to NA (Null Island placeholder). | epi_taxo: acceptedName(match1); authorship_epig(match1); genus_from_scientificName; family_WFO; order_majorGroup_WCVP [2026-03-11] | CoordinateCleaner QA applied without sea test (validity, equal, zeros, capitals, centroids, gbif, institutions) [2026-04-14] | No lifeForm information available or recoverable from text fields; lifeForm left as NA [2026-04-14]","standardized author names in identifiedBy","Carlos Zavala Álvarez","Gerardo"
"48","EBUM2024:048","PreservedSpecimen",NA,NA,"EBUM Facultad de Biología, UMSNH","SPECIES","Michoacán de Ocampo","Gerardo","9","Zavala-Alvarez, C.",NA,"EBUM2024",1,"Pleopeltis mexicana",NA,NA,"1983-11-08","change1: Trimmed whitespace in scientificName (and standardized blanks to NA) | change2: Trimmed whitespace in verbatimScientificName (and standardized blanks to NA) | change3: Standardized taxonRank to EN uppercase (Darwin Core). | change4: Set (0,0) to NA (Null Island placeholder). | epi_taxo: acceptedName(match1); authorship_epig(match1); genus_from_scientificName; family_WFO; order_majorGroup_WCVP [2026-03-11] | CoordinateCleaner QA applied without sea test (validity, equal, zeros, capitals, centroids, gbif, institutions) [2026-04-14] | No lifeForm information available or recoverable from text fields; lifeForm left as NA [2026-04-14]","standardized author names in identifiedBy","Carlos Zavala Álvarez","Gerardo"
"49","EBUM2024:049","PreservedSpecimen",NA,NA,"EBUM Facultad de Biología, UMSNH","SPECIES","Michoacán de Ocampo","Hernandez-Valdovinos, K.C.","234","Hernandez-Valdovinos, K.C.",NA,"EBUM2024",1,"Pleopeltis mexicana",19.5925,-101.60138889,"2018-09-23","change1: Standardized taxonRank to EN uppercase (Darwin Core). | change2: Filled coordinateUncertaintyInMeters from decimal-place precision (conservative). | epi_taxo: acceptedName(match1); authorship_epig(match1); genus_from_scientificName; family_WFO; order_majorGroup_WCVP [2026-03-11] | CoordinateCleaner QA applied without sea test (validity, equal, zeros, capitals, centroids, gbif, institutions) [2026-04-14] | No lifeForm information available or recoverable from text fields; lifeForm left as NA [2026-04-14]","standardized author names in recordedBy / standardized author names in identifiedBy","Karen Cinthya Hernández Valdovinos","Karen Cinthya Hernández Valdovinos"
"50","EBUM2024:050","PreservedSpecimen",NA,NA,"EBUM Facultad de Biología, UMSNH","FORM","Michoacán de Ocampo","Madrigal-Sanchez, X. | Hernandez-Valencia, F.","5275","Zamudio-Ruiz, S.",NA,"EBUM2024",1,"Barkeria barkeriola",19.58222222,-101.06555556,"2015-12-12","change1: Trimmed whitespace in verbatimScientificName (and standardized blanks to NA) | change2: Standardized taxonRank to EN uppercase (Darwin Core). | change3: Corrected taxonRank (SPECIES→FORM); kept scientificName as-is. | change4: Filled coordinateUncertaintyInMeters from decimal-place precision (conservative). | epi_taxo: acceptedName(match1); authorship_epig(match1); genus_from_scientificName; family_WFO; order_majorGroup_WCVP [2026-03-11] | CoordinateCleaner QA applied without sea test (validity, equal, zeros, capitals, centroids, gbif, institutions) [2026-04-14] | No lifeForm information available or recoverable from text fields; lifeForm left as NA [2026-04-14]","standardized author names in recordedBy / standardized author names in identifiedBy","Sergio Zamudio Ruíz","Xavier Madrigal Sánchez; Federico Hernández Valencia"
"51","EBUM2024:051","PreservedSpecimen",NA,NA,"EBUM Facultad de Biología, UMSNH","SPECIES","Michoacán de Ocampo","Madrigal-Sanchez, X. | Hernandez-Valencia, F.","5267","Zamudio-Ruiz, S.",NA,"EBUM2024",1,"Guarianthe aurantiaca",19.58222222,-101.06555556,"2015-12-12","change1: Trimmed whitespace in verbatimScientificName (and standardized blanks to NA) | change2: Standardized taxonRank to EN uppercase (Darwin Core). | change3: Filled coordinateUncertaintyInMeters from decimal-place precision (conservative). | epi_taxo: acceptedName(match1); authorship_epig(match1); genus_from_scientificName; family_WFO; order_majorGroup_WCVP [2026-03-11] | CoordinateCleaner QA applied without sea test (validity, equal, zeros, capitals, centroids, gbif, institutions) [2026-04-14] | No lifeForm information available or recoverable from text fields; lifeForm left as NA [2026-04-14]","standardized author names in recordedBy / standardized author names in identifiedBy","Sergio Zamudio Ruíz","Xavier Madrigal Sánchez; Federico Hernández Valencia"
"52","EBUM2024:052","PreservedSpecimen",NA,NA,"EBUM Facultad de Biología, UMSNH","FORM","Michoacán de Ocampo","Ventura-Aburto, A.","474","Diaz-Barriga, G.C.",NA,"EBUM2024",0,"",NA,NA,"1975-10-25","change1: Trimmed whitespace in scientificName (and standardized blanks to NA) | change2: Standardized taxonRank to EN uppercase (Darwin Core). | change3: Corrected taxonRank (SPECIES→FORM); kept scientificName as-is. | change4: Set (0,0) to NA (Null Island placeholder). | epi_taxo: acceptedName(match1); authorship_epig(match1); genus_from_scientificName; family_WFO; order_majorGroup_WCVP [2026-03-11] | CoordinateCleaner QA applied without sea test (validity, equal, zeros, capitals, centroids, gbif, institutions) [2026-04-14] | No lifeForm information available or recoverable from text fields; lifeForm left as NA [2026-04-14]","standardized author names in recordedBy / standardized author names in identifiedBy","Graciela Calderón Díaz Barriga","Ángel Ventura Aburto"
"53","EBUM2024:053","PreservedSpecimen",NA,NA,"EBUM Facultad de Biología, UMSNH","FORM","Michoacán de Ocampo","Torres-Rodriguez, L.","716","Torres-Rodriguez, L.",NA,"EBUM2024",0,"",NA,NA,"1990-10-28","change1: Trimmed whitespace in scientificName (and standardized blanks to NA) | change2: Standardized taxonRank to EN uppercase (Darwin Core). | change3: Corrected taxonRank (SPECIES→FORM); kept scientificName as-is. | change4: Set (0,0) to NA (Null Island placeholder). | epi_taxo: acceptedName(match1); authorship_epig(match1); genus_from_scientificName; family_WFO; order_majorGroup_WCVP [2026-03-11] | CoordinateCleaner QA applied without sea test (validity, equal, zeros, capitals, centroids, gbif, institutions) [2026-04-14] | No lifeForm information available or recoverable from text fields; lifeForm left as NA [2026-04-14]","standardized author names in recordedBy / standardized author names in identifiedBy","Laura Torres Rodríguez","Laura Torres Rodríguez"
"54","EBUM2024:054","PreservedSpecimen",NA,NA,"EBUM Facultad de Biología, UMSNH","SPECIES","Michoacán de Ocampo","Avila-Diaz, I.","2084","Avila-Diaz, I.",NA,"EBUM2024",1,"Maxillaria lexarzana",NA,NA,"2012-11-30","change1: Trimmed whitespace in scientificName (and standardized blanks to NA) | change2: Trimmed whitespace in verbatimScientificName (and standardized blanks to NA) | change3: Standardized taxonRank to EN uppercase (Darwin Core). | change4: Set (0,0) to NA (Null Island placeholder). | epi_taxo: acceptedName(match1); authorship_epig(match1); genus_from_scientificName; family_WFO; order_majorGroup_WCVP [2026-03-11] | CoordinateCleaner QA applied without sea test (validity, equal, zeros, capitals, centroids, gbif, institutions) [2026-04-14] | No lifeForm information available or recoverable from text fields; lifeForm left as NA [2026-04-14]","standardized author names in recordedBy / standardized author names in identifiedBy","Irena Ávila Díaz","Irene Ávila Díaz"
"55","EBUM2024:055","PreservedSpecimen",NA,NA,"EBUM Facultad de Biología, UMSNH","SPECIES","Michoacán de Ocampo","Dominguez-Gil, I.","838","Avila-Diaz, I.",NA,"EBUM2024",1,"Dichaea squarrosa",NA,NA,"2014-06-14","change1: Trimmed whitespace in verbatimScientificName (and standardized blanks to NA) | change2: Standardized taxonRank to EN uppercase (Darwin Core). | change3: Set (0,0) to NA (Null Island placeholder). | epi_taxo: acceptedName(match1); authorship_epig(match1); genus_from_scientificName; family_WFO; order_majorGroup_WCVP [2026-03-11] | CoordinateCleaner QA applied without sea test (validity, equal, zeros, capitals, centroids, gbif, institutions) [2026-04-14] | No lifeForm information available or recoverable from text fields; lifeForm left as NA [2026-04-14]","standardized author names in recordedBy / standardized author names in identifiedBy","Irena Ávila Díaz","Iván Domínguez Gil"
"56","EBUM2024:056","PreservedSpecimen",NA,NA,"EBUM Facultad de Biología, UMSNH","SPECIES","Michoacán de Ocampo","Avila-Diaz, I.","2091","Avila-Diaz, I.",NA,"EBUM2024",1,"Epidendrum anisatum",NA,NA,"2013-04-07","change1: Trimmed whitespace in verbatimScientificName (and standardized blanks to NA) | change2: Standardized taxonRank to EN uppercase (Darwin Core). | change3: Set (0,0) to NA (Null Island placeholder). | epi_taxo: acceptedName(match1); authorship_epig(match1); genus_from_scientificName; family_WFO; order_majorGroup_WCVP [2026-03-11] | CoordinateCleaner QA applied without sea test (validity, equal, zeros, capitals, centroids, gbif, institutions) [2026-04-14] | No lifeForm information available or recoverable from text fields; lifeForm left as NA [2026-04-14]","standardized author names in recordedBy / standardized author names in identifiedBy","Irena Ávila Díaz","Irene Ávila Díaz"
"57","EBUM2024:057","PreservedSpecimen",NA,NA,"EBUM Facultad de Biología, UMSNH","SPECIES","Michoacán de Ocampo","Dominguez-Gil, I.","787","Avila-Diaz, I.",NA,"EBUM2024",1,"Erycina hyalinobulbon",NA,NA,"2013-03-09","change1: Trimmed whitespace in verbatimScientificName (and standardized blanks to NA) | change2: Standardized taxonRank to EN uppercase (Darwin Core). | change3: Set (0,0) to NA (Null Island placeholder). | epi_taxo: acceptedName(match1); authorship_epig(match1); genus_from_scientificName; family_WFO; order_majorGroup_WCVP [2026-03-11] | CoordinateCleaner QA applied without sea test (validity, equal, zeros, capitals, centroids, gbif, institutions) [2026-04-14] | No lifeForm information available or recoverable from text fields; lifeForm left as NA [2026-04-14]","standardized author names in recordedBy / standardized author names in identifiedBy","Irena Ávila Díaz","Iván Domínguez Gil"
"58","EBUM2024:058","PreservedSpecimen",NA,NA,"EBUM Facultad de Biología, UMSNH","SPECIES","Michoacán de Ocampo","Dominguez-Gil, I.","837","Avila-Diaz, I.",NA,"EBUM2024",1,"Isochilus bracteatus",NA,NA,"2014-06-14","change1: Trimmed whitespace in verbatimScientificName (and standardized blanks to NA) | change2: Standardized taxonRank to EN uppercase (Darwin Core). | change3: Set (0,0) to NA (Null Island placeholder). | epi_taxo: acceptedName(match1); authorship_epig(match1); genus_from_scientificName; family_WFO; order_majorGroup_WCVP [2026-03-11] | CoordinateCleaner QA applied without sea test (validity, equal, zeros, capitals, centroids, gbif, institutions) [2026-04-14] | No lifeForm information available or recoverable from text fields; lifeForm left as NA [2026-04-14]","standardized author names in recordedBy / standardized author names in identifiedBy","Irena Ávila Díaz","Iván Domínguez Gil"
"59","EBUM2024:059","PreservedSpecimen",NA,NA,"EBUM Facultad de Biología, UMSNH","SPECIES","Michoacán de Ocampo","Villanueva-Camacho, L. | Avila-Diaz, I.","2101","Avila-Diaz, I.",NA,"EBUM2024",1,"Prosthechea pastoris",NA,NA,"2013-06-08","change1: Trimmed whitespace in scientificName (and standardized blanks to NA) | change2: Trimmed whitespace in verbatimScientificName (and standardized blanks to NA) | change3: Standardized taxonRank to EN uppercase (Darwin Core). | change4: Set (0,0) to NA (Null Island placeholder). | epi_taxo: acceptedName(match1); authorship_epig(match1); genus_from_scientificName; family_WFO; order_majorGroup_WCVP [2026-03-11] | CoordinateCleaner QA applied without sea test (validity, equal, zeros, capitals, centroids, gbif, institutions) [2026-04-14] | No lifeForm information available or recoverable from text fields; lifeForm left as NA [2026-04-14]","standardized author names in recordedBy / standardized author names in identifiedBy","Irena Ávila Díaz","Leonel Villanueva Camacho; Irene Ávila Díaz"
"60","EBUM2024:060","PreservedSpecimen",NA,NA,"EBUM Facultad de Biología, UMSNH","SPECIES","Michoacán de Ocampo","Avila-Diaz, I.","2081","Avila-Diaz, I.",NA,"EBUM2024",1,"Rhynchostele cervantesii",NA,NA,"2012-11-23","change1: Trimmed whitespace in scientificName (and standardized blanks to NA) | change2: Trimmed whitespace in verbatimScientificName (and standardized blanks to NA) | change3: Standardized taxonRank to EN uppercase (Darwin Core). | change4: Set (0,0) to NA (Null Island placeholder). | epi_taxo: acceptedName(match1); authorship_epig(match1); genus_from_scientificName; family_WFO; order_majorGroup_WCVP [2026-03-11] | CoordinateCleaner QA applied without sea test (validity, equal, zeros, capitals, centroids, gbif, institutions) [2026-04-14] | No lifeForm information available or recoverable from text fields; lifeForm left as NA [2026-04-14]","standardized author names in recordedBy / standardized author names in identifiedBy","Irena Ávila Díaz","Irene Ávila Díaz"
"61","EBUM2024:061","PreservedSpecimen",NA,NA,"EBUM Facultad de Biología, UMSNH","SPECIES","Michoacán de Ocampo","Avila-Diaz, I.","2076","Avila-Diaz, I.",NA,"EBUM2024",1,"Stelis resupinata",NA,NA,"2012-09-22","change1: Trimmed whitespace in scientificName (and standardized blanks to NA) | change2: Trimmed whitespace in verbatimScientificName (and standardized blanks to NA) | change3: Standardized taxonRank to EN uppercase (Darwin Core). | change4: Set (0,0) to NA (Null Island placeholder). | epi_taxo: acceptedName(match1); authorship_epig(match1); genus_from_scientificName; family_WFO; order_majorGroup_WCVP [2026-03-11] | CoordinateCleaner QA applied without sea test (validity, equal, zeros, capitals, centroids, gbif, institutions) [2026-04-14] | No lifeForm information available or recoverable from text fields; lifeForm left as NA [2026-04-14]","standardized author names in recordedBy / standardized author names in identifiedBy","Irena Ávila Díaz","Irene Ávila Díaz"
"62","EBUM2024:062","PreservedSpecimen",NA,NA,"EBUM Facultad de Biología, UMSNH","SPECIES","Michoacán de Ocampo","Avila-Diaz, I.","2087","Avila-Diaz, I.",NA,"EBUM2024",1,"Stelis resupinata",NA,NA,"2013-01-19","change1: Trimmed whitespace in scientificName (and standardized blanks to NA) | change2: Trimmed whitespace in verbatimScientificName (and standardized blanks to NA) | change3: Standardized taxonRank to EN uppercase (Darwin Core). | change4: Set (0,0) to NA (Null Island placeholder). | epi_taxo: acceptedName(match1); authorship_epig(match1); genus_from_scientificName; family_WFO; order_majorGroup_WCVP [2026-03-11] | CoordinateCleaner QA applied without sea test (validity, equal, zeros, capitals, centroids, gbif, institutions) [2026-04-14] | No lifeForm information available or recoverable from text fields; lifeForm left as NA [2026-04-14]","standardized author names in recordedBy / standardized author names in identifiedBy","Irena Ávila Díaz","Irene Ávila Díaz"
"63","EBUM2024:063","PreservedSpecimen",NA,NA,"EBUM Facultad de Biología, UMSNH","SPECIES","Michoacán de Ocampo","Villanueva-Camacho, L. | Avila-Diaz, I.","2107","Avila-Diaz, I.",NA,"EBUM2024",1,"Trichocentrum cavendishianum",NA,NA,"2013-03-09","change1: Trimmed whitespace in scientificName (and standardized blanks to NA) | change2: Trimmed whitespace in verbatimScientificName (and standardized blanks to NA) | change3: Standardized taxonRank to EN uppercase (Darwin Core). | change4: Set (0,0) to NA (Null Island placeholder). | epi_taxo: acceptedName(match1); authorship_epig(match1); genus_from_scientificName; family_WFO; order_majorGroup_WCVP [2026-03-11] | CoordinateCleaner QA applied without sea test (validity, equal, zeros, capitals, centroids, gbif, institutions) [2026-04-14] | No lifeForm information available or recoverable from text fields; lifeForm left as NA [2026-04-14]","standardized author names in recordedBy / standardized author names in identifiedBy","Irena Ávila Díaz","Leonel Villanueva Camacho; Irene Ávila Díaz"
"64","EBUM2024:064","PreservedSpecimen",NA,NA,"EBUM Facultad de Biología, UMSNH","SPECIES","Michoacán de Ocampo","Dominguez-Gil, I.","788","Avila-Diaz, I.",NA,"EBUM2024",1,"Bulbophyllum nagelii",NA,NA,"2013-01-21","change1: Trimmed whitespace in verbatimScientificName (and standardized blanks to NA) | change2: Standardized taxonRank to EN uppercase (Darwin Core). | change3: Set (0,0) to NA (Null Island placeholder). | epi_taxo: acceptedName(match1); authorship_epig(match1); genus_from_scientificName; family_WFO; order_majorGroup_WCVP [2026-03-11] | CoordinateCleaner QA applied without sea test (validity, equal, zeros, capitals, centroids, gbif, institutions) [2026-04-14] | No lifeForm information available or recoverable from text fields; lifeForm left as NA [2026-04-14]","standardized author names in recordedBy / standardized author names in identifiedBy","Irene Ávila Díaz","Iván Domínguez Gil"
"65","EBUM2024:065","PreservedSpecimen",NA,NA,"EBUM Facultad de Biología, UMSNH","SPECIES","Michoacán de Ocampo","Valentin-Martinez, D.","No. 856","Martinez, D.V.",NA,"EBUM2024",1,"Peperomia tetraphylla",19.65138889,-8.51916667,"2020-12-19","change1: Standardized taxonRank to EN uppercase (Darwin Core). | change2: Filled coordinateUncertaintyInMeters from decimal-place precision (conservative). | epi_taxo: acceptedName(match1); authorship_epig(match1); genus_from_scientificName; family_WFO; order_majorGroup_WCVP [2026-03-11] | CoordinateCleaner QA applied without sea test (validity, equal, zeros, capitals, centroids, gbif, institutions) [2026-04-14] | No lifeForm information available or recoverable from text fields; lifeForm left as NA [2026-04-14]","standardized author names in recordedBy / standardized author names in identifiedBy","Dagoberto Valentín Martínez","Dagoberto Valentín Martínez"
"66","EBUM2024:066","PreservedSpecimen",NA,NA,"EBUM Facultad de Biología, UMSNH","SPECIES","Michoacán de Ocampo","Valentin-Martinez, D.","No. 888","Martinez, D.V.",NA,"EBUM2024",1,"Tillandsia schiedeana",19.59583333,-8.51027778,"2021-05-04","change1: Standardized taxonRank to EN uppercase (Darwin Core). | change2: Filled coordinateUncertaintyInMeters from decimal-place precision (conservative). | epi_taxo: acceptedName(match1); authorship_epig(match1); genus_from_scientificName; family_WFO; order_majorGroup_WCVP [2026-03-11] | CoordinateCleaner QA applied without sea test (validity, equal, zeros, capitals, centroids, gbif, institutions) [2026-04-14] | No lifeForm information available or recoverable from text fields; lifeForm left as NA [2026-04-14]","standardized author names in recordedBy / standardized author names in identifiedBy","Dagoberto Valentín Martínez","Dagoberto Valentín Martínez"
"67","EBUM2024:067","PreservedSpecimen",NA,NA,"EBUM Facultad de Biología, UMSNH","SPECIES","Michoacán de Ocampo","Valentin-Martinez, D.","No. 863","Martinez, D.V.",NA,"EBUM2024",1,"Acianthera chrysantha",19.6675,-8.53,"2020-12-29","change1: Standardized taxonRank to EN uppercase (Darwin Core). | change2: Filled coordinateUncertaintyInMeters from decimal-place precision (conservative). | epi_taxo: acceptedName(match1); authorship_epig(match1); genus_from_scientificName; family_WFO; order_majorGroup_WCVP [2026-03-11] | CoordinateCleaner QA applied without sea test (validity, equal, zeros, capitals, centroids, gbif, institutions) [2026-04-14] | No lifeForm information available or recoverable from text fields; lifeForm left as NA [2026-04-14]","standardized author names in recordedBy / standardized author names in identifiedBy","Dagoberto Valentín Martínez","Dagoberto Valentín Martínez"
"68","EBUM2024:068","PreservedSpecimen",NA,NA,"EBUM Facultad de Biología, UMSNH","SPECIES","Michoacán de Ocampo","Ventura-Aburto, F.","7962","Thomas-Mickel, J.",NA,"EBUM2024",1,"Asplenium harpeodes",NA,NA,"1973-03-09","change1: Standardized taxonRank to EN uppercase (Darwin Core). | change2: Set (0,0) to NA (Null Island placeholder). | epi_taxo: acceptedName(match1); authorship_epig(match1); genus_from_scientificName; family_WFO; order_majorGroup_WCVP [2026-03-11] | CoordinateCleaner QA applied without sea test (validity, equal, zeros, capitals, centroids, gbif, institutions) [2026-04-14] | No lifeForm information available or recoverable from text fields; lifeForm left as NA [2026-04-14]","standardized author names in recordedBy / standardized author names in identifiedBy","John Thomas Mickel","Francisco Ventura Aburto"
"69","EBUM2024:069","PreservedSpecimen",NA,NA,"EBUM Facultad de Biología, UMSNH","SPECIES","Michoacán de Ocampo","Suarez-Soria, L.N. | San Agustin, A.J.","101","Suarez-Soria, L.N.",NA,"EBUM2024",1,"Asplenium praemorsum",NA,NA,"2010-10-16","change1: Trimmed whitespace in verbatimScientificName (and standardized blanks to NA) | change2: Standardized taxonRank to EN uppercase (Darwin Core). | change3: Set (0,0) to NA (Null Island placeholder). | epi_taxo: acceptedName(match1); authorship_epig(match1); genus_from_scientificName; family_WFO; order_majorGroup_WCVP [2026-03-11] | CoordinateCleaner QA applied without sea test (validity, equal, zeros, capitals, centroids, gbif, institutions) [2026-04-14] | No lifeForm information available or recoverable from text fields; lifeForm left as NA [2026-04-14]","standardized author names in recordedBy / standardized author names in identifiedBy","Laura Nicolasa Suárez Soria","Laura Nicolasa Suárez Soria; Álvaro San Agustín José"
"70","EBUM2024:070","PreservedSpecimen",NA,NA,"EBUM Facultad de Biología, UMSNH","SPECIES","Michoacán de Ocampo","Suarez-Soria, L.N. | Alvarez-Santiz, J.C.","220","Suarez-Soria, L.N.",NA,"EBUM2024",1,"Asplenium cuspidatum",NA,NA,"2011-10-09","change1: Trimmed whitespace in verbatimScientificName (and standardized blanks to NA) | change2: Standardized taxonRank to EN uppercase (Darwin Core). | change3: Set (0,0) to NA (Null Island placeholder). | epi_taxo: acceptedName(match1); authorship_epig(match1); genus_from_scientificName; family_WFO; order_majorGroup_WCVP [2026-03-11] | CoordinateCleaner QA applied without sea test (validity, equal, zeros, capitals, centroids, gbif, institutions) [2026-04-14] | No lifeForm information available or recoverable from text fields; lifeForm left as NA [2026-04-14]","standardized author names in recordedBy / standardized author names in identifiedBy","Laura Nicolasa Suárez Soria","Laura Nicolasa Suárez Soria; Juan Carlos Alvarez Santiz"
"71","EBUM2024:071","PreservedSpecimen",NA,NA,"EBUM Facultad de Biología, UMSNH","SPECIES","Michoacán de Ocampo","Espinosa-Garduño, J.","1183","Espinosa-Garduño, J.",NA,"EBUM2024",3,"Begonia glabra",NA,NA,"1977-08-27","change1: Standardized taxonRank to EN uppercase (Darwin Core). | change2: Set (0,0) to NA (Null Island placeholder). | epi_taxo: acceptedName(match1); authorship_epig(match1); genus_from_scientificName; family_WFO; order_majorGroup_WCVP [2026-03-11] | CoordinateCleaner QA applied without sea test (validity, equal, zeros, capitals, centroids, gbif, institutions) [2026-04-14] | No lifeForm information available or recoverable from text fields; lifeForm left as NA [2026-04-14]","standardized author names in recordedBy / standardized author names in identifiedBy","Judith Espinosa Garduño","Judith Espinosa Garduño"
"72","EBUM2024:072","PreservedSpecimen",NA,NA,"EBUM Facultad de Biología, UMSNH","SPECIES","Michoacán de Ocampo","Perez-Calix, E.","1138","Rzedowski-Rotter, J.",NA,"EBUM2024",1,"Tillandsia dugesii",NA,NA,"1990-04-16","change1: Standardized taxonRank to EN uppercase (Darwin Core). | change2: Set (0,0) to NA (Null Island placeholder). | epi_taxo: acceptedName(match1); authorship_epig(match1); genus_from_scientificName; family_WFO; order_majorGroup_WCVP [2026-03-11] | CoordinateCleaner QA applied without sea test (validity, equal, zeros, capitals, centroids, gbif, institutions) [2026-04-14] | No lifeForm information available or recoverable from text fields; lifeForm left as NA [2026-04-14]","standardized author names in recordedBy / standardized author names in identifiedBy","Jerzy Rzedowski Rotter","Emmanuel Pérez Calix"
"73","EBUM2024:073","PreservedSpecimen",NA,NA,"EBUM Facultad de Biología, UMSNH","SPECIES","Michoacán de Ocampo","Barriga-Vega, H.D.","3579a","Rzedowski-Rotter, J.",NA,"EBUM2024",1,"Tillandsia dugesii",NA,NA,"1987-03-02","change1: Standardized taxonRank to EN uppercase (Darwin Core). | change2: Set (0,0) to NA (Null Island placeholder). | epi_taxo: acceptedName(match1); authorship_epig(match1); genus_from_scientificName; family_WFO; order_majorGroup_WCVP [2026-03-11] | CoordinateCleaner QA applied without sea test (validity, equal, zeros, capitals, centroids, gbif, institutions) [2026-04-14] | No lifeForm information available or recoverable from text fields; lifeForm left as NA [2026-04-14]","standardized author names in recordedBy / standardized author names in identifiedBy","Jerzy Rzedowski Rotter","Horalia Díaz Barriga Vega"
"74","EBUM2024:074","PreservedSpecimen",NA,NA,"EBUM Facultad de Biología, UMSNH","SPECIES","Michoacán de Ocampo","Silva-Saenz, P.","601","Silva-Saenz, P.",NA,"EBUM2024",1,"Tillandsia dugesii",NA,NA,"1993-03-28","change1: Standardized taxonRank to EN uppercase (Darwin Core). | change2: Set (0,0) to NA (Null Island placeholder). | epi_taxo: acceptedName(match1); authorship_epig(match1); genus_from_scientificName; family_WFO; order_majorGroup_WCVP [2026-03-11] | CoordinateCleaner QA applied without sea test (validity, equal, zeros, capitals, centroids, gbif, institutions) [2026-04-14] | No lifeForm information available or recoverable from text fields; lifeForm left as NA [2026-04-14]","standardized author names in recordedBy / standardized author names in identifiedBy","Patricia Silva Sáenz","Patricia Silva Sáenz"
"75","EBUM2024:075","PreservedSpecimen",NA,NA,"EBUM Facultad de Biología, UMSNH","SPECIES","Michoacán de Ocampo","Silva-Saenz, P.","568","Silva-Saenz, P.",NA,"EBUM2024",1,"Tillandsia dugesii",NA,NA,"1993-01-16","change1: Standardized taxonRank to EN uppercase (Darwin Core). | change2: Set (0,0) to NA (Null Island placeholder). | epi_taxo: acceptedName(match1); authorship_epig(match1); genus_from_scientificName; family_WFO; order_majorGroup_WCVP [2026-03-11] | CoordinateCleaner QA applied without sea test (validity, equal, zeros, capitals, centroids, gbif, institutions) [2026-04-14] | No lifeForm information available or recoverable from text fields; lifeForm left as NA [2026-04-14]","standardized author names in recordedBy / standardized author names in identifiedBy","Patricia Silva Sáenz","Patricia Silva Sáenz"
"76","EBUM2024:076","PreservedSpecimen",NA,NA,"EBUM Facultad de Biología, UMSNH","SPECIES","Michoacán de Ocampo","Silva-Saenz, P.","525","Silva-Saenz, P.",NA,"EBUM2024",1,"Tillandsia dugesii",NA,NA,"1992-12-26","change1: Standardized taxonRank to EN uppercase (Darwin Core). | change2: Set (0,0) to NA (Null Island placeholder). | epi_taxo: acceptedName(match1); authorship_epig(match1); genus_from_scientificName; family_WFO; order_majorGroup_WCVP [2026-03-11] | CoordinateCleaner QA applied without sea test (validity, equal, zeros, capitals, centroids, gbif, institutions) [2026-04-14] | No lifeForm information available or recoverable from text fields; lifeForm left as NA [2026-04-14]","standardized author names in recordedBy / standardized author names in identifiedBy","Patricia Silva Sáenz","Patricia Silva Sáenz"
"77","EBUM2024:077","PreservedSpecimen",NA,NA,"EBUM Facultad de Biología, UMSNH","SPECIES","Michoacán de Ocampo","Silva-Saenz, P.","626","Silva-Saenz, P.",NA,"EBUM2024",1,"Tillandsia dugesii",NA,NA,"1993-03-06","change1: Standardized taxonRank to EN uppercase (Darwin Core). | change2: Set (0,0) to NA (Null Island placeholder). | epi_taxo: acceptedName(match1); authorship_epig(match1); genus_from_scientificName; family_WFO; order_majorGroup_WCVP [2026-03-11] | CoordinateCleaner QA applied without sea test (validity, equal, zeros, capitals, centroids, gbif, institutions) [2026-04-14] | No lifeForm information available or recoverable from text fields; lifeForm left as NA [2026-04-14]","standardized author names in recordedBy / standardized author names in identifiedBy","Patricia Silva Sáenz","Patricia Silva Sáenz"
"78","EBUM2024:078","PreservedSpecimen",NA,NA,"EBUM Facultad de Biología, UMSNH","SPECIES","Michoacán de Ocampo","Calderon-Leal, A.I.","381a","Calderon-Leal, A.I.",NA,"EBUM2024",1,"Tillandsia dugesii",NA,NA,"1993-06-06","change1: Standardized taxonRank to EN uppercase (Darwin Core). | change2: Set (0,0) to NA (Null Island placeholder). | epi_taxo: acceptedName(match1); authorship_epig(match1); genus_from_scientificName; family_WFO; order_majorGroup_WCVP [2026-03-11] | CoordinateCleaner QA applied without sea test (validity, equal, zeros, capitals, centroids, gbif, institutions) [2026-04-14] | No lifeForm information available or recoverable from text fields; lifeForm left as NA [2026-04-14]","standardized author names in recordedBy / standardized author names in identifiedBy","Ana Isabel Calderón Leal","Ana Isabel Calderón Leal"
"79","EBUM2024:079","PreservedSpecimen",NA,NA,"EBUM Facultad de Biología, UMSNH","SPECIES","Michoacán de Ocampo","Silva-Saenz, P.","521","Silva-Saenz, P.",NA,"EBUM2024",1,"Tillandsia dugesii",NA,NA,"1992-12-26","change1: Standardized taxonRank to EN uppercase (Darwin Core). | change2: Set (0,0) to NA (Null Island placeholder). | epi_taxo: acceptedName(match1); authorship_epig(match1); genus_from_scientificName; family_WFO; order_majorGroup_WCVP [2026-03-11] | CoordinateCleaner QA applied without sea test (validity, equal, zeros, capitals, centroids, gbif, institutions) [2026-04-14] | No lifeForm information available or recoverable from text fields; lifeForm left as NA [2026-04-14]","standardized author names in recordedBy / standardized author names in identifiedBy","Patricia Silva Sáenz","Patricia Silva Sáenz"
"80","EBUM2024:080","PreservedSpecimen",NA,NA,"EBUM Facultad de Biología, UMSNH","SPECIES","Michoacán de Ocampo","Ventura-Aburto, A.","636","Rzedowski-Rotter, J.",NA,"EBUM2024",1,"Tillandsia recurvata",NA,NA,"1975-11-29","change1: Standardized taxonRank to EN uppercase (Darwin Core). | change2: Set (0,0) to NA (Null Island placeholder). | epi_taxo: acceptedName(match1); authorship_epig(match1); genus_from_scientificName; family_WFO; order_majorGroup_WCVP [2026-03-11] | CoordinateCleaner QA applied without sea test (validity, equal, zeros, capitals, centroids, gbif, institutions) [2026-04-14] | No lifeForm information available or recoverable from text fields; lifeForm left as NA [2026-04-14]","standardized author names in recordedBy / standardized author names in identifiedBy","Jerzy Rzedowski Rotter","Ángel Ventura Aburto"
"81","EBUM2024:081","PreservedSpecimen",NA,NA,"EBUM Facultad de Biología, UMSNH","SPECIES","Michoacán de Ocampo","Ventura-Aburto, A.","347","Rzedowski-Rotter, J.",NA,"EBUM2024",1,"Tillandsia recurvata",NA,NA,"1975-09-01","change1: Standardized taxonRank to EN uppercase (Darwin Core). | change2: Set (0,0) to NA (Null Island placeholder). | epi_taxo: acceptedName(match1); authorship_epig(match1); genus_from_scientificName; family_WFO; order_majorGroup_WCVP [2026-03-11] | CoordinateCleaner QA applied without sea test (validity, equal, zeros, capitals, centroids, gbif, institutions) [2026-04-14] | No lifeForm information available or recoverable from text fields; lifeForm left as NA [2026-04-14]","standardized author names in recordedBy / standardized author names in identifiedBy","Jerzy Rzedowski Rotter","Ángel Ventura Aburto"
"82","EBUM2024:082","PreservedSpecimen",NA,NA,"EBUM Facultad de Biología, UMSNH","SPECIES","Michoacán de Ocampo","Ventura-Aburto, A.","1125","Rzedowski-Rotter, J.",NA,"EBUM2024",1,"Tillandsia recurvata",NA,NA,"1976-03-09","change1: Standardized taxonRank to EN uppercase (Darwin Core). | change2: Set (0,0) to NA (Null Island placeholder). | epi_taxo: acceptedName(match1); authorship_epig(match1); genus_from_scientificName; family_WFO; order_majorGroup_WCVP [2026-03-11] | CoordinateCleaner QA applied without sea test (validity, equal, zeros, capitals, centroids, gbif, institutions) [2026-04-14] | No lifeForm information available or recoverable from text fields; lifeForm left as NA [2026-04-14]","standardized author names in recordedBy / standardized author names in identifiedBy","Jerzy Rzedowski Rotter","Ángel Ventura Aburto"
"83","EBUM2024:083","PreservedSpecimen",NA,NA,"EBUM Facultad de Biología, UMSNH","SPECIES","Michoacán de Ocampo","Rubio-Chacon, A.","267","Rubio-Chacon, A.",NA,"EBUM2024",1,"Tillandsia recurvata",NA,NA,"1986-04-26","change1: Standardized taxonRank to EN uppercase (Darwin Core). | change2: Set (0,0) to NA (Null Island placeholder). | epi_taxo: acceptedName(match1); authorship_epig(match1); genus_from_scientificName; family_WFO; order_majorGroup_WCVP [2026-03-11] | CoordinateCleaner QA applied without sea test (validity, equal, zeros, capitals, centroids, gbif, institutions) [2026-04-14] | No lifeForm information available or recoverable from text fields; lifeForm left as NA [2026-04-14]","standardized author names in recordedBy / standardized author names in identifiedBy","Alejandra Rubio Chacón","Alejandra Rubio Chacón"
"84","EBUM2024:084","PreservedSpecimen",NA,NA,"EBUM Facultad de Biología, UMSNH","SPECIES","Michoacán de Ocampo","Espinosa-Garduño, J.","2028","Espinosa-Garduño, J.",NA,"EBUM2024",1,"Tillandsia recurvata",NA,NA,"1985-12-14","change1: Standardized taxonRank to EN uppercase (Darwin Core). | change2: Set (0,0) to NA (Null Island placeholder). | epi_taxo: acceptedName(match1); authorship_epig(match1); genus_from_scientificName; family_WFO; order_majorGroup_WCVP [2026-03-11] | CoordinateCleaner QA applied without sea test (validity, equal, zeros, capitals, centroids, gbif, institutions) [2026-04-14] | No lifeForm information available or recoverable from text fields; lifeForm left as NA [2026-04-14]","standardized author names in recordedBy / standardized author names in identifiedBy","Judith Espinosa Garduño","Judith Espinosa Garduño"
"85","EBUM2024:085","PreservedSpecimen",NA,NA,"EBUM Facultad de Biología, UMSNH","SPECIES","Michoacán de Ocampo","Silva-Saenz, P.","864","Silva-Saenz, P.",NA,"EBUM2024",1,"Tillandsia recurvata",NA,NA,"1993-06-19","change1: Standardized taxonRank to EN uppercase (Darwin Core). | change2: Set (0,0) to NA (Null Island placeholder). | epi_taxo: acceptedName(match1); authorship_epig(match1); genus_from_scientificName; family_WFO; order_majorGroup_WCVP [2026-03-11] | CoordinateCleaner QA applied without sea test (validity, equal, zeros, capitals, centroids, gbif, institutions) [2026-04-14] | No lifeForm information available or recoverable from text fields; lifeForm left as NA [2026-04-14]","standardized author names in recordedBy / standardized author names in identifiedBy","Patricia Silva Sáenz","Patricia Silva Sáenz"
"86","EBUM2024:086","PreservedSpecimen",NA,NA,"EBUM Facultad de Biología, UMSNH","SPECIES","Michoacán de Ocampo","Silva-Saenz, P.","848","Silva-Saenz, P.",NA,"EBUM2024",1,"Tillandsia recurvata",NA,NA,"1993-06-19","change1: Standardized taxonRank to EN uppercase (Darwin Core). | change2: Set (0,0) to NA (Null Island placeholder). | epi_taxo: acceptedName(match1); authorship_epig(match1); genus_from_scientificName; family_WFO; order_majorGroup_WCVP [2026-03-11] | CoordinateCleaner QA applied without sea test (validity, equal, zeros, capitals, centroids, gbif, institutions) [2026-04-14] | No lifeForm information available or recoverable from text fields; lifeForm left as NA [2026-04-14]","standardized author names in recordedBy / standardized author names in identifiedBy","Patricia Silva Sáenz","Patricia Silva Sáenz"
"87","EBUM2024:087","PreservedSpecimen",NA,NA,"EBUM Facultad de Biología, UMSNH","SPECIES","Michoacán de Ocampo","Silva-Saenz, P.","23","Silva-Saenz, P.",NA,"EBUM2024",1,"Tillandsia recurvata",NA,NA,"1992-08-01","change1: Standardized taxonRank to EN uppercase (Darwin Core). | change2: Set (0,0) to NA (Null Island placeholder). | epi_taxo: acceptedName(match1); authorship_epig(match1); genus_from_scientificName; family_WFO; order_majorGroup_WCVP [2026-03-11] | CoordinateCleaner QA applied without sea test (validity, equal, zeros, capitals, centroids, gbif, institutions) [2026-04-14] | No lifeForm information available or recoverable from text fields; lifeForm left as NA [2026-04-14]","standardized author names in recordedBy / standardized author names in identifiedBy","Patricia Silva Sáenz","Patricia Silva Sáenz"
"88","EBUM2024:088","PreservedSpecimen",NA,NA,"EBUM Facultad de Biología, UMSNH","SPECIES","Michoacán de Ocampo","Gomez-Peralta, M.","476","Gomez-Peralta, M.",NA,"EBUM2024",1,"Tillandsia recurvata",NA,NA,"1989-07-13","change1: Standardized taxonRank to EN uppercase (Darwin Core). | change2: Set (0,0) to NA (Null Island placeholder). | epi_taxo: acceptedName(match1); authorship_epig(match1); genus_from_scientificName; family_WFO; order_majorGroup_WCVP [2026-03-11] | CoordinateCleaner QA applied without sea test (validity, equal, zeros, capitals, centroids, gbif, institutions) [2026-04-14] | No lifeForm information available or recoverable from text fields; lifeForm left as NA [2026-04-14]","standardized author names in recordedBy / standardized author names in identifiedBy","Marlene Gómez Peralta","Marlene Gómez Peralta"
"89","EBUM2024:089","PreservedSpecimen",NA,NA,"EBUM Facultad de Biología, UMSNH","SPECIES","Michoacán de Ocampo","Martinez-Marquez, J.S.","1104","Rzedowski-Rotter, J.",NA,"EBUM2024",1,"Tillandsia recurvata",NA,NA,"1985-11-30","change1: Trimmed whitespace in verbatimScientificName (and standardized blanks to NA) | change2: Standardized taxonRank to EN uppercase (Darwin Core). | change3: Set (0,0) to NA (Null Island placeholder). | epi_taxo: acceptedName(match1); authorship_epig(match1); genus_from_scientificName; family_WFO; order_majorGroup_WCVP [2026-03-11] | CoordinateCleaner QA applied without sea test (validity, equal, zeros, capitals, centroids, gbif, institutions) [2026-04-14] | No lifeForm information available or recoverable from text fields; lifeForm left as NA [2026-04-14]","standardized author names in recordedBy / standardized author names in identifiedBy","Jerzy Rzedowski Rotter","José Santos Martínez Márquez"
"90","EBUM2024:090","PreservedSpecimen",NA,NA,"EBUM Facultad de Biología, UMSNH","SPECIES","Michoacán de Ocampo","Silva-Saenz, P.","891","Silva-Saenz, P.",NA,"EBUM2024",1,"Tillandsia plumosa",NA,NA,"1993-07-10","change1: Trimmed whitespace in verbatimScientificName (and standardized blanks to NA) | change2: Standardized taxonRank to EN uppercase (Darwin Core). | change3: Set (0,0) to NA (Null Island placeholder). | epi_taxo: acceptedName(match1); authorship_epig(match1); genus_from_scientificName; family_WFO; order_majorGroup_WCVP [2026-03-11] | CoordinateCleaner QA applied without sea test (validity, equal, zeros, capitals, centroids, gbif, institutions) [2026-04-14] | No lifeForm information available or recoverable from text fields; lifeForm left as NA [2026-04-14]","standardized author names in recordedBy / standardized author names in identifiedBy","Patricia Silva Sáenz","Patricia Silva Sáenz"
"91","EBUM2024:091","PreservedSpecimen",NA,NA,"EBUM Facultad de Biología, UMSNH","SPECIES","Michoacán de Ocampo","Escobedo, J.M.","1296","Rzedowski-Rotter, J.",NA,"EBUM2024",1,"Tillandsia prodigiosa",NA,NA,"1986-09-27","change1: Trimmed whitespace in verbatimScientificName (and standardized blanks to NA) | change2: Standardized taxonRank to EN uppercase (Darwin Core). | change3: Set (0,0) to NA (Null Island placeholder). | epi_taxo: acceptedName(match1); authorship_epig(match1); genus_from_scientificName; family_WFO; order_majorGroup_WCVP [2026-03-11] | CoordinateCleaner QA applied without sea test (validity, equal, zeros, capitals, centroids, gbif, institutions) [2026-04-14] | No lifeForm information available or recoverable from text fields; lifeForm left as NA [2026-04-14]","standardized author names in recordedBy / standardized author names in identifiedBy","Jerzy Rzedowski Rotter","Juan Manuel Escobedo"
"92","EBUM2024:092","PreservedSpecimen",NA,NA,"EBUM Facultad de Biología, UMSNH","SPECIES","Michoacán de Ocampo","Escobedo, J.M.","1296","Rzedowski-Rotter, J.",NA,"EBUM2024",1,"Tillandsia prodigiosa",NA,NA,"1986-09-27","change1: Trimmed whitespace in verbatimScientificName (and standardized blanks to NA) | change2: Standardized taxonRank to EN uppercase (Darwin Core). | change3: Set (0,0) to NA (Null Island placeholder). | epi_taxo: acceptedName(match1); authorship_epig(match1); genus_from_scientificName; family_WFO; order_majorGroup_WCVP [2026-03-11] | CoordinateCleaner QA applied without sea test (validity, equal, zeros, capitals, centroids, gbif, institutions) [2026-04-14] | No lifeForm information available or recoverable from text fields; lifeForm left as NA [2026-04-14]","standardized author names in recordedBy / standardized author names in identifiedBy","Jerzy Rzedowski Rotter","Juan Manuel Escobedo"
"93","EBUM2024:093","PreservedSpecimen",NA,NA,"EBUM Facultad de Biología, UMSNH","SPECIES","Michoacán de Ocampo","Ventura-Aburto, A.","1202","Rzedowski-Rotter, J.",NA,"EBUM2024",1,"Tillandsia usneoides",NA,NA,"1976-03-23","change1: Standardized taxonRank to EN uppercase (Darwin Core). | change2: Set (0,0) to NA (Null Island placeholder). | epi_taxo: acceptedName(match1); authorship_epig(match1); genus_from_scientificName; family_WFO; order_majorGroup_WCVP [2026-03-11] | CoordinateCleaner QA applied without sea test (validity, equal, zeros, capitals, centroids, gbif, institutions) [2026-04-14] | No lifeForm information available or recoverable from text fields; lifeForm left as NA [2026-04-14]","standardized author names in recordedBy / standardized author names in identifiedBy","Jerzy Rzedowski Rotter","Ángel Ventura Aburto"
"94","EBUM2024:094","PreservedSpecimen",NA,NA,"EBUM Facultad de Biología, UMSNH","SPECIES","Michoacán de Ocampo","Ventura-Aburto, A.","519","Rzedowski-Rotter, J.",NA,"EBUM2024",1,"Tillandsia usneoides",NA,NA,"1975-11-05","change1: Standardized taxonRank to EN uppercase (Darwin Core). | change2: Set (0,0) to NA (Null Island placeholder). | epi_taxo: acceptedName(match1); authorship_epig(match1); genus_from_scientificName; family_WFO; order_majorGroup_WCVP [2026-03-11] | CoordinateCleaner QA applied without sea test (validity, equal, zeros, capitals, centroids, gbif, institutions) [2026-04-14] | No lifeForm information available or recoverable from text fields; lifeForm left as NA [2026-04-14]","standardized author names in recordedBy / standardized author names in identifiedBy","Jerzy Rzedowski Rotter","Ángel Ventura Aburto"
"95","EBUM2024:095","PreservedSpecimen",NA,NA,"EBUM Facultad de Biología, UMSNH","SPECIES","Michoacán de Ocampo","Ventura-Aburto, A.","2268","Rzedowski-Rotter, J.",NA,"EBUM2024",1,"Tillandsia usneoides",NA,NA,"1976-10-09","change1: Trimmed whitespace in verbatimScientificName (and standardized blanks to NA) | change2: Standardized taxonRank to EN uppercase (Darwin Core). | change3: Set (0,0) to NA (Null Island placeholder). | epi_taxo: acceptedName(match1); authorship_epig(match1); genus_from_scientificName; family_WFO; order_majorGroup_WCVP [2026-03-11] | CoordinateCleaner QA applied without sea test (validity, equal, zeros, capitals, centroids, gbif, institutions) [2026-04-14] | No lifeForm information available or recoverable from text fields; lifeForm left as NA [2026-04-14]","standardized author names in recordedBy / standardized author names in identifiedBy","Jerzy Rzedowski Rotter","Ángel Ventura Aburto"
"96","EBUM2024:096","PreservedSpecimen",NA,NA,"EBUM Facultad de Biología, UMSNH","SPECIES","Michoacán de Ocampo","Ventura-Aburto, A.","682","Rzedowski-Rotter, J.",NA,"EBUM2024",1,"Tillandsia usneoides",NA,NA,"1975-12-09","change1: Trimmed whitespace in verbatimScientificName (and standardized blanks to NA) | change2: Standardized taxonRank to EN uppercase (Darwin Core). | change3: Set (0,0) to NA (Null Island placeholder). | epi_taxo: acceptedName(match1); authorship_epig(match1); genus_from_scientificName; family_WFO; order_majorGroup_WCVP [2026-03-11] | CoordinateCleaner QA applied without sea test (validity, equal, zeros, capitals, centroids, gbif, institutions) [2026-04-14] | No lifeForm information available or recoverable from text fields; lifeForm left as NA [2026-04-14]","standardized author names in recordedBy / standardized author names in identifiedBy","Jerzy Rzedowski Rotter","Ángel Ventura Aburto"
"97","EBUM2024:097","PreservedSpecimen",NA,NA,"EBUM Facultad de Biología, UMSNH","SPECIES","Michoacán de Ocampo","Escobedo, J.M.","1378","Rzedowski-Rotter, J.",NA,"EBUM2024",1,"Tillandsia violacea",NA,NA,"1987-05-30","change1: Trimmed whitespace in verbatimScientificName (and standardized blanks to NA) | change2: Standardized taxonRank to EN uppercase (Darwin Core). | change3: Set (0,0) to NA (Null Island placeholder). | epi_taxo: acceptedName(match1); authorship_epig(match1); genus_from_scientificName; family_WFO; order_majorGroup_WCVP [2026-03-11] | CoordinateCleaner QA applied without sea test (validity, equal, zeros, capitals, centroids, gbif, institutions) [2026-04-14] | No lifeForm information available or recoverable from text fields; lifeForm left as NA [2026-04-14]","standardized author names in recordedBy / standardized author names in identifiedBy","Jerzy Rzedowski Rotter","Juan Manuel Escobedo"
"98","EBUM2024:098","PreservedSpecimen",NA,NA,"EBUM Facultad de Biología, UMSNH","SPECIES","Michoacán de Ocampo","Torres-Rodriguez, L.","870","Torres-Rodriguez, L.",NA,"EBUM2024",1,"Tillandsia violacea",NA,NA,"1991-02-22","change1: Trimmed whitespace in verbatimScientificName (and standardized blanks to NA) | change2: Standardized taxonRank to EN uppercase (Darwin Core). | change3: Set (0,0) to NA (Null Island placeholder). | epi_taxo: acceptedName(match1); authorship_epig(match1); genus_from_scientificName; family_WFO; order_majorGroup_WCVP [2026-03-11] | CoordinateCleaner QA applied without sea test (validity, equal, zeros, capitals, centroids, gbif, institutions) [2026-04-14] | No lifeForm information available or recoverable from text fields; lifeForm left as NA [2026-04-14]","standardized author names in recordedBy / standardized author names in identifiedBy","Laura Torres Rodríguez","Laura Torres Rodríguez"
"99","EBUM2024:099","PreservedSpecimen",NA,NA,"EBUM Facultad de Biología, UMSNH","SPECIES","Michoacán de Ocampo","Torres-Rodriguez, L.","870","Torres-Rodriguez, L.",NA,"EBUM2024",1,"Tillandsia violacea",NA,NA,"1991-02-22","change1: Standardized taxonRank to EN uppercase (Darwin Core). | change2: Set (0,0) to NA (Null Island placeholder). | epi_taxo: acceptedName(match1); authorship_epig(match1); genus_from_scientificName; family_WFO; order_majorGroup_WCVP [2026-03-11] | CoordinateCleaner QA applied without sea test (validity, equal, zeros, capitals, centroids, gbif, institutions) [2026-04-14] | No lifeForm information available or recoverable from text fields; lifeForm left as NA [2026-04-14]","standardized author names in recordedBy / standardized author names in identifiedBy","Laura Torres Rodríguez","Laura Torres Rodríguez"
"100","EBUM2024:100","PreservedSpecimen",NA,NA,"EBUM Facultad de Biología, UMSNH","SPECIES","Michoacán de Ocampo","Torres-Rodriguez, L.","870","Torres-Rodriguez, L.",NA,"EBUM2024",1,"Tillandsia violacea",NA,NA,"1991-02-22","change1: Standardized taxonRank to EN uppercase (Darwin Core). | change2: Set (0,0) to NA (Null Island placeholder). | epi_taxo: acceptedName(match1); authorship_epig(match1); genus_from_scientificName; family_WFO; order_majorGroup_WCVP [2026-03-11] | CoordinateCleaner QA applied without sea test (validity, equal, zeros, capitals, centroids, gbif, institutions) [2026-04-14] | No lifeForm information available or recoverable from text fields; lifeForm left as NA [2026-04-14]","standardized author names in recordedBy / standardized author names in identifiedBy","Laura Torres Rodríguez","Laura Torres Rodríguez"
"101","EBUM2024:101","PreservedSpecimen",NA,NA,"EBUM Facultad de Biología, UMSNH","SPECIES","Michoacán de Ocampo","Rangel-Landa, S.","211","Rangel-Landa, S.",NA,"EBUM2024",1,"Tillandsia recurvata",NA,NA,"2000-03-07","change1: Standardized taxonRank to EN uppercase (Darwin Core). | change2: Set (0,0) to NA (Null Island placeholder). | epi_taxo: acceptedName(match1); authorship_epig(match1); genus_from_scientificName; family_WFO; order_majorGroup_WCVP [2026-03-11] | CoordinateCleaner QA applied without sea test (validity, equal, zeros, capitals, centroids, gbif, institutions) [2026-04-14] | No lifeForm information available or recoverable from text fields; lifeForm left as NA [2026-04-14]","standardized author names in recordedBy / standardized author names in identifiedBy","Selene Rangel Landa","Selene Rangel Landa"
"102","EBUM2024:102","PreservedSpecimen",NA,NA,"EBUM Facultad de Biología, UMSNH","SPECIES","Michoacán de Ocampo","Rebolledo-V, A.","296","Koch-Olt, S.D.",NA,"EBUM2024",1,"Tillandsia usneoides",NA,NA,"1981-02-28","change1: Standardized taxonRank to EN uppercase (Darwin Core). | change2: Set (0,0) to NA (Null Island placeholder). | epi_taxo: acceptedName(match1); authorship_epig(match1); genus_from_scientificName; family_WFO; order_majorGroup_WCVP [2026-03-11] | CoordinateCleaner QA applied without sea test (validity, equal, zeros, capitals, centroids, gbif, institutions) [2026-04-14] | No lifeForm information available or recoverable from text fields; lifeForm left as NA [2026-04-14]","standardized author names in recordedBy / standardized author names in identifiedBy","Stephen Douglas Koch Olt","A. Rebolledo V."
"103","EBUM2024:103","PreservedSpecimen",NA,NA,"EBUM Facultad de Biología, UMSNH","SPECIES","Michoacán de Ocampo","Molina-Paniagua, M.E. | Zamudio-Ruiz, S.","477","Molina-Paniagua, M.E.",NA,"EBUM2024",1,"Tillandsia juncea",NA,NA,"2004-05-05","change1: Standardized taxonRank to EN uppercase (Darwin Core). | change2: Set (0,0) to NA (Null Island placeholder). | epi_taxo: acceptedName(match1); authorship_epig(match1); genus_from_scientificName; family_WFO; order_majorGroup_WCVP [2026-03-11] | CoordinateCleaner QA applied without sea test (validity, equal, zeros, capitals, centroids, gbif, institutions) [2026-04-14] | No lifeForm information available or recoverable from text fields; lifeForm left as NA [2026-04-14]","standardized author names in recordedBy / standardized author names in identifiedBy","María Eugenia Molina Paniagua","María Eugenia Molina Paniagua; Sergio Zamudio Ruiz"
"104","EBUM2024:104","PreservedSpecimen",NA,NA,"EBUM Facultad de Biología, UMSNH","SPECIES","Michoacán de Ocampo","Robles del Valle, J.S.","40","Robles del Valle, J.S.",NA,"EBUM2024",0,"",NA,NA,"1982-12-21","change1: Standardized taxonRank to EN uppercase (Darwin Core). | change2: Set (0,0) to NA (Null Island placeholder). | epi_taxo: acceptedName(match1); authorship_epig(match1); genus_from_scientificName; family_WFO; order_majorGroup_WCVP [2026-03-11] | CoordinateCleaner QA applied without sea test (validity, equal, zeros, capitals, centroids, gbif, institutions) [2026-04-14] | No lifeForm information available or recoverable from text fields; lifeForm left as NA [2026-04-14]","standardized author names in recordedBy / standardized author names in identifiedBy","Javier Salvador Robles del Valle","Javier Salvador Robles del Valle"
"105","EBUM2024:105","PreservedSpecimen",NA,NA,"EBUM Facultad de Biología, UMSNH","GENUS","Michoacán de Ocampo","Perez-Calix, E. | Garcia-Lopez, E.","1889","Perez-Calix, E. | Garcia-Lopez, E.",NA,"EBUM2024",NA,"",NA,NA,"1990-10-31","change1: Trimmed whitespace in verbatimScientificName (and standardized blanks to NA) | change2: Standardized taxonRank to EN uppercase (Darwin Core). | change3: Cleared scientificName for supra-specific rank (GENUS/SUBGENUS/SECTION/FAMILY/…). | change4: Set (0,0) to NA (Null Island placeholder). | epi_taxo: acceptedName(match1); authorship_epig(match1); genus_from_scientificName; family_WFO; order_majorGroup_WCVP [2026-03-11] | CoordinateCleaner QA applied without sea test (validity, equal, zeros, capitals, centroids, gbif, institutions) [2026-04-14] | No lifeForm information available or recoverable from text fields; lifeForm left as NA [2026-04-14]","standardized author names in recordedBy / standardized author names in identifiedBy","Emmanuel Pérez Calix; Eustolia García López","Emmanuel Pérez Calix, Eustolia García López"
"106","EBUM2024:106","PreservedSpecimen",NA,NA,"EBUM Facultad de Biología, UMSNH","SPECIES","Michoacán de Ocampo","Aguilar-Contreras, A. | Gonzalez, A. | Oberti | Zolla, C.","183","Aguilar-Contreras, A.",NA,"EBUM2024",1,"Rhipsalis baccifera",NA,NA,"1980-03-22","change1: Standardized taxonRank to EN uppercase (Darwin Core). | change2: Set (0,0) to NA (Null Island placeholder). | epi_taxo: acceptedName(match1); authorship_epig(match1); genus_from_scientificName; family_WFO; order_majorGroup_WCVP [2026-03-11] | CoordinateCleaner QA applied without sea test (validity, equal, zeros, capitals, centroids, gbif, institutions) [2026-04-14] | No lifeForm information available or recoverable from text fields; lifeForm left as NA [2026-04-14]","standardized author names in recordedBy / standardized author names in identifiedBy","Abigail Aguilar Contreras","Abigail Aguilar Contreras; A. González; Oberti; Carlos Zolla"
"107","EBUM2024:107","PreservedSpecimen",NA,NA,"EBUM Facultad de Biología, UMSNH","SPECIES","Michoacán de Ocampo","Ventura-Aburto, F.","12230","Rzedowski-Rotter, J.",NA,"EBUM2024",1,"Rhipsalis baccifera",NA,NA,"1975-12-06","change1: Standardized taxonRank to EN uppercase (Darwin Core). | change2: Set (0,0) to NA (Null Island placeholder). | epi_taxo: acceptedName(match1); authorship_epig(match1); genus_from_scientificName; family_WFO; order_majorGroup_WCVP [2026-03-11] | CoordinateCleaner QA applied without sea test (validity, equal, zeros, capitals, centroids, gbif, institutions) [2026-04-14] | No lifeForm information available or recoverable from text fields; lifeForm left as NA [2026-04-14]","standardized author names in recordedBy / standardized author names in identifiedBy","Jerzy Rzedowski Rotter","Francisco Ventura Aburto"
"108","EBUM2024:108","PreservedSpecimen",NA,NA,"EBUM Facultad de Biología, UMSNH","SPECIES","Michoacán de Ocampo","Garcia-Lopez, E.","3728","Rzedowski-Rotter, J.",NA,"EBUM2024",1,"Fuchsia fulgens",NA,NA,"1991-08-08","change1: Standardized taxonRank to EN uppercase (Darwin Core). | change2: Set (0,0) to NA (Null Island placeholder). | epi_taxo: acceptedName(match1); authorship_epig(match1); genus_from_scientificName; family_WFO; order_majorGroup_WCVP [2026-03-11] | CoordinateCleaner QA applied without sea test (validity, equal, zeros, capitals, centroids, gbif, institutions) [2026-04-14] | No lifeForm information available or recoverable from text fields; lifeForm left as NA [2026-04-14]","standardized author names in recordedBy / standardized author names in identifiedBy","Jerzy Rzedowski Rotter","Eustolia García López"
"109","EBUM2024:109","PreservedSpecimen",NA,NA,"EBUM Facultad de Biología, UMSNH","SPECIES","Michoacán de Ocampo","Calderon-Leal, A.I.","477","Calderon-Leal, A.I.",NA,"EBUM2024",3,"Laelia rubescens",19.61861111,-101.38472222,"1993-07-17","change1: Standardized taxonRank to EN uppercase (Darwin Core). | change2: Filled coordinateUncertaintyInMeters from decimal-place precision (conservative). | epi_taxo: acceptedName(match1); authorship_epig(match1); genus_from_scientificName; family_WFO; order_majorGroup_WCVP [2026-03-11] | CoordinateCleaner QA applied without sea test (validity, equal, zeros, capitals, centroids, gbif, institutions) [2026-04-14] | No lifeForm information available or recoverable from text fields; lifeForm left as NA [2026-04-14]","standardized author names in recordedBy / standardized author names in identifiedBy","Ana Isabel Calderón Leal","Ana Isabel Calderón Leal"
"110","EBUM2024:110","PreservedSpecimen",NA,NA,"EBUM Facultad de Biología, UMSNH","SPECIES","Michoacán de Ocampo","Ventura-Aburto, F.","8301","Hagsater-Gartenberg, E.R.W.",NA,"EBUM2024",1,"Brassia verrucosa",NA,NA,"1975-05-15","change1: Standardized taxonRank to EN uppercase (Darwin Core). | change2: Set (0,0) to NA (Null Island placeholder). | epi_taxo: acceptedName(match1); authorship_epig(match1); genus_from_scientificName; family_WFO; order_majorGroup_WCVP [2026-03-11] | CoordinateCleaner QA applied without sea test (validity, equal, zeros, capitals, centroids, gbif, institutions) [2026-04-14] | No lifeForm information available or recoverable from text fields; lifeForm left as NA [2026-04-14]","standardized author names in recordedBy / standardized author names in identifiedBy","Eric Ragnar Wolko Hágsater Gartenberg","Francisco Ventura Aburto"
"111","EBUM2024:111","PreservedSpecimen",NA,NA,"EBUM Facultad de Biología, UMSNH","SPECIES","Michoacán de Ocampo","Garcia-Lopez, E. | Perez-Calix, E.","3732","Rzedowski-Rotter, J.",NA,"EBUM2024",1,"Dichaea squarrosa",19.5475,-102.03944444,"1991-08-08","change1: Standardized taxonRank to EN uppercase (Darwin Core). | change2: Filled coordinateUncertaintyInMeters from decimal-place precision (conservative). | epi_taxo: acceptedName(match1); authorship_epig(match1); genus_from_scientificName; family_WFO; order_majorGroup_WCVP [2026-03-11] | CoordinateCleaner QA applied without sea test (validity, equal, zeros, capitals, centroids, gbif, institutions) [2026-04-14] | No lifeForm information available or recoverable from text fields; lifeForm left as NA [2026-04-14]","standardized author names in recordedBy / standardized author names in identifiedBy","Jerzy Rzedowski Rotter","Eustolia García López; Emmanuel Pérez Calix"
"112","EBUM2024:112","PreservedSpecimen",NA,NA,"EBUM Facultad de Biología, UMSNH","SPECIES","Michoacán de Ocampo","Garcia-Lopez, E. | Perez-Calix, E.","3178","Espejo-Serna, A.",NA,"EBUM2024",1,"Epidendrum longipetalum",19.47611111,-102.07194444,"1990-09-05","change1: Standardized taxonRank to EN uppercase (Darwin Core). | change2: Filled coordinateUncertaintyInMeters from decimal-place precision (conservative). | epi_taxo: acceptedName(match1); authorship_epig(match1); genus_from_scientificName; family_WFO; order_majorGroup_WCVP [2026-03-11] | CoordinateCleaner QA applied without sea test (validity, equal, zeros, capitals, centroids, gbif, institutions) [2026-04-14] | No lifeForm information available or recoverable from text fields; lifeForm left as NA [2026-04-14]","standardized author names in recordedBy / standardized author names in identifiedBy","Adolfo Espejo Serna","Eustolia García López; Emmanuel Pérez Calix"
"113","EBUM2024:113","PreservedSpecimen",NA,NA,"EBUM Facultad de Biología, UMSNH","SPECIES","Michoacán de Ocampo","Garcia-Martinez, S.","253","Garcia-Martinez, S.",NA,"EBUM2024",1,"Laelia autumnalis",19.4225,-100.37555556,"1986-11-20","change1: Standardized taxonRank to EN uppercase (Darwin Core). | change2: Filled coordinateUncertaintyInMeters from decimal-place precision (conservative). | epi_taxo: acceptedName(match1); authorship_epig(match1); genus_from_scientificName; family_WFO; order_majorGroup_WCVP [2026-03-11] | CoordinateCleaner QA applied without sea test (validity, equal, zeros, capitals, centroids, gbif, institutions) [2026-04-14] | No lifeForm information available or recoverable from text fields; lifeForm left as NA [2026-04-14]","standardized author names in recordedBy / standardized author names in identifiedBy","Silvia García Martínez","Silvia García Martínez"
"114","EBUM2024:114","PreservedSpecimen",NA,NA,"EBUM Facultad de Biología, UMSNH","SPECIES","Michoacán de Ocampo","Garcia-Martinez, S.","","Lemus, E.",NA,"EBUM2024",1,"Laelia autumnalis",18.78027778,-103.1575,"1985-05-12","change1: Standardized taxonRank to EN uppercase (Darwin Core). | change2: Filled coordinateUncertaintyInMeters from decimal-place precision (conservative). | epi_taxo: acceptedName(match1); authorship_epig(match1); genus_from_scientificName; family_WFO; order_majorGroup_WCVP [2026-03-11] | CoordinateCleaner QA applied without sea test (validity, equal, zeros, capitals, centroids, gbif, institutions) [2026-04-14] | No lifeForm information available or recoverable from text fields; lifeForm left as NA [2026-04-14]","standardized author names in recordedBy / standardized author names in identifiedBy","Elvia Lemus","Silvia García Martínez"
"115","EBUM2024:115","PreservedSpecimen",NA,NA,"EBUM Facultad de Biología, UMSNH","SPECIES","Michoacán de Ocampo","Garcia-Martinez, S.","276","Garcia-Martinez, S.",NA,"EBUM2024",1,"Laelia autumnalis",19.86805556,-102.03666667,"1986-11-23","change1: Standardized taxonRank to EN uppercase (Darwin Core). | change2: Filled coordinateUncertaintyInMeters from decimal-place precision (conservative). | epi_taxo: acceptedName(match1); authorship_epig(match1); genus_from_scientificName; family_WFO; order_majorGroup_WCVP [2026-03-11] | CoordinateCleaner QA applied without sea test (validity, equal, zeros, capitals, centroids, gbif, institutions) [2026-04-14] | No lifeForm information available or recoverable from text fields; lifeForm left as NA [2026-04-14]","standardized author names in recordedBy / standardized author names in identifiedBy","Silvia García Martínez","Silvia García Martínez"
"116","EBUM2024:116","PreservedSpecimen",NA,NA,"EBUM Facultad de Biología, UMSNH","SPECIES","Michoacán de Ocampo","Avila-Diaz, I.","1650","Avila-Diaz, I.",NA,"EBUM2024",1,"Laelia autumnalis",19.99777778,-102.73361111,"1986-10-25","change1: Standardized taxonRank to EN uppercase (Darwin Core). | change2: Filled coordinateUncertaintyInMeters from decimal-place precision (conservative). | epi_taxo: acceptedName(match1); authorship_epig(match1); genus_from_scientificName; family_WFO; order_majorGroup_WCVP [2026-03-11] | CoordinateCleaner QA applied without sea test (validity, equal, zeros, capitals, centroids, gbif, institutions) [2026-04-14] | No lifeForm information available or recoverable from text fields; lifeForm left as NA [2026-04-14]","standardized author names in recordedBy / standardized author names in identifiedBy","Irene Ávila Díaz","Irene Ávila Díaz"
"117","EBUM2024:117","PreservedSpecimen",NA,NA,"EBUM Facultad de Biología, UMSNH","SPECIES","Michoacán de Ocampo","Garcia-Martinez, S.","248","Garcia-Martinez, S.",NA,"EBUM2024",1,"Laelia autumnalis",19.42277778,-100.36111111,"1986-11-20","change1: Standardized taxonRank to EN uppercase (Darwin Core). | change2: Filled coordinateUncertaintyInMeters from decimal-place precision (conservative). | epi_taxo: acceptedName(match1); authorship_epig(match1); genus_from_scientificName; family_WFO; order_majorGroup_WCVP [2026-03-11] | CoordinateCleaner QA applied without sea test (validity, equal, zeros, capitals, centroids, gbif, institutions) [2026-04-14] | No lifeForm information available or recoverable from text fields; lifeForm left as NA [2026-04-14]","standardized author names in recordedBy / standardized author names in identifiedBy","Silvia García Martínez","Silvia García Martínez"
"118","EBUM2024:118","PreservedSpecimen",NA,NA,"EBUM Facultad de Biología, UMSNH","SPECIES","Michoacán de Ocampo","Garcia-Lopez, E. | Perez-Calix, E.","3177","Espejo-Serna, A.",NA,"EBUM2024",3,"Rhynchostele cordata",19.54694444,-102.03916667,"1990-09-05","change1: Standardized taxonRank to EN uppercase (Darwin Core). | change2: Filled coordinateUncertaintyInMeters from decimal-place precision (conservative). | epi_taxo: acceptedName(match1); authorship_epig(match1); genus_from_scientificName; family_WFO; order_majorGroup_WCVP [2026-03-11] | CoordinateCleaner QA applied without sea test (validity, equal, zeros, capitals, centroids, gbif, institutions) [2026-04-14] | No lifeForm information available or recoverable from text fields; lifeForm left as NA [2026-04-14]","standardized author names in recordedBy / standardized author names in identifiedBy","Adolfo Espejo Serna","Eustolia García López; Emmanuel Pérez Calix"
"119","EBUM2024:119","PreservedSpecimen",NA,NA,"EBUM Facultad de Biología, UMSNH","SPECIES","Michoacán de Ocampo","Zamudio-Ruiz, S.","1000","",NA,"EBUM2024",3,"Nidema boothii",NA,NA,"1983-10-20","change1: Standardized taxonRank to EN uppercase (Darwin Core). | change2: Set (0,0) to NA (Null Island placeholder). | epi_taxo: acceptedName(match1); authorship_epig(match1); genus_from_scientificName; family_WFO; order_majorGroup_WCVP [2026-03-11] | CoordinateCleaner QA applied without sea test (validity, equal, zeros, capitals, centroids, gbif, institutions) [2026-04-14] | No lifeForm information available or recoverable from text fields; lifeForm left as NA [2026-04-14]","standardized author names in recordedBy","","Sergio Zamudio Ruíz"
"120","EBUM2024:120","PreservedSpecimen",NA,NA,"EBUM Facultad de Biología, UMSNH","SPECIES","Michoacán de Ocampo","Carranza-Gonzalez, E.","4971","Jimenez-Machorro, R.",NA,"EBUM2024",1,"Trichocentrum cepula",18.94027778,-101.68361111,"1996-01-13","change1: Standardized taxonRank to EN uppercase (Darwin Core). | change2: Filled coordinateUncertaintyInMeters from decimal-place precision (conservative). | epi_taxo: acceptedName(match1); authorship_epig(match1); genus_from_scientificName; family_WFO; order_majorGroup_WCVP [2026-03-11] | CoordinateCleaner QA applied without sea test (validity, equal, zeros, capitals, centroids, gbif, institutions) [2026-04-14] | No lifeForm information available or recoverable from text fields; lifeForm left as NA [2026-04-14]","standardized author names in recordedBy / standardized author names in identifiedBy","Ronaldo Jiménez Machorro","Eleazar Carranza González"
"121","EBUM2024:121","PreservedSpecimen",NA,NA,"EBUM Facultad de Biología, UMSNH","FORM","Michoacán de Ocampo","Ventura-Aburto, F.","5783","Hagsater-Gartenberg, E.R.W.",NA,"EBUM2024",1,"Platystele stenostachya",NA,NA,"1972-07-21","change1: Standardized taxonRank to EN uppercase (Darwin Core). | change2: Corrected taxonRank (SPECIES→FORM); kept scientificName as-is. | change3: Set (0,0) to NA (Null Island placeholder). | epi_taxo: acceptedName(match1); authorship_epig(match1); genus_from_scientificName; family_WFO; order_majorGroup_WCVP [2026-03-11] | CoordinateCleaner QA applied without sea test (validity, equal, zeros, capitals, centroids, gbif, institutions) [2026-04-14] | No lifeForm information available or recoverable from text fields; lifeForm left as NA [2026-04-14]","standardized author names in recordedBy / standardized author names in identifiedBy","Eric Ragnar Wolko Hágsater Gartenberg","Francisco Ventura Aburto"
"122","EBUM2024:122","PreservedSpecimen",NA,NA,"EBUM Facultad de Biología, UMSNH","FORM","Michoacán de Ocampo","Madrigal-Sanchez, X. | Zepeda-Castro, H.","4811","",NA,"EBUM2024",1,"Clowesia glaucoglossa",18.93333333,-101.73555556,"2002-06-16","change1: Standardized taxonRank to EN uppercase (Darwin Core). | change2: Corrected taxonRank (SPECIES→FORM); kept scientificName as-is. | change3: Filled coordinateUncertaintyInMeters from decimal-place precision (conservative). | epi_taxo: acceptedName(match1); authorship_epig(match1); genus_from_scientificName; family_WFO; order_majorGroup_WCVP [2026-03-11] | CoordinateCleaner QA applied without sea test (validity, equal, zeros, capitals, centroids, gbif, institutions) [2026-04-14] | No lifeForm information available or recoverable from text fields; lifeForm left as NA [2026-04-14]","standardized author names in recordedBy","","Xavier Madrigal Sánchez; Hugo Zepeda Castro"
"123","EBUM2024:123","PreservedSpecimen",NA,NA,"EBUM Facultad de Biología, UMSNH","SPECIES","Michoacán de Ocampo","Garcia-Lopez, E. | Perez-Calix, E.","3733","Perez-Calix, E.",NA,"EBUM2024",1,"Stelis villosa",19.54611111,-102.03861111,"1991-08-08","change1: Standardized taxonRank to EN uppercase (Darwin Core). | change2: Filled coordinateUncertaintyInMeters from decimal-place precision (conservative). | epi_taxo: acceptedName(match1); authorship_epig(match1); genus_from_scientificName; family_WFO; order_majorGroup_WCVP [2026-03-11] | CoordinateCleaner QA applied without sea test (validity, equal, zeros, capitals, centroids, gbif, institutions) [2026-04-14] | No lifeForm information available or recoverable from text fields; lifeForm left as NA [2026-04-14]","standardized author names in recordedBy / standardized author names in identifiedBy","Emmanuel Pérez Calix","Eustolia García López; Emmanuel Pérez Calix"
"124","EBUM2024:124","PreservedSpecimen",NA,NA,"EBUM Facultad de Biología, UMSNH","SPECIES","Michoacán de Ocampo","Guadian-Marin, J.I.","45","Guadian-Marin, J.I.",NA,"EBUM2024",1,"Laelia autumnalis",20.49027778,-101.9875,"2006-09-23","change1: Trimmed whitespace in verbatimScientificName (and standardized blanks to NA) | change2: Standardized taxonRank to EN uppercase (Darwin Core). | change3: Filled coordinateUncertaintyInMeters from decimal-place precision (conservative). | epi_taxo: acceptedName(match1); authorship_epig(match1); genus_from_scientificName; family_WFO; order_majorGroup_WCVP [2026-03-11] | CoordinateCleaner QA applied without sea test (validity, equal, zeros, capitals, centroids, gbif, institutions) [2026-04-14] | No lifeForm information available or recoverable from text fields; lifeForm left as NA [2026-04-14]","standardized author names in recordedBy / standardized author names in identifiedBy","Jesús Israel Guadián Marín","Jesús Israel Guadián Marín"
"125","EBUM2024:125","PreservedSpecimen",NA,NA,"EBUM Facultad de Biología, UMSNH","SPECIES","Michoacán de Ocampo","Ortega-Rodriguez, J.M.","302","Ortega-Rodriguez, J.M.",NA,"EBUM2024",1,"Hemionitis albomarginata",NA,NA,"1990-05-15","change1: Standardized taxonRank to EN uppercase (Darwin Core). | change2: Set (0,0) to NA (Null Island placeholder). | epi_taxo: acceptedName(match1); authorship_epig(match1); genus_from_scientificName; family_WFO; order_majorGroup_WCVP [2026-03-11] | CoordinateCleaner QA applied without sea test (validity, equal, zeros, capitals, centroids, gbif, institutions) [2026-04-14] | No lifeForm information available or recoverable from text fields; lifeForm left as NA [2026-04-14]","standardized author names in recordedBy / standardized author names in identifiedBy","Juan Manuel Ortega Rodríguez","Juan Manuel Ortega Rodríguez"
"126","EBUM2024:126","PreservedSpecimen",NA,NA,"EBUM Facultad de Biología, UMSNH","SPECIES","Michoacán de Ocampo","Zavala-Alvarez, C.","315","Zavala-Alvarez, C.",NA,"EBUM2024",1,"Pleopeltis polylepis",NA,NA,"2005-11-23","change1: Standardized taxonRank to EN uppercase (Darwin Core). | change2: Set (0,0) to NA (Null Island placeholder). | epi_taxo: acceptedName(match1); authorship_epig(match1); genus_from_scientificName; family_WFO; order_majorGroup_WCVP [2026-03-11] | CoordinateCleaner QA applied without sea test (validity, equal, zeros, capitals, centroids, gbif, institutions) [2026-04-14] | No lifeForm information available or recoverable from text fields; lifeForm left as NA [2026-04-14]","standardized author names in recordedBy / standardized author names in identifiedBy","Carlos Zavala Álvarez","Carlos Zavala Álvarez"
"127","EBUM2024:127","PreservedSpecimen",NA,NA,"EBUM Facultad de Biología, UMSNH","SPECIES","Michoacán de Ocampo","Zavala-Alvarez, C.","317","Zavala-Alvarez, C.",NA,"EBUM2024",1,"Pecluma plumula",NA,NA,"2005-11-23","change1: Trimmed whitespace in verbatimScientificName (and standardized blanks to NA) | change2: Standardized taxonRank to EN uppercase (Darwin Core). | change3: Set (0,0) to NA (Null Island placeholder). | epi_taxo: acceptedName(match1); authorship_epig(match1); genus_from_scientificName; family_WFO; order_majorGroup_WCVP [2026-03-11] | CoordinateCleaner QA applied without sea test (validity, equal, zeros, capitals, centroids, gbif, institutions) [2026-04-14] | No lifeForm information available or recoverable from text fields; lifeForm left as NA [2026-04-14]","standardized author names in recordedBy / standardized author names in identifiedBy","Carlos Zavala Álvarez","Carlos Zavala Álvarez"
"128","EBUM2024:128","PreservedSpecimen",NA,NA,"EBUM Facultad de Biología, UMSNH","SPECIES","Michoacán de Ocampo","Suarez-Soria, L.N. | Estrada-Sarmiento, J.C.","16","Suarez-Soria, L.N.",NA,"EBUM2024",1,"Pleopeltis angusta",NA,NA,"2011-11-09","change1: Trimmed whitespace in verbatimScientificName (and standardized blanks to NA) | change2: Standardized taxonRank to EN uppercase (Darwin Core). | change3: Set (0,0) to NA (Null Island placeholder). | epi_taxo: acceptedName(match1); authorship_epig(match1); genus_from_scientificName; family_WFO; order_majorGroup_WCVP [2026-03-11] | CoordinateCleaner QA applied without sea test (validity, equal, zeros, capitals, centroids, gbif, institutions) [2026-04-14] | No lifeForm information available or recoverable from text fields; lifeForm left as NA [2026-04-14]","standardized author names in recordedBy / standardized author names in identifiedBy","Laura Nicolasa Suárez Soria","Laura Nicolasa Suárez Soria; Juan Carlos Estrada Sarmiento"
"129","EBUM2024:129","PreservedSpecimen",NA,NA,"EBUM Facultad de Biología, UMSNH","SPECIES","Michoacán de Ocampo","Suarez-Soria, L.N.","15","Suarez-Soria, L.N.",NA,"EBUM2024",1,"Pleopeltis madrensis",NA,NA,"2010-11-09","change1: Trimmed whitespace in verbatimScientificName (and standardized blanks to NA) | change2: Standardized taxonRank to EN uppercase (Darwin Core). | change3: Set (0,0) to NA (Null Island placeholder). | epi_taxo: acceptedName(match1); authorship_epig(match1); genus_from_scientificName; family_WFO; order_majorGroup_WCVP [2026-03-11] | CoordinateCleaner QA applied without sea test (validity, equal, zeros, capitals, centroids, gbif, institutions) [2026-04-14] | No lifeForm information available or recoverable from text fields; lifeForm left as NA [2026-04-14]","standardized author names in recordedBy / standardized author names in identifiedBy","Laura Nicolasa Suárez Soria","Laura Nicolasa Suárez Soria"
"130","EBUM2024:130","PreservedSpecimen",NA,NA,"EBUM Facultad de Biología, UMSNH","SPECIES","Michoacán de Ocampo","Suarez-Soria, L.N. | Santiz-Jimenez, J.A.","139","Suarez-Soria, L.N.",NA,"EBUM2024",1,"Polypodium subpetiolatum",NA,NA,"2010-10-23","change1: Trimmed whitespace in verbatimScientificName (and standardized blanks to NA) | change2: Standardized taxonRank to EN uppercase (Darwin Core). | change3: Set (0,0) to NA (Null Island placeholder). | epi_taxo: acceptedName(match1); authorship_epig(match1); genus_from_scientificName; family_WFO; order_majorGroup_WCVP [2026-03-11] | CoordinateCleaner QA applied without sea test (validity, equal, zeros, capitals, centroids, gbif, institutions) [2026-04-14] | No lifeForm information available or recoverable from text fields; lifeForm left as NA [2026-04-14]","standardized author names in recordedBy / standardized author names in identifiedBy","Laura Nicolasa Suárez Soria","Laura Nicolasa Suárez Soria; José Arturo Santiz Jímenez"
"131","EBUM2024:131","PreservedSpecimen",NA,NA,"EBUM Facultad de Biología, UMSNH","SPECIES","Michoacán de Ocampo","Suarez-Soria, L.N. | Santiz-Jimenez, J.A.","144","Suarez-Soria, L.N.",NA,"EBUM2024",1,"Pleopeltis rosei",NA,NA,"2010-10-23","change1: Trimmed whitespace in verbatimScientificName (and standardized blanks to NA) | change2: Standardized taxonRank to EN uppercase (Darwin Core). | change3: Set (0,0) to NA (Null Island placeholder). | epi_taxo: acceptedName(match1); authorship_epig(match1); genus_from_scientificName; family_WFO; order_majorGroup_WCVP [2026-03-11] | CoordinateCleaner QA applied without sea test (validity, equal, zeros, capitals, centroids, gbif, institutions) [2026-04-14] | No lifeForm information available or recoverable from text fields; lifeForm left as NA [2026-04-14]","standardized author names in recordedBy / standardized author names in identifiedBy","Laura Nicolasa Suárez Soria","Laura Nicolasa Suárez Soria; José Arturo Santiz Jímenez"
"132","EBUM2024:132","PreservedSpecimen",NA,NA,"EBUM Facultad de Biología, UMSNH","SPECIES","Michoacán de Ocampo","Suarez-Soria, L.N.","18","Suarez-Soria, L.N.",NA,"EBUM2024",1,"Pecluma plumula",NA,NA,"2010-11-09","change1: Trimmed whitespace in verbatimScientificName (and standardized blanks to NA) | change2: Standardized taxonRank to EN uppercase (Darwin Core). | change3: Set (0,0) to NA (Null Island placeholder). | epi_taxo: acceptedName(match1); authorship_epig(match1); genus_from_scientificName; family_WFO; order_majorGroup_WCVP [2026-03-11] | CoordinateCleaner QA applied without sea test (validity, equal, zeros, capitals, centroids, gbif, institutions) [2026-04-14] | No lifeForm information available or recoverable from text fields; lifeForm left as NA [2026-04-14]","standardized author names in recordedBy / standardized author names in identifiedBy","Laura Nicolasa Suárez Soria","Laura Nicolasa Suárez Soria"
"133","EBUM2024:133","PreservedSpecimen",NA,NA,"EBUM Facultad de Biología, UMSNH","SPECIES","Michoacán de Ocampo","Suarez-Soria, L.N.","29","Suarez-Soria, L.N.",NA,"EBUM2024",1,"Pleopeltis mexicana",NA,NA,"2010-11-09","change1: Standardized taxonRank to EN uppercase (Darwin Core). | change2: Set (0,0) to NA (Null Island placeholder). | epi_taxo: acceptedName(match1); authorship_epig(match1); genus_from_scientificName; family_WFO; order_majorGroup_WCVP [2026-03-11] | CoordinateCleaner QA applied without sea test (validity, equal, zeros, capitals, centroids, gbif, institutions) [2026-04-14] | No lifeForm information available or recoverable from text fields; lifeForm left as NA [2026-04-14]","standardized author names in recordedBy / standardized author names in identifiedBy","Laura Nicolasa Suárez Soria","Laura Nicolasa Suárez Soria"
"134","EBUM2024:134","PreservedSpecimen",NA,NA,"EBUM Facultad de Biología, UMSNH","SPECIES","Michoacán de Ocampo","Zamudio-Ruiz, S. | Zamora","8468","Barriga-Vega, H.D.",NA,"EBUM2024",1,"Psilotum complanatum",NA,NA,"1992-08-27","change1: Standardized taxonRank to EN uppercase (Darwin Core). | change2: Set (0,0) to NA (Null Island placeholder). | epi_taxo: acceptedName(match1); authorship_epig(match1); genus_from_scientificName; family_WFO; order_majorGroup_WCVP [2026-03-11] | CoordinateCleaner QA applied without sea test (validity, equal, zeros, capitals, centroids, gbif, institutions) [2026-04-14] | No lifeForm information available or recoverable from text fields; lifeForm left as NA [2026-04-14]","standardized author names in recordedBy / standardized author names in identifiedBy","Horalia Díaz Barriga Vega","Sergio Zamudio Ruiz; Zamora"
"135","EBUM2024:135","PreservedSpecimen",NA,NA,"EBUM Facultad de Biología, UMSNH","SPECIES","Michoacán de Ocampo","Zavala-Alvarez, C.","324","Zavala-Alvarez, C.",NA,"EBUM2024",3,"Hemionitis kuhnii",NA,NA,"2006-11-24","change1: Standardized taxonRank to EN uppercase (Darwin Core). | change2: Set (0,0) to NA (Null Island placeholder). | epi_taxo: acceptedName(match1); authorship_epig(match1); genus_from_scientificName; family_WFO; order_majorGroup_WCVP [2026-03-11] | CoordinateCleaner QA applied without sea test (validity, equal, zeros, capitals, centroids, gbif, institutions) [2026-04-14] | No lifeForm information available or recoverable from text fields; lifeForm left as NA [2026-04-14]","standardized author names in recordedBy / standardized author names in identifiedBy","Carlos Zavala Álvarez","Carlos Zavala Álvarez"
"136","EBUM2024:136","PreservedSpecimen",NA,NA,"EBUM Facultad de Biología, UMSNH","SPECIES","Michoacán de Ocampo","Garcia-Perez, J.","1440","Garcia-Perez, J.",NA,"EBUM2024",1,"Tillandsia usneoides",NA,NA,"1981-03-15","change1: Standardized taxonRank to EN uppercase (Darwin Core). | change2: Set (0,0) to NA (Null Island placeholder). | epi_taxo: acceptedName(match1); authorship_epig(match1); genus_from_scientificName; family_WFO; order_majorGroup_WCVP [2026-03-11] | CoordinateCleaner QA applied without sea test (validity, equal, zeros, capitals, centroids, gbif, institutions) [2026-04-14] | No lifeForm information available or recoverable from text fields; lifeForm left as NA [2026-04-14]","standardized author names in recordedBy / standardized author names in identifiedBy","José García Pérez","José García Pérez"
"137","EBUM2024:137","PreservedSpecimen",NA,NA,"EBUM Facultad de Biología, UMSNH","SPECIES","Michoacán de Ocampo","Martinez-Cruz, J.","1134","Martinez-Cruz, J.",NA,"EBUM2024",1,"Tillandsia andrieuxii",NA,NA,"2004-09-25","change1: Standardized taxonRank to EN uppercase (Darwin Core). | change2: Set (0,0) to NA (Null Island placeholder). | epi_taxo: acceptedName(match1); authorship_epig(match1); genus_from_scientificName; family_WFO; order_majorGroup_WCVP [2026-03-11] | CoordinateCleaner QA applied without sea test (validity, equal, zeros, capitals, centroids, gbif, institutions) [2026-04-14] | No lifeForm information available or recoverable from text fields; lifeForm left as NA [2026-04-14]","standardized author names in recordedBy / standardized author names in identifiedBy","Juan Martínez Cruz","Juan Martínez Cruz"
"138","EBUM2024:138","PreservedSpecimen",NA,NA,"EBUM Facultad de Biología, UMSNH","SPECIES","Michoacán de Ocampo","Huaroco-Sanchez, F.J. | Adame-Macias, S.","9","Huaroco-Sanchez, F.J.",NA,"EBUM2024",1,"Peperomia galioides",19.68555556,-101.98166667,"2013-07-26","change1: Trimmed whitespace in scientificName (and standardized blanks to NA) | change2: Trimmed whitespace in verbatimScientificName (and standardized blanks to NA) | change3: Standardized taxonRank to EN uppercase (Darwin Core). | change4: Filled coordinateUncertaintyInMeters from decimal-place precision (conservative). | epi_taxo: acceptedName(match1); authorship_epig(match1); genus_from_scientificName; family_WFO; order_majorGroup_WCVP [2026-03-11] | CoordinateCleaner QA applied without sea test (validity, equal, zeros, capitals, centroids, gbif, institutions) [2026-04-14] | No lifeForm information available or recoverable from text fields; lifeForm left as NA [2026-04-14]","standardized author names in recordedBy / standardized author names in identifiedBy","Francisco Jordán Huaroco Sánchez","Francisco Jordán Huaroco Sánchez; Salvador Adame Macias"
"139","EBUM2024:139","PreservedSpecimen",NA,NA,"EBUM Facultad de Biología, UMSNH","GENUS","Michoacán de Ocampo","Aburto-Zepeda, M.M.","43","Aburto-Zepeda, M.M.",NA,"EBUM2024",NA,"",NA,NA,"2009-11-14","change1: Trimmed whitespace in verbatimScientificName (and standardized blanks to NA) | change2: Standardized taxonRank to EN uppercase (Darwin Core). | change3: Cleared scientificName for supra-specific rank (GENUS/SUBGENUS/SECTION/FAMILY/…). | change4: Set (0,0) to NA (Null Island placeholder). | epi_taxo: acceptedName(match1); authorship_epig(match1); genus_from_scientificName; family_WFO; order_majorGroup_WCVP [2026-03-11] | CoordinateCleaner QA applied without sea test (validity, equal, zeros, capitals, centroids, gbif, institutions) [2026-04-14] | No lifeForm information available or recoverable from text fields; lifeForm left as NA [2026-04-14]","standardized author names in recordedBy / standardized author names in identifiedBy","Marisol Margarita Aburto Zepeda","Marisol Margarita Aburto Zepeda"
"140","EBUM2024:140","PreservedSpecimen",NA,NA,"EBUM Facultad de Biología, UMSNH","SPECIES","Michoacán de Ocampo","Guadian-Marin, J.I.","62","Guadian-Marin, J.I.",NA,"EBUM2024",1,"Phlebodium areolatum",20.605,-101.70305556,"2006-10-02","change1: Standardized taxonRank to EN uppercase (Darwin Core). | change2: Filled coordinateUncertaintyInMeters from decimal-place precision (conservative). | epi_taxo: acceptedName(match1); authorship_epig(match1); genus_from_scientificName; family_WFO; order_majorGroup_WCVP [2026-03-11] | CoordinateCleaner QA applied without sea test (validity, equal, zeros, capitals, centroids, gbif, institutions) [2026-04-14] | No lifeForm information available or recoverable from text fields; lifeForm left as NA [2026-04-14]","standardized author names in recordedBy / standardized author names in identifiedBy","Jesús Israel Guadián Marín","Jesús Israel Guadián Marín"
"141","EBUM2024:141","PreservedSpecimen",NA,NA,"EBUM Facultad de Biología, UMSNH","SPECIES","Michoacán de Ocampo","Arreola-Nava, H.J. | Villegas-Flores, E. | Arias, S.","1406","Arreola-Nava, H.J.",NA,"EBUM2024",0,"",NA,NA,"1994-11-13","change1: Standardized taxonRank to EN uppercase (Darwin Core). | change2: Set (0,0) to NA (Null Island placeholder). | epi_taxo: acceptedName(match1); authorship_epig(match1); genus_from_scientificName; family_WFO; order_majorGroup_WCVP [2026-03-11] | CoordinateCleaner QA applied without sea test (validity, equal, zeros, capitals, centroids, gbif, institutions) [2026-04-14] | No lifeForm information available or recoverable from text fields; lifeForm left as NA [2026-04-14]","standardized author names in recordedBy / standardized author names in identifiedBy","Hilda Julieta Arreola Nava","Hilda Julieta Arreola Nava; Eduardo Villegas Flores; Salvador Arias"
"142","EBUM2024:142","PreservedSpecimen",NA,NA,"EBUM Facultad de Biología, UMSNH","SPECIES","Michoacán de Ocampo","Guadian-Marin, J.I.","58","Guadian-Marin, J.I.",NA,"EBUM2024",0,"",20.605,-101.70305556,"2006-10-02","change1: Standardized taxonRank to EN uppercase (Darwin Core). | change2: Filled coordinateUncertaintyInMeters from decimal-place precision (conservative). | epi_taxo: acceptedName(match1); authorship_epig(match1); genus_from_scientificName; family_WFO; order_majorGroup_WCVP [2026-03-11] | CoordinateCleaner QA applied without sea test (validity, equal, zeros, capitals, centroids, gbif, institutions) [2026-04-14] | No lifeForm information available or recoverable from text fields; lifeForm left as NA [2026-04-14]","standardized author names in recordedBy / standardized author names in identifiedBy","Jesús Israel Guadián Marín","Jesús Israel Guadián Marín"
"143","EBUM2024:143","PreservedSpecimen",NA,NA,"EBUM Facultad de Biología, UMSNH","SPECIES","Michoacán de Ocampo","Madrigal-Sanchez, X.","4272","Espejo-Serna, A. | Lopez-Ferrari, A.R.",NA,"EBUM2024",1,"Tillandsia ionantha",19.57472222,-101.07138889,"1988-04-17","change1: Standardized taxonRank to EN uppercase (Darwin Core). | change2: Filled coordinateUncertaintyInMeters from decimal-place precision (conservative). | epi_taxo: acceptedName(match1); authorship_epig(match1); genus_from_scientificName; family_WFO; order_majorGroup_WCVP [2026-03-11] | CoordinateCleaner QA applied without sea test (validity, equal, zeros, capitals, centroids, gbif, institutions) [2026-04-14] | No lifeForm information available or recoverable from text fields; lifeForm left as NA [2026-04-14]","standardized author names in recordedBy / standardized author names in identifiedBy","Adolfo Espejo Serna; Ana Rosa López Ferrari","Xavier Madrigal Sánchez"
"144","EBUM2024:144","PreservedSpecimen",NA,NA,"EBUM Facultad de Biología, UMSNH","SPECIES","Michoacán de Ocampo","Madrigal-Sanchez, X.","3909","Espejo-Serna, A. | Lopez-Ferrari, A.R.",NA,"EBUM2024",1,"Tillandsia dugesii",19.63777778,-101.28055556,"1985-02-13","change1: Standardized taxonRank to EN uppercase (Darwin Core). | change2: Filled coordinateUncertaintyInMeters from decimal-place precision (conservative). | epi_taxo: acceptedName(match1); authorship_epig(match1); genus_from_scientificName; family_WFO; order_majorGroup_WCVP [2026-03-11] | CoordinateCleaner QA applied without sea test (validity, equal, zeros, capitals, centroids, gbif, institutions) [2026-04-14] | No lifeForm information available or recoverable from text fields; lifeForm left as NA [2026-04-14]","standardized author names in recordedBy / standardized author names in identifiedBy","Adolfo Espejo Serna; Ana Rosa López Ferrari","Xavier Madrigal Sánchez"
"145","EBUM2024:145","PreservedSpecimen",NA,NA,"EBUM Facultad de Biología, UMSNH","SPECIES","Michoacán de Ocampo","Madrigal-Sanchez, X.","3896","Espejo-Serna, A. | Lopez-Ferrari, A.R.",NA,"EBUM2024",1,"Tillandsia dugesii",19.64166667,-101.30277778,"1985-02-11","change1: Standardized taxonRank to EN uppercase (Darwin Core). | change2: Filled coordinateUncertaintyInMeters from decimal-place precision (conservative). | epi_taxo: acceptedName(match1); authorship_epig(match1); genus_from_scientificName; family_WFO; order_majorGroup_WCVP [2026-03-11] | CoordinateCleaner QA applied without sea test (validity, equal, zeros, capitals, centroids, gbif, institutions) [2026-04-14] | No lifeForm information available or recoverable from text fields; lifeForm left as NA [2026-04-14]","standardized author names in recordedBy / standardized author names in identifiedBy","Adolfo Espejo Serna; Ana Rosa López Ferrari","Xavier Madrigal Sánchez"
"146","EBUM2024:146","PreservedSpecimen",NA,NA,"EBUM Facultad de Biología, UMSNH","SPECIES","Michoacán de Ocampo","Madrigal-Sanchez, X. | Ontiveros-Alvarado, S. | Cervantes-Gomez, A.","170","Madrigal-Sanchez, X. | Ontiveros-Alvarado, S.",NA,"EBUM2024",1,"Pecluma plumula",NA,NA,"2004-09-18","change1: Trimmed whitespace in scientificName (and standardized blanks to NA) | change2: Trimmed whitespace in verbatimScientificName (and standardized blanks to NA) | change3: Standardized taxonRank to EN uppercase (Darwin Core). | change4: Set (0,0) to NA (Null Island placeholder). | epi_taxo: acceptedName(match1); authorship_epig(match1); genus_from_scientificName; family_WFO; order_majorGroup_WCVP [2026-03-11] | CoordinateCleaner QA applied without sea test (validity, equal, zeros, capitals, centroids, gbif, institutions) [2026-04-14] | No lifeForm information available or recoverable from text fields; lifeForm left as NA [2026-04-14]","standardized author names in recordedBy / standardized author names in identifiedBy","Xavier Madrigal Sánchez; Samuel Ontiveros Alvarado","Xavier Madrigal Sánchez; Samuel Ontiveros Alvarado; A. Cervantes Gómez"
"147","EBUM2024:147","PreservedSpecimen",NA,NA,"EBUM Facultad de Biología, UMSNH","SPECIES","Michoacán de Ocampo","Rubio-Chacon, A.","71","Ortega-Rodriguez, J.M.",NA,"EBUM2024",1,"Hemionitis bonariensis",NA,NA,"1985-08-18","change1: Standardized taxonRank to EN uppercase (Darwin Core). | change2: Set (0,0) to NA (Null Island placeholder). | epi_taxo: acceptedName(match1); authorship_epig(match1); genus_from_scientificName; family_WFO; order_majorGroup_WCVP [2026-03-11] | CoordinateCleaner QA applied without sea test (validity, equal, zeros, capitals, centroids, gbif, institutions) [2026-04-14] | No lifeForm information available or recoverable from text fields; lifeForm left as NA [2026-04-14]","standardized author names in recordedBy / standardized author names in identifiedBy","Juan Manuel Ortega Rodríguez","Alejandra Rubio Chacón"
"148","EBUM2024:148","PreservedSpecimen",NA,NA,"EBUM Facultad de Biología, UMSNH","SPECIES","Michoacán de Ocampo","Silva-Saenz, P.","1468","Medina-Garcia, C.",NA,"EBUM2024",1,"Cystopteris fragilis",NA,NA,"1995-09-16","change1: Standardized taxonRank to EN uppercase (Darwin Core). | change2: Set (0,0) to NA (Null Island placeholder). | epi_taxo: acceptedName(match1); authorship_epig(match1); genus_from_scientificName; family_WFO; order_majorGroup_WCVP [2026-03-11] | CoordinateCleaner QA applied without sea test (validity, equal, zeros, capitals, centroids, gbif, institutions) [2026-04-14] | No lifeForm information available or recoverable from text fields; lifeForm left as NA [2026-04-14]","standardized author names in recordedBy / standardized author names in identifiedBy","Consuelo Medina García","Patricia Silva Sáenz"
"149","EBUM2024:149","PreservedSpecimen",NA,NA,"EBUM Facultad de Biología, UMSNH","SPECIES","Michoacán de Ocampo","Gomez-V, L.","26","Gomez-V, L.",NA,"EBUM2024",3,"Ctenitis ampla",NA,NA,"1977-10-02","change1: Standardized taxonRank to EN uppercase (Darwin Core). | change2: Set (0,0) to NA (Null Island placeholder). | epi_taxo: acceptedName(match1); authorship_epig(match1); genus_from_scientificName; family_WFO; order_majorGroup_WCVP [2026-03-11] | CoordinateCleaner QA applied without sea test (validity, equal, zeros, capitals, centroids, gbif, institutions) [2026-04-14] | No lifeForm information available or recoverable from text fields; lifeForm left as NA [2026-04-14]","standardized author names in recordedBy / standardized author names in identifiedBy","Lombardo Gómez V.","Lombardo Gómez V."
"150","EBUM2024:150","PreservedSpecimen",NA,NA,"EBUM Facultad de Biología, UMSNH","SPECIES","Michoacán de Ocampo","Silva-Saenz, P.","1455","Medina-Garcia, C.",NA,"EBUM2024",3,"Thelypteris reptans",NA,NA,"1995-09-16","change1: Standardized taxonRank to EN uppercase (Darwin Core). | change2: Set (0,0) to NA (Null Island placeholder). | epi_taxo: acceptedName(match1); authorship_epig(match1); genus_from_scientificName; family_WFO; order_majorGroup_WCVP [2026-03-11] | CoordinateCleaner QA applied without sea test (validity, equal, zeros, capitals, centroids, gbif, institutions) [2026-04-14] | No lifeForm information available or recoverable from text fields; lifeForm left as NA [2026-04-14]","standardized author names in recordedBy / standardized author names in identifiedBy","Consuelo Medina García","Patricia Silva Sáenz"
"151","EBUM2024:151","PreservedSpecimen",NA,NA,"EBUM Facultad de Biología, UMSNH","SPECIES","Michoacán de Ocampo","Rzedowski-Rotter, J.","40004","Barriga-Vega, H.D.",NA,"EBUM2024",3,"Pecluma pilosa",NA,NA,"1986-07-24","change1: Standardized taxonRank to EN uppercase (Darwin Core). | change2: Set (0,0) to NA (Null Island placeholder). | epi_taxo: acceptedName(match1); authorship_epig(match1); genus_from_scientificName; family_WFO; order_majorGroup_WCVP [2026-03-11] | CoordinateCleaner QA applied without sea test (validity, equal, zeros, capitals, centroids, gbif, institutions) [2026-04-14] | No lifeForm information available or recoverable from text fields; lifeForm left as NA [2026-04-14]","standardized author names in recordedBy / standardized author names in identifiedBy","Horalia Díaz Barriga Vega","Jerzy Rzedowski Rotter"
"152","EBUM2024:152","PreservedSpecimen",NA,NA,"EBUM Facultad de Biología, UMSNH","SPECIES","Michoacán de Ocampo","Silva-Saenz, P.","1467","Medina-Garcia, C.",NA,"EBUM2024",1,"Pleopeltis angusta",NA,NA,"1995-09-16","change1: Standardized taxonRank to EN uppercase (Darwin Core). | change2: Set (0,0) to NA (Null Island placeholder). | epi_taxo: acceptedName(match1); authorship_epig(match1); genus_from_scientificName; family_WFO; order_majorGroup_WCVP [2026-03-11] | CoordinateCleaner QA applied without sea test (validity, equal, zeros, capitals, centroids, gbif, institutions) [2026-04-14] | No lifeForm information available or recoverable from text fields; lifeForm left as NA [2026-04-14]","standardized author names in recordedBy / standardized author names in identifiedBy","Consuelo Medina García","Patricia Silva Sáenz"
"153","EBUM2024:153","PreservedSpecimen",NA,NA,"EBUM Facultad de Biología, UMSNH","SPECIES","Michoacán de Ocampo","Silva-Saenz, P.","1411","Medina-Garcia, C.",NA,"EBUM2024",1,"Pleopeltis interjecta",NA,NA,"1995-06-04","change1: Standardized taxonRank to EN uppercase (Darwin Core). | change2: Set (0,0) to NA (Null Island placeholder). | epi_taxo: acceptedName(match1); authorship_epig(match1); genus_from_scientificName; family_WFO; order_majorGroup_WCVP [2026-03-11] | CoordinateCleaner QA applied without sea test (validity, equal, zeros, capitals, centroids, gbif, institutions) [2026-04-14] | No lifeForm information available or recoverable from text fields; lifeForm left as NA [2026-04-14]","standardized author names in recordedBy / standardized author names in identifiedBy","Consuelo Medina García","Patricia Silva Sáenz"
"154","EBUM2024:154","PreservedSpecimen",NA,NA,"EBUM Facultad de Biología, UMSNH","SPECIES","Michoacán de Ocampo","Jasso-Torres, M.J.","235","Barriga-Vega, H.D.",NA,"EBUM2024",1,"Pleopeltis polylepis",NA,NA,"1988-09-29","change1: Standardized taxonRank to EN uppercase (Darwin Core). | change2: Set (0,0) to NA (Null Island placeholder). | epi_taxo: acceptedName(match1); authorship_epig(match1); genus_from_scientificName; family_WFO; order_majorGroup_WCVP [2026-03-11] | CoordinateCleaner QA applied without sea test (validity, equal, zeros, capitals, centroids, gbif, institutions) [2026-04-14] | No lifeForm information available or recoverable from text fields; lifeForm left as NA [2026-04-14]","standardized author names in recordedBy / standardized author names in identifiedBy","Horalia Díaz Barriga Vega","María Josefa Jasso Torres"
"155","EBUM2024:155","PreservedSpecimen",NA,NA,"EBUM Facultad de Biología, UMSNH","SPECIES","Michoacán de Ocampo","Ventura-Aburto, F.","8729","Thomas-Mickel, J.",NA,"EBUM2024",1,"Pleopeltis angusta",NA,NA,"1973-07-31","change1: Standardized taxonRank to EN uppercase (Darwin Core). | change2: Set (0,0) to NA (Null Island placeholder). | epi_taxo: acceptedName(match1); authorship_epig(match1); genus_from_scientificName; family_WFO; order_majorGroup_WCVP [2026-03-11] | CoordinateCleaner QA applied without sea test (validity, equal, zeros, capitals, centroids, gbif, institutions) [2026-04-14] | No lifeForm information available or recoverable from text fields; lifeForm left as NA [2026-04-14]","standardized author names in recordedBy / standardized author names in identifiedBy","John Thomas Mickel","Francisco Ventura Aburto"
"156","EBUM2024:156","PreservedSpecimen",NA,NA,"EBUM Facultad de Biología, UMSNH","SPECIES","Michoacán de Ocampo","Estrada-L, E.","70","Lira-Saade, R.",NA,"EBUM2024",1,"Phlebodium aureum",NA,NA,"1981-12-03","change1: Standardized taxonRank to EN uppercase (Darwin Core). | change2: Set (0,0) to NA (Null Island placeholder). | epi_taxo: acceptedName(match1); authorship_epig(match1); genus_from_scientificName; family_WFO; order_majorGroup_WCVP [2026-03-11] | CoordinateCleaner QA applied without sea test (validity, equal, zeros, capitals, centroids, gbif, institutions) [2026-04-14] | No lifeForm information available or recoverable from text fields; lifeForm left as NA [2026-04-14]","standardized author names in recordedBy / standardized author names in identifiedBy","Rafael Lira Saade","Enrique Estrada L."
"157","EBUM2024:157","PreservedSpecimen",NA,NA,"EBUM Facultad de Biología, UMSNH","SPECIES","Michoacán de Ocampo","Rzedowski-Rotter, J.","43529","Thomas-Mickel, J.",NA,"EBUM2024",1,"Pleopeltis furfuracea",NA,NA,"1987-07-04","change1: Standardized taxonRank to EN uppercase (Darwin Core). | change2: Set (0,0) to NA (Null Island placeholder). | epi_taxo: acceptedName(match1); authorship_epig(match1); genus_from_scientificName; family_WFO; order_majorGroup_WCVP [2026-03-11] | CoordinateCleaner QA applied without sea test (validity, equal, zeros, capitals, centroids, gbif, institutions) [2026-04-14] | No lifeForm information available or recoverable from text fields; lifeForm left as NA [2026-04-14]","standardized author names in recordedBy / standardized author names in identifiedBy","John Thomas Mickel","Jerzy Rzedowski Rotter"
"158","EBUM2024:158","PreservedSpecimen",NA,NA,"EBUM Facultad de Biología, UMSNH","SPECIES","Michoacán de Ocampo","Ortega-Rodriguez, J.M.","37","Ortega-Rodriguez, J.M.",NA,"EBUM2024",3,"Hemionitis marantae",NA,NA,"1987-06-05","change1: Standardized taxonRank to EN uppercase (Darwin Core). | change2: Set (0,0) to NA (Null Island placeholder). | epi_taxo: acceptedName(match1); authorship_epig(match1); genus_from_scientificName; family_WFO; order_majorGroup_WCVP [2026-03-11] | CoordinateCleaner QA applied without sea test (validity, equal, zeros, capitals, centroids, gbif, institutions) [2026-04-14] | No lifeForm information available or recoverable from text fields; lifeForm left as NA [2026-04-14]","standardized author names in recordedBy / standardized author names in identifiedBy","Juan Manuel Ortega Rodríguez","Juan Manuel Ortega Rodríguez"
"159","EBUM2024:159","PreservedSpecimen",NA,NA,"EBUM Facultad de Biología, UMSNH","SPECIES","Michoacán de Ocampo","Mendiola-Ponce, N.","79","Mendiola-Ponce, N.",NA,"EBUM2024",1,"Laelia autumnalis",NA,NA,"2014-10-23","change1: Standardized taxonRank to EN uppercase (Darwin Core). | change2: Set (0,0) to NA (Null Island placeholder). | epi_taxo: acceptedName(match1); authorship_epig(match1); genus_from_scientificName; family_WFO; order_majorGroup_WCVP [2026-03-11] | CoordinateCleaner QA applied without sea test (validity, equal, zeros, capitals, centroids, gbif, institutions) [2026-04-14] | No lifeForm information available or recoverable from text fields; lifeForm left as NA [2026-04-14]","standardized author names in recordedBy / standardized author names in identifiedBy","Nallely Mendiola Ponce","Nallely Mendiola Ponce"
"160","EBUM2024:160","PreservedSpecimen",NA,NA,"EBUM Facultad de Biología, UMSNH","SPECIES","Michoacán de Ocampo","Ortega-Rodriguez, J.M.","154","Ortega-Rodriguez, J.M.",NA,"EBUM2024",1,"Pleopeltis macrocarpa",NA,NA,"1988-07-03","change1: Standardized taxonRank to EN uppercase (Darwin Core). | change2: Set (0,0) to NA (Null Island placeholder). | epi_taxo: acceptedName(match1); authorship_epig(match1); genus_from_scientificName; family_WFO; order_majorGroup_WCVP [2026-03-11] | CoordinateCleaner QA applied without sea test (validity, equal, zeros, capitals, centroids, gbif, institutions) [2026-04-14] | No lifeForm information available or recoverable from text fields; lifeForm left as NA [2026-04-14]","standardized author names in recordedBy / standardized author names in identifiedBy","Juan Manuel Ortega Rodríguez","Juan Manuel Ortega Rodríguez"
"161","EBUM2024:161","PreservedSpecimen",NA,NA,"EBUM Facultad de Biología, UMSNH","SPECIES","Michoacán de Ocampo","Ortega-Rodriguez, J.M.","149","Ortega-Rodriguez, J.M.",NA,"EBUM2024",3,"Pleopeltis bradeorum",NA,NA,"1988-07-03","change1: Standardized taxonRank to EN uppercase (Darwin Core). | change2: Set (0,0) to NA (Null Island placeholder). | epi_taxo: acceptedName(match1); authorship_epig(match1); genus_from_scientificName; family_WFO; order_majorGroup_WCVP [2026-03-11] | CoordinateCleaner QA applied without sea test (validity, equal, zeros, capitals, centroids, gbif, institutions) [2026-04-14] | No lifeForm information available or recoverable from text fields; lifeForm left as NA [2026-04-14]","standardized author names in recordedBy / standardized author names in identifiedBy","Juan Manuel Ortega Rodríguez","Juan Manuel Ortega Rodríguez"
"162","EBUM2024:162","PreservedSpecimen",NA,NA,"EBUM Facultad de Biología, UMSNH","SPECIES","Michoacán de Ocampo","Ortega-Rodriguez, J.M.","153","Ortega-Rodriguez, J.M.",NA,"EBUM2024",1,"Pleopeltis rosei",NA,NA,"1988-07-03","change1: Standardized taxonRank to EN uppercase (Darwin Core). | change2: Set (0,0) to NA (Null Island placeholder). | epi_taxo: acceptedName(match1); authorship_epig(match1); genus_from_scientificName; family_WFO; order_majorGroup_WCVP [2026-03-11] | CoordinateCleaner QA applied without sea test (validity, equal, zeros, capitals, centroids, gbif, institutions) [2026-04-14] | No lifeForm information available or recoverable from text fields; lifeForm left as NA [2026-04-14]","standardized author names in recordedBy / standardized author names in identifiedBy","Juan Manuel Ortega Rodríguez","Juan Manuel Ortega Rodríguez"
"163","EBUM2024:163","PreservedSpecimen",NA,NA,"EBUM Facultad de Biología, UMSNH","SPECIES","Michoacán de Ocampo","Torres, R. | Ramirez, M.","13093","Barriga-Vega, H.D.",NA,"EBUM2024",1,"Hemionitis albomarginata",NA,NA,"1989-09-17","change1: Standardized taxonRank to EN uppercase (Darwin Core). | change2: Set (0,0) to NA (Null Island placeholder). | epi_taxo: acceptedName(match1); authorship_epig(match1); genus_from_scientificName; family_WFO; order_majorGroup_WCVP [2026-03-11] | CoordinateCleaner QA applied without sea test (validity, equal, zeros, capitals, centroids, gbif, institutions) [2026-04-14] | No lifeForm information available or recoverable from text fields; lifeForm left as NA [2026-04-14]","standardized author names in recordedBy / standardized author names in identifiedBy","Horalia Díaz Barriga Vega","R. Torres; M. Ramírez"
"164","EBUM2024:164","PreservedSpecimen",NA,NA,"EBUM Facultad de Biología, UMSNH","SPECIES","Michoacán de Ocampo","Silva-Saenz, P.","1478","Medina-Garcia, C.",NA,"EBUM2024",1,"Asplenium praemorsum",NA,NA,"1995-09-16","change1: Standardized taxonRank to EN uppercase (Darwin Core). | change2: Set (0,0) to NA (Null Island placeholder). | epi_taxo: acceptedName(match1); authorship_epig(match1); genus_from_scientificName; family_WFO; order_majorGroup_WCVP [2026-03-11] | CoordinateCleaner QA applied without sea test (validity, equal, zeros, capitals, centroids, gbif, institutions) [2026-04-14] | No lifeForm information available or recoverable from text fields; lifeForm left as NA [2026-04-14]","standardized author names in recordedBy / standardized author names in identifiedBy","Consuelo Medina García","Patricia Silva Sáenz"
"165","EBUM2024:165","PreservedSpecimen",NA,NA,"EBUM Facultad de Biología, UMSNH","SPECIES","Michoacán de Ocampo","Ventura-Aburto, F.","5324","Arreguin-Sanchez, M.L.",NA,"EBUM2024",1,"Pecluma alfredii",NA,NA,"1972-04-28","change1: Standardized taxonRank to EN uppercase (Darwin Core). | change2: Set (0,0) to NA (Null Island placeholder). | epi_taxo: acceptedName(match1); authorship_epig(match1); genus_from_scientificName; family_WFO; order_majorGroup_WCVP [2026-03-11] | CoordinateCleaner QA applied without sea test (validity, equal, zeros, capitals, centroids, gbif, institutions) [2026-04-14] | No lifeForm information available or recoverable from text fields; lifeForm left as NA [2026-04-14]","standardized author names in recordedBy / standardized author names in identifiedBy","María de la Luz Arreguín Sánchez","Francisco Ventura Aburto"
"166","EBUM2024:166","PreservedSpecimen",NA,NA,"EBUM Facultad de Biología, UMSNH","SPECIES","Michoacán de Ocampo","Ventura-Aburto, F.","3825","Thomas-Mickel, J.",NA,"EBUM2024",1,"Campyloneurum amphostenon",NA,NA,"1971-07-08","change1: Standardized taxonRank to EN uppercase (Darwin Core). | change2: Set (0,0) to NA (Null Island placeholder). | epi_taxo: acceptedName(match1); authorship_epig(match1); genus_from_scientificName; family_WFO; order_majorGroup_WCVP [2026-03-11] | CoordinateCleaner QA applied without sea test (validity, equal, zeros, capitals, centroids, gbif, institutions) [2026-04-14] | No lifeForm information available or recoverable from text fields; lifeForm left as NA [2026-04-14]","standardized author names in recordedBy / standardized author names in identifiedBy","John Thomas Mickel","Francisco Ventura Aburto"
"167","EBUM2024:167","PreservedSpecimen",NA,NA,"EBUM Facultad de Biología, UMSNH","SPECIES","Michoacán de Ocampo","Ventura-Aburto, F.","7110","Thomas-Mickel, J.",NA,"EBUM2024",1,"Polypodium eatonii",NA,NA,"1972-10-11","change1: Standardized taxonRank to EN uppercase (Darwin Core). | change2: Set (0,0) to NA (Null Island placeholder). | epi_taxo: acceptedName(match1); authorship_epig(match1); genus_from_scientificName; family_WFO; order_majorGroup_WCVP [2026-03-11] | CoordinateCleaner QA applied without sea test (validity, equal, zeros, capitals, centroids, gbif, institutions) [2026-04-14] | No lifeForm information available or recoverable from text fields; lifeForm left as NA [2026-04-14]","standardized author names in recordedBy / standardized author names in identifiedBy","John Thomas Mickel","Francisco Ventura Aburto"
"168","EBUM2024:168","PreservedSpecimen",NA,NA,"EBUM Facultad de Biología, UMSNH","SPECIES","Michoacán de Ocampo","Thomas-Mickel, J.","4668","Thomas-Mickel, J.",NA,"EBUM2024",1,"Serpocaulon catharinae",NA,NA,"1971-12-09","change1: Standardized taxonRank to EN uppercase (Darwin Core). | change2: Set (0,0) to NA (Null Island placeholder). | epi_taxo: acceptedName(match1); authorship_epig(match1); genus_from_scientificName; family_WFO; order_majorGroup_WCVP [2026-03-11] | CoordinateCleaner QA applied without sea test (validity, equal, zeros, capitals, centroids, gbif, institutions) [2026-04-14] | No lifeForm information available or recoverable from text fields; lifeForm left as NA [2026-04-14]","standardized author names in recordedBy / standardized author names in identifiedBy","John Thomas Mickel","John Thomas Mickel"
"169","EBUM2024:169","PreservedSpecimen",NA,NA,"EBUM Facultad de Biología, UMSNH","SPECIES","Michoacán de Ocampo","Martinez-Marquez, J.S.","1790","Barriga-Vega, H.D.",NA,"EBUM2024",1,"Pleopeltis remota",NA,NA,"1986-10-18","change1: Standardized taxonRank to EN uppercase (Darwin Core). | change2: Set (0,0) to NA (Null Island placeholder). | epi_taxo: acceptedName(match1); authorship_epig(match1); genus_from_scientificName; family_WFO; order_majorGroup_WCVP [2026-03-11] | CoordinateCleaner QA applied without sea test (validity, equal, zeros, capitals, centroids, gbif, institutions) [2026-04-14] | No lifeForm information available or recoverable from text fields; lifeForm left as NA [2026-04-14]","standardized author names in recordedBy / standardized author names in identifiedBy","Horalia Díaz Barriga Vega","José Santos Martínez Márquez"
"170","EBUM2024:170","PreservedSpecimen",NA,NA,"EBUM Facultad de Biología, UMSNH","GENUS","Michoacán de Ocampo","Silva-Saenz, P.","","Barriga-Vega, H.D.",NA,"EBUM2024",NA,"",NA,NA,"1996-11-22","change1: Trimmed whitespace in verbatimScientificName (and standardized blanks to NA) | change2: Standardized taxonRank to EN uppercase (Darwin Core). | change3: Cleared scientificName for supra-specific rank (GENUS/SUBGENUS/SECTION/FAMILY/…). | change4: Set (0,0) to NA (Null Island placeholder). | epi_taxo: acceptedName(match1); authorship_epig(match1); genus_from_scientificName; family_WFO; order_majorGroup_WCVP [2026-03-11] | CoordinateCleaner QA applied without sea test (validity, equal, zeros, capitals, centroids, gbif, institutions) [2026-04-14] | No lifeForm information available or recoverable from text fields; lifeForm left as NA [2026-04-14]","standardized author names in recordedBy / standardized author names in identifiedBy","Horalia Díaz Barriga Vega","Patricia Silva Sáenz"
"171","EBUM2024:171","PreservedSpecimen",NA,NA,"EBUM Facultad de Biología, UMSNH","SPECIES","Michoacán de Ocampo","Garcia-Lopez, E. | Perez-Calix, E.","3261","Barriga-Vega, H.D.",NA,"EBUM2024",1,"Elaphoglossum tenuiculum",NA,NA,"1990-09-07","change1: Standardized taxonRank to EN uppercase (Darwin Core). | change2: Set (0,0) to NA (Null Island placeholder). | epi_taxo: acceptedName(match1); authorship_epig(match1); genus_from_scientificName; family_WFO; order_majorGroup_WCVP [2026-03-11] | CoordinateCleaner QA applied without sea test (validity, equal, zeros, capitals, centroids, gbif, institutions) [2026-04-14] | No lifeForm information available or recoverable from text fields; lifeForm left as NA [2026-04-14]","standardized author names in recordedBy / standardized author names in identifiedBy","Horalia Díaz Barriga Vega","Eustolia García López; Emmanuel Pérez Calix"
"172","EBUM2024:172","PreservedSpecimen",NA,NA,"EBUM Facultad de Biología, UMSNH","SPECIES","Michoacán de Ocampo","Garcia-Lopez, E. | Perez-Calix, E.","3210","Barriga-Vega, H.D.",NA,"EBUM2024",1,"Pleopeltis polylepis",NA,NA,"1990-09-06","change1: Standardized taxonRank to EN uppercase (Darwin Core). | change2: Set (0,0) to NA (Null Island placeholder). | epi_taxo: acceptedName(match1); authorship_epig(match1); genus_from_scientificName; family_WFO; order_majorGroup_WCVP [2026-03-11] | CoordinateCleaner QA applied without sea test (validity, equal, zeros, capitals, centroids, gbif, institutions) [2026-04-14] | No lifeForm information available or recoverable from text fields; lifeForm left as NA [2026-04-14]","standardized author names in recordedBy / standardized author names in identifiedBy","Horalia Díaz Barriga Vega","Eustolia García López; Emmanuel Pérez Calix"
"173","EBUM2024:173","PreservedSpecimen",NA,NA,"EBUM Facultad de Biología, UMSNH","SPECIES","Michoacán de Ocampo","Garcia-Lopez, E. | Perez-Calix, E.","2777","Barriga-Vega, H.D.",NA,"EBUM2024",1,"Pleopeltis polylepis",NA,NA,"1990-06-28","change1: Standardized taxonRank to EN uppercase (Darwin Core). | change2: Set (0,0) to NA (Null Island placeholder). | epi_taxo: acceptedName(match1); authorship_epig(match1); genus_from_scientificName; family_WFO; order_majorGroup_WCVP [2026-03-11] | CoordinateCleaner QA applied without sea test (validity, equal, zeros, capitals, centroids, gbif, institutions) [2026-04-14] | No lifeForm information available or recoverable from text fields; lifeForm left as NA [2026-04-14]","standardized author names in recordedBy / standardized author names in identifiedBy","Horalia Díaz Barriga Vega","Eustolia García López; Emmanuel Pérez Calix"
"174","EBUM2024:174","PreservedSpecimen",NA,NA,"EBUM Facultad de Biología, UMSNH","SPECIES","Michoacán de Ocampo","Garcia-Lopez, E. | Perez-Calix, E.","3262","Barriga-Vega, H.D.",NA,"EBUM2024",1,"Phlebodium areolatum",NA,NA,"1990-09-07","change1: Standardized taxonRank to EN uppercase (Darwin Core). | change2: Set (0,0) to NA (Null Island placeholder). | epi_taxo: acceptedName(match1); authorship_epig(match1); genus_from_scientificName; family_WFO; order_majorGroup_WCVP [2026-03-11] | CoordinateCleaner QA applied without sea test (validity, equal, zeros, capitals, centroids, gbif, institutions) [2026-04-14] | No lifeForm information available or recoverable from text fields; lifeForm left as NA [2026-04-14]","standardized author names in recordedBy / standardized author names in identifiedBy","Horalia Díaz Barriga Vega","Eustolia García López; Emmanuel Pérez Calix"
"175","EBUM2024:175","PreservedSpecimen",NA,NA,"EBUM Facultad de Biología, UMSNH","SPECIES","Michoacán de Ocampo","Garcia-Lopez, E. | Perez-Calix, E.","2950","Thomas-Mickel, J.",NA,"EBUM2024",1,"Phlebodium areolatum",NA,NA,"1990-08-03","change1: Standardized taxonRank to EN uppercase (Darwin Core). | change2: Set (0,0) to NA (Null Island placeholder). | epi_taxo: acceptedName(match1); authorship_epig(match1); genus_from_scientificName; family_WFO; order_majorGroup_WCVP [2026-03-11] | CoordinateCleaner QA applied without sea test (validity, equal, zeros, capitals, centroids, gbif, institutions) [2026-04-14] | No lifeForm information available or recoverable from text fields; lifeForm left as NA [2026-04-14]","standardized author names in recordedBy / standardized author names in identifiedBy","John Thomas Mickel","Eustolia García López; Emmanuel Pérez Calix"
"176","EBUM2024:176","PreservedSpecimen",NA,NA,"EBUM Facultad de Biología, UMSNH","SPECIES","Michoacán de Ocampo","Hernandez-Valdovinos, K.C.","291","Hernandez-Valdovinos, K.C.",NA,"EBUM2024",0,"",19.60166667,-101.60722222,"2019-08-01","change1: Standardized taxonRank to EN uppercase (Darwin Core). | change2: Filled coordinateUncertaintyInMeters from decimal-place precision (conservative). | epi_taxo: acceptedName(match1); authorship_epig(match1); genus_from_scientificName; family_WFO; order_majorGroup_WCVP [2026-03-11] | CoordinateCleaner QA applied without sea test (validity, equal, zeros, capitals, centroids, gbif, institutions) [2026-04-14] | No lifeForm information available or recoverable from text fields; lifeForm left as NA [2026-04-14]","standardized author names in recordedBy / standardized author names in identifiedBy","Karen Cinthya Hernández-Valdovinos","Karen Cinthya Hernández Valdovinos"
"177","EBUM2024:177","PreservedSpecimen",NA,NA,"EBUM Facultad de Biología, UMSNH","SPECIES","Michoacán de Ocampo","Madrigal-Sanchez, X. | Hernandez-Valencia, F.","5274","Madrigal-Sanchez, X.",NA,"EBUM2024",1,"Pitcairnia heterophylla",19.58027778,-101.07805556,"2015-12-12","change1: Standardized taxonRank to EN uppercase (Darwin Core). | change2: Filled coordinateUncertaintyInMeters from decimal-place precision (conservative). | epi_taxo: acceptedName(match1); authorship_epig(match1); genus_from_scientificName; family_WFO; order_majorGroup_WCVP [2026-03-11] | CoordinateCleaner QA applied without sea test (validity, equal, zeros, capitals, centroids, gbif, institutions) [2026-04-14] | No lifeForm information available or recoverable from text fields; lifeForm left as NA [2026-04-14]","standardized author names in recordedBy / standardized author names in identifiedBy","Xavier Madrigal Sánchez","Xavier Madrigal Sánchez; Federico Hernández Valencia"
"178","EBUM2024:178","PreservedSpecimen",NA,NA,"EBUM Facultad de Biología, UMSNH","SPECIES","Michoacán de Ocampo","Madrigal-Sanchez, X.","3573","Madrigal-Sanchez, X.",NA,"EBUM2024",1,"Tillandsia recurvata",19.68111111,-101.1575,"1983-05-07","change1: Trimmed whitespace in verbatimScientificName (and standardized blanks to NA) | change2: Standardized taxonRank to EN uppercase (Darwin Core). | change3: Corrected longitude sign for Western Hemisphere (made negative). | change4: Filled coordinateUncertaintyInMeters from decimal-place precision (conservative). | epi_taxo: acceptedName(match1); authorship_epig(match1); genus_from_scientificName; family_WFO; order_majorGroup_WCVP [2026-03-11] | CoordinateCleaner QA applied without sea test (validity, equal, zeros, capitals, centroids, gbif, institutions) [2026-04-14] | No lifeForm information available or recoverable from text fields; lifeForm left as NA [2026-04-14]","standardized author names in recordedBy / standardized author names in identifiedBy","Xavier Madrigal Sánchez","Xavier Madrigal Sánchez"
"179","EBUM2024:179","PreservedSpecimen",NA,NA,"EBUM Facultad de Biología, UMSNH","SPECIES","Michoacán de Ocampo","Arreguin-Sanchez, M.L.","700","Arreguin-Sanchez, M.L.",NA,"EBUM2024",1,"Trichomanes radicans",NA,NA,"1976-02-23","change1: Standardized taxonRank to EN uppercase (Darwin Core). | epi_taxo: acceptedName(match1); authorship_epig(match1); genus_from_scientificName; family_WFO; order_majorGroup_WCVP [2026-03-11] | CoordinateCleaner QA applied without sea test (validity, equal, zeros, capitals, centroids, gbif, institutions) [2026-04-14] | No lifeForm information available or recoverable from text fields; lifeForm left as NA [2026-04-14]","standardized author names in recordedBy / standardized author names in identifiedBy","María de la Luz Arreguín Sánchez","María de la Luz Arreguín Sánchez"
"180","EBUM2024:180","PreservedSpecimen",NA,NA,"EBUM Facultad de Biología, UMSNH","SPECIES","Michoacán de Ocampo","Silva-Saenz, P.","1471","Silva-Saenz, P.",NA,"EBUM2024",1,"Adiantum andicola",NA,NA,"1995-09-16","change1: Standardized taxonRank to EN uppercase (Darwin Core). | epi_taxo: acceptedName(match1); authorship_epig(match1); genus_from_scientificName; family_WFO; order_majorGroup_WCVP [2026-03-11] | CoordinateCleaner QA applied without sea test (validity, equal, zeros, capitals, centroids, gbif, institutions) [2026-04-14] | No lifeForm information available or recoverable from text fields; lifeForm left as NA [2026-04-14]","standardized author names in recordedBy / standardized author names in identifiedBy","Patricia Silva Sáenz","Patricia Silva Sáenz"
"181","EBUM2024:181","PreservedSpecimen",NA,NA,"EBUM Facultad de Biología, UMSNH","SPECIES","Michoacán de Ocampo","Silva-Saenz, P.","1294","Silva-Saenz, P.",NA,"EBUM2024",1,"Adiantum andicola",NA,NA,"","change1: Standardized taxonRank to EN uppercase (Darwin Core). | epi_taxo: acceptedName(match1); authorship_epig(match1); genus_from_scientificName; family_WFO; order_majorGroup_WCVP [2026-03-11] | CoordinateCleaner QA applied without sea test (validity, equal, zeros, capitals, centroids, gbif, institutions) [2026-04-14] | No lifeForm information available or recoverable from text fields; lifeForm left as NA [2026-04-14]","standardized author names in recordedBy / standardized author names in identifiedBy","Patricia Silva Sáenz","Patricia Silva Sáenz"
"182","EBUM2024:182","PreservedSpecimen",NA,NA,"EBUM Facultad de Biología, UMSNH","SPECIES","Michoacán de Ocampo","Silva-Saenz, P.","1398","Silva-Saenz, P.",NA,"EBUM2024",1,"Adiantum andicola",NA,NA,"1995-06-03","change1: Standardized taxonRank to EN uppercase (Darwin Core). | epi_taxo: acceptedName(match1); authorship_epig(match1); genus_from_scientificName; family_WFO; order_majorGroup_WCVP [2026-03-11] | CoordinateCleaner QA applied without sea test (validity, equal, zeros, capitals, centroids, gbif, institutions) [2026-04-14] | No lifeForm information available or recoverable from text fields; lifeForm left as NA [2026-04-14]","standardized author names in recordedBy / standardized author names in identifiedBy","Patricia Silva Sáenz","Patricia Silva Sáenz"
"183","EBUM2024:183","PreservedSpecimen",NA,NA,"EBUM Facultad de Biología, UMSNH","SPECIES","Michoacán de Ocampo","Silva-Saenz, P.","1605","Silva-Saenz, P.",NA,"EBUM2024",3,"Asplenium rutifolium",NA,NA,"1996-02-04","change1: Standardized taxonRank to EN uppercase (Darwin Core). | epi_taxo: acceptedName(match1); authorship_epig(match1); genus_from_scientificName; family_WFO; order_majorGroup_WCVP [2026-03-11] | CoordinateCleaner QA applied without sea test (validity, equal, zeros, capitals, centroids, gbif, institutions) [2026-04-14] | No lifeForm information available or recoverable from text fields; lifeForm left as NA [2026-04-14]","standardized author names in recordedBy / standardized author names in identifiedBy","Patricia Silva Sáenz","Patricia Silva Sáenz"
"184","EBUM2024:184","PreservedSpecimen",NA,NA,"EBUM Facultad de Biología, UMSNH","SPECIES","Michoacán de Ocampo","Medina-Garcia, C.","1129","Medina-Garcia, C.",NA,"EBUM2024",0,"",NA,NA,"1988-06-26","change1: Standardized taxonRank to EN uppercase (Darwin Core). | epi_taxo: acceptedName(match1); authorship_epig(match1); genus_from_scientificName; family_WFO; order_majorGroup_WCVP [2026-03-11] | CoordinateCleaner QA applied without sea test (validity, equal, zeros, capitals, centroids, gbif, institutions) [2026-04-14] | No lifeForm information available or recoverable from text fields; lifeForm left as NA [2026-04-14]","standardized author names in recordedBy / standardized author names in identifiedBy","Consuelo Medina García","Consuelo Medina García"
"185","EBUM2024:185","PreservedSpecimen",NA,NA,"EBUM Facultad de Biología, UMSNH","SPECIES","Michoacán de Ocampo","Rivas-Hernandez, A.","659","Rivas-Hernandez, A.",NA,"EBUM2024",3,"Phoradendron undulatum",NA,NA,"1979-11-01","change1: Standardized taxonRank to EN uppercase (Darwin Core). | epi_taxo: acceptedName(match1); authorship_epig(match1); genus_from_scientificName; family_WFO; order_majorGroup_WCVP [2026-03-11] | CoordinateCleaner QA applied without sea test (validity, equal, zeros, capitals, centroids, gbif, institutions) [2026-04-14] | No lifeForm information available or recoverable from text fields; lifeForm left as NA [2026-04-14]","standardized author names in recordedBy / standardized author names in identifiedBy","Armando Rivas Hernández","Armando Rivas Hernández"
"186","EBUM2024:186","PreservedSpecimen",NA,NA,"EBUM Facultad de Biología, UMSNH","SPECIES","Michoacán de Ocampo","Perez-Calix, E. | Garcia-Lopez, E.","1877","Perez-Calix, E. | Garcia-Lopez, E.",NA,"EBUM2024",3,"Phoradendron undulatum",NA,NA,"1990-10-31","change1: Standardized taxonRank to EN uppercase (Darwin Core). | epi_taxo: acceptedName(match1); authorship_epig(match1); genus_from_scientificName; family_WFO; order_majorGroup_WCVP [2026-03-11] | CoordinateCleaner QA applied without sea test (validity, equal, zeros, capitals, centroids, gbif, institutions) [2026-04-14] | No lifeForm information available or recoverable from text fields; lifeForm left as NA [2026-04-14]","standardized author names in recordedBy / standardized author names in identifiedBy","Emanuel Pérez Calix; Eustolia García López","Emanuel Pérez Calix; Eustolia García López"
"187","EBUM2024:187","PreservedSpecimen",NA,NA,"EBUM Facultad de Biología, UMSNH","SPECIES","Michoacán de Ocampo","Guadalupe-Gonzalez, M.","657","Guadalupe-Gonzalez, M.",NA,"EBUM2024",0,"",NA,NA,"1980-12-13","change1: Standardized taxonRank to EN uppercase (Darwin Core). | epi_taxo: acceptedName(match1); authorship_epig(match1); genus_from_scientificName; family_WFO; order_majorGroup_WCVP [2026-03-11] | CoordinateCleaner QA applied without sea test (validity, equal, zeros, capitals, centroids, gbif, institutions) [2026-04-14] | No lifeForm information available or recoverable from text fields; lifeForm left as NA [2026-04-14]","standardized author names in recordedBy / standardized author names in identifiedBy","María Guadalupe González","María Guadalupe González"
"188","EBUM2024:188","PreservedSpecimen",NA,NA,"EBUM Facultad de Biología, UMSNH","SPECIES","Michoacán de Ocampo","Suarez-Soria, L.N.","247","Suarez-Soria, L.N.",NA,"EBUM2024",3,"Phegopteris cruciata",NA,NA,"2011-09-17","change1: Trimmed whitespace in verbatimScientificName (and standardized blanks to NA) | change2: Standardized taxonRank to EN uppercase (Darwin Core). | epi_taxo: acceptedName(match1); authorship_epig(match1); genus_from_scientificName; family_WFO; order_majorGroup_WCVP [2026-03-11] | CoordinateCleaner QA applied without sea test (validity, equal, zeros, capitals, centroids, gbif, institutions) [2026-04-14] | No lifeForm information available or recoverable from text fields; lifeForm left as NA [2026-04-14]","standardized author names in recordedBy / standardized author names in identifiedBy","Laura Nicolasa Suárez Soria","Laura Nicolasa Suárez Soria"
