"","occurrenceID","basisOfRecord","typeStatus","associatedReferences","institutionCode","taxonRank","collectionCode","recordedBy","recordNumber","identifiedBy","lifeForm","datasetID","matchCodeEpig","matchedNameEpig","decimalLatitude","decimalLongitude","eventDate","changes","discardReason","verbatimidentifiedBy","verbatimrecordedBy"
"1","gerber_jp_2025_001","HumanObservation",NA,NA,NA,"SPECIES",NA,"Gerber, J.P.","E_01","Gerber, J.P.","E","gerber_jp_2025",1,"Peperomia heterophylla",5.50415,-75.8519,"2025-05-21","change1: Filled coordinateUncertaintyInMeters from decimal-place precision (conservative). | epi_taxo: acceptedName(match1); authorship_epig(match1); genus_from_scientificName; family_WFO; order_majorGroup_WCVP [2026-03-11] | CoordinateCleaner QA applied without sea test (validity, equal, zeros, capitals, centroids, gbif, institutions) [2026-04-14]","standardized author name in recordedBy / standardized author name in identifiedBy","Gerber, Jan Philipp","Gerber, Jan Philipp"
"2","gerber_jp_2025_002","HumanObservation",NA,NA,NA,"SPECIES",NA,"Gerber, J.P.","E_04","Gerber, J.P.","E","gerber_jp_2025",1,"Columnea purpurata",5.50415,-75.8519,"2025-05-21","change1: Filled coordinateUncertaintyInMeters from decimal-place precision (conservative). | epi_taxo: acceptedName(match1); authorship_epig(match1); genus_from_scientificName; family_WFO; order_majorGroup_WCVP [2026-03-11] | CoordinateCleaner QA applied without sea test (validity, equal, zeros, capitals, centroids, gbif, institutions) [2026-04-14]","standardized author name in recordedBy / standardized author name in identifiedBy","Gerber, Jan Philipp","Gerber, Jan Philipp"
"3","gerber_jp_2025_003","HumanObservation",NA,NA,NA,"SPECIES",NA,"Gerber, J.P.","E_06","Gerber, J.P.","E","gerber_jp_2025",1,"Guzmania triangularis",5.50415,-75.8519,"2025-05-21","change1: Filled coordinateUncertaintyInMeters from decimal-place precision (conservative). | epi_taxo: acceptedName(match1); authorship_epig(match1); genus_from_scientificName; family_WFO; order_majorGroup_WCVP [2026-03-11] | CoordinateCleaner QA applied without sea test (validity, equal, zeros, capitals, centroids, gbif, institutions) [2026-04-14]","standardized author name in recordedBy / standardized author name in identifiedBy","Gerber, Jan Philipp","Gerber, Jan Philipp"
"4","gerber_jp_2025_004","HumanObservation",NA,NA,NA,"SPECIES",NA,"Gerber, J.P.","E_08","Gerber, J.P.","E","gerber_jp_2025",1,"Peperomia heterophylla",5.50415,-75.8519,"2025-05-21","change1: Filled coordinateUncertaintyInMeters from decimal-place precision (conservative). | epi_taxo: acceptedName(match1); authorship_epig(match1); genus_from_scientificName; family_WFO; order_majorGroup_WCVP [2026-03-11] | CoordinateCleaner QA applied without sea test (validity, equal, zeros, capitals, centroids, gbif, institutions) [2026-04-14]","standardized author name in recordedBy / standardized author name in identifiedBy","Gerber, Jan Philipp","Gerber, Jan Philipp"
"5","gerber_jp_2025_005","HumanObservation",NA,NA,NA,"SPECIES",NA,"Gerber, J.P.","E_09","Gerber, J.P.","E","gerber_jp_2025",1,"Peperomia heterophylla",5.50415,-75.8519,"2025-05-21","change1: Filled coordinateUncertaintyInMeters from decimal-place precision (conservative). | epi_taxo: acceptedName(match1); authorship_epig(match1); genus_from_scientificName; family_WFO; order_majorGroup_WCVP [2026-03-11] | CoordinateCleaner QA applied without sea test (validity, equal, zeros, capitals, centroids, gbif, institutions) [2026-04-14]","standardized author name in recordedBy / standardized author name in identifiedBy","Gerber, Jan Philipp","Gerber, Jan Philipp"
"6","gerber_jp_2025_006","HumanObservation",NA,NA,NA,"SPECIES",NA,"Gerber, J.P.","E_10","Gerber, J.P.","E","gerber_jp_2025",1,"Peperomia heterophylla",5.50415,-75.8519,"2025-05-21","change1: Filled coordinateUncertaintyInMeters from decimal-place precision (conservative). | epi_taxo: acceptedName(match1); authorship_epig(match1); genus_from_scientificName; family_WFO; order_majorGroup_WCVP [2026-03-11] | CoordinateCleaner QA applied without sea test (validity, equal, zeros, capitals, centroids, gbif, institutions) [2026-04-14]","standardized author name in recordedBy / standardized author name in identifiedBy","Gerber, Jan Philipp","Gerber, Jan Philipp"
"7","gerber_jp_2025_007","HumanObservation",NA,NA,NA,"SPECIES",NA,"Gerber, J.P.","E_12","Gerber, J.P.","E","gerber_jp_2025",1,"Guzmania triangularis",5.50415,-75.8519,"2025-05-21","change1: Filled coordinateUncertaintyInMeters from decimal-place precision (conservative). | epi_taxo: acceptedName(match1); authorship_epig(match1); genus_from_scientificName; family_WFO; order_majorGroup_WCVP [2026-03-11] | CoordinateCleaner QA applied without sea test (validity, equal, zeros, capitals, centroids, gbif, institutions) [2026-04-14]","standardized author name in recordedBy / standardized author name in identifiedBy","Gerber, Jan Philipp","Gerber, Jan Philipp"
"8","gerber_jp_2025_008","HumanObservation",NA,NA,NA,"",NA,"Gerber, J.P.","E_21","Gerber, J.P.","E","gerber_jp_2025",NA,"",5.50415,-75.8519,"2025-05-21","change1: Filled coordinateUncertaintyInMeters from decimal-place precision (conservative). | epi_taxo: acceptedName(match1); authorship_epig(match1); genus_from_scientificName; family_WFO; order_majorGroup_WCVP [2026-03-11] | CoordinateCleaner QA applied without sea test (validity, equal, zeros, capitals, centroids, gbif, institutions) [2026-04-14]","standardized author name in recordedBy / standardized author name in identifiedBy","Gerber, Jan Philipp","Gerber, Jan Philipp"
"9","gerber_jp_2025_009","HumanObservation",NA,NA,NA,"SPECIES",NA,"Gerber, J.P.","E_22","Gerber, J.P.","E","gerber_jp_2025",1,"Guzmania triangularis",5.50415,-75.8519,"2025-05-21","change1: Filled coordinateUncertaintyInMeters from decimal-place precision (conservative). | epi_taxo: acceptedName(match1); authorship_epig(match1); genus_from_scientificName; family_WFO; order_majorGroup_WCVP [2026-03-11] | CoordinateCleaner QA applied without sea test (validity, equal, zeros, capitals, centroids, gbif, institutions) [2026-04-14]","standardized author name in recordedBy / standardized author name in identifiedBy","Gerber, Jan Philipp","Gerber, Jan Philipp"
"10","gerber_jp_2025_010","HumanObservation",NA,NA,NA,"SPECIES",NA,"Gerber, J.P.","E_23","Gerber, J.P.","E","gerber_jp_2025",1,"Peperomia heterophylla",5.50415,-75.8519,"2025-05-21","change1: Filled coordinateUncertaintyInMeters from decimal-place precision (conservative). | epi_taxo: acceptedName(match1); authorship_epig(match1); genus_from_scientificName; family_WFO; order_majorGroup_WCVP [2026-03-11] | CoordinateCleaner QA applied without sea test (validity, equal, zeros, capitals, centroids, gbif, institutions) [2026-04-14]","standardized author name in recordedBy / standardized author name in identifiedBy","Gerber, Jan Philipp","Gerber, Jan Philipp"
"11","gerber_jp_2025_011","HumanObservation",NA,NA,NA,"SPECIES",NA,"Gerber, J.P.","E_24","Gerber, J.P.","E","gerber_jp_2025",1,"Guzmania triangularis",5.50415,-75.8519,"2025-05-21","change1: Filled coordinateUncertaintyInMeters from decimal-place precision (conservative). | epi_taxo: acceptedName(match1); authorship_epig(match1); genus_from_scientificName; family_WFO; order_majorGroup_WCVP [2026-03-11] | CoordinateCleaner QA applied without sea test (validity, equal, zeros, capitals, centroids, gbif, institutions) [2026-04-14]","standardized author name in recordedBy / standardized author name in identifiedBy","Gerber, Jan Philipp","Gerber, Jan Philipp"
"12","gerber_jp_2025_012","HumanObservation",NA,NA,NA,"SPECIES",NA,"Gerber, J.P.","E_25","Gerber, J.P.","E","gerber_jp_2025",1,"Peperomia heterophylla",5.50415,-75.8519,"2025-05-21","change1: Filled coordinateUncertaintyInMeters from decimal-place precision (conservative). | epi_taxo: acceptedName(match1); authorship_epig(match1); genus_from_scientificName; family_WFO; order_majorGroup_WCVP [2026-03-11] | CoordinateCleaner QA applied without sea test (validity, equal, zeros, capitals, centroids, gbif, institutions) [2026-04-14]","standardized author name in recordedBy / standardized author name in identifiedBy","Gerber, Jan Philipp","Gerber, Jan Philipp"
"13","gerber_jp_2025_013","HumanObservation",NA,NA,NA,"SPECIES",NA,"Gerber, J.P.","E_26","Gerber, J.P.","E","gerber_jp_2025",1,"Columnea purpurata",5.50415,-75.8519,"2025-05-21","change1: Filled coordinateUncertaintyInMeters from decimal-place precision (conservative). | epi_taxo: acceptedName(match1); authorship_epig(match1); genus_from_scientificName; family_WFO; order_majorGroup_WCVP [2026-03-11] | CoordinateCleaner QA applied without sea test (validity, equal, zeros, capitals, centroids, gbif, institutions) [2026-04-14]","standardized author name in recordedBy / standardized author name in identifiedBy","Gerber, Jan Philipp","Gerber, Jan Philipp"
"14","gerber_jp_2025_014","HumanObservation",NA,NA,NA,"SPECIES",NA,"Gerber, J.P.","E_31","Gerber, J.P.","E","gerber_jp_2025",1,"Pleurothallis anthrax",5.50415,-75.8519,"2025-05-21","change1: Filled coordinateUncertaintyInMeters from decimal-place precision (conservative). | epi_taxo: acceptedName(match1); authorship_epig(match1); genus_from_scientificName; family_WFO; order_majorGroup_WCVP [2026-03-11] | CoordinateCleaner QA applied without sea test (validity, equal, zeros, capitals, centroids, gbif, institutions) [2026-04-14]","standardized author name in recordedBy / standardized author name in identifiedBy","Gerber, Jan Philipp","Gerber, Jan Philipp"
"15","gerber_jp_2025_015","HumanObservation",NA,NA,NA,"SPECIES",NA,"Gerber, J.P.","E_34","Gerber, J.P.","E","gerber_jp_2025",1,"Andinia nummularia",5.5038,-75.85258,"2025-05-21","change1: Filled coordinateUncertaintyInMeters from decimal-place precision (conservative). | epi_taxo: acceptedName(match1); authorship_epig(match1); genus_from_scientificName; family_WFO; order_majorGroup_WCVP [2026-03-11] | CoordinateCleaner QA applied without sea test (validity, equal, zeros, capitals, centroids, gbif, institutions) [2026-04-14]","standardized author name in recordedBy / standardized author name in identifiedBy","Gerber, Jan Philipp","Gerber, Jan Philipp"
"16","gerber_jp_2025_016","HumanObservation",NA,NA,NA,"SPECIES",NA,"Gerber, J.P.","E_40","Gerber, J.P.","E","gerber_jp_2025",1,"Guzmania triangularis",5.5038,-75.85258,"2025-05-21","change1: Filled coordinateUncertaintyInMeters from decimal-place precision (conservative). | epi_taxo: acceptedName(match1); authorship_epig(match1); genus_from_scientificName; family_WFO; order_majorGroup_WCVP [2026-03-11] | CoordinateCleaner QA applied without sea test (validity, equal, zeros, capitals, centroids, gbif, institutions) [2026-04-14]","standardized author name in recordedBy / standardized author name in identifiedBy","Gerber, Jan Philipp","Gerber, Jan Philipp"
"17","gerber_jp_2025_017","HumanObservation",NA,NA,NA,"SPECIES",NA,"Gerber, J.P.","E_41","Gerber, J.P.","E","gerber_jp_2025",1,"Peperomia heterophylla",5.5038,-75.85258,"2025-05-21","change1: Filled coordinateUncertaintyInMeters from decimal-place precision (conservative). | epi_taxo: acceptedName(match1); authorship_epig(match1); genus_from_scientificName; family_WFO; order_majorGroup_WCVP [2026-03-11] | CoordinateCleaner QA applied without sea test (validity, equal, zeros, capitals, centroids, gbif, institutions) [2026-04-14]","standardized author name in recordedBy / standardized author name in identifiedBy","Gerber, Jan Philipp","Gerber, Jan Philipp"
"18","gerber_jp_2025_018","HumanObservation",NA,NA,NA,"SPECIES",NA,"Gerber, J.P.","E_47","Gerber, J.P.","E","gerber_jp_2025",1,"Guzmania triangularis",5.5038,-75.85258,"2025-05-21","change1: Filled coordinateUncertaintyInMeters from decimal-place precision (conservative). | epi_taxo: acceptedName(match1); authorship_epig(match1); genus_from_scientificName; family_WFO; order_majorGroup_WCVP [2026-03-11] | CoordinateCleaner QA applied without sea test (validity, equal, zeros, capitals, centroids, gbif, institutions) [2026-04-14]","standardized author name in recordedBy / standardized author name in identifiedBy","Gerber, Jan Philipp","Gerber, Jan Philipp"
"19","gerber_jp_2025_019","HumanObservation",NA,NA,NA,"SPECIES",NA,"Gerber, J.P.","E_53","Gerber, J.P.","E","gerber_jp_2025",1,"Peperomia heterophylla",5.5038,-75.85258,"2025-05-21","change1: Filled coordinateUncertaintyInMeters from decimal-place precision (conservative). | epi_taxo: acceptedName(match1); authorship_epig(match1); genus_from_scientificName; family_WFO; order_majorGroup_WCVP [2026-03-11] | CoordinateCleaner QA applied without sea test (validity, equal, zeros, capitals, centroids, gbif, institutions) [2026-04-14]","standardized author name in recordedBy / standardized author name in identifiedBy","Gerber, Jan Philipp","Gerber, Jan Philipp"
"20","gerber_jp_2025_020","HumanObservation",NA,NA,NA,"SPECIES",NA,"Gerber, J.P.","E_54","Gerber, J.P.","E","gerber_jp_2025",1,"Peperomia heterophylla",5.5038,-75.85258,"2025-05-21","change1: Filled coordinateUncertaintyInMeters from decimal-place precision (conservative). | epi_taxo: acceptedName(match1); authorship_epig(match1); genus_from_scientificName; family_WFO; order_majorGroup_WCVP [2026-03-11] | CoordinateCleaner QA applied without sea test (validity, equal, zeros, capitals, centroids, gbif, institutions) [2026-04-14]","standardized author name in recordedBy / standardized author name in identifiedBy","Gerber, Jan Philipp","Gerber, Jan Philipp"
"21","gerber_jp_2025_021","HumanObservation",NA,NA,NA,"SPECIES",NA,"Gerber, J.P.","E_55","Gerber, J.P.","E","gerber_jp_2025",1,"Guzmania triangularis",5.5038,-75.85258,"2025-05-21","change1: Filled coordinateUncertaintyInMeters from decimal-place precision (conservative). | epi_taxo: acceptedName(match1); authorship_epig(match1); genus_from_scientificName; family_WFO; order_majorGroup_WCVP [2026-03-11] | CoordinateCleaner QA applied without sea test (validity, equal, zeros, capitals, centroids, gbif, institutions) [2026-04-14]","standardized author name in recordedBy / standardized author name in identifiedBy","Gerber, Jan Philipp","Gerber, Jan Philipp"
"22","gerber_jp_2025_022","HumanObservation",NA,NA,NA,"SPECIES",NA,"Gerber, J.P.","E_56","Gerber, J.P.","E","gerber_jp_2025",1,"Racinaea tetrantha",5.5038,-75.85258,"2025-05-21","change1: Filled coordinateUncertaintyInMeters from decimal-place precision (conservative). | epi_taxo: acceptedName(match1); authorship_epig(match1); genus_from_scientificName; family_WFO; order_majorGroup_WCVP [2026-03-11] | CoordinateCleaner QA applied without sea test (validity, equal, zeros, capitals, centroids, gbif, institutions) [2026-04-14]","standardized author name in recordedBy / standardized author name in identifiedBy","Gerber, Jan Philipp","Gerber, Jan Philipp"
"23","gerber_jp_2025_023","HumanObservation",NA,NA,NA,"SPECIES",NA,"Gerber, J.P.","E_57","Gerber, J.P.","E","gerber_jp_2025",1,"Racinaea tetrantha",5.5038,-75.85258,"2025-05-21","change1: Filled coordinateUncertaintyInMeters from decimal-place precision (conservative). | epi_taxo: acceptedName(match1); authorship_epig(match1); genus_from_scientificName; family_WFO; order_majorGroup_WCVP [2026-03-11] | CoordinateCleaner QA applied without sea test (validity, equal, zeros, capitals, centroids, gbif, institutions) [2026-04-14]","standardized author name in recordedBy / standardized author name in identifiedBy","Gerber, Jan Philipp","Gerber, Jan Philipp"
"24","gerber_jp_2025_024","HumanObservation",NA,NA,NA,"SPECIES",NA,"Gerber, J.P.","E_58","Gerber, J.P.","E","gerber_jp_2025",1,"Racinaea tetrantha",5.5038,-75.85258,"2025-05-21","change1: Filled coordinateUncertaintyInMeters from decimal-place precision (conservative). | epi_taxo: acceptedName(match1); authorship_epig(match1); genus_from_scientificName; family_WFO; order_majorGroup_WCVP [2026-03-11] | CoordinateCleaner QA applied without sea test (validity, equal, zeros, capitals, centroids, gbif, institutions) [2026-04-14]","standardized author name in recordedBy / standardized author name in identifiedBy","Gerber, Jan Philipp","Gerber, Jan Philipp"
"25","gerber_jp_2025_025","HumanObservation",NA,NA,NA,"SPECIES",NA,"Gerber, J.P.","E_60","Gerber, J.P.","E","gerber_jp_2025",1,"Peperomia heterophylla",5.504,-75.85326,"2025-05-22","change1: Filled coordinateUncertaintyInMeters from decimal-place precision (conservative). | epi_taxo: acceptedName(match1); authorship_epig(match1); genus_from_scientificName; family_WFO; order_majorGroup_WCVP [2026-03-11] | CoordinateCleaner QA applied without sea test (validity, equal, zeros, capitals, centroids, gbif, institutions) [2026-04-14]","standardized author name in recordedBy / standardized author name in identifiedBy","Gerber, Jan Philipp","Gerber, Jan Philipp"
"26","gerber_jp_2025_026","HumanObservation",NA,NA,NA,"SPECIES",NA,"Gerber, J.P.","E_61","Gerber, J.P.","E","gerber_jp_2025",1,"Peperomia heterophylla",5.504,-75.85326,"2025-05-22","change1: Filled coordinateUncertaintyInMeters from decimal-place precision (conservative). | epi_taxo: acceptedName(match1); authorship_epig(match1); genus_from_scientificName; family_WFO; order_majorGroup_WCVP [2026-03-11] | CoordinateCleaner QA applied without sea test (validity, equal, zeros, capitals, centroids, gbif, institutions) [2026-04-14]","standardized author name in recordedBy / standardized author name in identifiedBy","Gerber, Jan Philipp","Gerber, Jan Philipp"
"27","gerber_jp_2025_027","HumanObservation",NA,NA,NA,"SPECIES",NA,"Gerber, J.P.","E_62","Gerber, J.P.","E","gerber_jp_2025",1,"Peperomia heterophylla",5.504,-75.85326,"2025-05-22","change1: Filled coordinateUncertaintyInMeters from decimal-place precision (conservative). | epi_taxo: acceptedName(match1); authorship_epig(match1); genus_from_scientificName; family_WFO; order_majorGroup_WCVP [2026-03-11] | CoordinateCleaner QA applied without sea test (validity, equal, zeros, capitals, centroids, gbif, institutions) [2026-04-14]","standardized author name in recordedBy / standardized author name in identifiedBy","Gerber, Jan Philipp","Gerber, Jan Philipp"
"28","gerber_jp_2025_028","HumanObservation",NA,NA,NA,"SPECIES",NA,"Gerber, J.P.","E_63","Gerber, J.P.","E","gerber_jp_2025",1,"Peperomia heterophylla",5.504,-75.85326,"2025-05-22","change1: Filled coordinateUncertaintyInMeters from decimal-place precision (conservative). | epi_taxo: acceptedName(match1); authorship_epig(match1); genus_from_scientificName; family_WFO; order_majorGroup_WCVP [2026-03-11] | CoordinateCleaner QA applied without sea test (validity, equal, zeros, capitals, centroids, gbif, institutions) [2026-04-14]","standardized author name in recordedBy / standardized author name in identifiedBy","Gerber, Jan Philipp","Gerber, Jan Philipp"
"29","gerber_jp_2025_029","HumanObservation",NA,NA,NA,"SPECIES",NA,"Gerber, J.P.","E_64","Gerber, J.P.","E","gerber_jp_2025",1,"Columnea dimidiata",5.504,-75.85326,"2025-05-22","change1: Filled coordinateUncertaintyInMeters from decimal-place precision (conservative). | epi_taxo: acceptedName(match1); authorship_epig(match1); genus_from_scientificName; family_WFO; order_majorGroup_WCVP [2026-03-11] | CoordinateCleaner QA applied without sea test (validity, equal, zeros, capitals, centroids, gbif, institutions) [2026-04-14]","standardized author name in recordedBy / standardized author name in identifiedBy","Gerber, Jan Philipp","Gerber, Jan Philipp"
"30","gerber_jp_2025_030","HumanObservation",NA,NA,NA,"SPECIES",NA,"Gerber, J.P.","E_65","Gerber, J.P.","E","gerber_jp_2025",1,"Columnea dimidiata",5.504,-75.85326,"2025-05-22","change1: Filled coordinateUncertaintyInMeters from decimal-place precision (conservative). | epi_taxo: acceptedName(match1); authorship_epig(match1); genus_from_scientificName; family_WFO; order_majorGroup_WCVP [2026-03-11] | CoordinateCleaner QA applied without sea test (validity, equal, zeros, capitals, centroids, gbif, institutions) [2026-04-14]","standardized author name in recordedBy / standardized author name in identifiedBy","Gerber, Jan Philipp","Gerber, Jan Philipp"
"31","gerber_jp_2025_031","HumanObservation",NA,NA,NA,"",NA,"Gerber, J.P.","E_66","Gerber, J.P.","E","gerber_jp_2025",NA,"",5.504,-75.85326,"2025-05-22","change1: Filled coordinateUncertaintyInMeters from decimal-place precision (conservative). | epi_taxo: acceptedName(match1); authorship_epig(match1); genus_from_scientificName; family_WFO; order_majorGroup_WCVP [2026-03-11] | CoordinateCleaner QA applied without sea test (validity, equal, zeros, capitals, centroids, gbif, institutions) [2026-04-14]","standardized author name in recordedBy / standardized author name in identifiedBy","Gerber, Jan Philipp","Gerber, Jan Philipp"
"32","gerber_jp_2025_032","HumanObservation",NA,NA,NA,"SPECIES",NA,"Gerber, J.P.","E_67","Gerber, J.P.","E","gerber_jp_2025",1,"Peperomia heterophylla",5.504,-75.85326,"2025-05-22","change1: Filled coordinateUncertaintyInMeters from decimal-place precision (conservative). | epi_taxo: acceptedName(match1); authorship_epig(match1); genus_from_scientificName; family_WFO; order_majorGroup_WCVP [2026-03-11] | CoordinateCleaner QA applied without sea test (validity, equal, zeros, capitals, centroids, gbif, institutions) [2026-04-14]","standardized author name in recordedBy / standardized author name in identifiedBy","Gerber, Jan Philipp","Gerber, Jan Philipp"
"33","gerber_jp_2025_033","HumanObservation",NA,NA,NA,"",NA,"Gerber, J.P.","E_68","Gerber, J.P.","E","gerber_jp_2025",NA,"",5.504,-75.85326,"2025-05-22","change1: Filled coordinateUncertaintyInMeters from decimal-place precision (conservative). | epi_taxo: acceptedName(match1); authorship_epig(match1); genus_from_scientificName; family_WFO; order_majorGroup_WCVP [2026-03-11] | CoordinateCleaner QA applied without sea test (validity, equal, zeros, capitals, centroids, gbif, institutions) [2026-04-14]","standardized author name in recordedBy / standardized author name in identifiedBy","Gerber, Jan Philipp","Gerber, Jan Philipp"
"34","gerber_jp_2025_034","HumanObservation",NA,NA,NA,"SPECIES",NA,"Gerber, J.P.","E_69","Gerber, J.P.","E","gerber_jp_2025",1,"Peperomia heterophylla",5.504,-75.85326,"2025-05-22","change1: Filled coordinateUncertaintyInMeters from decimal-place precision (conservative). | epi_taxo: acceptedName(match1); authorship_epig(match1); genus_from_scientificName; family_WFO; order_majorGroup_WCVP [2026-03-11] | CoordinateCleaner QA applied without sea test (validity, equal, zeros, capitals, centroids, gbif, institutions) [2026-04-14]","standardized author name in recordedBy / standardized author name in identifiedBy","Gerber, Jan Philipp","Gerber, Jan Philipp"
"35","gerber_jp_2025_035","HumanObservation",NA,NA,NA,"SPECIES",NA,"Gerber, J.P.","E_70","Gerber, J.P.","E","gerber_jp_2025",1,"Guzmania triangularis",5.504,-75.85326,"2025-05-22","change1: Filled coordinateUncertaintyInMeters from decimal-place precision (conservative). | epi_taxo: acceptedName(match1); authorship_epig(match1); genus_from_scientificName; family_WFO; order_majorGroup_WCVP [2026-03-11] | CoordinateCleaner QA applied without sea test (validity, equal, zeros, capitals, centroids, gbif, institutions) [2026-04-14]","standardized author name in recordedBy / standardized author name in identifiedBy","Gerber, Jan Philipp","Gerber, Jan Philipp"
"36","gerber_jp_2025_036","HumanObservation",NA,NA,NA,"SPECIES",NA,"Gerber, J.P.","E_71","Gerber, J.P.","E","gerber_jp_2025",1,"Columnea dimidiata",5.504,-75.85326,"2025-05-22","change1: Filled coordinateUncertaintyInMeters from decimal-place precision (conservative). | epi_taxo: acceptedName(match1); authorship_epig(match1); genus_from_scientificName; family_WFO; order_majorGroup_WCVP [2026-03-11] | CoordinateCleaner QA applied without sea test (validity, equal, zeros, capitals, centroids, gbif, institutions) [2026-04-14]","standardized author name in recordedBy / standardized author name in identifiedBy","Gerber, Jan Philipp","Gerber, Jan Philipp"
"37","gerber_jp_2025_037","HumanObservation",NA,NA,NA,"GENUS",NA,"Gerber, J.P.","E_72","Gerber, J.P.","E","gerber_jp_2025",NA,"",5.504,-75.85326,"2025-05-22","change1: Filled coordinateUncertaintyInMeters from decimal-place precision (conservative). | epi_taxo: acceptedName(match1); authorship_epig(match1); genus_from_scientificName; family_WFO; order_majorGroup_WCVP [2026-03-11] | CoordinateCleaner QA applied without sea test (validity, equal, zeros, capitals, centroids, gbif, institutions) [2026-04-14]","standardized author name in recordedBy / standardized author name in identifiedBy","Gerber, Jan Philipp","Gerber, Jan Philipp"
"38","gerber_jp_2025_038","HumanObservation",NA,NA,NA,"GENUS",NA,"Gerber, J.P.","E_73","Gerber, J.P.","E","gerber_jp_2025",NA,"",5.504,-75.85326,"2025-05-22","change1: Filled coordinateUncertaintyInMeters from decimal-place precision (conservative). | epi_taxo: acceptedName(match1); authorship_epig(match1); genus_from_scientificName; family_WFO; order_majorGroup_WCVP [2026-03-11] | CoordinateCleaner QA applied without sea test (validity, equal, zeros, capitals, centroids, gbif, institutions) [2026-04-14]","standardized author name in recordedBy / standardized author name in identifiedBy","Gerber, Jan Philipp","Gerber, Jan Philipp"
"39","gerber_jp_2025_039","HumanObservation",NA,NA,NA,"HYBRID",NA,"Gerber, J.P.","E_74","Gerber, J.P.","E","gerber_jp_2025",NA,"",5.504,-75.85326,"2025-05-22","change1: Filled coordinateUncertaintyInMeters from decimal-place precision (conservative). | epi_taxo: acceptedName(match1); authorship_epig(match1); genus_from_scientificName; family_WFO; order_majorGroup_WCVP [2026-03-11] | CoordinateCleaner QA applied without sea test (validity, equal, zeros, capitals, centroids, gbif, institutions) [2026-04-14]","standardized author name in recordedBy / standardized author name in identifiedBy","Gerber, Jan Philipp","Gerber, Jan Philipp"
"40","gerber_jp_2025_040","HumanObservation",NA,NA,NA,"SPECIES",NA,"Gerber, J.P.","E_75","Gerber, J.P.","E","gerber_jp_2025",3,"Guzmania lychnis",5.504,-75.85326,"2025-05-22","change1: Filled coordinateUncertaintyInMeters from decimal-place precision (conservative). | epi_taxo: acceptedName(match1); authorship_epig(match1); genus_from_scientificName; family_WFO; order_majorGroup_WCVP [2026-03-11] | CoordinateCleaner QA applied without sea test (validity, equal, zeros, capitals, centroids, gbif, institutions) [2026-04-14]","standardized author name in recordedBy / standardized author name in identifiedBy","Gerber, Jan Philipp","Gerber, Jan Philipp"
"41","gerber_jp_2025_041","HumanObservation",NA,NA,NA,"SPECIES",NA,"Gerber, J.P.","E_76","Gerber, J.P.","E","gerber_jp_2025",1,"Guzmania triangularis",5.504,-75.85326,"2025-05-22","change1: Filled coordinateUncertaintyInMeters from decimal-place precision (conservative). | epi_taxo: acceptedName(match1); authorship_epig(match1); genus_from_scientificName; family_WFO; order_majorGroup_WCVP [2026-03-11] | CoordinateCleaner QA applied without sea test (validity, equal, zeros, capitals, centroids, gbif, institutions) [2026-04-14]","standardized author name in recordedBy / standardized author name in identifiedBy","Gerber, Jan Philipp","Gerber, Jan Philipp"
"42","gerber_jp_2025_042","HumanObservation",NA,NA,NA,"SPECIES",NA,"Gerber, J.P.","E_77","Gerber, J.P.","E","gerber_jp_2025",1,"Peperomia heterophylla",5.504,-75.85326,"2025-05-22","change1: Filled coordinateUncertaintyInMeters from decimal-place precision (conservative). | epi_taxo: acceptedName(match1); authorship_epig(match1); genus_from_scientificName; family_WFO; order_majorGroup_WCVP [2026-03-11] | CoordinateCleaner QA applied without sea test (validity, equal, zeros, capitals, centroids, gbif, institutions) [2026-04-14]","standardized author name in recordedBy / standardized author name in identifiedBy","Gerber, Jan Philipp","Gerber, Jan Philipp"
"43","gerber_jp_2025_043","HumanObservation",NA,NA,NA,"SPECIES",NA,"Gerber, J.P.","E_78","Gerber, J.P.","E","gerber_jp_2025",1,"Peperomia heterophylla",5.504,-75.85326,"2025-05-22","change1: Filled coordinateUncertaintyInMeters from decimal-place precision (conservative). | epi_taxo: acceptedName(match1); authorship_epig(match1); genus_from_scientificName; family_WFO; order_majorGroup_WCVP [2026-03-11] | CoordinateCleaner QA applied without sea test (validity, equal, zeros, capitals, centroids, gbif, institutions) [2026-04-14]","standardized author name in recordedBy / standardized author name in identifiedBy","Gerber, Jan Philipp","Gerber, Jan Philipp"
"44","gerber_jp_2025_044","HumanObservation",NA,NA,NA,"SPECIES",NA,"Gerber, J.P.","E_79","Gerber, J.P.","E","gerber_jp_2025",1,"Pleurothallis anthrax",5.504,-75.85326,"2025-05-22","change1: Filled coordinateUncertaintyInMeters from decimal-place precision (conservative). | epi_taxo: acceptedName(match1); authorship_epig(match1); genus_from_scientificName; family_WFO; order_majorGroup_WCVP [2026-03-11] | CoordinateCleaner QA applied without sea test (validity, equal, zeros, capitals, centroids, gbif, institutions) [2026-04-14]","standardized author name in recordedBy / standardized author name in identifiedBy","Gerber, Jan Philipp","Gerber, Jan Philipp"
"45","gerber_jp_2025_045","HumanObservation",NA,NA,NA,"SPECIES",NA,"Gerber, J.P.","E_80","Gerber, J.P.","E","gerber_jp_2025",1,"Pleurothallis anthrax",5.504,-75.85326,"2025-05-22","change1: Filled coordinateUncertaintyInMeters from decimal-place precision (conservative). | epi_taxo: acceptedName(match1); authorship_epig(match1); genus_from_scientificName; family_WFO; order_majorGroup_WCVP [2026-03-11] | CoordinateCleaner QA applied without sea test (validity, equal, zeros, capitals, centroids, gbif, institutions) [2026-04-14]","standardized author name in recordedBy / standardized author name in identifiedBy","Gerber, Jan Philipp","Gerber, Jan Philipp"
"46","gerber_jp_2025_046","HumanObservation",NA,NA,NA,"",NA,"Gerber, J.P.","E_81","Gerber, J.P.","E","gerber_jp_2025",NA,"",5.504,-75.85326,"2025-05-22","change1: Filled coordinateUncertaintyInMeters from decimal-place precision (conservative). | epi_taxo: acceptedName(match1); authorship_epig(match1); genus_from_scientificName; family_WFO; order_majorGroup_WCVP [2026-03-11] | CoordinateCleaner QA applied without sea test (validity, equal, zeros, capitals, centroids, gbif, institutions) [2026-04-14]","standardized author name in recordedBy / standardized author name in identifiedBy","Gerber, Jan Philipp","Gerber, Jan Philipp"
"47","gerber_jp_2025_047","HumanObservation",NA,NA,NA,"SPECIES",NA,"Gerber, J.P.","E_82","Gerber, J.P.","E","gerber_jp_2025",1,"Pleurothallis secunda",5.504,-75.85326,"2025-05-22","change1: Filled coordinateUncertaintyInMeters from decimal-place precision (conservative). | epi_taxo: acceptedName(match1); authorship_epig(match1); genus_from_scientificName; family_WFO; order_majorGroup_WCVP [2026-03-11] | CoordinateCleaner QA applied without sea test (validity, equal, zeros, capitals, centroids, gbif, institutions) [2026-04-14]","standardized author name in recordedBy / standardized author name in identifiedBy","Gerber, Jan Philipp","Gerber, Jan Philipp"
"48","gerber_jp_2025_048","HumanObservation",NA,NA,NA,"SPECIES",NA,"Gerber, J.P.","E_83","Gerber, J.P.","E","gerber_jp_2025",1,"Pleurothallis secunda",5.504,-75.85326,"2025-05-22","change1: Filled coordinateUncertaintyInMeters from decimal-place precision (conservative). | epi_taxo: acceptedName(match1); authorship_epig(match1); genus_from_scientificName; family_WFO; order_majorGroup_WCVP [2026-03-11] | CoordinateCleaner QA applied without sea test (validity, equal, zeros, capitals, centroids, gbif, institutions) [2026-04-14]","standardized author name in recordedBy / standardized author name in identifiedBy","Gerber, Jan Philipp","Gerber, Jan Philipp"
"49","gerber_jp_2025_049","HumanObservation",NA,NA,NA,"SPECIES",NA,"Gerber, J.P.","E_84","Gerber, J.P.","E","gerber_jp_2025",1,"Guzmania triangularis",5.504,-75.85326,"2025-05-22","change1: Filled coordinateUncertaintyInMeters from decimal-place precision (conservative). | epi_taxo: acceptedName(match1); authorship_epig(match1); genus_from_scientificName; family_WFO; order_majorGroup_WCVP [2026-03-11] | CoordinateCleaner QA applied without sea test (validity, equal, zeros, capitals, centroids, gbif, institutions) [2026-04-14]","standardized author name in recordedBy / standardized author name in identifiedBy","Gerber, Jan Philipp","Gerber, Jan Philipp"
"50","gerber_jp_2025_050","HumanObservation",NA,NA,NA,"SPECIES",NA,"Gerber, J.P.","E_85","Gerber, J.P.","E","gerber_jp_2025",1,"Guzmania triangularis",5.504,-75.85326,"2025-05-22","change1: Filled coordinateUncertaintyInMeters from decimal-place precision (conservative). | epi_taxo: acceptedName(match1); authorship_epig(match1); genus_from_scientificName; family_WFO; order_majorGroup_WCVP [2026-03-11] | CoordinateCleaner QA applied without sea test (validity, equal, zeros, capitals, centroids, gbif, institutions) [2026-04-14]","standardized author name in recordedBy / standardized author name in identifiedBy","Gerber, Jan Philipp","Gerber, Jan Philipp"
"51","gerber_jp_2025_051","HumanObservation",NA,NA,NA,"",NA,"Gerber, J.P.","E_86","Gerber, J.P.","E","gerber_jp_2025",NA,"",5.504,-75.85326,"2025-05-22","change1: Filled coordinateUncertaintyInMeters from decimal-place precision (conservative). | epi_taxo: acceptedName(match1); authorship_epig(match1); genus_from_scientificName; family_WFO; order_majorGroup_WCVP [2026-03-11] | CoordinateCleaner QA applied without sea test (validity, equal, zeros, capitals, centroids, gbif, institutions) [2026-04-14]","standardized author name in recordedBy / standardized author name in identifiedBy","Gerber, Jan Philipp","Gerber, Jan Philipp"
"52","gerber_jp_2025_052","HumanObservation",NA,NA,NA,"SPECIES",NA,"Gerber, J.P.","E_87","Gerber, J.P.","E","gerber_jp_2025",1,"Guzmania triangularis",5.504,-75.85326,"2025-05-22","change1: Filled coordinateUncertaintyInMeters from decimal-place precision (conservative). | epi_taxo: acceptedName(match1); authorship_epig(match1); genus_from_scientificName; family_WFO; order_majorGroup_WCVP [2026-03-11] | CoordinateCleaner QA applied without sea test (validity, equal, zeros, capitals, centroids, gbif, institutions) [2026-04-14]","standardized author name in recordedBy / standardized author name in identifiedBy","Gerber, Jan Philipp","Gerber, Jan Philipp"
"53","gerber_jp_2025_053","HumanObservation",NA,NA,NA,"SPECIES",NA,"Gerber, J.P.","E_88","Gerber, J.P.","E","gerber_jp_2025",1,"Pleurothallis anthrax",5.504,-75.85326,"2025-05-22","change1: Filled coordinateUncertaintyInMeters from decimal-place precision (conservative). | epi_taxo: acceptedName(match1); authorship_epig(match1); genus_from_scientificName; family_WFO; order_majorGroup_WCVP [2026-03-11] | CoordinateCleaner QA applied without sea test (validity, equal, zeros, capitals, centroids, gbif, institutions) [2026-04-14]","standardized author name in recordedBy / standardized author name in identifiedBy","Gerber, Jan Philipp","Gerber, Jan Philipp"
"54","gerber_jp_2025_054","HumanObservation",NA,NA,NA,"SPECIES",NA,"Gerber, J.P.","E_89","Gerber, J.P.","E","gerber_jp_2025",1,"Guzmania triangularis",5.504,-75.85326,"2025-05-22","change1: Filled coordinateUncertaintyInMeters from decimal-place precision (conservative). | epi_taxo: acceptedName(match1); authorship_epig(match1); genus_from_scientificName; family_WFO; order_majorGroup_WCVP [2026-03-11] | CoordinateCleaner QA applied without sea test (validity, equal, zeros, capitals, centroids, gbif, institutions) [2026-04-14]","standardized author name in recordedBy / standardized author name in identifiedBy","Gerber, Jan Philipp","Gerber, Jan Philipp"
"55","gerber_jp_2025_055","HumanObservation",NA,NA,NA,"SPECIES",NA,"Gerber, J.P.","E_90","Gerber, J.P.","E","gerber_jp_2025",1,"Pleurothallis secunda",5.504,-75.85326,"2025-05-22","change1: Filled coordinateUncertaintyInMeters from decimal-place precision (conservative). | epi_taxo: acceptedName(match1); authorship_epig(match1); genus_from_scientificName; family_WFO; order_majorGroup_WCVP [2026-03-11] | CoordinateCleaner QA applied without sea test (validity, equal, zeros, capitals, centroids, gbif, institutions) [2026-04-14]","standardized author name in recordedBy / standardized author name in identifiedBy","Gerber, Jan Philipp","Gerber, Jan Philipp"
"56","gerber_jp_2025_056","HumanObservation",NA,NA,NA,"SPECIES",NA,"Gerber, J.P.","E_91","Gerber, J.P.","E","gerber_jp_2025",1,"Pleurothallis secunda",5.504,-75.85326,"2025-05-22","change1: Filled coordinateUncertaintyInMeters from decimal-place precision (conservative). | epi_taxo: acceptedName(match1); authorship_epig(match1); genus_from_scientificName; family_WFO; order_majorGroup_WCVP [2026-03-11] | CoordinateCleaner QA applied without sea test (validity, equal, zeros, capitals, centroids, gbif, institutions) [2026-04-14]","standardized author name in recordedBy / standardized author name in identifiedBy","Gerber, Jan Philipp","Gerber, Jan Philipp"
"57","gerber_jp_2025_057","HumanObservation",NA,NA,NA,"SPECIES",NA,"Gerber, J.P.","E_92","Gerber, J.P.","E","gerber_jp_2025",1,"Acianthera pubescens",5.504,-75.85326,"2025-05-22","change1: Filled coordinateUncertaintyInMeters from decimal-place precision (conservative). | epi_taxo: acceptedName(match1); authorship_epig(match1); genus_from_scientificName; family_WFO; order_majorGroup_WCVP [2026-03-11] | CoordinateCleaner QA applied without sea test (validity, equal, zeros, capitals, centroids, gbif, institutions) [2026-04-14]","standardized author name in recordedBy / standardized author name in identifiedBy","Gerber, Jan Philipp","Gerber, Jan Philipp"
"58","gerber_jp_2025_058","HumanObservation",NA,NA,NA,"SPECIES",NA,"Gerber, J.P.","E_93","Gerber, J.P.","E","gerber_jp_2025",1,"Peperomia heterophylla",5.504,-75.85326,"2025-05-22","change1: Filled coordinateUncertaintyInMeters from decimal-place precision (conservative). | epi_taxo: acceptedName(match1); authorship_epig(match1); genus_from_scientificName; family_WFO; order_majorGroup_WCVP [2026-03-11] | CoordinateCleaner QA applied without sea test (validity, equal, zeros, capitals, centroids, gbif, institutions) [2026-04-14]","standardized author name in recordedBy / standardized author name in identifiedBy","Gerber, Jan Philipp","Gerber, Jan Philipp"
"59","gerber_jp_2025_059","HumanObservation",NA,NA,NA,"SPECIES",NA,"Gerber, J.P.","E_94","Gerber, J.P.","E","gerber_jp_2025",1,"Guzmania triangularis",5.504,-75.85326,"2025-05-22","change1: Filled coordinateUncertaintyInMeters from decimal-place precision (conservative). | epi_taxo: acceptedName(match1); authorship_epig(match1); genus_from_scientificName; family_WFO; order_majorGroup_WCVP [2026-03-11] | CoordinateCleaner QA applied without sea test (validity, equal, zeros, capitals, centroids, gbif, institutions) [2026-04-14]","standardized author name in recordedBy / standardized author name in identifiedBy","Gerber, Jan Philipp","Gerber, Jan Philipp"
"60","gerber_jp_2025_060","HumanObservation",NA,NA,NA,"SPECIES",NA,"Gerber, J.P.","E_95","Gerber, J.P.","E","gerber_jp_2025",1,"Peperomia heterophylla",5.504,-75.85326,"2025-05-22","change1: Filled coordinateUncertaintyInMeters from decimal-place precision (conservative). | epi_taxo: acceptedName(match1); authorship_epig(match1); genus_from_scientificName; family_WFO; order_majorGroup_WCVP [2026-03-11] | CoordinateCleaner QA applied without sea test (validity, equal, zeros, capitals, centroids, gbif, institutions) [2026-04-14]","standardized author name in recordedBy / standardized author name in identifiedBy","Gerber, Jan Philipp","Gerber, Jan Philipp"
"61","gerber_jp_2025_061","HumanObservation",NA,NA,NA,"SPECIES",NA,"Gerber, J.P.","E_96","Gerber, J.P.","E","gerber_jp_2025",1,"Peperomia heterophylla",5.504,-75.85326,"2025-05-22","change1: Filled coordinateUncertaintyInMeters from decimal-place precision (conservative). | epi_taxo: acceptedName(match1); authorship_epig(match1); genus_from_scientificName; family_WFO; order_majorGroup_WCVP [2026-03-11] | CoordinateCleaner QA applied without sea test (validity, equal, zeros, capitals, centroids, gbif, institutions) [2026-04-14]","standardized author name in recordedBy / standardized author name in identifiedBy","Gerber, Jan Philipp","Gerber, Jan Philipp"
"62","gerber_jp_2025_062","HumanObservation",NA,NA,NA,"SPECIES",NA,"Gerber, J.P.","E_97","Gerber, J.P.","E","gerber_jp_2025",1,"Columnea purpurata",5.504,-75.85326,"2025-05-22","change1: Filled coordinateUncertaintyInMeters from decimal-place precision (conservative). | epi_taxo: acceptedName(match1); authorship_epig(match1); genus_from_scientificName; family_WFO; order_majorGroup_WCVP [2026-03-11] | CoordinateCleaner QA applied without sea test (validity, equal, zeros, capitals, centroids, gbif, institutions) [2026-04-14]","standardized author name in recordedBy / standardized author name in identifiedBy","Gerber, Jan Philipp","Gerber, Jan Philipp"
"63","gerber_jp_2025_063","HumanObservation",NA,NA,NA,"SPECIES",NA,"Gerber, J.P.","E_98","Gerber, J.P.","E","gerber_jp_2025",3,"Guzmania lychnis",5.504,-75.85326,"2025-05-22","change1: Filled coordinateUncertaintyInMeters from decimal-place precision (conservative). | epi_taxo: acceptedName(match1); authorship_epig(match1); genus_from_scientificName; family_WFO; order_majorGroup_WCVP [2026-03-11] | CoordinateCleaner QA applied without sea test (validity, equal, zeros, capitals, centroids, gbif, institutions) [2026-04-14]","standardized author name in recordedBy / standardized author name in identifiedBy","Gerber, Jan Philipp","Gerber, Jan Philipp"
"64","gerber_jp_2025_064","HumanObservation",NA,NA,NA,"SPECIES",NA,"Gerber, J.P.","E_99","Gerber, J.P.","E","gerber_jp_2025",1,"Peperomia heterophylla",5.504,-75.85326,"2025-05-22","change1: Filled coordinateUncertaintyInMeters from decimal-place precision (conservative). | epi_taxo: acceptedName(match1); authorship_epig(match1); genus_from_scientificName; family_WFO; order_majorGroup_WCVP [2026-03-11] | CoordinateCleaner QA applied without sea test (validity, equal, zeros, capitals, centroids, gbif, institutions) [2026-04-14]","standardized author name in recordedBy / standardized author name in identifiedBy","Gerber, Jan Philipp","Gerber, Jan Philipp"
"65","gerber_jp_2025_065","HumanObservation",NA,NA,NA,"SPECIES",NA,"Gerber, J.P.","E_100","Gerber, J.P.","E","gerber_jp_2025",1,"Guzmania triangularis",5.504,-75.85326,"2025-05-22","change1: Filled coordinateUncertaintyInMeters from decimal-place precision (conservative). | epi_taxo: acceptedName(match1); authorship_epig(match1); genus_from_scientificName; family_WFO; order_majorGroup_WCVP [2026-03-11] | CoordinateCleaner QA applied without sea test (validity, equal, zeros, capitals, centroids, gbif, institutions) [2026-04-14]","standardized author name in recordedBy / standardized author name in identifiedBy","Gerber, Jan Philipp","Gerber, Jan Philipp"
"66","gerber_jp_2025_066","HumanObservation",NA,NA,NA,"SPECIES",NA,"Gerber, J.P.","E_101","Gerber, J.P.","E","gerber_jp_2025",1,"Guzmania triangularis",5.5041,-75.85388,"2025-05-22","change1: Filled coordinateUncertaintyInMeters from decimal-place precision (conservative). | epi_taxo: acceptedName(match1); authorship_epig(match1); genus_from_scientificName; family_WFO; order_majorGroup_WCVP [2026-03-11] | CoordinateCleaner QA applied without sea test (validity, equal, zeros, capitals, centroids, gbif, institutions) [2026-04-14]","standardized author name in recordedBy / standardized author name in identifiedBy","Gerber, Jan Philipp","Gerber, Jan Philipp"
"67","gerber_jp_2025_067","HumanObservation",NA,NA,NA,"",NA,"Gerber, J.P.","E_102","Gerber, J.P.","E","gerber_jp_2025",NA,"",5.5041,-75.85388,"2025-05-22","change1: Filled coordinateUncertaintyInMeters from decimal-place precision (conservative). | epi_taxo: acceptedName(match1); authorship_epig(match1); genus_from_scientificName; family_WFO; order_majorGroup_WCVP [2026-03-11] | CoordinateCleaner QA applied without sea test (validity, equal, zeros, capitals, centroids, gbif, institutions) [2026-04-14]","standardized author name in recordedBy / standardized author name in identifiedBy","Gerber, Jan Philipp","Gerber, Jan Philipp"
"68","gerber_jp_2025_068","HumanObservation",NA,NA,NA,"SPECIES",NA,"Gerber, J.P.","E_103","Gerber, J.P.","E","gerber_jp_2025",1,"Guzmania triangularis",5.50429,-75.85449,"2025-05-22","change1: Filled coordinateUncertaintyInMeters from decimal-place precision (conservative). | epi_taxo: acceptedName(match1); authorship_epig(match1); genus_from_scientificName; family_WFO; order_majorGroup_WCVP [2026-03-11] | CoordinateCleaner QA applied without sea test (validity, equal, zeros, capitals, centroids, gbif, institutions) [2026-04-14]","standardized author name in recordedBy / standardized author name in identifiedBy","Gerber, Jan Philipp","Gerber, Jan Philipp"
"69","gerber_jp_2025_069","HumanObservation",NA,NA,NA,"SPECIES",NA,"Gerber, J.P.","E_104","Gerber, J.P.","E","gerber_jp_2025",1,"Guzmania triangularis",5.50429,-75.85449,"2025-05-22","change1: Filled coordinateUncertaintyInMeters from decimal-place precision (conservative). | epi_taxo: acceptedName(match1); authorship_epig(match1); genus_from_scientificName; family_WFO; order_majorGroup_WCVP [2026-03-11] | CoordinateCleaner QA applied without sea test (validity, equal, zeros, capitals, centroids, gbif, institutions) [2026-04-14]","standardized author name in recordedBy / standardized author name in identifiedBy","Gerber, Jan Philipp","Gerber, Jan Philipp"
"70","gerber_jp_2025_070","HumanObservation",NA,NA,NA,"SPECIES",NA,"Gerber, J.P.","E_105","Gerber, J.P.","E","gerber_jp_2025",1,"Guzmania triangularis",5.50429,-75.85449,"2025-05-22","change1: Filled coordinateUncertaintyInMeters from decimal-place precision (conservative). | epi_taxo: acceptedName(match1); authorship_epig(match1); genus_from_scientificName; family_WFO; order_majorGroup_WCVP [2026-03-11] | CoordinateCleaner QA applied without sea test (validity, equal, zeros, capitals, centroids, gbif, institutions) [2026-04-14]","standardized author name in recordedBy / standardized author name in identifiedBy","Gerber, Jan Philipp","Gerber, Jan Philipp"
"71","gerber_jp_2025_071","HumanObservation",NA,NA,NA,"SPECIES",NA,"Gerber, J.P.","E_106","Gerber, J.P.","E","gerber_jp_2025",1,"Columnea dimidiata",5.50429,-75.85449,"2025-05-22","change1: Filled coordinateUncertaintyInMeters from decimal-place precision (conservative). | epi_taxo: acceptedName(match1); authorship_epig(match1); genus_from_scientificName; family_WFO; order_majorGroup_WCVP [2026-03-11] | CoordinateCleaner QA applied without sea test (validity, equal, zeros, capitals, centroids, gbif, institutions) [2026-04-14]","standardized author name in recordedBy / standardized author name in identifiedBy","Gerber, Jan Philipp","Gerber, Jan Philipp"
"72","gerber_jp_2025_072","HumanObservation",NA,NA,NA,"SPECIES",NA,"Gerber, J.P.","E_107","Gerber, J.P.","E","gerber_jp_2025",1,"Columnea dimidiata",5.50429,-75.85449,"2025-05-22","change1: Filled coordinateUncertaintyInMeters from decimal-place precision (conservative). | epi_taxo: acceptedName(match1); authorship_epig(match1); genus_from_scientificName; family_WFO; order_majorGroup_WCVP [2026-03-11] | CoordinateCleaner QA applied without sea test (validity, equal, zeros, capitals, centroids, gbif, institutions) [2026-04-14]","standardized author name in recordedBy / standardized author name in identifiedBy","Gerber, Jan Philipp","Gerber, Jan Philipp"
"73","gerber_jp_2025_073","HumanObservation",NA,NA,NA,"SPECIES",NA,"Gerber, J.P.","E_108","Gerber, J.P.","E","gerber_jp_2025",1,"Columnea dimidiata",5.50429,-75.85449,"2025-05-22","change1: Filled coordinateUncertaintyInMeters from decimal-place precision (conservative). | epi_taxo: acceptedName(match1); authorship_epig(match1); genus_from_scientificName; family_WFO; order_majorGroup_WCVP [2026-03-11] | CoordinateCleaner QA applied without sea test (validity, equal, zeros, capitals, centroids, gbif, institutions) [2026-04-14]","standardized author name in recordedBy / standardized author name in identifiedBy","Gerber, Jan Philipp","Gerber, Jan Philipp"
"74","gerber_jp_2025_074","HumanObservation",NA,NA,NA,"SPECIES",NA,"Gerber, J.P.","E_109","Gerber, J.P.","E","gerber_jp_2025",1,"Guzmania triangularis",5.50429,-75.85449,"2025-05-22","change1: Filled coordinateUncertaintyInMeters from decimal-place precision (conservative). | epi_taxo: acceptedName(match1); authorship_epig(match1); genus_from_scientificName; family_WFO; order_majorGroup_WCVP [2026-03-11] | CoordinateCleaner QA applied without sea test (validity, equal, zeros, capitals, centroids, gbif, institutions) [2026-04-14]","standardized author name in recordedBy / standardized author name in identifiedBy","Gerber, Jan Philipp","Gerber, Jan Philipp"
"75","gerber_jp_2025_075","HumanObservation",NA,NA,NA,"SPECIES",NA,"Gerber, J.P.","E_110","Gerber, J.P.","E","gerber_jp_2025",1,"Guzmania triangularis",5.50429,-75.85449,"2025-05-22","change1: Filled coordinateUncertaintyInMeters from decimal-place precision (conservative). | epi_taxo: acceptedName(match1); authorship_epig(match1); genus_from_scientificName; family_WFO; order_majorGroup_WCVP [2026-03-11] | CoordinateCleaner QA applied without sea test (validity, equal, zeros, capitals, centroids, gbif, institutions) [2026-04-14]","standardized author name in recordedBy / standardized author name in identifiedBy","Gerber, Jan Philipp","Gerber, Jan Philipp"
"76","gerber_jp_2025_076","HumanObservation",NA,NA,NA,"SPECIES",NA,"Gerber, J.P.","E_111","Gerber, J.P.","E","gerber_jp_2025",1,"Guzmania triangularis",5.50429,-75.85449,"2025-05-22","change1: Filled coordinateUncertaintyInMeters from decimal-place precision (conservative). | epi_taxo: acceptedName(match1); authorship_epig(match1); genus_from_scientificName; family_WFO; order_majorGroup_WCVP [2026-03-11] | CoordinateCleaner QA applied without sea test (validity, equal, zeros, capitals, centroids, gbif, institutions) [2026-04-14]","standardized author name in recordedBy / standardized author name in identifiedBy","Gerber, Jan Philipp","Gerber, Jan Philipp"
"77","gerber_jp_2025_077","HumanObservation",NA,NA,NA,"SPECIES",NA,"Gerber, J.P.","E_112","Gerber, J.P.","E","gerber_jp_2025",3,"Peperomia quaerata",5.50429,-75.85449,"2025-05-22","change1: Filled coordinateUncertaintyInMeters from decimal-place precision (conservative). | epi_taxo: acceptedName(match1); authorship_epig(match1); genus_from_scientificName; family_WFO; order_majorGroup_WCVP [2026-03-11] | CoordinateCleaner QA applied without sea test (validity, equal, zeros, capitals, centroids, gbif, institutions) [2026-04-14]","standardized author name in recordedBy / standardized author name in identifiedBy","Gerber, Jan Philipp","Gerber, Jan Philipp"
"78","gerber_jp_2025_078","HumanObservation",NA,NA,NA,"SPECIES",NA,"Gerber, J.P.","E_113","Gerber, J.P.","E","gerber_jp_2025",3,"Peperomia quaerata",5.50429,-75.85449,"2025-05-22","change1: Filled coordinateUncertaintyInMeters from decimal-place precision (conservative). | epi_taxo: acceptedName(match1); authorship_epig(match1); genus_from_scientificName; family_WFO; order_majorGroup_WCVP [2026-03-11] | CoordinateCleaner QA applied without sea test (validity, equal, zeros, capitals, centroids, gbif, institutions) [2026-04-14]","standardized author name in recordedBy / standardized author name in identifiedBy","Gerber, Jan Philipp","Gerber, Jan Philipp"
"79","gerber_jp_2025_079","HumanObservation",NA,NA,NA,"SPECIES",NA,"Gerber, J.P.","E_114","Gerber, J.P.","E","gerber_jp_2025",3,"Peperomia quaerata",5.50429,-75.85449,"2025-05-22","change1: Filled coordinateUncertaintyInMeters from decimal-place precision (conservative). | epi_taxo: acceptedName(match1); authorship_epig(match1); genus_from_scientificName; family_WFO; order_majorGroup_WCVP [2026-03-11] | CoordinateCleaner QA applied without sea test (validity, equal, zeros, capitals, centroids, gbif, institutions) [2026-04-14]","standardized author name in recordedBy / standardized author name in identifiedBy","Gerber, Jan Philipp","Gerber, Jan Philipp"
"80","gerber_jp_2025_080","HumanObservation",NA,NA,NA,"SPECIES",NA,"Gerber, J.P.","E_115","Gerber, J.P.","E","gerber_jp_2025",3,"Peperomia quaerata",5.50429,-75.85449,"2025-05-22","change1: Filled coordinateUncertaintyInMeters from decimal-place precision (conservative). | epi_taxo: acceptedName(match1); authorship_epig(match1); genus_from_scientificName; family_WFO; order_majorGroup_WCVP [2026-03-11] | CoordinateCleaner QA applied without sea test (validity, equal, zeros, capitals, centroids, gbif, institutions) [2026-04-14]","standardized author name in recordedBy / standardized author name in identifiedBy","Gerber, Jan Philipp","Gerber, Jan Philipp"
"81","gerber_jp_2025_081","HumanObservation",NA,NA,NA,"SPECIES",NA,"Gerber, J.P.","E_116","Gerber, J.P.","E","gerber_jp_2025",1,"Columnea dimidiata",5.50429,-75.85449,"2025-05-22","change1: Filled coordinateUncertaintyInMeters from decimal-place precision (conservative). | epi_taxo: acceptedName(match1); authorship_epig(match1); genus_from_scientificName; family_WFO; order_majorGroup_WCVP [2026-03-11] | CoordinateCleaner QA applied without sea test (validity, equal, zeros, capitals, centroids, gbif, institutions) [2026-04-14]","standardized author name in recordedBy / standardized author name in identifiedBy","Gerber, Jan Philipp","Gerber, Jan Philipp"
"82","gerber_jp_2025_082","HumanObservation",NA,NA,NA,"SPECIES",NA,"Gerber, J.P.","E_117","Gerber, J.P.","E","gerber_jp_2025",3,"Peperomia quaerata",5.50429,-75.85449,"2025-05-22","change1: Filled coordinateUncertaintyInMeters from decimal-place precision (conservative). | epi_taxo: acceptedName(match1); authorship_epig(match1); genus_from_scientificName; family_WFO; order_majorGroup_WCVP [2026-03-11] | CoordinateCleaner QA applied without sea test (validity, equal, zeros, capitals, centroids, gbif, institutions) [2026-04-14]","standardized author name in recordedBy / standardized author name in identifiedBy","Gerber, Jan Philipp","Gerber, Jan Philipp"
"83","gerber_jp_2025_083","HumanObservation",NA,NA,NA,"SPECIES",NA,"Gerber, J.P.","E_118","Gerber, J.P.","E","gerber_jp_2025",3,"Peperomia quaerata",5.50429,-75.85449,"2025-05-22","change1: Filled coordinateUncertaintyInMeters from decimal-place precision (conservative). | epi_taxo: acceptedName(match1); authorship_epig(match1); genus_from_scientificName; family_WFO; order_majorGroup_WCVP [2026-03-11] | CoordinateCleaner QA applied without sea test (validity, equal, zeros, capitals, centroids, gbif, institutions) [2026-04-14]","standardized author name in recordedBy / standardized author name in identifiedBy","Gerber, Jan Philipp","Gerber, Jan Philipp"
"84","gerber_jp_2025_084","HumanObservation",NA,NA,NA,"SPECIES",NA,"Gerber, J.P.","E_119","Gerber, J.P.","E","gerber_jp_2025",3,"Peperomia quaerata",5.50429,-75.85449,"2025-05-22","change1: Filled coordinateUncertaintyInMeters from decimal-place precision (conservative). | epi_taxo: acceptedName(match1); authorship_epig(match1); genus_from_scientificName; family_WFO; order_majorGroup_WCVP [2026-03-11] | CoordinateCleaner QA applied without sea test (validity, equal, zeros, capitals, centroids, gbif, institutions) [2026-04-14]","standardized author name in recordedBy / standardized author name in identifiedBy","Gerber, Jan Philipp","Gerber, Jan Philipp"
"85","gerber_jp_2025_085","HumanObservation",NA,NA,NA,"SPECIES",NA,"Gerber, J.P.","E_120","Gerber, J.P.","E","gerber_jp_2025",1,"Peperomia heterophylla",5.49523,-75.84909,"2025-05-23","change1: Filled coordinateUncertaintyInMeters from decimal-place precision (conservative). | epi_taxo: acceptedName(match1); authorship_epig(match1); genus_from_scientificName; family_WFO; order_majorGroup_WCVP [2026-03-11] | CoordinateCleaner QA applied without sea test (validity, equal, zeros, capitals, centroids, gbif, institutions) [2026-04-14]","standardized author name in recordedBy / standardized author name in identifiedBy","Gerber, Jan Philipp","Gerber, Jan Philipp"
"86","gerber_jp_2025_086","HumanObservation",NA,NA,NA,"SPECIES",NA,"Gerber, J.P.","E_122","Gerber, J.P.","E","gerber_jp_2025",1,"Guzmania triangularis",5.49523,-75.84909,"2025-05-23","change1: Filled coordinateUncertaintyInMeters from decimal-place precision (conservative). | epi_taxo: acceptedName(match1); authorship_epig(match1); genus_from_scientificName; family_WFO; order_majorGroup_WCVP [2026-03-11] | CoordinateCleaner QA applied without sea test (validity, equal, zeros, capitals, centroids, gbif, institutions) [2026-04-14]","standardized author name in recordedBy / standardized author name in identifiedBy","Gerber, Jan Philipp","Gerber, Jan Philipp"
"87","gerber_jp_2025_087","HumanObservation",NA,NA,NA,"SPECIES",NA,"Gerber, J.P.","E_123","Gerber, J.P.","E","gerber_jp_2025",1,"Guzmania triangularis",5.49523,-75.84909,"2025-05-23","change1: Filled coordinateUncertaintyInMeters from decimal-place precision (conservative). | epi_taxo: acceptedName(match1); authorship_epig(match1); genus_from_scientificName; family_WFO; order_majorGroup_WCVP [2026-03-11] | CoordinateCleaner QA applied without sea test (validity, equal, zeros, capitals, centroids, gbif, institutions) [2026-04-14]","standardized author name in recordedBy / standardized author name in identifiedBy","Gerber, Jan Philipp","Gerber, Jan Philipp"
"88","gerber_jp_2025_088","HumanObservation",NA,NA,NA,"SPECIES",NA,"Gerber, J.P.","E_124","Gerber, J.P.","E","gerber_jp_2025",1,"Guzmania triangularis",5.49523,-75.84909,"2025-05-23","change1: Filled coordinateUncertaintyInMeters from decimal-place precision (conservative). | epi_taxo: acceptedName(match1); authorship_epig(match1); genus_from_scientificName; family_WFO; order_majorGroup_WCVP [2026-03-11] | CoordinateCleaner QA applied without sea test (validity, equal, zeros, capitals, centroids, gbif, institutions) [2026-04-14]","standardized author name in recordedBy / standardized author name in identifiedBy","Gerber, Jan Philipp","Gerber, Jan Philipp"
"89","gerber_jp_2025_089","HumanObservation",NA,NA,NA,"SPECIES",NA,"Gerber, J.P.","E_125","Gerber, J.P.","E","gerber_jp_2025",1,"Columnea purpurata",5.49523,-75.84909,"2025-05-23","change1: Filled coordinateUncertaintyInMeters from decimal-place precision (conservative). | epi_taxo: acceptedName(match1); authorship_epig(match1); genus_from_scientificName; family_WFO; order_majorGroup_WCVP [2026-03-11] | CoordinateCleaner QA applied without sea test (validity, equal, zeros, capitals, centroids, gbif, institutions) [2026-04-14]","standardized author name in recordedBy / standardized author name in identifiedBy","Gerber, Jan Philipp","Gerber, Jan Philipp"
"90","gerber_jp_2025_090","HumanObservation",NA,NA,NA,"SPECIES",NA,"Gerber, J.P.","E_126","Gerber, J.P.","E","gerber_jp_2025",1,"Epidendrum aggregatum",5.49523,-75.84909,"2025-05-23","change1: Filled coordinateUncertaintyInMeters from decimal-place precision (conservative). | epi_taxo: acceptedName(match1); authorship_epig(match1); genus_from_scientificName; family_WFO; order_majorGroup_WCVP [2026-03-11] | CoordinateCleaner QA applied without sea test (validity, equal, zeros, capitals, centroids, gbif, institutions) [2026-04-14]","standardized author name in recordedBy / standardized author name in identifiedBy","Gerber, Jan Philipp","Gerber, Jan Philipp"
"91","gerber_jp_2025_091","HumanObservation",NA,NA,NA,"SPECIES",NA,"Gerber, J.P.","E_127","Gerber, J.P.","E","gerber_jp_2025",1,"Guzmania triangularis",5.49523,-75.84909,"2025-05-23","change1: Filled coordinateUncertaintyInMeters from decimal-place precision (conservative). | epi_taxo: acceptedName(match1); authorship_epig(match1); genus_from_scientificName; family_WFO; order_majorGroup_WCVP [2026-03-11] | CoordinateCleaner QA applied without sea test (validity, equal, zeros, capitals, centroids, gbif, institutions) [2026-04-14]","standardized author name in recordedBy / standardized author name in identifiedBy","Gerber, Jan Philipp","Gerber, Jan Philipp"
"92","gerber_jp_2025_092","HumanObservation",NA,NA,NA,"SPECIES",NA,"Gerber, J.P.","E_128","Gerber, J.P.","E","gerber_jp_2025",1,"Columnea purpurata",5.49523,-75.84909,"2025-05-23","change1: Filled coordinateUncertaintyInMeters from decimal-place precision (conservative). | epi_taxo: acceptedName(match1); authorship_epig(match1); genus_from_scientificName; family_WFO; order_majorGroup_WCVP [2026-03-11] | CoordinateCleaner QA applied without sea test (validity, equal, zeros, capitals, centroids, gbif, institutions) [2026-04-14]","standardized author name in recordedBy / standardized author name in identifiedBy","Gerber, Jan Philipp","Gerber, Jan Philipp"
"93","gerber_jp_2025_093","HumanObservation",NA,NA,NA,"SPECIES",NA,"Gerber, J.P.","E_129","Gerber, J.P.","E","gerber_jp_2025",1,"Guzmania triangularis",5.49523,-75.84909,"2025-05-23","change1: Filled coordinateUncertaintyInMeters from decimal-place precision (conservative). | epi_taxo: acceptedName(match1); authorship_epig(match1); genus_from_scientificName; family_WFO; order_majorGroup_WCVP [2026-03-11] | CoordinateCleaner QA applied without sea test (validity, equal, zeros, capitals, centroids, gbif, institutions) [2026-04-14]","standardized author name in recordedBy / standardized author name in identifiedBy","Gerber, Jan Philipp","Gerber, Jan Philipp"
"94","gerber_jp_2025_094","HumanObservation",NA,NA,NA,"SPECIES",NA,"Gerber, J.P.","E_130","Gerber, J.P.","E","gerber_jp_2025",1,"Peperomia swartziana",5.49523,-75.84909,"2025-05-23","change1: Filled coordinateUncertaintyInMeters from decimal-place precision (conservative). | epi_taxo: acceptedName(match1); authorship_epig(match1); genus_from_scientificName; family_WFO; order_majorGroup_WCVP [2026-03-11] | CoordinateCleaner QA applied without sea test (validity, equal, zeros, capitals, centroids, gbif, institutions) [2026-04-14]","standardized author name in recordedBy / standardized author name in identifiedBy","Gerber, Jan Philipp","Gerber, Jan Philipp"
"95","gerber_jp_2025_095","HumanObservation",NA,NA,NA,"SPECIES",NA,"Gerber, J.P.","E_131","Gerber, J.P.","E","gerber_jp_2025",1,"Peperomia swartziana",5.49523,-75.84909,"2025-05-23","change1: Filled coordinateUncertaintyInMeters from decimal-place precision (conservative). | epi_taxo: acceptedName(match1); authorship_epig(match1); genus_from_scientificName; family_WFO; order_majorGroup_WCVP [2026-03-11] | CoordinateCleaner QA applied without sea test (validity, equal, zeros, capitals, centroids, gbif, institutions) [2026-04-14]","standardized author name in recordedBy / standardized author name in identifiedBy","Gerber, Jan Philipp","Gerber, Jan Philipp"
"96","gerber_jp_2025_096","HumanObservation",NA,NA,NA,"SPECIES",NA,"Gerber, J.P.","E_132","Gerber, J.P.","E","gerber_jp_2025",1,"Peperomia swartziana",5.49523,-75.84909,"2025-05-23","change1: Filled coordinateUncertaintyInMeters from decimal-place precision (conservative). | epi_taxo: acceptedName(match1); authorship_epig(match1); genus_from_scientificName; family_WFO; order_majorGroup_WCVP [2026-03-11] | CoordinateCleaner QA applied without sea test (validity, equal, zeros, capitals, centroids, gbif, institutions) [2026-04-14]","standardized author name in recordedBy / standardized author name in identifiedBy","Gerber, Jan Philipp","Gerber, Jan Philipp"
"97","gerber_jp_2025_097","HumanObservation",NA,NA,NA,"SPECIES",NA,"Gerber, J.P.","E_133","Gerber, J.P.","E","gerber_jp_2025",1,"Guzmania triangularis",5.49406,-75.8495,"2025-05-23","change1: Filled coordinateUncertaintyInMeters from decimal-place precision (conservative). | epi_taxo: acceptedName(match1); authorship_epig(match1); genus_from_scientificName; family_WFO; order_majorGroup_WCVP [2026-03-11] | CoordinateCleaner QA applied without sea test (validity, equal, zeros, capitals, centroids, gbif, institutions) [2026-04-14]","standardized author name in recordedBy / standardized author name in identifiedBy","Gerber, Jan Philipp","Gerber, Jan Philipp"
"98","gerber_jp_2025_098","HumanObservation",NA,NA,NA,"SPECIES",NA,"Gerber, J.P.","E_134","Gerber, J.P.","E","gerber_jp_2025",2,"Peperomia swartziana",5.49406,-75.8495,"2025-05-23","change1: Filled coordinateUncertaintyInMeters from decimal-place precision (conservative). | epi_taxo: acceptedName(match1); authorship_epig(match1); genus_from_scientificName; family_WFO; order_majorGroup_WCVP [2026-03-11] | CoordinateCleaner QA applied without sea test (validity, equal, zeros, capitals, centroids, gbif, institutions) [2026-04-14]","standardized author name in recordedBy / standardized author name in identifiedBy","Gerber, Jan Philipp","Gerber, Jan Philipp"
"99","gerber_jp_2025_099","HumanObservation",NA,NA,NA,"SPECIES",NA,"Gerber, J.P.","E_135","Gerber, J.P.","E","gerber_jp_2025",1,"Peperomia swartziana",5.49406,-75.8495,"2025-05-23","change1: Filled coordinateUncertaintyInMeters from decimal-place precision (conservative). | epi_taxo: acceptedName(match1); authorship_epig(match1); genus_from_scientificName; family_WFO; order_majorGroup_WCVP [2026-03-11] | CoordinateCleaner QA applied without sea test (validity, equal, zeros, capitals, centroids, gbif, institutions) [2026-04-14]","standardized author name in recordedBy / standardized author name in identifiedBy","Gerber, Jan Philipp","Gerber, Jan Philipp"
"100","gerber_jp_2025_100","HumanObservation",NA,NA,NA,"SPECIES",NA,"Gerber, J.P.","E_136","Gerber, J.P.","E","gerber_jp_2025",1,"Peperomia swartziana",5.49406,-75.8495,"2025-05-23","change1: Filled coordinateUncertaintyInMeters from decimal-place precision (conservative). | epi_taxo: acceptedName(match1); authorship_epig(match1); genus_from_scientificName; family_WFO; order_majorGroup_WCVP [2026-03-11] | CoordinateCleaner QA applied without sea test (validity, equal, zeros, capitals, centroids, gbif, institutions) [2026-04-14]","standardized author name in recordedBy / standardized author name in identifiedBy","Gerber, Jan Philipp","Gerber, Jan Philipp"
"101","gerber_jp_2025_101","HumanObservation",NA,NA,NA,"SPECIES",NA,"Gerber, J.P.","E_137","Gerber, J.P.","E","gerber_jp_2025",1,"Peperomia swartziana",5.49406,-75.8495,"2025-05-23","change1: Filled coordinateUncertaintyInMeters from decimal-place precision (conservative). | epi_taxo: acceptedName(match1); authorship_epig(match1); genus_from_scientificName; family_WFO; order_majorGroup_WCVP [2026-03-11] | CoordinateCleaner QA applied without sea test (validity, equal, zeros, capitals, centroids, gbif, institutions) [2026-04-14]","standardized author name in recordedBy / standardized author name in identifiedBy","Gerber, Jan Philipp","Gerber, Jan Philipp"
"102","gerber_jp_2025_102","HumanObservation",NA,NA,NA,"SPECIES",NA,"Gerber, J.P.","E_138","Gerber, J.P.","E","gerber_jp_2025",1,"Peperomia swartziana",5.49406,-75.8495,"2025-05-23","change1: Filled coordinateUncertaintyInMeters from decimal-place precision (conservative). | epi_taxo: acceptedName(match1); authorship_epig(match1); genus_from_scientificName; family_WFO; order_majorGroup_WCVP [2026-03-11] | CoordinateCleaner QA applied without sea test (validity, equal, zeros, capitals, centroids, gbif, institutions) [2026-04-14]","standardized author name in recordedBy / standardized author name in identifiedBy","Gerber, Jan Philipp","Gerber, Jan Philipp"
"103","gerber_jp_2025_103","HumanObservation",NA,NA,NA,"SPECIES",NA,"Gerber, J.P.","E_139","Gerber, J.P.","E","gerber_jp_2025",1,"Guzmania triangularis",5.49406,-75.8495,"2025-05-23","change1: Filled coordinateUncertaintyInMeters from decimal-place precision (conservative). | epi_taxo: acceptedName(match1); authorship_epig(match1); genus_from_scientificName; family_WFO; order_majorGroup_WCVP [2026-03-11] | CoordinateCleaner QA applied without sea test (validity, equal, zeros, capitals, centroids, gbif, institutions) [2026-04-14]","standardized author name in recordedBy / standardized author name in identifiedBy","Gerber, Jan Philipp","Gerber, Jan Philipp"
"104","gerber_jp_2025_104","HumanObservation",NA,NA,NA,"SPECIES",NA,"Gerber, J.P.","E_140","Gerber, J.P.","E","gerber_jp_2025",1,"Guzmania triangularis",5.49406,-75.8495,"2025-05-23","change1: Filled coordinateUncertaintyInMeters from decimal-place precision (conservative). | epi_taxo: acceptedName(match1); authorship_epig(match1); genus_from_scientificName; family_WFO; order_majorGroup_WCVP [2026-03-11] | CoordinateCleaner QA applied without sea test (validity, equal, zeros, capitals, centroids, gbif, institutions) [2026-04-14]","standardized author name in recordedBy / standardized author name in identifiedBy","Gerber, Jan Philipp","Gerber, Jan Philipp"
"105","gerber_jp_2025_105","HumanObservation",NA,NA,NA,"SPECIES",NA,"Gerber, J.P.","E_141","Gerber, J.P.","E","gerber_jp_2025",1,"Guzmania triangularis",5.49406,-75.8495,"2025-05-23","change1: Filled coordinateUncertaintyInMeters from decimal-place precision (conservative). | epi_taxo: acceptedName(match1); authorship_epig(match1); genus_from_scientificName; family_WFO; order_majorGroup_WCVP [2026-03-11] | CoordinateCleaner QA applied without sea test (validity, equal, zeros, capitals, centroids, gbif, institutions) [2026-04-14]","standardized author name in recordedBy / standardized author name in identifiedBy","Gerber, Jan Philipp","Gerber, Jan Philipp"
"106","gerber_jp_2025_106","HumanObservation",NA,NA,NA,"SPECIES",NA,"Gerber, J.P.","E_142","Gerber, J.P.","E","gerber_jp_2025",1,"Columnea purpurata",5.49406,-75.8495,"2025-05-23","change1: Filled coordinateUncertaintyInMeters from decimal-place precision (conservative). | epi_taxo: acceptedName(match1); authorship_epig(match1); genus_from_scientificName; family_WFO; order_majorGroup_WCVP [2026-03-11] | CoordinateCleaner QA applied without sea test (validity, equal, zeros, capitals, centroids, gbif, institutions) [2026-04-14]","standardized author name in recordedBy / standardized author name in identifiedBy","Gerber, Jan Philipp","Gerber, Jan Philipp"
"107","gerber_jp_2025_107","HumanObservation",NA,NA,NA,"SPECIES",NA,"Gerber, J.P.","E_143","Gerber, J.P.","E","gerber_jp_2025",1,"Peperomia swartziana",5.49406,-75.8495,"2025-05-23","change1: Filled coordinateUncertaintyInMeters from decimal-place precision (conservative). | epi_taxo: acceptedName(match1); authorship_epig(match1); genus_from_scientificName; family_WFO; order_majorGroup_WCVP [2026-03-11] | CoordinateCleaner QA applied without sea test (validity, equal, zeros, capitals, centroids, gbif, institutions) [2026-04-14]","standardized author name in recordedBy / standardized author name in identifiedBy","Gerber, Jan Philipp","Gerber, Jan Philipp"
"108","gerber_jp_2025_108","HumanObservation",NA,NA,NA,"SPECIES",NA,"Gerber, J.P.","E_144","Gerber, J.P.","E","gerber_jp_2025",1,"Peperomia swartziana",5.49406,-75.8495,"2025-05-23","change1: Filled coordinateUncertaintyInMeters from decimal-place precision (conservative). | epi_taxo: acceptedName(match1); authorship_epig(match1); genus_from_scientificName; family_WFO; order_majorGroup_WCVP [2026-03-11] | CoordinateCleaner QA applied without sea test (validity, equal, zeros, capitals, centroids, gbif, institutions) [2026-04-14]","standardized author name in recordedBy / standardized author name in identifiedBy","Gerber, Jan Philipp","Gerber, Jan Philipp"
"109","gerber_jp_2025_109","HumanObservation",NA,NA,NA,"SPECIES",NA,"Gerber, J.P.","E_145","Gerber, J.P.","E","gerber_jp_2025",1,"Peperomia swartziana",5.49406,-75.8495,"2025-05-23","change1: Filled coordinateUncertaintyInMeters from decimal-place precision (conservative). | epi_taxo: acceptedName(match1); authorship_epig(match1); genus_from_scientificName; family_WFO; order_majorGroup_WCVP [2026-03-11] | CoordinateCleaner QA applied without sea test (validity, equal, zeros, capitals, centroids, gbif, institutions) [2026-04-14]","standardized author name in recordedBy / standardized author name in identifiedBy","Gerber, Jan Philipp","Gerber, Jan Philipp"
"110","gerber_jp_2025_110","HumanObservation",NA,NA,NA,"SPECIES",NA,"Gerber, J.P.","E_146","Gerber, J.P.","E","gerber_jp_2025",3,"Pitcairnia bakeri",5.49406,-75.8495,"2025-05-23","change1: Filled coordinateUncertaintyInMeters from decimal-place precision (conservative). | epi_taxo: acceptedName(match1); authorship_epig(match1); genus_from_scientificName; family_WFO; order_majorGroup_WCVP [2026-03-11] | CoordinateCleaner QA applied without sea test (validity, equal, zeros, capitals, centroids, gbif, institutions) [2026-04-14]","standardized author name in recordedBy / standardized author name in identifiedBy","Gerber, Jan Philipp","Gerber, Jan Philipp"
"111","gerber_jp_2025_111","HumanObservation",NA,NA,NA,"SPECIES",NA,"Gerber, J.P.","E_147","Gerber, J.P.","E","gerber_jp_2025",1,"Peperomia heterophylla",5.49406,-75.8495,"2025-05-23","change1: Filled coordinateUncertaintyInMeters from decimal-place precision (conservative). | epi_taxo: acceptedName(match1); authorship_epig(match1); genus_from_scientificName; family_WFO; order_majorGroup_WCVP [2026-03-11] | CoordinateCleaner QA applied without sea test (validity, equal, zeros, capitals, centroids, gbif, institutions) [2026-04-14]","standardized author name in recordedBy / standardized author name in identifiedBy","Gerber, Jan Philipp","Gerber, Jan Philipp"
"112","gerber_jp_2025_112","HumanObservation",NA,NA,NA,"SPECIES",NA,"Gerber, J.P.","E_148","Gerber, J.P.","E","gerber_jp_2025",1,"Peperomia heterophylla",5.49406,-75.8495,"2025-05-23","change1: Filled coordinateUncertaintyInMeters from decimal-place precision (conservative). | epi_taxo: acceptedName(match1); authorship_epig(match1); genus_from_scientificName; family_WFO; order_majorGroup_WCVP [2026-03-11] | CoordinateCleaner QA applied without sea test (validity, equal, zeros, capitals, centroids, gbif, institutions) [2026-04-14]","standardized author name in recordedBy / standardized author name in identifiedBy","Gerber, Jan Philipp","Gerber, Jan Philipp"
"113","gerber_jp_2025_113","HumanObservation",NA,NA,NA,"SPECIES",NA,"Gerber, J.P.","E_149","Gerber, J.P.","E","gerber_jp_2025",1,"Peperomia swartziana",5.49406,-75.8495,"2025-05-23","change1: Filled coordinateUncertaintyInMeters from decimal-place precision (conservative). | epi_taxo: acceptedName(match1); authorship_epig(match1); genus_from_scientificName; family_WFO; order_majorGroup_WCVP [2026-03-11] | CoordinateCleaner QA applied without sea test (validity, equal, zeros, capitals, centroids, gbif, institutions) [2026-04-14]","standardized author name in recordedBy / standardized author name in identifiedBy","Gerber, Jan Philipp","Gerber, Jan Philipp"
"114","gerber_jp_2025_114","HumanObservation",NA,NA,NA,"SPECIES",NA,"Gerber, J.P.","E_150","Gerber, J.P.","E","gerber_jp_2025",1,"Peperomia swartziana",5.49406,-75.8495,"2025-05-23","change1: Filled coordinateUncertaintyInMeters from decimal-place precision (conservative). | epi_taxo: acceptedName(match1); authorship_epig(match1); genus_from_scientificName; family_WFO; order_majorGroup_WCVP [2026-03-11] | CoordinateCleaner QA applied without sea test (validity, equal, zeros, capitals, centroids, gbif, institutions) [2026-04-14]","standardized author name in recordedBy / standardized author name in identifiedBy","Gerber, Jan Philipp","Gerber, Jan Philipp"
"115","gerber_jp_2025_115","HumanObservation",NA,NA,NA,"SPECIES",NA,"Gerber, J.P.","E_152","Gerber, J.P.","E","gerber_jp_2025",1,"Peperomia swartziana",5.49357,-75.84911,"2025-05-23","change1: Filled coordinateUncertaintyInMeters from decimal-place precision (conservative). | epi_taxo: acceptedName(match1); authorship_epig(match1); genus_from_scientificName; family_WFO; order_majorGroup_WCVP [2026-03-11] | CoordinateCleaner QA applied without sea test (validity, equal, zeros, capitals, centroids, gbif, institutions) [2026-04-14]","standardized author name in recordedBy / standardized author name in identifiedBy","Gerber, Jan Philipp","Gerber, Jan Philipp"
"116","gerber_jp_2025_116","HumanObservation",NA,NA,NA,"SPECIES",NA,"Gerber, J.P.","E_153","Gerber, J.P.","E","gerber_jp_2025",1,"Peperomia swartziana",5.49357,-75.84911,"2025-05-23","change1: Filled coordinateUncertaintyInMeters from decimal-place precision (conservative). | epi_taxo: acceptedName(match1); authorship_epig(match1); genus_from_scientificName; family_WFO; order_majorGroup_WCVP [2026-03-11] | CoordinateCleaner QA applied without sea test (validity, equal, zeros, capitals, centroids, gbif, institutions) [2026-04-14]","standardized author name in recordedBy / standardized author name in identifiedBy","Gerber, Jan Philipp","Gerber, Jan Philipp"
"117","gerber_jp_2025_117","HumanObservation",NA,NA,NA,"SPECIES",NA,"Gerber, J.P.","E_154","Gerber, J.P.","E","gerber_jp_2025",1,"Guzmania triangularis",5.49357,-75.84911,"2025-05-23","change1: Filled coordinateUncertaintyInMeters from decimal-place precision (conservative). | epi_taxo: acceptedName(match1); authorship_epig(match1); genus_from_scientificName; family_WFO; order_majorGroup_WCVP [2026-03-11] | CoordinateCleaner QA applied without sea test (validity, equal, zeros, capitals, centroids, gbif, institutions) [2026-04-14]","standardized author name in recordedBy / standardized author name in identifiedBy","Gerber, Jan Philipp","Gerber, Jan Philipp"
"118","gerber_jp_2025_118","HumanObservation",NA,NA,NA,"SPECIES",NA,"Gerber, J.P.","E_155","Gerber, J.P.","E","gerber_jp_2025",1,"Guzmania triangularis",5.49357,-75.84911,"2025-05-23","change1: Filled coordinateUncertaintyInMeters from decimal-place precision (conservative). | epi_taxo: acceptedName(match1); authorship_epig(match1); genus_from_scientificName; family_WFO; order_majorGroup_WCVP [2026-03-11] | CoordinateCleaner QA applied without sea test (validity, equal, zeros, capitals, centroids, gbif, institutions) [2026-04-14]","standardized author name in recordedBy / standardized author name in identifiedBy","Gerber, Jan Philipp","Gerber, Jan Philipp"
"119","gerber_jp_2025_119","HumanObservation",NA,NA,NA,"SPECIES",NA,"Gerber, J.P.","E_156","Gerber, J.P.","E","gerber_jp_2025",1,"Peperomia swartziana",5.49357,-75.84911,"2025-05-23","change1: Filled coordinateUncertaintyInMeters from decimal-place precision (conservative). | epi_taxo: acceptedName(match1); authorship_epig(match1); genus_from_scientificName; family_WFO; order_majorGroup_WCVP [2026-03-11] | CoordinateCleaner QA applied without sea test (validity, equal, zeros, capitals, centroids, gbif, institutions) [2026-04-14]","standardized author name in recordedBy / standardized author name in identifiedBy","Gerber, Jan Philipp","Gerber, Jan Philipp"
"120","gerber_jp_2025_120","HumanObservation",NA,NA,NA,"SPECIES",NA,"Gerber, J.P.","E_157","Gerber, J.P.","E","gerber_jp_2025",1,"Peperomia swartziana",5.49357,-75.84911,"2025-05-23","change1: Filled coordinateUncertaintyInMeters from decimal-place precision (conservative). | epi_taxo: acceptedName(match1); authorship_epig(match1); genus_from_scientificName; family_WFO; order_majorGroup_WCVP [2026-03-11] | CoordinateCleaner QA applied without sea test (validity, equal, zeros, capitals, centroids, gbif, institutions) [2026-04-14]","standardized author name in recordedBy / standardized author name in identifiedBy","Gerber, Jan Philipp","Gerber, Jan Philipp"
"121","gerber_jp_2025_121","HumanObservation",NA,NA,NA,"SPECIES",NA,"Gerber, J.P.","E_158","Gerber, J.P.","E","gerber_jp_2025",1,"Peperomia swartziana",5.49357,-75.84911,"2025-05-23","change1: Filled coordinateUncertaintyInMeters from decimal-place precision (conservative). | epi_taxo: acceptedName(match1); authorship_epig(match1); genus_from_scientificName; family_WFO; order_majorGroup_WCVP [2026-03-11] | CoordinateCleaner QA applied without sea test (validity, equal, zeros, capitals, centroids, gbif, institutions) [2026-04-14]","standardized author name in recordedBy / standardized author name in identifiedBy","Gerber, Jan Philipp","Gerber, Jan Philipp"
"122","gerber_jp_2025_122","HumanObservation",NA,NA,NA,"SPECIES",NA,"Gerber, J.P.","E_159","Gerber, J.P.","E","gerber_jp_2025",1,"Peperomia swartziana",5.49357,-75.84911,"2025-05-23","change1: Filled coordinateUncertaintyInMeters from decimal-place precision (conservative). | epi_taxo: acceptedName(match1); authorship_epig(match1); genus_from_scientificName; family_WFO; order_majorGroup_WCVP [2026-03-11] | CoordinateCleaner QA applied without sea test (validity, equal, zeros, capitals, centroids, gbif, institutions) [2026-04-14]","standardized author name in recordedBy / standardized author name in identifiedBy","Gerber, Jan Philipp","Gerber, Jan Philipp"
"123","gerber_jp_2025_123","HumanObservation",NA,NA,NA,"SPECIES",NA,"Gerber, J.P.","E_160","Gerber, J.P.","E","gerber_jp_2025",1,"Peperomia swartziana",5.49357,-75.84911,"2025-05-23","change1: Filled coordinateUncertaintyInMeters from decimal-place precision (conservative). | epi_taxo: acceptedName(match1); authorship_epig(match1); genus_from_scientificName; family_WFO; order_majorGroup_WCVP [2026-03-11] | CoordinateCleaner QA applied without sea test (validity, equal, zeros, capitals, centroids, gbif, institutions) [2026-04-14]","standardized author name in recordedBy / standardized author name in identifiedBy","Gerber, Jan Philipp","Gerber, Jan Philipp"
"124","gerber_jp_2025_124","HumanObservation",NA,NA,NA,"SPECIES",NA,"Gerber, J.P.","E_161","Gerber, J.P.","E","gerber_jp_2025",1,"Peperomia swartziana",5.49357,-75.84911,"2025-05-23","change1: Filled coordinateUncertaintyInMeters from decimal-place precision (conservative). | epi_taxo: acceptedName(match1); authorship_epig(match1); genus_from_scientificName; family_WFO; order_majorGroup_WCVP [2026-03-11] | CoordinateCleaner QA applied without sea test (validity, equal, zeros, capitals, centroids, gbif, institutions) [2026-04-14]","standardized author name in recordedBy / standardized author name in identifiedBy","Gerber, Jan Philipp","Gerber, Jan Philipp"
"125","gerber_jp_2025_125","HumanObservation",NA,NA,NA,"SPECIES",NA,"Gerber, J.P.","E_162","Gerber, J.P.","E","gerber_jp_2025",1,"Peperomia swartziana",5.49357,-75.84911,"2025-05-23","change1: Filled coordinateUncertaintyInMeters from decimal-place precision (conservative). | epi_taxo: acceptedName(match1); authorship_epig(match1); genus_from_scientificName; family_WFO; order_majorGroup_WCVP [2026-03-11] | CoordinateCleaner QA applied without sea test (validity, equal, zeros, capitals, centroids, gbif, institutions) [2026-04-14]","standardized author name in recordedBy / standardized author name in identifiedBy","Gerber, Jan Philipp","Gerber, Jan Philipp"
"126","gerber_jp_2025_126","HumanObservation",NA,NA,NA,"SPECIES",NA,"Gerber, J.P.","E_163","Gerber, J.P.","E","gerber_jp_2025",1,"Peperomia swartziana",5.49357,-75.84911,"2025-05-23","change1: Filled coordinateUncertaintyInMeters from decimal-place precision (conservative). | epi_taxo: acceptedName(match1); authorship_epig(match1); genus_from_scientificName; family_WFO; order_majorGroup_WCVP [2026-03-11] | CoordinateCleaner QA applied without sea test (validity, equal, zeros, capitals, centroids, gbif, institutions) [2026-04-14]","standardized author name in recordedBy / standardized author name in identifiedBy","Gerber, Jan Philipp","Gerber, Jan Philipp"
"127","gerber_jp_2025_127","HumanObservation",NA,NA,NA,"SPECIES",NA,"Gerber, J.P.","E_164","Gerber, J.P.","E","gerber_jp_2025",1,"Peperomia swartziana",5.49357,-75.84911,"2025-05-23","change1: Filled coordinateUncertaintyInMeters from decimal-place precision (conservative). | epi_taxo: acceptedName(match1); authorship_epig(match1); genus_from_scientificName; family_WFO; order_majorGroup_WCVP [2026-03-11] | CoordinateCleaner QA applied without sea test (validity, equal, zeros, capitals, centroids, gbif, institutions) [2026-04-14]","standardized author name in recordedBy / standardized author name in identifiedBy","Gerber, Jan Philipp","Gerber, Jan Philipp"
"128","gerber_jp_2025_128","HumanObservation",NA,NA,NA,"SPECIES",NA,"Gerber, J.P.","E_165","Gerber, J.P.","E","gerber_jp_2025",1,"Peperomia swartziana",5.49591,-75.8488,"2025-05-23","change1: Filled coordinateUncertaintyInMeters from decimal-place precision (conservative). | epi_taxo: acceptedName(match1); authorship_epig(match1); genus_from_scientificName; family_WFO; order_majorGroup_WCVP [2026-03-11] | CoordinateCleaner QA applied without sea test (validity, equal, zeros, capitals, centroids, gbif, institutions) [2026-04-14]","standardized author name in recordedBy / standardized author name in identifiedBy","Gerber, Jan Philipp","Gerber, Jan Philipp"
"129","gerber_jp_2025_129","HumanObservation",NA,NA,NA,"SPECIES",NA,"Gerber, J.P.","E_166","Gerber, J.P.","E","gerber_jp_2025",1,"Columnea dimidiata",5.49591,-75.8488,"2025-05-23","change1: Filled coordinateUncertaintyInMeters from decimal-place precision (conservative). | epi_taxo: acceptedName(match1); authorship_epig(match1); genus_from_scientificName; family_WFO; order_majorGroup_WCVP [2026-03-11] | CoordinateCleaner QA applied without sea test (validity, equal, zeros, capitals, centroids, gbif, institutions) [2026-04-14]","standardized author name in recordedBy / standardized author name in identifiedBy","Gerber, Jan Philipp","Gerber, Jan Philipp"
"130","gerber_jp_2025_130","HumanObservation",NA,NA,NA,"SPECIES",NA,"Gerber, J.P.","E_167","Gerber, J.P.","E","gerber_jp_2025",1,"Guzmania triangularis",5.49591,-75.8488,"2025-05-23","change1: Filled coordinateUncertaintyInMeters from decimal-place precision (conservative). | epi_taxo: acceptedName(match1); authorship_epig(match1); genus_from_scientificName; family_WFO; order_majorGroup_WCVP [2026-03-11] | CoordinateCleaner QA applied without sea test (validity, equal, zeros, capitals, centroids, gbif, institutions) [2026-04-14]","standardized author name in recordedBy / standardized author name in identifiedBy","Gerber, Jan Philipp","Gerber, Jan Philipp"
"131","gerber_jp_2025_131","HumanObservation",NA,NA,NA,"SPECIES",NA,"Gerber, J.P.","E_168","Gerber, J.P.","E","gerber_jp_2025",1,"Guzmania triangularis",5.49591,-75.8488,"2025-05-23","change1: Filled coordinateUncertaintyInMeters from decimal-place precision (conservative). | epi_taxo: acceptedName(match1); authorship_epig(match1); genus_from_scientificName; family_WFO; order_majorGroup_WCVP [2026-03-11] | CoordinateCleaner QA applied without sea test (validity, equal, zeros, capitals, centroids, gbif, institutions) [2026-04-14]","standardized author name in recordedBy / standardized author name in identifiedBy","Gerber, Jan Philipp","Gerber, Jan Philipp"
"132","gerber_jp_2025_132","HumanObservation",NA,NA,NA,"SPECIES",NA,"Gerber, J.P.","E_169","Gerber, J.P.","E","gerber_jp_2025",0,"",5.49591,-75.8488,"2025-05-23","change1: Filled coordinateUncertaintyInMeters from decimal-place precision (conservative). | epi_taxo: acceptedName(match1); authorship_epig(match1); genus_from_scientificName; family_WFO; order_majorGroup_WCVP [2026-03-11] | CoordinateCleaner QA applied without sea test (validity, equal, zeros, capitals, centroids, gbif, institutions) [2026-04-14]","standardized author name in recordedBy / standardized author name in identifiedBy","Gerber, Jan Philipp","Gerber, Jan Philipp"
"133","gerber_jp_2025_133","HumanObservation",NA,NA,NA,"SPECIES",NA,"Gerber, J.P.","E_170","Gerber, J.P.","E","gerber_jp_2025",0,"",5.49591,-75.8488,"2025-05-23","change1: Filled coordinateUncertaintyInMeters from decimal-place precision (conservative). | epi_taxo: acceptedName(match1); authorship_epig(match1); genus_from_scientificName; family_WFO; order_majorGroup_WCVP [2026-03-11] | CoordinateCleaner QA applied without sea test (validity, equal, zeros, capitals, centroids, gbif, institutions) [2026-04-14]","standardized author name in recordedBy / standardized author name in identifiedBy","Gerber, Jan Philipp","Gerber, Jan Philipp"
"134","gerber_jp_2025_134","HumanObservation",NA,NA,NA,"SPECIES",NA,"Gerber, J.P.","E_171","Gerber, J.P.","E","gerber_jp_2025",1,"Guzmania triangularis",5.49591,-75.8488,"2025-05-23","change1: Filled coordinateUncertaintyInMeters from decimal-place precision (conservative). | epi_taxo: acceptedName(match1); authorship_epig(match1); genus_from_scientificName; family_WFO; order_majorGroup_WCVP [2026-03-11] | CoordinateCleaner QA applied without sea test (validity, equal, zeros, capitals, centroids, gbif, institutions) [2026-04-14]","standardized author name in recordedBy / standardized author name in identifiedBy","Gerber, Jan Philipp","Gerber, Jan Philipp"
"135","gerber_jp_2025_135","HumanObservation",NA,NA,NA,"SPECIES",NA,"Gerber, J.P.","E_172","Gerber, J.P.","E","gerber_jp_2025",0,"",5.49591,-75.8488,"2025-05-23","change1: Filled coordinateUncertaintyInMeters from decimal-place precision (conservative). | epi_taxo: acceptedName(match1); authorship_epig(match1); genus_from_scientificName; family_WFO; order_majorGroup_WCVP [2026-03-11] | CoordinateCleaner QA applied without sea test (validity, equal, zeros, capitals, centroids, gbif, institutions) [2026-04-14]","standardized author name in recordedBy / standardized author name in identifiedBy","Gerber, Jan Philipp","Gerber, Jan Philipp"
"136","gerber_jp_2025_136","HumanObservation",NA,NA,NA,"SPECIES",NA,"Gerber, J.P.","E_173","Gerber, J.P.","E","gerber_jp_2025",1,"Columnea purpurata",5.49591,-75.8488,"2025-05-23","change1: Filled coordinateUncertaintyInMeters from decimal-place precision (conservative). | epi_taxo: acceptedName(match1); authorship_epig(match1); genus_from_scientificName; family_WFO; order_majorGroup_WCVP [2026-03-11] | CoordinateCleaner QA applied without sea test (validity, equal, zeros, capitals, centroids, gbif, institutions) [2026-04-14]","standardized author name in recordedBy / standardized author name in identifiedBy","Gerber, Jan Philipp","Gerber, Jan Philipp"
"137","gerber_jp_2025_137","HumanObservation",NA,NA,NA,"SPECIES",NA,"Gerber, J.P.","E_174","Gerber, J.P.","E","gerber_jp_2025",1,"Guzmania triangularis",5.49591,-75.8488,"2025-05-23","change1: Filled coordinateUncertaintyInMeters from decimal-place precision (conservative). | epi_taxo: acceptedName(match1); authorship_epig(match1); genus_from_scientificName; family_WFO; order_majorGroup_WCVP [2026-03-11] | CoordinateCleaner QA applied without sea test (validity, equal, zeros, capitals, centroids, gbif, institutions) [2026-04-14]","standardized author name in recordedBy / standardized author name in identifiedBy","Gerber, Jan Philipp","Gerber, Jan Philipp"
"138","gerber_jp_2025_138","HumanObservation",NA,NA,NA,"SPECIES",NA,"Gerber, J.P.","E_175","Gerber, J.P.","E","gerber_jp_2025",1,"Peperomia swartziana",5.49591,-75.8488,"2025-05-23","change1: Filled coordinateUncertaintyInMeters from decimal-place precision (conservative). | epi_taxo: acceptedName(match1); authorship_epig(match1); genus_from_scientificName; family_WFO; order_majorGroup_WCVP [2026-03-11] | CoordinateCleaner QA applied without sea test (validity, equal, zeros, capitals, centroids, gbif, institutions) [2026-04-14]","standardized author name in recordedBy / standardized author name in identifiedBy","Gerber, Jan Philipp","Gerber, Jan Philipp"
"139","gerber_jp_2025_139","HumanObservation",NA,NA,NA,"SPECIES",NA,"Gerber, J.P.","E_176","Gerber, J.P.","E","gerber_jp_2025",1,"Guzmania triangularis",5.49591,-75.8488,"2025-05-23","change1: Filled coordinateUncertaintyInMeters from decimal-place precision (conservative). | epi_taxo: acceptedName(match1); authorship_epig(match1); genus_from_scientificName; family_WFO; order_majorGroup_WCVP [2026-03-11] | CoordinateCleaner QA applied without sea test (validity, equal, zeros, capitals, centroids, gbif, institutions) [2026-04-14]","standardized author name in recordedBy / standardized author name in identifiedBy","Gerber, Jan Philipp","Gerber, Jan Philipp"
"140","gerber_jp_2025_140","HumanObservation",NA,NA,NA,"SPECIES",NA,"Gerber, J.P.","E_177","Gerber, J.P.","E","gerber_jp_2025",1,"Peperomia swartziana",5.49591,-75.8488,"2025-05-23","change1: Filled coordinateUncertaintyInMeters from decimal-place precision (conservative). | epi_taxo: acceptedName(match1); authorship_epig(match1); genus_from_scientificName; family_WFO; order_majorGroup_WCVP [2026-03-11] | CoordinateCleaner QA applied without sea test (validity, equal, zeros, capitals, centroids, gbif, institutions) [2026-04-14]","standardized author name in recordedBy / standardized author name in identifiedBy","Gerber, Jan Philipp","Gerber, Jan Philipp"
"141","gerber_jp_2025_141","HumanObservation",NA,NA,NA,"SPECIES",NA,"Gerber, J.P.","E_178","Gerber, J.P.","E","gerber_jp_2025",1,"Peperomia swartziana",5.49591,-75.8488,"2025-05-23","change1: Filled coordinateUncertaintyInMeters from decimal-place precision (conservative). | epi_taxo: acceptedName(match1); authorship_epig(match1); genus_from_scientificName; family_WFO; order_majorGroup_WCVP [2026-03-11] | CoordinateCleaner QA applied without sea test (validity, equal, zeros, capitals, centroids, gbif, institutions) [2026-04-14]","standardized author name in recordedBy / standardized author name in identifiedBy","Gerber, Jan Philipp","Gerber, Jan Philipp"
"142","gerber_jp_2025_142","HumanObservation",NA,NA,NA,"SPECIES",NA,"Gerber, J.P.","E_179","Gerber, J.P.","E","gerber_jp_2025",1,"Peperomia swartziana",5.49591,-75.8488,"2025-05-23","change1: Filled coordinateUncertaintyInMeters from decimal-place precision (conservative). | epi_taxo: acceptedName(match1); authorship_epig(match1); genus_from_scientificName; family_WFO; order_majorGroup_WCVP [2026-03-11] | CoordinateCleaner QA applied without sea test (validity, equal, zeros, capitals, centroids, gbif, institutions) [2026-04-14]","standardized author name in recordedBy / standardized author name in identifiedBy","Gerber, Jan Philipp","Gerber, Jan Philipp"
"143","gerber_jp_2025_143","HumanObservation",NA,NA,NA,"SPECIES",NA,"Gerber, J.P.","E_180","Gerber, J.P.","E","gerber_jp_2025",1,"Peperomia swartziana",5.49591,-75.8488,"2025-05-23","change1: Filled coordinateUncertaintyInMeters from decimal-place precision (conservative). | epi_taxo: acceptedName(match1); authorship_epig(match1); genus_from_scientificName; family_WFO; order_majorGroup_WCVP [2026-03-11] | CoordinateCleaner QA applied without sea test (validity, equal, zeros, capitals, centroids, gbif, institutions) [2026-04-14]","standardized author name in recordedBy / standardized author name in identifiedBy","Gerber, Jan Philipp","Gerber, Jan Philipp"
"144","gerber_jp_2025_144","HumanObservation",NA,NA,NA,"SPECIES",NA,"Gerber, J.P.","E_181","Gerber, J.P.","E","gerber_jp_2025",1,"Peperomia swartziana",5.49591,-75.8488,"2025-05-23","change1: Filled coordinateUncertaintyInMeters from decimal-place precision (conservative). | epi_taxo: acceptedName(match1); authorship_epig(match1); genus_from_scientificName; family_WFO; order_majorGroup_WCVP [2026-03-11] | CoordinateCleaner QA applied without sea test (validity, equal, zeros, capitals, centroids, gbif, institutions) [2026-04-14]","standardized author name in recordedBy / standardized author name in identifiedBy","Gerber, Jan Philipp","Gerber, Jan Philipp"
"145","gerber_jp_2025_145","HumanObservation",NA,NA,NA,"SPECIES",NA,"Gerber, J.P.","E_182","Gerber, J.P.","E","gerber_jp_2025",1,"Guzmania triangularis",5.49591,-75.8488,"2025-05-23","change1: Filled coordinateUncertaintyInMeters from decimal-place precision (conservative). | epi_taxo: acceptedName(match1); authorship_epig(match1); genus_from_scientificName; family_WFO; order_majorGroup_WCVP [2026-03-11] | CoordinateCleaner QA applied without sea test (validity, equal, zeros, capitals, centroids, gbif, institutions) [2026-04-14]","standardized author name in recordedBy / standardized author name in identifiedBy","Gerber, Jan Philipp","Gerber, Jan Philipp"
"146","gerber_jp_2025_146","HumanObservation",NA,NA,NA,"SPECIES",NA,"Gerber, J.P.","E_183","Gerber, J.P.","E","gerber_jp_2025",1,"Columnea fuscihirta",5.49591,-75.8488,"2025-05-23","change1: Filled coordinateUncertaintyInMeters from decimal-place precision (conservative). | epi_taxo: acceptedName(match1); authorship_epig(match1); genus_from_scientificName; family_WFO; order_majorGroup_WCVP [2026-03-11] | CoordinateCleaner QA applied without sea test (validity, equal, zeros, capitals, centroids, gbif, institutions) [2026-04-14]","standardized author name in recordedBy / standardized author name in identifiedBy","Gerber, Jan Philipp","Gerber, Jan Philipp"
"147","gerber_jp_2025_147","HumanObservation",NA,NA,NA,"SPECIES",NA,"Gerber, J.P.","E_184","Gerber, J.P.","E","gerber_jp_2025",1,"Peperomia swartziana",5.49591,-75.8488,"2025-05-23","change1: Filled coordinateUncertaintyInMeters from decimal-place precision (conservative). | epi_taxo: acceptedName(match1); authorship_epig(match1); genus_from_scientificName; family_WFO; order_majorGroup_WCVP [2026-03-11] | CoordinateCleaner QA applied without sea test (validity, equal, zeros, capitals, centroids, gbif, institutions) [2026-04-14]","standardized author name in recordedBy / standardized author name in identifiedBy","Gerber, Jan Philipp","Gerber, Jan Philipp"
"148","gerber_jp_2025_148","HumanObservation",NA,NA,NA,"SPECIES",NA,"Gerber, J.P.","E_185","Gerber, J.P.","E","gerber_jp_2025",1,"Peperomia swartziana",5.49591,-75.8488,"2025-05-23","change1: Filled coordinateUncertaintyInMeters from decimal-place precision (conservative). | epi_taxo: acceptedName(match1); authorship_epig(match1); genus_from_scientificName; family_WFO; order_majorGroup_WCVP [2026-03-11] | CoordinateCleaner QA applied without sea test (validity, equal, zeros, capitals, centroids, gbif, institutions) [2026-04-14]","standardized author name in recordedBy / standardized author name in identifiedBy","Gerber, Jan Philipp","Gerber, Jan Philipp"
"149","gerber_jp_2025_149","HumanObservation",NA,NA,NA,"SPECIES",NA,"Gerber, J.P.","E_186","Gerber, J.P.","E","gerber_jp_2025",1,"Columnea purpurata",5.49591,-75.8488,"2025-05-23","change1: Filled coordinateUncertaintyInMeters from decimal-place precision (conservative). | epi_taxo: acceptedName(match1); authorship_epig(match1); genus_from_scientificName; family_WFO; order_majorGroup_WCVP [2026-03-11] | CoordinateCleaner QA applied without sea test (validity, equal, zeros, capitals, centroids, gbif, institutions) [2026-04-14]","standardized author name in recordedBy / standardized author name in identifiedBy","Gerber, Jan Philipp","Gerber, Jan Philipp"
"150","gerber_jp_2025_150","HumanObservation",NA,NA,NA,"SPECIES",NA,"Gerber, J.P.","E_187","Gerber, J.P.","E","gerber_jp_2025",1,"Guzmania triangularis",5.49591,-75.8488,"2025-05-23","change1: Filled coordinateUncertaintyInMeters from decimal-place precision (conservative). | epi_taxo: acceptedName(match1); authorship_epig(match1); genus_from_scientificName; family_WFO; order_majorGroup_WCVP [2026-03-11] | CoordinateCleaner QA applied without sea test (validity, equal, zeros, capitals, centroids, gbif, institutions) [2026-04-14]","standardized author name in recordedBy / standardized author name in identifiedBy","Gerber, Jan Philipp","Gerber, Jan Philipp"
"151","gerber_jp_2025_151","HumanObservation",NA,NA,NA,"SPECIES",NA,"Gerber, J.P.","E_188","Gerber, J.P.","E","gerber_jp_2025",1,"Peperomia swartziana",5.49591,-75.8488,"2025-05-23","change1: Filled coordinateUncertaintyInMeters from decimal-place precision (conservative). | epi_taxo: acceptedName(match1); authorship_epig(match1); genus_from_scientificName; family_WFO; order_majorGroup_WCVP [2026-03-11] | CoordinateCleaner QA applied without sea test (validity, equal, zeros, capitals, centroids, gbif, institutions) [2026-04-14]","standardized author name in recordedBy / standardized author name in identifiedBy","Gerber, Jan Philipp","Gerber, Jan Philipp"
"152","gerber_jp_2025_152","HumanObservation",NA,NA,NA,"SPECIES",NA,"Gerber, J.P.","E_189","Gerber, J.P.","E","gerber_jp_2025",1,"Peperomia swartziana",5.49591,-75.8488,"2025-05-23","change1: Filled coordinateUncertaintyInMeters from decimal-place precision (conservative). | epi_taxo: acceptedName(match1); authorship_epig(match1); genus_from_scientificName; family_WFO; order_majorGroup_WCVP [2026-03-11] | CoordinateCleaner QA applied without sea test (validity, equal, zeros, capitals, centroids, gbif, institutions) [2026-04-14]","standardized author name in recordedBy / standardized author name in identifiedBy","Gerber, Jan Philipp","Gerber, Jan Philipp"
"153","gerber_jp_2025_153","HumanObservation",NA,NA,NA,"SPECIES",NA,"Gerber, J.P.","E_190","Gerber, J.P.","E","gerber_jp_2025",1,"Peperomia swartziana",5.49591,-75.8488,"2025-05-23","change1: Filled coordinateUncertaintyInMeters from decimal-place precision (conservative). | epi_taxo: acceptedName(match1); authorship_epig(match1); genus_from_scientificName; family_WFO; order_majorGroup_WCVP [2026-03-11] | CoordinateCleaner QA applied without sea test (validity, equal, zeros, capitals, centroids, gbif, institutions) [2026-04-14]","standardized author name in recordedBy / standardized author name in identifiedBy","Gerber, Jan Philipp","Gerber, Jan Philipp"
"154","gerber_jp_2025_154","HumanObservation",NA,NA,NA,"SPECIES",NA,"Gerber, J.P.","E_191","Gerber, J.P.","E","gerber_jp_2025",1,"Peperomia swartziana",5.49591,-75.8488,"2025-05-23","change1: Filled coordinateUncertaintyInMeters from decimal-place precision (conservative). | epi_taxo: acceptedName(match1); authorship_epig(match1); genus_from_scientificName; family_WFO; order_majorGroup_WCVP [2026-03-11] | CoordinateCleaner QA applied without sea test (validity, equal, zeros, capitals, centroids, gbif, institutions) [2026-04-14]","standardized author name in recordedBy / standardized author name in identifiedBy","Gerber, Jan Philipp","Gerber, Jan Philipp"
"155","gerber_jp_2025_155","HumanObservation",NA,NA,NA,"SPECIES",NA,"Gerber, J.P.","E_192","Gerber, J.P.","E","gerber_jp_2025",1,"Peperomia swartziana",5.49591,-75.8488,"2025-05-23","change1: Filled coordinateUncertaintyInMeters from decimal-place precision (conservative). | epi_taxo: acceptedName(match1); authorship_epig(match1); genus_from_scientificName; family_WFO; order_majorGroup_WCVP [2026-03-11] | CoordinateCleaner QA applied without sea test (validity, equal, zeros, capitals, centroids, gbif, institutions) [2026-04-14]","standardized author name in recordedBy / standardized author name in identifiedBy","Gerber, Jan Philipp","Gerber, Jan Philipp"
"156","gerber_jp_2025_156","HumanObservation",NA,NA,NA,"SPECIES",NA,"Gerber, J.P.","E_193","Gerber, J.P.","E","gerber_jp_2025",2,"Dichaea morrisii",5.49591,-75.8488,"2025-05-23","change1: Filled coordinateUncertaintyInMeters from decimal-place precision (conservative). | epi_taxo: acceptedName(match1); authorship_epig(match1); genus_from_scientificName; family_WFO; order_majorGroup_WCVP [2026-03-11] | CoordinateCleaner QA applied without sea test (validity, equal, zeros, capitals, centroids, gbif, institutions) [2026-04-14]","standardized author name in recordedBy / standardized author name in identifiedBy","Gerber, Jan Philipp","Gerber, Jan Philipp"
"157","gerber_jp_2025_157","HumanObservation",NA,NA,NA,"SPECIES",NA,"Gerber, J.P.","E_194","Gerber, J.P.","E","gerber_jp_2025",1,"Peperomia swartziana",5.49591,-75.8488,"2025-05-23","change1: Filled coordinateUncertaintyInMeters from decimal-place precision (conservative). | epi_taxo: acceptedName(match1); authorship_epig(match1); genus_from_scientificName; family_WFO; order_majorGroup_WCVP [2026-03-11] | CoordinateCleaner QA applied without sea test (validity, equal, zeros, capitals, centroids, gbif, institutions) [2026-04-14]","standardized author name in recordedBy / standardized author name in identifiedBy","Gerber, Jan Philipp","Gerber, Jan Philipp"
"158","gerber_jp_2025_158","HumanObservation",NA,NA,NA,"SPECIES",NA,"Gerber, J.P.","E_195","Gerber, J.P.","E","gerber_jp_2025",3,"Anthurium herthae",5.5067,-75.85173,"2025-05-25","change1: Filled coordinateUncertaintyInMeters from decimal-place precision (conservative). | epi_taxo: acceptedName(match1); authorship_epig(match1); genus_from_scientificName; family_WFO; order_majorGroup_WCVP [2026-03-11] | CoordinateCleaner QA applied without sea test (validity, equal, zeros, capitals, centroids, gbif, institutions) [2026-04-14]","standardized author name in recordedBy / standardized author name in identifiedBy","Gerber, Jan Philipp","Gerber, Jan Philipp"
"159","gerber_jp_2025_159","HumanObservation",NA,NA,NA,"SPECIES",NA,"Gerber, J.P.","E_196","Gerber, J.P.","E","gerber_jp_2025",1,"Guzmania triangularis",5.5067,-75.85173,"2025-05-25","change1: Filled coordinateUncertaintyInMeters from decimal-place precision (conservative). | epi_taxo: acceptedName(match1); authorship_epig(match1); genus_from_scientificName; family_WFO; order_majorGroup_WCVP [2026-03-11] | CoordinateCleaner QA applied without sea test (validity, equal, zeros, capitals, centroids, gbif, institutions) [2026-04-14]","standardized author name in recordedBy / standardized author name in identifiedBy","Gerber, Jan Philipp","Gerber, Jan Philipp"
"160","gerber_jp_2025_160","HumanObservation",NA,NA,NA,"SPECIES",NA,"Gerber, J.P.","E_197","Gerber, J.P.","E","gerber_jp_2025",1,"Columnea purpurata",5.5067,-75.85173,"2025-05-25","change1: Filled coordinateUncertaintyInMeters from decimal-place precision (conservative). | epi_taxo: acceptedName(match1); authorship_epig(match1); genus_from_scientificName; family_WFO; order_majorGroup_WCVP [2026-03-11] | CoordinateCleaner QA applied without sea test (validity, equal, zeros, capitals, centroids, gbif, institutions) [2026-04-14]","standardized author name in recordedBy / standardized author name in identifiedBy","Gerber, Jan Philipp","Gerber, Jan Philipp"
"161","gerber_jp_2025_161","HumanObservation",NA,NA,NA,"SPECIES",NA,"Gerber, J.P.","E_199","Gerber, J.P.","E","gerber_jp_2025",1,"Guzmania triangularis",5.5067,-75.85173,"2025-05-25","change1: Filled coordinateUncertaintyInMeters from decimal-place precision (conservative). | epi_taxo: acceptedName(match1); authorship_epig(match1); genus_from_scientificName; family_WFO; order_majorGroup_WCVP [2026-03-11] | CoordinateCleaner QA applied without sea test (validity, equal, zeros, capitals, centroids, gbif, institutions) [2026-04-14]","standardized author name in recordedBy / standardized author name in identifiedBy","Gerber, Jan Philipp","Gerber, Jan Philipp"
"162","gerber_jp_2025_162","HumanObservation",NA,NA,NA,"SPECIES",NA,"Gerber, J.P.","E_200","Gerber, J.P.","E","gerber_jp_2025",1,"Peperomia heterophylla",5.5067,-75.85173,"2025-05-25","change1: Filled coordinateUncertaintyInMeters from decimal-place precision (conservative). | epi_taxo: acceptedName(match1); authorship_epig(match1); genus_from_scientificName; family_WFO; order_majorGroup_WCVP [2026-03-11] | CoordinateCleaner QA applied without sea test (validity, equal, zeros, capitals, centroids, gbif, institutions) [2026-04-14]","standardized author name in recordedBy / standardized author name in identifiedBy","Gerber, Jan Philipp","Gerber, Jan Philipp"
"163","gerber_jp_2025_163","HumanObservation",NA,NA,NA,"SPECIES",NA,"Gerber, J.P.","E_201","Gerber, J.P.","E","gerber_jp_2025",1,"Peperomia heterophylla",5.5067,-75.85173,"2025-05-25","change1: Filled coordinateUncertaintyInMeters from decimal-place precision (conservative). | epi_taxo: acceptedName(match1); authorship_epig(match1); genus_from_scientificName; family_WFO; order_majorGroup_WCVP [2026-03-11] | CoordinateCleaner QA applied without sea test (validity, equal, zeros, capitals, centroids, gbif, institutions) [2026-04-14]","standardized author name in recordedBy / standardized author name in identifiedBy","Gerber, Jan Philipp","Gerber, Jan Philipp"
"164","gerber_jp_2025_164","HumanObservation",NA,NA,NA,"SPECIES",NA,"Gerber, J.P.","E_202","Gerber, J.P.","E","gerber_jp_2025",1,"Guzmania triangularis",5.5067,-75.85173,"2025-05-25","change1: Filled coordinateUncertaintyInMeters from decimal-place precision (conservative). | epi_taxo: acceptedName(match1); authorship_epig(match1); genus_from_scientificName; family_WFO; order_majorGroup_WCVP [2026-03-11] | CoordinateCleaner QA applied without sea test (validity, equal, zeros, capitals, centroids, gbif, institutions) [2026-04-14]","standardized author name in recordedBy / standardized author name in identifiedBy","Gerber, Jan Philipp","Gerber, Jan Philipp"
"165","gerber_jp_2025_165","HumanObservation",NA,NA,NA,"SPECIES",NA,"Gerber, J.P.","E_203","Gerber, J.P.","E","gerber_jp_2025",1,"Peperomia heterophylla",5.5067,-75.85173,"2025-05-25","change1: Filled coordinateUncertaintyInMeters from decimal-place precision (conservative). | epi_taxo: acceptedName(match1); authorship_epig(match1); genus_from_scientificName; family_WFO; order_majorGroup_WCVP [2026-03-11] | CoordinateCleaner QA applied without sea test (validity, equal, zeros, capitals, centroids, gbif, institutions) [2026-04-14]","standardized author name in recordedBy / standardized author name in identifiedBy","Gerber, Jan Philipp","Gerber, Jan Philipp"
"166","gerber_jp_2025_166","HumanObservation",NA,NA,NA,"SPECIES",NA,"Gerber, J.P.","E_204","Gerber, J.P.","E","gerber_jp_2025",1,"Columnea fuscihirta",5.5067,-75.85173,"2025-05-25","change1: Filled coordinateUncertaintyInMeters from decimal-place precision (conservative). | epi_taxo: acceptedName(match1); authorship_epig(match1); genus_from_scientificName; family_WFO; order_majorGroup_WCVP [2026-03-11] | CoordinateCleaner QA applied without sea test (validity, equal, zeros, capitals, centroids, gbif, institutions) [2026-04-14]","standardized author name in recordedBy / standardized author name in identifiedBy","Gerber, Jan Philipp","Gerber, Jan Philipp"
"167","gerber_jp_2025_167","HumanObservation",NA,NA,NA,"SPECIES",NA,"Gerber, J.P.","E_205","Gerber, J.P.","E","gerber_jp_2025",1,"Peperomia heterophylla",5.5067,-75.85173,"2025-05-25","change1: Filled coordinateUncertaintyInMeters from decimal-place precision (conservative). | epi_taxo: acceptedName(match1); authorship_epig(match1); genus_from_scientificName; family_WFO; order_majorGroup_WCVP [2026-03-11] | CoordinateCleaner QA applied without sea test (validity, equal, zeros, capitals, centroids, gbif, institutions) [2026-04-14]","standardized author name in recordedBy / standardized author name in identifiedBy","Gerber, Jan Philipp","Gerber, Jan Philipp"
"168","gerber_jp_2025_168","HumanObservation",NA,NA,NA,"SPECIES",NA,"Gerber, J.P.","E_206","Gerber, J.P.","E","gerber_jp_2025",1,"Columnea fuscihirta",5.5067,-75.85173,"2025-05-25","change1: Filled coordinateUncertaintyInMeters from decimal-place precision (conservative). | epi_taxo: acceptedName(match1); authorship_epig(match1); genus_from_scientificName; family_WFO; order_majorGroup_WCVP [2026-03-11] | CoordinateCleaner QA applied without sea test (validity, equal, zeros, capitals, centroids, gbif, institutions) [2026-04-14]","standardized author name in recordedBy / standardized author name in identifiedBy","Gerber, Jan Philipp","Gerber, Jan Philipp"
"169","gerber_jp_2025_169","HumanObservation",NA,NA,NA,"SPECIES",NA,"Gerber, J.P.","E_207","Gerber, J.P.","E","gerber_jp_2025",1,"Peperomia heterophylla",5.5067,-75.85173,"2025-05-25","change1: Filled coordinateUncertaintyInMeters from decimal-place precision (conservative). | epi_taxo: acceptedName(match1); authorship_epig(match1); genus_from_scientificName; family_WFO; order_majorGroup_WCVP [2026-03-11] | CoordinateCleaner QA applied without sea test (validity, equal, zeros, capitals, centroids, gbif, institutions) [2026-04-14]","standardized author name in recordedBy / standardized author name in identifiedBy","Gerber, Jan Philipp","Gerber, Jan Philipp"
"170","gerber_jp_2025_170","HumanObservation",NA,NA,NA,"SPECIES",NA,"Gerber, J.P.","E_208","Gerber, J.P.","E","gerber_jp_2025",1,"Peperomia heterophylla",5.5067,-75.85173,"2025-05-25","change1: Filled coordinateUncertaintyInMeters from decimal-place precision (conservative). | epi_taxo: acceptedName(match1); authorship_epig(match1); genus_from_scientificName; family_WFO; order_majorGroup_WCVP [2026-03-11] | CoordinateCleaner QA applied without sea test (validity, equal, zeros, capitals, centroids, gbif, institutions) [2026-04-14]","standardized author name in recordedBy / standardized author name in identifiedBy","Gerber, Jan Philipp","Gerber, Jan Philipp"
"171","gerber_jp_2025_171","HumanObservation",NA,NA,NA,"SPECIES",NA,"Gerber, J.P.","E_209","Gerber, J.P.","E","gerber_jp_2025",1,"Guzmania triangularis",5.5067,-75.85173,"2025-05-25","change1: Filled coordinateUncertaintyInMeters from decimal-place precision (conservative). | epi_taxo: acceptedName(match1); authorship_epig(match1); genus_from_scientificName; family_WFO; order_majorGroup_WCVP [2026-03-11] | CoordinateCleaner QA applied without sea test (validity, equal, zeros, capitals, centroids, gbif, institutions) [2026-04-14]","standardized author name in recordedBy / standardized author name in identifiedBy","Gerber, Jan Philipp","Gerber, Jan Philipp"
"172","gerber_jp_2025_172","HumanObservation",NA,NA,NA,"SPECIES",NA,"Gerber, J.P.","E_210","Gerber, J.P.","E","gerber_jp_2025",1,"Guzmania triangularis",5.5067,-75.85173,"2025-05-25","change1: Filled coordinateUncertaintyInMeters from decimal-place precision (conservative). | epi_taxo: acceptedName(match1); authorship_epig(match1); genus_from_scientificName; family_WFO; order_majorGroup_WCVP [2026-03-11] | CoordinateCleaner QA applied without sea test (validity, equal, zeros, capitals, centroids, gbif, institutions) [2026-04-14]","standardized author name in recordedBy / standardized author name in identifiedBy","Gerber, Jan Philipp","Gerber, Jan Philipp"
"173","gerber_jp_2025_173","HumanObservation",NA,NA,NA,"SPECIES",NA,"Gerber, J.P.","E_211","Gerber, J.P.","E","gerber_jp_2025",3,"Guzmania lychnis",5.5067,-75.85173,"2025-05-25","change1: Filled coordinateUncertaintyInMeters from decimal-place precision (conservative). | epi_taxo: acceptedName(match1); authorship_epig(match1); genus_from_scientificName; family_WFO; order_majorGroup_WCVP [2026-03-11] | CoordinateCleaner QA applied without sea test (validity, equal, zeros, capitals, centroids, gbif, institutions) [2026-04-14]","standardized author name in recordedBy / standardized author name in identifiedBy","Gerber, Jan Philipp","Gerber, Jan Philipp"
"174","gerber_jp_2025_174","HumanObservation",NA,NA,NA,"SPECIES",NA,"Gerber, J.P.","E_212","Gerber, J.P.","E","gerber_jp_2025",1,"Guzmania triangularis",5.5067,-75.85173,"2025-05-25","change1: Filled coordinateUncertaintyInMeters from decimal-place precision (conservative). | epi_taxo: acceptedName(match1); authorship_epig(match1); genus_from_scientificName; family_WFO; order_majorGroup_WCVP [2026-03-11] | CoordinateCleaner QA applied without sea test (validity, equal, zeros, capitals, centroids, gbif, institutions) [2026-04-14]","standardized author name in recordedBy / standardized author name in identifiedBy","Gerber, Jan Philipp","Gerber, Jan Philipp"
"175","gerber_jp_2025_175","HumanObservation",NA,NA,NA,"SPECIES",NA,"Gerber, J.P.","E_213","Gerber, J.P.","E","gerber_jp_2025",2,"Dichaea morrisii",5.5067,-75.85173,"2025-05-25","change1: Filled coordinateUncertaintyInMeters from decimal-place precision (conservative). | epi_taxo: acceptedName(match1); authorship_epig(match1); genus_from_scientificName; family_WFO; order_majorGroup_WCVP [2026-03-11] | CoordinateCleaner QA applied without sea test (validity, equal, zeros, capitals, centroids, gbif, institutions) [2026-04-14]","standardized author name in recordedBy / standardized author name in identifiedBy","Gerber, Jan Philipp","Gerber, Jan Philipp"
"176","gerber_jp_2025_176","HumanObservation",NA,NA,NA,"SPECIES",NA,"Gerber, J.P.","E_214","Gerber, J.P.","E","gerber_jp_2025",2,"Dichaea morrisii",5.5067,-75.85173,"2025-05-25","change1: Filled coordinateUncertaintyInMeters from decimal-place precision (conservative). | epi_taxo: acceptedName(match1); authorship_epig(match1); genus_from_scientificName; family_WFO; order_majorGroup_WCVP [2026-03-11] | CoordinateCleaner QA applied without sea test (validity, equal, zeros, capitals, centroids, gbif, institutions) [2026-04-14]","standardized author name in recordedBy / standardized author name in identifiedBy","Gerber, Jan Philipp","Gerber, Jan Philipp"
"177","gerber_jp_2025_177","HumanObservation",NA,NA,NA,"SPECIES",NA,"Gerber, J.P.","E_215","Gerber, J.P.","E","gerber_jp_2025",2,"Dichaea morrisii",5.5067,-75.85173,"2025-05-25","change1: Filled coordinateUncertaintyInMeters from decimal-place precision (conservative). | epi_taxo: acceptedName(match1); authorship_epig(match1); genus_from_scientificName; family_WFO; order_majorGroup_WCVP [2026-03-11] | CoordinateCleaner QA applied without sea test (validity, equal, zeros, capitals, centroids, gbif, institutions) [2026-04-14]","standardized author name in recordedBy / standardized author name in identifiedBy","Gerber, Jan Philipp","Gerber, Jan Philipp"
"178","gerber_jp_2025_178","HumanObservation",NA,NA,NA,"SPECIES",NA,"Gerber, J.P.","E_216","Gerber, J.P.","E","gerber_jp_2025",1,"Guzmania triangularis",5.5067,-75.85173,"2025-05-25","change1: Filled coordinateUncertaintyInMeters from decimal-place precision (conservative). | epi_taxo: acceptedName(match1); authorship_epig(match1); genus_from_scientificName; family_WFO; order_majorGroup_WCVP [2026-03-11] | CoordinateCleaner QA applied without sea test (validity, equal, zeros, capitals, centroids, gbif, institutions) [2026-04-14]","standardized author name in recordedBy / standardized author name in identifiedBy","Gerber, Jan Philipp","Gerber, Jan Philipp"
"179","gerber_jp_2025_179","HumanObservation",NA,NA,NA,"SPECIES",NA,"Gerber, J.P.","E_217","Gerber, J.P.","E","gerber_jp_2025",2,"Dichaea morrisii",5.5067,-75.85173,"2025-05-25","change1: Filled coordinateUncertaintyInMeters from decimal-place precision (conservative). | epi_taxo: acceptedName(match1); authorship_epig(match1); genus_from_scientificName; family_WFO; order_majorGroup_WCVP [2026-03-11] | CoordinateCleaner QA applied without sea test (validity, equal, zeros, capitals, centroids, gbif, institutions) [2026-04-14]","standardized author name in recordedBy / standardized author name in identifiedBy","Gerber, Jan Philipp","Gerber, Jan Philipp"
"180","gerber_jp_2025_180","HumanObservation",NA,NA,NA,"SPECIES",NA,"Gerber, J.P.","E_218","Gerber, J.P.","E","gerber_jp_2025",1,"Guzmania triangularis",5.5067,-75.85173,"2025-05-25","change1: Filled coordinateUncertaintyInMeters from decimal-place precision (conservative). | epi_taxo: acceptedName(match1); authorship_epig(match1); genus_from_scientificName; family_WFO; order_majorGroup_WCVP [2026-03-11] | CoordinateCleaner QA applied without sea test (validity, equal, zeros, capitals, centroids, gbif, institutions) [2026-04-14]","standardized author name in recordedBy / standardized author name in identifiedBy","Gerber, Jan Philipp","Gerber, Jan Philipp"
"181","gerber_jp_2025_181","HumanObservation",NA,NA,NA,"SPECIES",NA,"Gerber, J.P.","E_219","Gerber, J.P.","E","gerber_jp_2025",1,"Schlimia jasminodora",5.5067,-75.85173,"2025-05-25","change1: Filled coordinateUncertaintyInMeters from decimal-place precision (conservative). | epi_taxo: acceptedName(match1); authorship_epig(match1); genus_from_scientificName; family_WFO; order_majorGroup_WCVP [2026-03-11] | CoordinateCleaner QA applied without sea test (validity, equal, zeros, capitals, centroids, gbif, institutions) [2026-04-14]","standardized author name in recordedBy / standardized author name in identifiedBy","Gerber, Jan Philipp","Gerber, Jan Philipp"
"182","gerber_jp_2025_182","HumanObservation",NA,NA,NA,"SPECIES",NA,"Gerber, J.P.","E_220","Gerber, J.P.","E","gerber_jp_2025",1,"Peperomia tovariana",5.5067,-75.85173,"2025-05-25","change1: Filled coordinateUncertaintyInMeters from decimal-place precision (conservative). | epi_taxo: acceptedName(match1); authorship_epig(match1); genus_from_scientificName; family_WFO; order_majorGroup_WCVP [2026-03-11] | CoordinateCleaner QA applied without sea test (validity, equal, zeros, capitals, centroids, gbif, institutions) [2026-04-14]","standardized author name in recordedBy / standardized author name in identifiedBy","Gerber, Jan Philipp","Gerber, Jan Philipp"
"183","gerber_jp_2025_183","HumanObservation",NA,NA,NA,"SPECIES",NA,"Gerber, J.P.","E_221","Gerber, J.P.","E","gerber_jp_2025",1,"Guzmania triangularis",5.507356,-75.85168,"2025-05-25","change1: Filled coordinateUncertaintyInMeters from decimal-place precision (conservative). | epi_taxo: acceptedName(match1); authorship_epig(match1); genus_from_scientificName; family_WFO; order_majorGroup_WCVP [2026-03-11] | CoordinateCleaner QA applied without sea test (validity, equal, zeros, capitals, centroids, gbif, institutions) [2026-04-14]","standardized author name in recordedBy / standardized author name in identifiedBy","Gerber, Jan Philipp","Gerber, Jan Philipp"
"184","gerber_jp_2025_184","HumanObservation",NA,NA,NA,"SPECIES",NA,"Gerber, J.P.","E_222","Gerber, J.P.","E","gerber_jp_2025",1,"Peperomia swartziana",5.507356,-75.85168,"2025-05-25","change1: Filled coordinateUncertaintyInMeters from decimal-place precision (conservative). | epi_taxo: acceptedName(match1); authorship_epig(match1); genus_from_scientificName; family_WFO; order_majorGroup_WCVP [2026-03-11] | CoordinateCleaner QA applied without sea test (validity, equal, zeros, capitals, centroids, gbif, institutions) [2026-04-14]","standardized author name in recordedBy / standardized author name in identifiedBy","Gerber, Jan Philipp","Gerber, Jan Philipp"
"185","gerber_jp_2025_185","HumanObservation",NA,NA,NA,"SPECIES",NA,"Gerber, J.P.","E_223","Gerber, J.P.","E","gerber_jp_2025",1,"Peperomia heterophylla",5.507356,-75.85168,"2025-05-25","change1: Filled coordinateUncertaintyInMeters from decimal-place precision (conservative). | epi_taxo: acceptedName(match1); authorship_epig(match1); genus_from_scientificName; family_WFO; order_majorGroup_WCVP [2026-03-11] | CoordinateCleaner QA applied without sea test (validity, equal, zeros, capitals, centroids, gbif, institutions) [2026-04-14]","standardized author name in recordedBy / standardized author name in identifiedBy","Gerber, Jan Philipp","Gerber, Jan Philipp"
"186","gerber_jp_2025_186","HumanObservation",NA,NA,NA,"SPECIES",NA,"Gerber, J.P.","E_224","Gerber, J.P.","E","gerber_jp_2025",1,"Peperomia heterophylla",5.507356,-75.85168,"2025-05-25","change1: Filled coordinateUncertaintyInMeters from decimal-place precision (conservative). | epi_taxo: acceptedName(match1); authorship_epig(match1); genus_from_scientificName; family_WFO; order_majorGroup_WCVP [2026-03-11] | CoordinateCleaner QA applied without sea test (validity, equal, zeros, capitals, centroids, gbif, institutions) [2026-04-14]","standardized author name in recordedBy / standardized author name in identifiedBy","Gerber, Jan Philipp","Gerber, Jan Philipp"
"187","gerber_jp_2025_187","HumanObservation",NA,NA,NA,"SPECIES",NA,"Gerber, J.P.","E_225","Gerber, J.P.","E","gerber_jp_2025",1,"Guzmania triangularis",5.507356,-75.85168,"2025-05-25","change1: Filled coordinateUncertaintyInMeters from decimal-place precision (conservative). | epi_taxo: acceptedName(match1); authorship_epig(match1); genus_from_scientificName; family_WFO; order_majorGroup_WCVP [2026-03-11] | CoordinateCleaner QA applied without sea test (validity, equal, zeros, capitals, centroids, gbif, institutions) [2026-04-14]","standardized author name in recordedBy / standardized author name in identifiedBy","Gerber, Jan Philipp","Gerber, Jan Philipp"
"188","gerber_jp_2025_188","HumanObservation",NA,NA,NA,"SPECIES",NA,"Gerber, J.P.","E_226","Gerber, J.P.","E","gerber_jp_2025",1,"Peperomia heterophylla",5.507356,-75.85168,"2025-05-25","change1: Filled coordinateUncertaintyInMeters from decimal-place precision (conservative). | epi_taxo: acceptedName(match1); authorship_epig(match1); genus_from_scientificName; family_WFO; order_majorGroup_WCVP [2026-03-11] | CoordinateCleaner QA applied without sea test (validity, equal, zeros, capitals, centroids, gbif, institutions) [2026-04-14]","standardized author name in recordedBy / standardized author name in identifiedBy","Gerber, Jan Philipp","Gerber, Jan Philipp"
"189","gerber_jp_2025_189","HumanObservation",NA,NA,NA,"SPECIES",NA,"Gerber, J.P.","E_227","Gerber, J.P.","E","gerber_jp_2025",1,"Peperomia heterophylla",5.507356,-75.85168,"2025-05-25","change1: Filled coordinateUncertaintyInMeters from decimal-place precision (conservative). | epi_taxo: acceptedName(match1); authorship_epig(match1); genus_from_scientificName; family_WFO; order_majorGroup_WCVP [2026-03-11] | CoordinateCleaner QA applied without sea test (validity, equal, zeros, capitals, centroids, gbif, institutions) [2026-04-14]","standardized author name in recordedBy / standardized author name in identifiedBy","Gerber, Jan Philipp","Gerber, Jan Philipp"
"190","gerber_jp_2025_190","HumanObservation",NA,NA,NA,"SPECIES",NA,"Gerber, J.P.","E_228","Gerber, J.P.","E","gerber_jp_2025",1,"Peperomia heterophylla",5.507356,-75.85168,"2025-05-25","change1: Filled coordinateUncertaintyInMeters from decimal-place precision (conservative). | epi_taxo: acceptedName(match1); authorship_epig(match1); genus_from_scientificName; family_WFO; order_majorGroup_WCVP [2026-03-11] | CoordinateCleaner QA applied without sea test (validity, equal, zeros, capitals, centroids, gbif, institutions) [2026-04-14]","standardized author name in recordedBy / standardized author name in identifiedBy","Gerber, Jan Philipp","Gerber, Jan Philipp"
"191","gerber_jp_2025_191","HumanObservation",NA,NA,NA,"SPECIES",NA,"Gerber, J.P.","E_229","Gerber, J.P.","E","gerber_jp_2025",1,"Kefersteinia tolimensis",5.507356,-75.85168,"2025-05-25","change1: Filled coordinateUncertaintyInMeters from decimal-place precision (conservative). | epi_taxo: acceptedName(match1); authorship_epig(match1); genus_from_scientificName; family_WFO; order_majorGroup_WCVP [2026-03-11] | CoordinateCleaner QA applied without sea test (validity, equal, zeros, capitals, centroids, gbif, institutions) [2026-04-14]","standardized author name in recordedBy / standardized author name in identifiedBy","Gerber, Jan Philipp","Gerber, Jan Philipp"
"192","gerber_jp_2025_192","HumanObservation",NA,NA,NA,"SPECIES",NA,"Gerber, J.P.","E_230","Gerber, J.P.","E","gerber_jp_2025",1,"Kefersteinia tolimensis",5.507356,-75.85168,"2025-05-25","change1: Filled coordinateUncertaintyInMeters from decimal-place precision (conservative). | epi_taxo: acceptedName(match1); authorship_epig(match1); genus_from_scientificName; family_WFO; order_majorGroup_WCVP [2026-03-11] | CoordinateCleaner QA applied without sea test (validity, equal, zeros, capitals, centroids, gbif, institutions) [2026-04-14]","standardized author name in recordedBy / standardized author name in identifiedBy","Gerber, Jan Philipp","Gerber, Jan Philipp"
"193","gerber_jp_2025_193","HumanObservation",NA,NA,NA,"SPECIES",NA,"Gerber, J.P.","E_231","Gerber, J.P.","E","gerber_jp_2025",1,"Kefersteinia tolimensis",5.507356,-75.85168,"2025-05-25","change1: Filled coordinateUncertaintyInMeters from decimal-place precision (conservative). | epi_taxo: acceptedName(match1); authorship_epig(match1); genus_from_scientificName; family_WFO; order_majorGroup_WCVP [2026-03-11] | CoordinateCleaner QA applied without sea test (validity, equal, zeros, capitals, centroids, gbif, institutions) [2026-04-14]","standardized author name in recordedBy / standardized author name in identifiedBy","Gerber, Jan Philipp","Gerber, Jan Philipp"
"194","gerber_jp_2025_194","HumanObservation",NA,NA,NA,"SPECIES",NA,"Gerber, J.P.","E_232","Gerber, J.P.","E","gerber_jp_2025",1,"Peperomia swartziana",5.507356,-75.85168,"2025-05-25","change1: Filled coordinateUncertaintyInMeters from decimal-place precision (conservative). | epi_taxo: acceptedName(match1); authorship_epig(match1); genus_from_scientificName; family_WFO; order_majorGroup_WCVP [2026-03-11] | CoordinateCleaner QA applied without sea test (validity, equal, zeros, capitals, centroids, gbif, institutions) [2026-04-14]","standardized author name in recordedBy / standardized author name in identifiedBy","Gerber, Jan Philipp","Gerber, Jan Philipp"
"195","gerber_jp_2025_195","HumanObservation",NA,NA,NA,"SPECIES",NA,"Gerber, J.P.","E_233","Gerber, J.P.","E","gerber_jp_2025",1,"Peperomia swartziana",5.507356,-75.85168,"2025-05-25","change1: Filled coordinateUncertaintyInMeters from decimal-place precision (conservative). | epi_taxo: acceptedName(match1); authorship_epig(match1); genus_from_scientificName; family_WFO; order_majorGroup_WCVP [2026-03-11] | CoordinateCleaner QA applied without sea test (validity, equal, zeros, capitals, centroids, gbif, institutions) [2026-04-14]","standardized author name in recordedBy / standardized author name in identifiedBy","Gerber, Jan Philipp","Gerber, Jan Philipp"
"196","gerber_jp_2025_196","HumanObservation",NA,NA,NA,"SPECIES",NA,"Gerber, J.P.","E_234","Gerber, J.P.","E","gerber_jp_2025",3,"Pitcairnia bakeri",5.507356,-75.85168,"2025-05-25","change1: Filled coordinateUncertaintyInMeters from decimal-place precision (conservative). | epi_taxo: acceptedName(match1); authorship_epig(match1); genus_from_scientificName; family_WFO; order_majorGroup_WCVP [2026-03-11] | CoordinateCleaner QA applied without sea test (validity, equal, zeros, capitals, centroids, gbif, institutions) [2026-04-14]","standardized author name in recordedBy / standardized author name in identifiedBy","Gerber, Jan Philipp","Gerber, Jan Philipp"
"197","gerber_jp_2025_197","HumanObservation",NA,NA,NA,"SPECIES",NA,"Gerber, J.P.","E_235","Gerber, J.P.","E","gerber_jp_2025",1,"Guzmania triangularis",5.507356,-75.85168,"2025-05-25","change1: Filled coordinateUncertaintyInMeters from decimal-place precision (conservative). | epi_taxo: acceptedName(match1); authorship_epig(match1); genus_from_scientificName; family_WFO; order_majorGroup_WCVP [2026-03-11] | CoordinateCleaner QA applied without sea test (validity, equal, zeros, capitals, centroids, gbif, institutions) [2026-04-14]","standardized author name in recordedBy / standardized author name in identifiedBy","Gerber, Jan Philipp","Gerber, Jan Philipp"
"198","gerber_jp_2025_198","HumanObservation",NA,NA,NA,"SPECIES",NA,"Gerber, J.P.","E_236","Gerber, J.P.","E","gerber_jp_2025",1,"Peperomia heterophylla",5.507356,-75.85168,"2025-05-25","change1: Filled coordinateUncertaintyInMeters from decimal-place precision (conservative). | epi_taxo: acceptedName(match1); authorship_epig(match1); genus_from_scientificName; family_WFO; order_majorGroup_WCVP [2026-03-11] | CoordinateCleaner QA applied without sea test (validity, equal, zeros, capitals, centroids, gbif, institutions) [2026-04-14]","standardized author name in recordedBy / standardized author name in identifiedBy","Gerber, Jan Philipp","Gerber, Jan Philipp"
"199","gerber_jp_2025_199","HumanObservation",NA,NA,NA,"SPECIES",NA,"Gerber, J.P.","E_237","Gerber, J.P.","E","gerber_jp_2025",3,"Scaphosepalum antenniferum",5.507356,-75.85168,"2025-05-25","change1: Filled coordinateUncertaintyInMeters from decimal-place precision (conservative). | epi_taxo: acceptedName(match1); authorship_epig(match1); genus_from_scientificName; family_WFO; order_majorGroup_WCVP [2026-03-11] | CoordinateCleaner QA applied without sea test (validity, equal, zeros, capitals, centroids, gbif, institutions) [2026-04-14]","standardized author name in recordedBy / standardized author name in identifiedBy","Gerber, Jan Philipp","Gerber, Jan Philipp"
"200","gerber_jp_2025_200","HumanObservation",NA,NA,NA,"SPECIES",NA,"Gerber, J.P.","E_238","Gerber, J.P.","E","gerber_jp_2025",1,"Andinia nummularia",5.507356,-75.85168,"2025-05-25","change1: Filled coordinateUncertaintyInMeters from decimal-place precision (conservative). | epi_taxo: acceptedName(match1); authorship_epig(match1); genus_from_scientificName; family_WFO; order_majorGroup_WCVP [2026-03-11] | CoordinateCleaner QA applied without sea test (validity, equal, zeros, capitals, centroids, gbif, institutions) [2026-04-14]","standardized author name in recordedBy / standardized author name in identifiedBy","Gerber, Jan Philipp","Gerber, Jan Philipp"
"201","gerber_jp_2025_201","HumanObservation",NA,NA,NA,"SPECIES",NA,"Gerber, J.P.","E_239","Gerber, J.P.","E","gerber_jp_2025",1,"Guzmania triangularis",5.507356,-75.85168,"2025-05-25","change1: Filled coordinateUncertaintyInMeters from decimal-place precision (conservative). | epi_taxo: acceptedName(match1); authorship_epig(match1); genus_from_scientificName; family_WFO; order_majorGroup_WCVP [2026-03-11] | CoordinateCleaner QA applied without sea test (validity, equal, zeros, capitals, centroids, gbif, institutions) [2026-04-14]","standardized author name in recordedBy / standardized author name in identifiedBy","Gerber, Jan Philipp","Gerber, Jan Philipp"
"202","gerber_jp_2025_202","HumanObservation",NA,NA,NA,"SPECIES",NA,"Gerber, J.P.","E_240","Gerber, J.P.","E","gerber_jp_2025",1,"Lepanthes manabina",5.507356,-75.85168,"2025-05-25","change1: Filled coordinateUncertaintyInMeters from decimal-place precision (conservative). | epi_taxo: acceptedName(match1); authorship_epig(match1); genus_from_scientificName; family_WFO; order_majorGroup_WCVP [2026-03-11] | CoordinateCleaner QA applied without sea test (validity, equal, zeros, capitals, centroids, gbif, institutions) [2026-04-14]","standardized author name in recordedBy / standardized author name in identifiedBy","Gerber, Jan Philipp","Gerber, Jan Philipp"
"203","gerber_jp_2025_203","HumanObservation",NA,NA,NA,"SPECIES",NA,"Gerber, J.P.","E_241","Gerber, J.P.","E","gerber_jp_2025",1,"Andinia micropetala",5.507356,-75.85168,"2025-05-25","change1: Filled coordinateUncertaintyInMeters from decimal-place precision (conservative). | epi_taxo: acceptedName(match1); authorship_epig(match1); genus_from_scientificName; family_WFO; order_majorGroup_WCVP [2026-03-11] | CoordinateCleaner QA applied without sea test (validity, equal, zeros, capitals, centroids, gbif, institutions) [2026-04-14]","standardized author name in recordedBy / standardized author name in identifiedBy","Gerber, Jan Philipp","Gerber, Jan Philipp"
"204","gerber_jp_2025_204","HumanObservation",NA,NA,NA,"SPECIES",NA,"Gerber, J.P.","E_242","Gerber, J.P.","E","gerber_jp_2025",1,"Guzmania triangularis",5.50764,-75.85229,"2025-05-25","change1: Filled coordinateUncertaintyInMeters from decimal-place precision (conservative). | epi_taxo: acceptedName(match1); authorship_epig(match1); genus_from_scientificName; family_WFO; order_majorGroup_WCVP [2026-03-11] | CoordinateCleaner QA applied without sea test (validity, equal, zeros, capitals, centroids, gbif, institutions) [2026-04-14]","standardized author name in recordedBy / standardized author name in identifiedBy","Gerber, Jan Philipp","Gerber, Jan Philipp"
"205","gerber_jp_2025_205","HumanObservation",NA,NA,NA,"",NA,"Gerber, J.P.","E_243","Gerber, J.P.","E","gerber_jp_2025",NA,"",5.50764,-75.85229,"2025-05-25","change1: Filled coordinateUncertaintyInMeters from decimal-place precision (conservative). | epi_taxo: acceptedName(match1); authorship_epig(match1); genus_from_scientificName; family_WFO; order_majorGroup_WCVP [2026-03-11] | CoordinateCleaner QA applied without sea test (validity, equal, zeros, capitals, centroids, gbif, institutions) [2026-04-14]","standardized author name in recordedBy / standardized author name in identifiedBy","Gerber, Jan Philipp","Gerber, Jan Philipp"
"206","gerber_jp_2025_206","HumanObservation",NA,NA,NA,"",NA,"Gerber, J.P.","E_244","Gerber, J.P.","E","gerber_jp_2025",NA,"",5.50764,-75.85229,"2025-05-25","change1: Filled coordinateUncertaintyInMeters from decimal-place precision (conservative). | epi_taxo: acceptedName(match1); authorship_epig(match1); genus_from_scientificName; family_WFO; order_majorGroup_WCVP [2026-03-11] | CoordinateCleaner QA applied without sea test (validity, equal, zeros, capitals, centroids, gbif, institutions) [2026-04-14]","standardized author name in recordedBy / standardized author name in identifiedBy","Gerber, Jan Philipp","Gerber, Jan Philipp"
"207","gerber_jp_2025_207","HumanObservation",NA,NA,NA,"",NA,"Gerber, J.P.","E_245","Gerber, J.P.","E","gerber_jp_2025",NA,"",5.50764,-75.85229,"2025-05-25","change1: Filled coordinateUncertaintyInMeters from decimal-place precision (conservative). | epi_taxo: acceptedName(match1); authorship_epig(match1); genus_from_scientificName; family_WFO; order_majorGroup_WCVP [2026-03-11] | CoordinateCleaner QA applied without sea test (validity, equal, zeros, capitals, centroids, gbif, institutions) [2026-04-14]","standardized author name in recordedBy / standardized author name in identifiedBy","Gerber, Jan Philipp","Gerber, Jan Philipp"
"208","gerber_jp_2025_208","HumanObservation",NA,NA,NA,"",NA,"Gerber, J.P.","E_246","Gerber, J.P.","E","gerber_jp_2025",NA,"",5.50764,-75.85229,"2025-05-25","change1: Filled coordinateUncertaintyInMeters from decimal-place precision (conservative). | epi_taxo: acceptedName(match1); authorship_epig(match1); genus_from_scientificName; family_WFO; order_majorGroup_WCVP [2026-03-11] | CoordinateCleaner QA applied without sea test (validity, equal, zeros, capitals, centroids, gbif, institutions) [2026-04-14]","standardized author name in recordedBy / standardized author name in identifiedBy","Gerber, Jan Philipp","Gerber, Jan Philipp"
"209","gerber_jp_2025_209","HumanObservation",NA,NA,NA,"",NA,"Gerber, J.P.","E_247","Gerber, J.P.","E","gerber_jp_2025",NA,"",5.50764,-75.85229,"2025-05-25","change1: Filled coordinateUncertaintyInMeters from decimal-place precision (conservative). | epi_taxo: acceptedName(match1); authorship_epig(match1); genus_from_scientificName; family_WFO; order_majorGroup_WCVP [2026-03-11] | CoordinateCleaner QA applied without sea test (validity, equal, zeros, capitals, centroids, gbif, institutions) [2026-04-14]","standardized author name in recordedBy / standardized author name in identifiedBy","Gerber, Jan Philipp","Gerber, Jan Philipp"
"210","gerber_jp_2025_210","HumanObservation",NA,NA,NA,"",NA,"Gerber, J.P.","E_248","Gerber, J.P.","E","gerber_jp_2025",NA,"",5.50764,-75.85229,"2025-05-25","change1: Filled coordinateUncertaintyInMeters from decimal-place precision (conservative). | epi_taxo: acceptedName(match1); authorship_epig(match1); genus_from_scientificName; family_WFO; order_majorGroup_WCVP [2026-03-11] | CoordinateCleaner QA applied without sea test (validity, equal, zeros, capitals, centroids, gbif, institutions) [2026-04-14]","standardized author name in recordedBy / standardized author name in identifiedBy","Gerber, Jan Philipp","Gerber, Jan Philipp"
"211","gerber_jp_2025_211","HumanObservation",NA,NA,NA,"SPECIES",NA,"Gerber, J.P.","E_249","Gerber, J.P.","E","gerber_jp_2025",1,"Guzmania triangularis",5.50764,-75.85229,"2025-05-25","change1: Filled coordinateUncertaintyInMeters from decimal-place precision (conservative). | epi_taxo: acceptedName(match1); authorship_epig(match1); genus_from_scientificName; family_WFO; order_majorGroup_WCVP [2026-03-11] | CoordinateCleaner QA applied without sea test (validity, equal, zeros, capitals, centroids, gbif, institutions) [2026-04-14]","standardized author name in recordedBy / standardized author name in identifiedBy","Gerber, Jan Philipp","Gerber, Jan Philipp"
"212","gerber_jp_2025_212","HumanObservation",NA,NA,NA,"SPECIES",NA,"Gerber, J.P.","E_250","Gerber, J.P.","E","gerber_jp_2025",1,"Andinia micropetala",5.50764,-75.85229,"2025-05-25","change1: Filled coordinateUncertaintyInMeters from decimal-place precision (conservative). | epi_taxo: acceptedName(match1); authorship_epig(match1); genus_from_scientificName; family_WFO; order_majorGroup_WCVP [2026-03-11] | CoordinateCleaner QA applied without sea test (validity, equal, zeros, capitals, centroids, gbif, institutions) [2026-04-14]","standardized author name in recordedBy / standardized author name in identifiedBy","Gerber, Jan Philipp","Gerber, Jan Philipp"
"213","gerber_jp_2025_213","HumanObservation",NA,NA,NA,"SPECIES",NA,"Gerber, J.P.","E_251","Gerber, J.P.","E","gerber_jp_2025",1,"Andinia nummularia",5.50764,-75.85229,"2025-05-25","change1: Filled coordinateUncertaintyInMeters from decimal-place precision (conservative). | epi_taxo: acceptedName(match1); authorship_epig(match1); genus_from_scientificName; family_WFO; order_majorGroup_WCVP [2026-03-11] | CoordinateCleaner QA applied without sea test (validity, equal, zeros, capitals, centroids, gbif, institutions) [2026-04-14]","standardized author name in recordedBy / standardized author name in identifiedBy","Gerber, Jan Philipp","Gerber, Jan Philipp"
"214","gerber_jp_2025_214","HumanObservation",NA,NA,NA,"SPECIES",NA,"Gerber, J.P.","E_252","Gerber, J.P.","E","gerber_jp_2025",0,"",5.50764,-75.85229,"2025-05-25","change1: Filled coordinateUncertaintyInMeters from decimal-place precision (conservative). | epi_taxo: acceptedName(match1); authorship_epig(match1); genus_from_scientificName; family_WFO; order_majorGroup_WCVP [2026-03-11] | CoordinateCleaner QA applied without sea test (validity, equal, zeros, capitals, centroids, gbif, institutions) [2026-04-14]","standardized author name in recordedBy / standardized author name in identifiedBy","Gerber, Jan Philipp","Gerber, Jan Philipp"
"215","gerber_jp_2025_215","HumanObservation",NA,NA,NA,"SPECIES",NA,"Gerber, J.P.","E_253","Gerber, J.P.","E","gerber_jp_2025",3,"Dryadella simula",5.50764,-75.85229,"2025-05-25","change1: Filled coordinateUncertaintyInMeters from decimal-place precision (conservative). | epi_taxo: acceptedName(match1); authorship_epig(match1); genus_from_scientificName; family_WFO; order_majorGroup_WCVP [2026-03-11] | CoordinateCleaner QA applied without sea test (validity, equal, zeros, capitals, centroids, gbif, institutions) [2026-04-14]","standardized author name in recordedBy / standardized author name in identifiedBy","Gerber, Jan Philipp","Gerber, Jan Philipp"
"216","gerber_jp_2025_216","HumanObservation",NA,NA,NA,"SPECIES",NA,"Gerber, J.P.","E_254","Gerber, J.P.","E","gerber_jp_2025",3,"Dryadella simula",5.50764,-75.85229,"2025-05-25","change1: Filled coordinateUncertaintyInMeters from decimal-place precision (conservative). | epi_taxo: acceptedName(match1); authorship_epig(match1); genus_from_scientificName; family_WFO; order_majorGroup_WCVP [2026-03-11] | CoordinateCleaner QA applied without sea test (validity, equal, zeros, capitals, centroids, gbif, institutions) [2026-04-14]","standardized author name in recordedBy / standardized author name in identifiedBy","Gerber, Jan Philipp","Gerber, Jan Philipp"
"217","gerber_jp_2025_217","HumanObservation",NA,NA,NA,"SPECIES",NA,"Gerber, J.P.","E_255","Gerber, J.P.","E","gerber_jp_2025",1,"Guzmania triangularis",5.50764,-75.85229,"2025-05-25","change1: Filled coordinateUncertaintyInMeters from decimal-place precision (conservative). | epi_taxo: acceptedName(match1); authorship_epig(match1); genus_from_scientificName; family_WFO; order_majorGroup_WCVP [2026-03-11] | CoordinateCleaner QA applied without sea test (validity, equal, zeros, capitals, centroids, gbif, institutions) [2026-04-14]","standardized author name in recordedBy / standardized author name in identifiedBy","Gerber, Jan Philipp","Gerber, Jan Philipp"
"218","gerber_jp_2025_218","HumanObservation",NA,NA,NA,"SPECIES",NA,"Gerber, J.P.","E_256","Gerber, J.P.","E","gerber_jp_2025",1,"Columnea purpurata",5.50764,-75.85229,"2025-05-25","change1: Filled coordinateUncertaintyInMeters from decimal-place precision (conservative). | epi_taxo: acceptedName(match1); authorship_epig(match1); genus_from_scientificName; family_WFO; order_majorGroup_WCVP [2026-03-11] | CoordinateCleaner QA applied without sea test (validity, equal, zeros, capitals, centroids, gbif, institutions) [2026-04-14]","standardized author name in recordedBy / standardized author name in identifiedBy","Gerber, Jan Philipp","Gerber, Jan Philipp"
"219","gerber_jp_2025_219","HumanObservation",NA,NA,NA,"SPECIES",NA,"Gerber, J.P.","E_257","Gerber, J.P.","E","gerber_jp_2025",1,"Columnea purpurata",5.50764,-75.85229,"2025-05-25","change1: Filled coordinateUncertaintyInMeters from decimal-place precision (conservative). | epi_taxo: acceptedName(match1); authorship_epig(match1); genus_from_scientificName; family_WFO; order_majorGroup_WCVP [2026-03-11] | CoordinateCleaner QA applied without sea test (validity, equal, zeros, capitals, centroids, gbif, institutions) [2026-04-14]","standardized author name in recordedBy / standardized author name in identifiedBy","Gerber, Jan Philipp","Gerber, Jan Philipp"
"220","gerber_jp_2025_220","HumanObservation",NA,NA,NA,"SPECIES",NA,"Gerber, J.P.","E_258","Gerber, J.P.","E","gerber_jp_2025",1,"Columnea purpurata",5.50764,-75.85229,"2025-05-25","change1: Filled coordinateUncertaintyInMeters from decimal-place precision (conservative). | epi_taxo: acceptedName(match1); authorship_epig(match1); genus_from_scientificName; family_WFO; order_majorGroup_WCVP [2026-03-11] | CoordinateCleaner QA applied without sea test (validity, equal, zeros, capitals, centroids, gbif, institutions) [2026-04-14]","standardized author name in recordedBy / standardized author name in identifiedBy","Gerber, Jan Philipp","Gerber, Jan Philipp"
"221","gerber_jp_2025_221","HumanObservation",NA,NA,NA,"SPECIES",NA,"Gerber, J.P.","E_259","Gerber, J.P.","E","gerber_jp_2025",3,"Guzmania lychnis",5.50764,-75.85229,"2025-05-25","change1: Filled coordinateUncertaintyInMeters from decimal-place precision (conservative). | epi_taxo: acceptedName(match1); authorship_epig(match1); genus_from_scientificName; family_WFO; order_majorGroup_WCVP [2026-03-11] | CoordinateCleaner QA applied without sea test (validity, equal, zeros, capitals, centroids, gbif, institutions) [2026-04-14]","standardized author name in recordedBy / standardized author name in identifiedBy","Gerber, Jan Philipp","Gerber, Jan Philipp"
"222","gerber_jp_2025_222","HumanObservation",NA,NA,NA,"SPECIES",NA,"Gerber, J.P.","E_260","Gerber, J.P.","E","gerber_jp_2025",1,"Columnea fuscihirta",5.50764,-75.85229,"2025-05-25","change1: Filled coordinateUncertaintyInMeters from decimal-place precision (conservative). | epi_taxo: acceptedName(match1); authorship_epig(match1); genus_from_scientificName; family_WFO; order_majorGroup_WCVP [2026-03-11] | CoordinateCleaner QA applied without sea test (validity, equal, zeros, capitals, centroids, gbif, institutions) [2026-04-14]","standardized author name in recordedBy / standardized author name in identifiedBy","Gerber, Jan Philipp","Gerber, Jan Philipp"
"223","gerber_jp_2025_223","HumanObservation",NA,NA,NA,"SPECIES",NA,"Gerber, J.P.","E_261","Gerber, J.P.","E","gerber_jp_2025",1,"Guzmania triangularis",5.50764,-75.85229,"2025-05-25","change1: Filled coordinateUncertaintyInMeters from decimal-place precision (conservative). | epi_taxo: acceptedName(match1); authorship_epig(match1); genus_from_scientificName; family_WFO; order_majorGroup_WCVP [2026-03-11] | CoordinateCleaner QA applied without sea test (validity, equal, zeros, capitals, centroids, gbif, institutions) [2026-04-14]","standardized author name in recordedBy / standardized author name in identifiedBy","Gerber, Jan Philipp","Gerber, Jan Philipp"
"224","gerber_jp_2025_224","HumanObservation",NA,NA,NA,"SPECIES",NA,"Gerber, J.P.","E_262","Gerber, J.P.","E","gerber_jp_2025",1,"Peperomia heterophylla",5.50764,-75.85229,"2025-05-25","change1: Filled coordinateUncertaintyInMeters from decimal-place precision (conservative). | epi_taxo: acceptedName(match1); authorship_epig(match1); genus_from_scientificName; family_WFO; order_majorGroup_WCVP [2026-03-11] | CoordinateCleaner QA applied without sea test (validity, equal, zeros, capitals, centroids, gbif, institutions) [2026-04-14]","standardized author name in recordedBy / standardized author name in identifiedBy","Gerber, Jan Philipp","Gerber, Jan Philipp"
"225","gerber_jp_2025_225","HumanObservation",NA,NA,NA,"SPECIES",NA,"Gerber, J.P.","E_263","Gerber, J.P.","E","gerber_jp_2025",1,"Guzmania triangularis",5.50764,-75.85229,"2025-05-25","change1: Filled coordinateUncertaintyInMeters from decimal-place precision (conservative). | epi_taxo: acceptedName(match1); authorship_epig(match1); genus_from_scientificName; family_WFO; order_majorGroup_WCVP [2026-03-11] | CoordinateCleaner QA applied without sea test (validity, equal, zeros, capitals, centroids, gbif, institutions) [2026-04-14]","standardized author name in recordedBy / standardized author name in identifiedBy","Gerber, Jan Philipp","Gerber, Jan Philipp"
"226","gerber_jp_2025_226","HumanObservation",NA,NA,NA,"SPECIES",NA,"Gerber, J.P.","E_264","Gerber, J.P.","E","gerber_jp_2025",1,"Guzmania triangularis",5.50764,-75.85229,"2025-05-25","change1: Filled coordinateUncertaintyInMeters from decimal-place precision (conservative). | epi_taxo: acceptedName(match1); authorship_epig(match1); genus_from_scientificName; family_WFO; order_majorGroup_WCVP [2026-03-11] | CoordinateCleaner QA applied without sea test (validity, equal, zeros, capitals, centroids, gbif, institutions) [2026-04-14]","standardized author name in recordedBy / standardized author name in identifiedBy","Gerber, Jan Philipp","Gerber, Jan Philipp"
"227","gerber_jp_2025_227","HumanObservation",NA,NA,NA,"SPECIES",NA,"Gerber, J.P.","E_265","Gerber, J.P.","E","gerber_jp_2025",1,"Guzmania triangularis",5.50689,-75.85283,"2025-05-25","change1: Filled coordinateUncertaintyInMeters from decimal-place precision (conservative). | epi_taxo: acceptedName(match1); authorship_epig(match1); genus_from_scientificName; family_WFO; order_majorGroup_WCVP [2026-03-11] | CoordinateCleaner QA applied without sea test (validity, equal, zeros, capitals, centroids, gbif, institutions) [2026-04-14]","standardized author name in recordedBy / standardized author name in identifiedBy","Gerber, Jan Philipp","Gerber, Jan Philipp"
"228","gerber_jp_2025_228","HumanObservation",NA,NA,NA,"SPECIES",NA,"Gerber, J.P.","E_266","Gerber, J.P.","E","gerber_jp_2025",1,"Guzmania triangularis",5.50689,-75.85283,"2025-05-25","change1: Filled coordinateUncertaintyInMeters from decimal-place precision (conservative). | epi_taxo: acceptedName(match1); authorship_epig(match1); genus_from_scientificName; family_WFO; order_majorGroup_WCVP [2026-03-11] | CoordinateCleaner QA applied without sea test (validity, equal, zeros, capitals, centroids, gbif, institutions) [2026-04-14]","standardized author name in recordedBy / standardized author name in identifiedBy","Gerber, Jan Philipp","Gerber, Jan Philipp"
"229","gerber_jp_2025_229","HumanObservation",NA,NA,NA,"SPECIES",NA,"Gerber, J.P.","E_267","Gerber, J.P.","E","gerber_jp_2025",1,"Columnea fuscihirta",5.50689,-75.85283,"2025-05-25","change1: Filled coordinateUncertaintyInMeters from decimal-place precision (conservative). | epi_taxo: acceptedName(match1); authorship_epig(match1); genus_from_scientificName; family_WFO; order_majorGroup_WCVP [2026-03-11] | CoordinateCleaner QA applied without sea test (validity, equal, zeros, capitals, centroids, gbif, institutions) [2026-04-14]","standardized author name in recordedBy / standardized author name in identifiedBy","Gerber, Jan Philipp","Gerber, Jan Philipp"
"230","gerber_jp_2025_230","HumanObservation",NA,NA,NA,"SPECIES",NA,"Gerber, J.P.","E_268","Gerber, J.P.","E","gerber_jp_2025",1,"Columnea fuscihirta",5.50689,-75.85283,"2025-05-25","change1: Filled coordinateUncertaintyInMeters from decimal-place precision (conservative). | epi_taxo: acceptedName(match1); authorship_epig(match1); genus_from_scientificName; family_WFO; order_majorGroup_WCVP [2026-03-11] | CoordinateCleaner QA applied without sea test (validity, equal, zeros, capitals, centroids, gbif, institutions) [2026-04-14]","standardized author name in recordedBy / standardized author name in identifiedBy","Gerber, Jan Philipp","Gerber, Jan Philipp"
"231","gerber_jp_2025_231","HumanObservation",NA,NA,NA,"SPECIES",NA,"Gerber, J.P.","E_269","Gerber, J.P.","E","gerber_jp_2025",3,"Ornithocephalus escobarianus",5.50689,-75.85283,"2025-05-25","change1: Filled coordinateUncertaintyInMeters from decimal-place precision (conservative). | epi_taxo: acceptedName(match1); authorship_epig(match1); genus_from_scientificName; family_WFO; order_majorGroup_WCVP [2026-03-11] | CoordinateCleaner QA applied without sea test (validity, equal, zeros, capitals, centroids, gbif, institutions) [2026-04-14]","standardized author name in recordedBy / standardized author name in identifiedBy","Gerber, Jan Philipp","Gerber, Jan Philipp"
"232","gerber_jp_2025_232","HumanObservation",NA,NA,NA,"SPECIES",NA,"Gerber, J.P.","E_270","Gerber, J.P.","E","gerber_jp_2025",1,"Guzmania triangularis",5.50689,-75.85283,"2025-05-25","change1: Filled coordinateUncertaintyInMeters from decimal-place precision (conservative). | epi_taxo: acceptedName(match1); authorship_epig(match1); genus_from_scientificName; family_WFO; order_majorGroup_WCVP [2026-03-11] | CoordinateCleaner QA applied without sea test (validity, equal, zeros, capitals, centroids, gbif, institutions) [2026-04-14]","standardized author name in recordedBy / standardized author name in identifiedBy","Gerber, Jan Philipp","Gerber, Jan Philipp"
"233","gerber_jp_2025_233","HumanObservation",NA,NA,NA,"SPECIES",NA,"Gerber, J.P.","E_271","Gerber, J.P.","E","gerber_jp_2025",1,"Guzmania triangularis",5.50689,-75.85283,"2025-05-25","change1: Filled coordinateUncertaintyInMeters from decimal-place precision (conservative). | epi_taxo: acceptedName(match1); authorship_epig(match1); genus_from_scientificName; family_WFO; order_majorGroup_WCVP [2026-03-11] | CoordinateCleaner QA applied without sea test (validity, equal, zeros, capitals, centroids, gbif, institutions) [2026-04-14]","standardized author name in recordedBy / standardized author name in identifiedBy","Gerber, Jan Philipp","Gerber, Jan Philipp"
"234","gerber_jp_2025_234","HumanObservation",NA,NA,NA,"SPECIES",NA,"Gerber, J.P.","E_273","Gerber, J.P.","E","gerber_jp_2025",1,"Guzmania triangularis",5.50689,-75.85283,"2025-05-25","change1: Filled coordinateUncertaintyInMeters from decimal-place precision (conservative). | epi_taxo: acceptedName(match1); authorship_epig(match1); genus_from_scientificName; family_WFO; order_majorGroup_WCVP [2026-03-11] | CoordinateCleaner QA applied without sea test (validity, equal, zeros, capitals, centroids, gbif, institutions) [2026-04-14]","standardized author name in recordedBy / standardized author name in identifiedBy","Gerber, Jan Philipp","Gerber, Jan Philipp"
"235","gerber_jp_2025_235","HumanObservation",NA,NA,NA,"SPECIES",NA,"Gerber, J.P.","E_274","Gerber, J.P.","E","gerber_jp_2025",3,"Anthurium herthae",5.50689,-75.85283,"2025-05-25","change1: Filled coordinateUncertaintyInMeters from decimal-place precision (conservative). | epi_taxo: acceptedName(match1); authorship_epig(match1); genus_from_scientificName; family_WFO; order_majorGroup_WCVP [2026-03-11] | CoordinateCleaner QA applied without sea test (validity, equal, zeros, capitals, centroids, gbif, institutions) [2026-04-14]","standardized author name in recordedBy / standardized author name in identifiedBy","Gerber, Jan Philipp","Gerber, Jan Philipp"
"236","gerber_jp_2025_236","HumanObservation",NA,NA,NA,"SPECIES",NA,"Gerber, J.P.","E_275","Gerber, J.P.","E","gerber_jp_2025",1,"Guzmania triangularis",5.50689,-75.85283,"2025-05-25","change1: Filled coordinateUncertaintyInMeters from decimal-place precision (conservative). | epi_taxo: acceptedName(match1); authorship_epig(match1); genus_from_scientificName; family_WFO; order_majorGroup_WCVP [2026-03-11] | CoordinateCleaner QA applied without sea test (validity, equal, zeros, capitals, centroids, gbif, institutions) [2026-04-14]","standardized author name in recordedBy / standardized author name in identifiedBy","Gerber, Jan Philipp","Gerber, Jan Philipp"
"237","gerber_jp_2025_237","HumanObservation",NA,NA,NA,"SPECIES",NA,"Gerber, J.P.","E_276","Gerber, J.P.","E","gerber_jp_2025",1,"Guzmania triangularis",5.50689,-75.85283,"2025-05-25","change1: Filled coordinateUncertaintyInMeters from decimal-place precision (conservative). | epi_taxo: acceptedName(match1); authorship_epig(match1); genus_from_scientificName; family_WFO; order_majorGroup_WCVP [2026-03-11] | CoordinateCleaner QA applied without sea test (validity, equal, zeros, capitals, centroids, gbif, institutions) [2026-04-14]","standardized author name in recordedBy / standardized author name in identifiedBy","Gerber, Jan Philipp","Gerber, Jan Philipp"
"238","gerber_jp_2025_238","HumanObservation",NA,NA,NA,"SPECIES",NA,"Gerber, J.P.","E_277","Gerber, J.P.","E","gerber_jp_2025",1,"Guzmania triangularis",5.50689,-75.85283,"2025-05-25","change1: Filled coordinateUncertaintyInMeters from decimal-place precision (conservative). | epi_taxo: acceptedName(match1); authorship_epig(match1); genus_from_scientificName; family_WFO; order_majorGroup_WCVP [2026-03-11] | CoordinateCleaner QA applied without sea test (validity, equal, zeros, capitals, centroids, gbif, institutions) [2026-04-14]","standardized author name in recordedBy / standardized author name in identifiedBy","Gerber, Jan Philipp","Gerber, Jan Philipp"
"239","gerber_jp_2025_239","HumanObservation",NA,NA,NA,"SPECIES",NA,"Gerber, J.P.","E_278","Gerber, J.P.","E","gerber_jp_2025",1,"Guzmania triangularis",5.50689,-75.85283,"2025-05-25","change1: Filled coordinateUncertaintyInMeters from decimal-place precision (conservative). | epi_taxo: acceptedName(match1); authorship_epig(match1); genus_from_scientificName; family_WFO; order_majorGroup_WCVP [2026-03-11] | CoordinateCleaner QA applied without sea test (validity, equal, zeros, capitals, centroids, gbif, institutions) [2026-04-14]","standardized author name in recordedBy / standardized author name in identifiedBy","Gerber, Jan Philipp","Gerber, Jan Philipp"
"240","gerber_jp_2025_240","HumanObservation",NA,NA,NA,"SPECIES",NA,"Gerber, J.P.","E_279","Gerber, J.P.","E","gerber_jp_2025",1,"Columnea fuscihirta",5.50689,-75.85283,"2025-05-25","change1: Filled coordinateUncertaintyInMeters from decimal-place precision (conservative). | epi_taxo: acceptedName(match1); authorship_epig(match1); genus_from_scientificName; family_WFO; order_majorGroup_WCVP [2026-03-11] | CoordinateCleaner QA applied without sea test (validity, equal, zeros, capitals, centroids, gbif, institutions) [2026-04-14]","standardized author name in recordedBy / standardized author name in identifiedBy","Gerber, Jan Philipp","Gerber, Jan Philipp"
"241","gerber_jp_2025_241","HumanObservation",NA,NA,NA,"SPECIES",NA,"Gerber, J.P.","E_280","Gerber, J.P.","E","gerber_jp_2025",1,"Guzmania triangularis",5.50689,-75.85283,"2025-05-25","change1: Filled coordinateUncertaintyInMeters from decimal-place precision (conservative). | epi_taxo: acceptedName(match1); authorship_epig(match1); genus_from_scientificName; family_WFO; order_majorGroup_WCVP [2026-03-11] | CoordinateCleaner QA applied without sea test (validity, equal, zeros, capitals, centroids, gbif, institutions) [2026-04-14]","standardized author name in recordedBy / standardized author name in identifiedBy","Gerber, Jan Philipp","Gerber, Jan Philipp"
"242","gerber_jp_2025_242","HumanObservation",NA,NA,NA,"SPECIES",NA,"Gerber, J.P.","E_281","Gerber, J.P.","E","gerber_jp_2025",1,"Guzmania triangularis",5.50689,-75.85283,"2025-05-25","change1: Filled coordinateUncertaintyInMeters from decimal-place precision (conservative). | epi_taxo: acceptedName(match1); authorship_epig(match1); genus_from_scientificName; family_WFO; order_majorGroup_WCVP [2026-03-11] | CoordinateCleaner QA applied without sea test (validity, equal, zeros, capitals, centroids, gbif, institutions) [2026-04-14]","standardized author name in recordedBy / standardized author name in identifiedBy","Gerber, Jan Philipp","Gerber, Jan Philipp"
"243","gerber_jp_2025_243","HumanObservation",NA,NA,NA,"SPECIES",NA,"Gerber, J.P.","E_282","Gerber, J.P.","E","gerber_jp_2025",1,"Guzmania triangularis",5.50689,-75.85283,"2025-05-25","change1: Filled coordinateUncertaintyInMeters from decimal-place precision (conservative). | epi_taxo: acceptedName(match1); authorship_epig(match1); genus_from_scientificName; family_WFO; order_majorGroup_WCVP [2026-03-11] | CoordinateCleaner QA applied without sea test (validity, equal, zeros, capitals, centroids, gbif, institutions) [2026-04-14]","standardized author name in recordedBy / standardized author name in identifiedBy","Gerber, Jan Philipp","Gerber, Jan Philipp"
"244","gerber_jp_2025_244","HumanObservation",NA,NA,NA,"GENUS",NA,"Gerber, J.P.","E_283","Gerber, J.P.","E","gerber_jp_2025",NA,"",5.50689,-75.85283,"2025-05-25","change1: Filled coordinateUncertaintyInMeters from decimal-place precision (conservative). | epi_taxo: acceptedName(match1); authorship_epig(match1); genus_from_scientificName; family_WFO; order_majorGroup_WCVP [2026-03-11] | CoordinateCleaner QA applied without sea test (validity, equal, zeros, capitals, centroids, gbif, institutions) [2026-04-14]","standardized author name in recordedBy / standardized author name in identifiedBy","Gerber, Jan Philipp","Gerber, Jan Philipp"
"245","gerber_jp_2025_245","HumanObservation",NA,NA,NA,"GENUS",NA,"Gerber, J.P.","E_284","Gerber, J.P.","E","gerber_jp_2025",NA,"",5.50689,-75.85283,"2025-05-25","change1: Filled coordinateUncertaintyInMeters from decimal-place precision (conservative). | epi_taxo: acceptedName(match1); authorship_epig(match1); genus_from_scientificName; family_WFO; order_majorGroup_WCVP [2026-03-11] | CoordinateCleaner QA applied without sea test (validity, equal, zeros, capitals, centroids, gbif, institutions) [2026-04-14]","standardized author name in recordedBy / standardized author name in identifiedBy","Gerber, Jan Philipp","Gerber, Jan Philipp"
"246","gerber_jp_2025_246","HumanObservation",NA,NA,NA,"SPECIES",NA,"Gerber, J.P.","E_285","Gerber, J.P.","E","gerber_jp_2025",3,"Ornithocephalus escobarianus",5.50689,-75.85283,"2025-05-25","change1: Filled coordinateUncertaintyInMeters from decimal-place precision (conservative). | epi_taxo: acceptedName(match1); authorship_epig(match1); genus_from_scientificName; family_WFO; order_majorGroup_WCVP [2026-03-11] | CoordinateCleaner QA applied without sea test (validity, equal, zeros, capitals, centroids, gbif, institutions) [2026-04-14]","standardized author name in recordedBy / standardized author name in identifiedBy","Gerber, Jan Philipp","Gerber, Jan Philipp"
"247","gerber_jp_2025_247","HumanObservation",NA,NA,NA,"SPECIES",NA,"Gerber, J.P.","E_286","Gerber, J.P.","E","gerber_jp_2025",1,"Guzmania triangularis",5.50432,-75.85526,"2025-05-26","change1: Filled coordinateUncertaintyInMeters from decimal-place precision (conservative). | epi_taxo: acceptedName(match1); authorship_epig(match1); genus_from_scientificName; family_WFO; order_majorGroup_WCVP [2026-03-11] | CoordinateCleaner QA applied without sea test (validity, equal, zeros, capitals, centroids, gbif, institutions) [2026-04-14]","standardized author name in recordedBy / standardized author name in identifiedBy","Gerber, Jan Philipp","Gerber, Jan Philipp"
"248","gerber_jp_2025_248","HumanObservation",NA,NA,NA,"SPECIES",NA,"Gerber, J.P.","E_287","Gerber, J.P.","E","gerber_jp_2025",1,"Guzmania triangularis",5.50432,-75.85526,"2025-05-26","change1: Filled coordinateUncertaintyInMeters from decimal-place precision (conservative). | epi_taxo: acceptedName(match1); authorship_epig(match1); genus_from_scientificName; family_WFO; order_majorGroup_WCVP [2026-03-11] | CoordinateCleaner QA applied without sea test (validity, equal, zeros, capitals, centroids, gbif, institutions) [2026-04-14]","standardized author name in recordedBy / standardized author name in identifiedBy","Gerber, Jan Philipp","Gerber, Jan Philipp"
"249","gerber_jp_2025_249","HumanObservation",NA,NA,NA,"SPECIES",NA,"Gerber, J.P.","E_288","Gerber, J.P.","E","gerber_jp_2025",1,"Columnea purpurata",5.50432,-75.85526,"2025-05-26","change1: Filled coordinateUncertaintyInMeters from decimal-place precision (conservative). | epi_taxo: acceptedName(match1); authorship_epig(match1); genus_from_scientificName; family_WFO; order_majorGroup_WCVP [2026-03-11] | CoordinateCleaner QA applied without sea test (validity, equal, zeros, capitals, centroids, gbif, institutions) [2026-04-14]","standardized author name in recordedBy / standardized author name in identifiedBy","Gerber, Jan Philipp","Gerber, Jan Philipp"
"250","gerber_jp_2025_250","HumanObservation",NA,NA,NA,"SPECIES",NA,"Gerber, J.P.","E_289","Gerber, J.P.","E","gerber_jp_2025",1,"Guzmania triangularis",5.50432,-75.85526,"2025-05-26","change1: Filled coordinateUncertaintyInMeters from decimal-place precision (conservative). | epi_taxo: acceptedName(match1); authorship_epig(match1); genus_from_scientificName; family_WFO; order_majorGroup_WCVP [2026-03-11] | CoordinateCleaner QA applied without sea test (validity, equal, zeros, capitals, centroids, gbif, institutions) [2026-04-14]","standardized author name in recordedBy / standardized author name in identifiedBy","Gerber, Jan Philipp","Gerber, Jan Philipp"
"251","gerber_jp_2025_251","HumanObservation",NA,NA,NA,"SPECIES",NA,"Gerber, J.P.","E_290","Gerber, J.P.","E","gerber_jp_2025",1,"Guzmania triangularis",5.50432,-75.85526,"2025-05-26","change1: Filled coordinateUncertaintyInMeters from decimal-place precision (conservative). | epi_taxo: acceptedName(match1); authorship_epig(match1); genus_from_scientificName; family_WFO; order_majorGroup_WCVP [2026-03-11] | CoordinateCleaner QA applied without sea test (validity, equal, zeros, capitals, centroids, gbif, institutions) [2026-04-14]","standardized author name in recordedBy / standardized author name in identifiedBy","Gerber, Jan Philipp","Gerber, Jan Philipp"
"252","gerber_jp_2025_252","HumanObservation",NA,NA,NA,"SPECIES",NA,"Gerber, J.P.","E_291","Gerber, J.P.","E","gerber_jp_2025",1,"Guzmania triangularis",5.50432,-75.85526,"2025-05-26","change1: Filled coordinateUncertaintyInMeters from decimal-place precision (conservative). | epi_taxo: acceptedName(match1); authorship_epig(match1); genus_from_scientificName; family_WFO; order_majorGroup_WCVP [2026-03-11] | CoordinateCleaner QA applied without sea test (validity, equal, zeros, capitals, centroids, gbif, institutions) [2026-04-14]","standardized author name in recordedBy / standardized author name in identifiedBy","Gerber, Jan Philipp","Gerber, Jan Philipp"
"253","gerber_jp_2025_253","HumanObservation",NA,NA,NA,"SPECIES",NA,"Gerber, J.P.","E_292","Gerber, J.P.","E","gerber_jp_2025",1,"Guzmania triangularis",5.50432,-75.85526,"2025-05-26","change1: Filled coordinateUncertaintyInMeters from decimal-place precision (conservative). | epi_taxo: acceptedName(match1); authorship_epig(match1); genus_from_scientificName; family_WFO; order_majorGroup_WCVP [2026-03-11] | CoordinateCleaner QA applied without sea test (validity, equal, zeros, capitals, centroids, gbif, institutions) [2026-04-14]","standardized author name in recordedBy / standardized author name in identifiedBy","Gerber, Jan Philipp","Gerber, Jan Philipp"
"254","gerber_jp_2025_254","HumanObservation",NA,NA,NA,"SPECIES",NA,"Gerber, J.P.","E_293","Gerber, J.P.","E","gerber_jp_2025",1,"Columnea dimidiata",5.50432,-75.85526,"2025-05-26","change1: Filled coordinateUncertaintyInMeters from decimal-place precision (conservative). | epi_taxo: acceptedName(match1); authorship_epig(match1); genus_from_scientificName; family_WFO; order_majorGroup_WCVP [2026-03-11] | CoordinateCleaner QA applied without sea test (validity, equal, zeros, capitals, centroids, gbif, institutions) [2026-04-14]","standardized author name in recordedBy / standardized author name in identifiedBy","Gerber, Jan Philipp","Gerber, Jan Philipp"
"255","gerber_jp_2025_255","HumanObservation",NA,NA,NA,"SPECIES",NA,"Gerber, J.P.","E_294","Gerber, J.P.","E","gerber_jp_2025",1,"Lepanthes ophelma",5.50432,-75.85526,"2025-05-26","change1: Filled coordinateUncertaintyInMeters from decimal-place precision (conservative). | epi_taxo: acceptedName(match1); authorship_epig(match1); genus_from_scientificName; family_WFO; order_majorGroup_WCVP [2026-03-11] | CoordinateCleaner QA applied without sea test (validity, equal, zeros, capitals, centroids, gbif, institutions) [2026-04-14]","standardized author name in recordedBy / standardized author name in identifiedBy","Gerber, Jan Philipp","Gerber, Jan Philipp"
"256","gerber_jp_2025_256","HumanObservation",NA,NA,NA,"SPECIES",NA,"Gerber, J.P.","E_295","Gerber, J.P.","E","gerber_jp_2025",1,"Masdevallia hortensis",5.50432,-75.85526,"2025-05-26","change1: Filled coordinateUncertaintyInMeters from decimal-place precision (conservative). | epi_taxo: acceptedName(match1); authorship_epig(match1); genus_from_scientificName; family_WFO; order_majorGroup_WCVP [2026-03-11] | CoordinateCleaner QA applied without sea test (validity, equal, zeros, capitals, centroids, gbif, institutions) [2026-04-14]","standardized author name in recordedBy / standardized author name in identifiedBy","Gerber, Jan Philipp","Gerber, Jan Philipp"
"257","gerber_jp_2025_257","HumanObservation",NA,NA,NA,"SPECIES",NA,"Gerber, J.P.","E_296","Gerber, J.P.","E","gerber_jp_2025",1,"Masdevallia hortensis",5.50432,-75.85526,"2025-05-26","change1: Filled coordinateUncertaintyInMeters from decimal-place precision (conservative). | epi_taxo: acceptedName(match1); authorship_epig(match1); genus_from_scientificName; family_WFO; order_majorGroup_WCVP [2026-03-11] | CoordinateCleaner QA applied without sea test (validity, equal, zeros, capitals, centroids, gbif, institutions) [2026-04-14]","standardized author name in recordedBy / standardized author name in identifiedBy","Gerber, Jan Philipp","Gerber, Jan Philipp"
"258","gerber_jp_2025_258","HumanObservation",NA,NA,NA,"SPECIES",NA,"Gerber, J.P.","E_297","Gerber, J.P.","E","gerber_jp_2025",1,"Lepanthes meleagris",5.50432,-75.85526,"2025-05-26","change1: Filled coordinateUncertaintyInMeters from decimal-place precision (conservative). | epi_taxo: acceptedName(match1); authorship_epig(match1); genus_from_scientificName; family_WFO; order_majorGroup_WCVP [2026-03-11] | CoordinateCleaner QA applied without sea test (validity, equal, zeros, capitals, centroids, gbif, institutions) [2026-04-14]","standardized author name in recordedBy / standardized author name in identifiedBy","Gerber, Jan Philipp","Gerber, Jan Philipp"
"259","gerber_jp_2025_259","HumanObservation",NA,NA,NA,"SPECIES",NA,"Gerber, J.P.","E_298","Gerber, J.P.","E","gerber_jp_2025",1,"Lepanthes ophelma",5.50432,-75.85526,"2025-05-26","change1: Filled coordinateUncertaintyInMeters from decimal-place precision (conservative). | epi_taxo: acceptedName(match1); authorship_epig(match1); genus_from_scientificName; family_WFO; order_majorGroup_WCVP [2026-03-11] | CoordinateCleaner QA applied without sea test (validity, equal, zeros, capitals, centroids, gbif, institutions) [2026-04-14]","standardized author name in recordedBy / standardized author name in identifiedBy","Gerber, Jan Philipp","Gerber, Jan Philipp"
"260","gerber_jp_2025_260","HumanObservation",NA,NA,NA,"SPECIES",NA,"Gerber, J.P.","E_299","Gerber, J.P.","E","gerber_jp_2025",1,"Masdevallia hortensis",5.50432,-75.85526,"2025-05-26","change1: Filled coordinateUncertaintyInMeters from decimal-place precision (conservative). | epi_taxo: acceptedName(match1); authorship_epig(match1); genus_from_scientificName; family_WFO; order_majorGroup_WCVP [2026-03-11] | CoordinateCleaner QA applied without sea test (validity, equal, zeros, capitals, centroids, gbif, institutions) [2026-04-14]","standardized author name in recordedBy / standardized author name in identifiedBy","Gerber, Jan Philipp","Gerber, Jan Philipp"
"261","gerber_jp_2025_261","HumanObservation",NA,NA,NA,"SPECIES",NA,"Gerber, J.P.","E_300","Gerber, J.P.","E","gerber_jp_2025",1,"Masdevallia hortensis",5.50432,-75.85526,"2025-05-26","change1: Filled coordinateUncertaintyInMeters from decimal-place precision (conservative). | epi_taxo: acceptedName(match1); authorship_epig(match1); genus_from_scientificName; family_WFO; order_majorGroup_WCVP [2026-03-11] | CoordinateCleaner QA applied without sea test (validity, equal, zeros, capitals, centroids, gbif, institutions) [2026-04-14]","standardized author name in recordedBy / standardized author name in identifiedBy","Gerber, Jan Philipp","Gerber, Jan Philipp"
"262","gerber_jp_2025_262","HumanObservation",NA,NA,NA,"SPECIES",NA,"Gerber, J.P.","E_301","Gerber, J.P.","E","gerber_jp_2025",1,"Pleurothallis penduliflora",5.50432,-75.85526,"2025-05-26","change1: Filled coordinateUncertaintyInMeters from decimal-place precision (conservative). | epi_taxo: acceptedName(match1); authorship_epig(match1); genus_from_scientificName; family_WFO; order_majorGroup_WCVP [2026-03-11] | CoordinateCleaner QA applied without sea test (validity, equal, zeros, capitals, centroids, gbif, institutions) [2026-04-14]","standardized author name in recordedBy / standardized author name in identifiedBy","Gerber, Jan Philipp","Gerber, Jan Philipp"
"263","gerber_jp_2025_263","HumanObservation",NA,NA,NA,"SPECIES",NA,"Gerber, J.P.","E_302","Gerber, J.P.","E","gerber_jp_2025",1,"Pleurothallis anthrax",5.50432,-75.85526,"2025-05-26","change1: Filled coordinateUncertaintyInMeters from decimal-place precision (conservative). | epi_taxo: acceptedName(match1); authorship_epig(match1); genus_from_scientificName; family_WFO; order_majorGroup_WCVP [2026-03-11] | CoordinateCleaner QA applied without sea test (validity, equal, zeros, capitals, centroids, gbif, institutions) [2026-04-14]","standardized author name in recordedBy / standardized author name in identifiedBy","Gerber, Jan Philipp","Gerber, Jan Philipp"
"264","gerber_jp_2025_264","HumanObservation",NA,NA,NA,"SPECIES",NA,"Gerber, J.P.","E_303","Gerber, J.P.","E","gerber_jp_2025",1,"Guzmania triangularis",5.5041,-75.85675,"2025-05-26","change1: Filled coordinateUncertaintyInMeters from decimal-place precision (conservative). | epi_taxo: acceptedName(match1); authorship_epig(match1); genus_from_scientificName; family_WFO; order_majorGroup_WCVP [2026-03-11] | CoordinateCleaner QA applied without sea test (validity, equal, zeros, capitals, centroids, gbif, institutions) [2026-04-14]","standardized author name in recordedBy / standardized author name in identifiedBy","Gerber, Jan Philipp","Gerber, Jan Philipp"
"265","gerber_jp_2025_265","HumanObservation",NA,NA,NA,"SPECIES",NA,"Gerber, J.P.","E_304","Gerber, J.P.","E","gerber_jp_2025",1,"Pleurothallis penduliflora",5.5041,-75.85675,"2025-05-26","change1: Filled coordinateUncertaintyInMeters from decimal-place precision (conservative). | epi_taxo: acceptedName(match1); authorship_epig(match1); genus_from_scientificName; family_WFO; order_majorGroup_WCVP [2026-03-11] | CoordinateCleaner QA applied without sea test (validity, equal, zeros, capitals, centroids, gbif, institutions) [2026-04-14]","standardized author name in recordedBy / standardized author name in identifiedBy","Gerber, Jan Philipp","Gerber, Jan Philipp"
"266","gerber_jp_2025_266","HumanObservation",NA,NA,NA,"SPECIES",NA,"Gerber, J.P.","E_305","Gerber, J.P.","E","gerber_jp_2025",1,"Pleurothallis lindenii",5.5041,-75.85675,"2025-05-26","change1: Filled coordinateUncertaintyInMeters from decimal-place precision (conservative). | epi_taxo: acceptedName(match1); authorship_epig(match1); genus_from_scientificName; family_WFO; order_majorGroup_WCVP [2026-03-11] | CoordinateCleaner QA applied without sea test (validity, equal, zeros, capitals, centroids, gbif, institutions) [2026-04-14]","standardized author name in recordedBy / standardized author name in identifiedBy","Gerber, Jan Philipp","Gerber, Jan Philipp"
"267","gerber_jp_2025_267","HumanObservation",NA,NA,NA,"SPECIES",NA,"Gerber, J.P.","E_307","Gerber, J.P.","E","gerber_jp_2025",1,"Peperomia infralutea",5.5041,-75.85675,"2025-05-26","change1: Filled coordinateUncertaintyInMeters from decimal-place precision (conservative). | epi_taxo: acceptedName(match1); authorship_epig(match1); genus_from_scientificName; family_WFO; order_majorGroup_WCVP [2026-03-11] | CoordinateCleaner QA applied without sea test (validity, equal, zeros, capitals, centroids, gbif, institutions) [2026-04-14]","standardized author name in recordedBy / standardized author name in identifiedBy","Gerber, Jan Philipp","Gerber, Jan Philipp"
"268","gerber_jp_2025_268","HumanObservation",NA,NA,NA,"SPECIES",NA,"Gerber, J.P.","E_308","Gerber, J.P.","E","gerber_jp_2025",1,"Pleurothallis lindenii",5.5041,-75.85675,"2025-05-26","change1: Filled coordinateUncertaintyInMeters from decimal-place precision (conservative). | epi_taxo: acceptedName(match1); authorship_epig(match1); genus_from_scientificName; family_WFO; order_majorGroup_WCVP [2026-03-11] | CoordinateCleaner QA applied without sea test (validity, equal, zeros, capitals, centroids, gbif, institutions) [2026-04-14]","standardized author name in recordedBy / standardized author name in identifiedBy","Gerber, Jan Philipp","Gerber, Jan Philipp"
"269","gerber_jp_2025_269","HumanObservation",NA,NA,NA,"SPECIES",NA,"Gerber, J.P.","E_309","Gerber, J.P.","E","gerber_jp_2025",1,"Pleurothallis lindenii",5.5041,-75.85675,"2025-05-26","change1: Filled coordinateUncertaintyInMeters from decimal-place precision (conservative). | epi_taxo: acceptedName(match1); authorship_epig(match1); genus_from_scientificName; family_WFO; order_majorGroup_WCVP [2026-03-11] | CoordinateCleaner QA applied without sea test (validity, equal, zeros, capitals, centroids, gbif, institutions) [2026-04-14]","standardized author name in recordedBy / standardized author name in identifiedBy","Gerber, Jan Philipp","Gerber, Jan Philipp"
"270","gerber_jp_2025_270","HumanObservation",NA,NA,NA,"",NA,"Gerber, J.P.","E_310","Gerber, J.P.","E","gerber_jp_2025",NA,"",5.5041,-75.85675,"2025-05-26","change1: Filled coordinateUncertaintyInMeters from decimal-place precision (conservative). | epi_taxo: acceptedName(match1); authorship_epig(match1); genus_from_scientificName; family_WFO; order_majorGroup_WCVP [2026-03-11] | CoordinateCleaner QA applied without sea test (validity, equal, zeros, capitals, centroids, gbif, institutions) [2026-04-14]","standardized author name in recordedBy / standardized author name in identifiedBy","Gerber, Jan Philipp","Gerber, Jan Philipp"
"271","gerber_jp_2025_271","HumanObservation",NA,NA,NA,"SPECIES",NA,"Gerber, J.P.","E_311","Gerber, J.P.","E","gerber_jp_2025",1,"Guzmania triangularis",5.5041,-75.85675,"2025-05-26","change1: Filled coordinateUncertaintyInMeters from decimal-place precision (conservative). | epi_taxo: acceptedName(match1); authorship_epig(match1); genus_from_scientificName; family_WFO; order_majorGroup_WCVP [2026-03-11] | CoordinateCleaner QA applied without sea test (validity, equal, zeros, capitals, centroids, gbif, institutions) [2026-04-14]","standardized author name in recordedBy / standardized author name in identifiedBy","Gerber, Jan Philipp","Gerber, Jan Philipp"
"272","gerber_jp_2025_272","HumanObservation",NA,NA,NA,"SPECIES",NA,"Gerber, J.P.","E_312","Gerber, J.P.","E","gerber_jp_2025",1,"Guzmania triangularis",5.5041,-75.85675,"2025-05-26","change1: Filled coordinateUncertaintyInMeters from decimal-place precision (conservative). | epi_taxo: acceptedName(match1); authorship_epig(match1); genus_from_scientificName; family_WFO; order_majorGroup_WCVP [2026-03-11] | CoordinateCleaner QA applied without sea test (validity, equal, zeros, capitals, centroids, gbif, institutions) [2026-04-14]","standardized author name in recordedBy / standardized author name in identifiedBy","Gerber, Jan Philipp","Gerber, Jan Philipp"
"273","gerber_jp_2025_273","HumanObservation",NA,NA,NA,"SPECIES",NA,"Gerber, J.P.","E_313","Gerber, J.P.","E","gerber_jp_2025",1,"Guzmania triangularis",5.5041,-75.85675,"2025-05-26","change1: Filled coordinateUncertaintyInMeters from decimal-place precision (conservative). | epi_taxo: acceptedName(match1); authorship_epig(match1); genus_from_scientificName; family_WFO; order_majorGroup_WCVP [2026-03-11] | CoordinateCleaner QA applied without sea test (validity, equal, zeros, capitals, centroids, gbif, institutions) [2026-04-14]","standardized author name in recordedBy / standardized author name in identifiedBy","Gerber, Jan Philipp","Gerber, Jan Philipp"
"274","gerber_jp_2025_274","HumanObservation",NA,NA,NA,"SPECIES",NA,"Gerber, J.P.","E_314","Gerber, J.P.","E","gerber_jp_2025",1,"Guzmania triangularis",5.5041,-75.85675,"2025-05-26","change1: Filled coordinateUncertaintyInMeters from decimal-place precision (conservative). | epi_taxo: acceptedName(match1); authorship_epig(match1); genus_from_scientificName; family_WFO; order_majorGroup_WCVP [2026-03-11] | CoordinateCleaner QA applied without sea test (validity, equal, zeros, capitals, centroids, gbif, institutions) [2026-04-14]","standardized author name in recordedBy / standardized author name in identifiedBy","Gerber, Jan Philipp","Gerber, Jan Philipp"
"275","gerber_jp_2025_275","HumanObservation",NA,NA,NA,"SPECIES",NA,"Gerber, J.P.","E_315","Gerber, J.P.","E","gerber_jp_2025",1,"Guzmania triangularis",5.5041,-75.85675,"2025-05-26","change1: Filled coordinateUncertaintyInMeters from decimal-place precision (conservative). | epi_taxo: acceptedName(match1); authorship_epig(match1); genus_from_scientificName; family_WFO; order_majorGroup_WCVP [2026-03-11] | CoordinateCleaner QA applied without sea test (validity, equal, zeros, capitals, centroids, gbif, institutions) [2026-04-14]","standardized author name in recordedBy / standardized author name in identifiedBy","Gerber, Jan Philipp","Gerber, Jan Philipp"
"276","gerber_jp_2025_276","HumanObservation",NA,NA,NA,"SPECIES",NA,"Gerber, J.P.","E_316","Gerber, J.P.","E","gerber_jp_2025",1,"Guzmania triangularis",5.5041,-75.85675,"2025-05-26","change1: Filled coordinateUncertaintyInMeters from decimal-place precision (conservative). | epi_taxo: acceptedName(match1); authorship_epig(match1); genus_from_scientificName; family_WFO; order_majorGroup_WCVP [2026-03-11] | CoordinateCleaner QA applied without sea test (validity, equal, zeros, capitals, centroids, gbif, institutions) [2026-04-14]","standardized author name in recordedBy / standardized author name in identifiedBy","Gerber, Jan Philipp","Gerber, Jan Philipp"
"277","gerber_jp_2025_277","HumanObservation",NA,NA,NA,"SPECIES",NA,"Gerber, J.P.","E_317","Gerber, J.P.","E","gerber_jp_2025",1,"Guzmania triangularis",5.5041,-75.85675,"2025-05-26","change1: Filled coordinateUncertaintyInMeters from decimal-place precision (conservative). | epi_taxo: acceptedName(match1); authorship_epig(match1); genus_from_scientificName; family_WFO; order_majorGroup_WCVP [2026-03-11] | CoordinateCleaner QA applied without sea test (validity, equal, zeros, capitals, centroids, gbif, institutions) [2026-04-14]","standardized author name in recordedBy / standardized author name in identifiedBy","Gerber, Jan Philipp","Gerber, Jan Philipp"
"278","gerber_jp_2025_278","HumanObservation",NA,NA,NA,"SPECIES",NA,"Gerber, J.P.","E_318","Gerber, J.P.","E","gerber_jp_2025",1,"Guzmania triangularis",5.5041,-75.85675,"2025-05-26","change1: Filled coordinateUncertaintyInMeters from decimal-place precision (conservative). | epi_taxo: acceptedName(match1); authorship_epig(match1); genus_from_scientificName; family_WFO; order_majorGroup_WCVP [2026-03-11] | CoordinateCleaner QA applied without sea test (validity, equal, zeros, capitals, centroids, gbif, institutions) [2026-04-14]","standardized author name in recordedBy / standardized author name in identifiedBy","Gerber, Jan Philipp","Gerber, Jan Philipp"
"279","gerber_jp_2025_279","HumanObservation",NA,NA,NA,"SPECIES",NA,"Gerber, J.P.","E_319","Gerber, J.P.","E","gerber_jp_2025",1,"Guzmania triangularis",5.5041,-75.85675,"2025-05-26","change1: Filled coordinateUncertaintyInMeters from decimal-place precision (conservative). | epi_taxo: acceptedName(match1); authorship_epig(match1); genus_from_scientificName; family_WFO; order_majorGroup_WCVP [2026-03-11] | CoordinateCleaner QA applied without sea test (validity, equal, zeros, capitals, centroids, gbif, institutions) [2026-04-14]","standardized author name in recordedBy / standardized author name in identifiedBy","Gerber, Jan Philipp","Gerber, Jan Philipp"
"280","gerber_jp_2025_280","HumanObservation",NA,NA,NA,"SPECIES",NA,"Gerber, J.P.","E_320","Gerber, J.P.","E","gerber_jp_2025",1,"Guzmania triangularis",5.5041,-75.85675,"2025-05-26","change1: Filled coordinateUncertaintyInMeters from decimal-place precision (conservative). | epi_taxo: acceptedName(match1); authorship_epig(match1); genus_from_scientificName; family_WFO; order_majorGroup_WCVP [2026-03-11] | CoordinateCleaner QA applied without sea test (validity, equal, zeros, capitals, centroids, gbif, institutions) [2026-04-14]","standardized author name in recordedBy / standardized author name in identifiedBy","Gerber, Jan Philipp","Gerber, Jan Philipp"
"281","gerber_jp_2025_281","HumanObservation",NA,NA,NA,"SPECIES",NA,"Gerber, J.P.","E_321","Gerber, J.P.","E","gerber_jp_2025",1,"Pleurothallis anthrax",5.5041,-75.85675,"2025-05-26","change1: Filled coordinateUncertaintyInMeters from decimal-place precision (conservative). | epi_taxo: acceptedName(match1); authorship_epig(match1); genus_from_scientificName; family_WFO; order_majorGroup_WCVP [2026-03-11] | CoordinateCleaner QA applied without sea test (validity, equal, zeros, capitals, centroids, gbif, institutions) [2026-04-14]","standardized author name in recordedBy / standardized author name in identifiedBy","Gerber, Jan Philipp","Gerber, Jan Philipp"
"282","gerber_jp_2025_282","HumanObservation",NA,NA,NA,"SPECIES",NA,"Gerber, J.P.","E_322","Gerber, J.P.","E","gerber_jp_2025",3,"Stelis deregularis",5.5041,-75.85675,"2025-05-26","change1: Filled coordinateUncertaintyInMeters from decimal-place precision (conservative). | epi_taxo: acceptedName(match1); authorship_epig(match1); genus_from_scientificName; family_WFO; order_majorGroup_WCVP [2026-03-11] | CoordinateCleaner QA applied without sea test (validity, equal, zeros, capitals, centroids, gbif, institutions) [2026-04-14]","standardized author name in recordedBy / standardized author name in identifiedBy","Gerber, Jan Philipp","Gerber, Jan Philipp"
"283","gerber_jp_2025_283","HumanObservation",NA,NA,NA,"SPECIES",NA,"Gerber, J.P.","E_323","Gerber, J.P.","E","gerber_jp_2025",1,"Guzmania triangularis",5.5041,-75.85675,"2025-05-26","change1: Filled coordinateUncertaintyInMeters from decimal-place precision (conservative). | epi_taxo: acceptedName(match1); authorship_epig(match1); genus_from_scientificName; family_WFO; order_majorGroup_WCVP [2026-03-11] | CoordinateCleaner QA applied without sea test (validity, equal, zeros, capitals, centroids, gbif, institutions) [2026-04-14]","standardized author name in recordedBy / standardized author name in identifiedBy","Gerber, Jan Philipp","Gerber, Jan Philipp"
"284","gerber_jp_2025_284","HumanObservation",NA,NA,NA,"SPECIES",NA,"Gerber, J.P.","E_324","Gerber, J.P.","E","gerber_jp_2025",1,"Guzmania triangularis",5.5041,-75.85675,"2025-05-26","change1: Filled coordinateUncertaintyInMeters from decimal-place precision (conservative). | epi_taxo: acceptedName(match1); authorship_epig(match1); genus_from_scientificName; family_WFO; order_majorGroup_WCVP [2026-03-11] | CoordinateCleaner QA applied without sea test (validity, equal, zeros, capitals, centroids, gbif, institutions) [2026-04-14]","standardized author name in recordedBy / standardized author name in identifiedBy","Gerber, Jan Philipp","Gerber, Jan Philipp"
"285","gerber_jp_2025_285","HumanObservation",NA,NA,NA,"",NA,"Gerber, J.P.","E_325","Gerber, J.P.","E","gerber_jp_2025",NA,"",5.5041,-75.85675,"2025-05-26","change1: Filled coordinateUncertaintyInMeters from decimal-place precision (conservative). | epi_taxo: acceptedName(match1); authorship_epig(match1); genus_from_scientificName; family_WFO; order_majorGroup_WCVP [2026-03-11] | CoordinateCleaner QA applied without sea test (validity, equal, zeros, capitals, centroids, gbif, institutions) [2026-04-14]","standardized author name in recordedBy / standardized author name in identifiedBy","Gerber, Jan Philipp","Gerber, Jan Philipp"
"286","gerber_jp_2025_286","HumanObservation",NA,NA,NA,"",NA,"Gerber, J.P.","E_326","Gerber, J.P.","E","gerber_jp_2025",NA,"",5.5041,-75.85675,"2025-05-26","change1: Filled coordinateUncertaintyInMeters from decimal-place precision (conservative). | epi_taxo: acceptedName(match1); authorship_epig(match1); genus_from_scientificName; family_WFO; order_majorGroup_WCVP [2026-03-11] | CoordinateCleaner QA applied without sea test (validity, equal, zeros, capitals, centroids, gbif, institutions) [2026-04-14]","standardized author name in recordedBy / standardized author name in identifiedBy","Gerber, Jan Philipp","Gerber, Jan Philipp"
"287","gerber_jp_2025_287","HumanObservation",NA,NA,NA,"SPECIES",NA,"Gerber, J.P.","E_327","Gerber, J.P.","E","gerber_jp_2025",1,"Guzmania triangularis",5.5041,-75.85675,"2025-05-26","change1: Filled coordinateUncertaintyInMeters from decimal-place precision (conservative). | epi_taxo: acceptedName(match1); authorship_epig(match1); genus_from_scientificName; family_WFO; order_majorGroup_WCVP [2026-03-11] | CoordinateCleaner QA applied without sea test (validity, equal, zeros, capitals, centroids, gbif, institutions) [2026-04-14]","standardized author name in recordedBy / standardized author name in identifiedBy","Gerber, Jan Philipp","Gerber, Jan Philipp"
"288","gerber_jp_2025_288","HumanObservation",NA,NA,NA,"SPECIES",NA,"Gerber, J.P.","E_328","Gerber, J.P.","E","gerber_jp_2025",1,"Guzmania triangularis",5.50612,-75.85131,"2025-05-27","change1: Filled coordinateUncertaintyInMeters from decimal-place precision (conservative). | epi_taxo: acceptedName(match1); authorship_epig(match1); genus_from_scientificName; family_WFO; order_majorGroup_WCVP [2026-03-11] | CoordinateCleaner QA applied without sea test (validity, equal, zeros, capitals, centroids, gbif, institutions) [2026-04-14]","standardized author name in recordedBy / standardized author name in identifiedBy","Gerber, Jan Philipp","Gerber, Jan Philipp"
"289","gerber_jp_2025_289","HumanObservation",NA,NA,NA,"SPECIES",NA,"Gerber, J.P.","E_329","Gerber, J.P.","E","gerber_jp_2025",1,"Guzmania triangularis",5.50612,-75.85131,"2025-05-27","change1: Filled coordinateUncertaintyInMeters from decimal-place precision (conservative). | epi_taxo: acceptedName(match1); authorship_epig(match1); genus_from_scientificName; family_WFO; order_majorGroup_WCVP [2026-03-11] | CoordinateCleaner QA applied without sea test (validity, equal, zeros, capitals, centroids, gbif, institutions) [2026-04-14]","standardized author name in recordedBy / standardized author name in identifiedBy","Gerber, Jan Philipp","Gerber, Jan Philipp"
"290","gerber_jp_2025_290","HumanObservation",NA,NA,NA,"SPECIES",NA,"Gerber, J.P.","E_330","Gerber, J.P.","E","gerber_jp_2025",1,"Peperomia swartziana",5.50612,-75.85131,"2025-05-27","change1: Filled coordinateUncertaintyInMeters from decimal-place precision (conservative). | epi_taxo: acceptedName(match1); authorship_epig(match1); genus_from_scientificName; family_WFO; order_majorGroup_WCVP [2026-03-11] | CoordinateCleaner QA applied without sea test (validity, equal, zeros, capitals, centroids, gbif, institutions) [2026-04-14]","standardized author name in recordedBy / standardized author name in identifiedBy","Gerber, Jan Philipp","Gerber, Jan Philipp"
"291","gerber_jp_2025_291","HumanObservation",NA,NA,NA,"SPECIES",NA,"Gerber, J.P.","E_331","Gerber, J.P.","E","gerber_jp_2025",1,"Peperomia swartziana",5.50612,-75.85131,"2025-05-27","change1: Filled coordinateUncertaintyInMeters from decimal-place precision (conservative). | epi_taxo: acceptedName(match1); authorship_epig(match1); genus_from_scientificName; family_WFO; order_majorGroup_WCVP [2026-03-11] | CoordinateCleaner QA applied without sea test (validity, equal, zeros, capitals, centroids, gbif, institutions) [2026-04-14]","standardized author name in recordedBy / standardized author name in identifiedBy","Gerber, Jan Philipp","Gerber, Jan Philipp"
"292","gerber_jp_2025_292","HumanObservation",NA,NA,NA,"SPECIES",NA,"Gerber, J.P.","E_332","Gerber, J.P.","E","gerber_jp_2025",1,"Guzmania triangularis",5.50612,-75.85131,"2025-05-27","change1: Filled coordinateUncertaintyInMeters from decimal-place precision (conservative). | epi_taxo: acceptedName(match1); authorship_epig(match1); genus_from_scientificName; family_WFO; order_majorGroup_WCVP [2026-03-11] | CoordinateCleaner QA applied without sea test (validity, equal, zeros, capitals, centroids, gbif, institutions) [2026-04-14]","standardized author name in recordedBy / standardized author name in identifiedBy","Gerber, Jan Philipp","Gerber, Jan Philipp"
"293","gerber_jp_2025_293","HumanObservation",NA,NA,NA,"SPECIES",NA,"Gerber, J.P.","E_333","Gerber, J.P.","E","gerber_jp_2025",1,"Peperomia swartziana",5.50612,-75.85131,"2025-05-27","change1: Filled coordinateUncertaintyInMeters from decimal-place precision (conservative). | epi_taxo: acceptedName(match1); authorship_epig(match1); genus_from_scientificName; family_WFO; order_majorGroup_WCVP [2026-03-11] | CoordinateCleaner QA applied without sea test (validity, equal, zeros, capitals, centroids, gbif, institutions) [2026-04-14]","standardized author name in recordedBy / standardized author name in identifiedBy","Gerber, Jan Philipp","Gerber, Jan Philipp"
"294","gerber_jp_2025_294","HumanObservation",NA,NA,NA,"SPECIES",NA,"Gerber, J.P.","E_334","Gerber, J.P.","E","gerber_jp_2025",2,"Dichaea morrisii",5.50612,-75.85131,"2025-05-27","change1: Filled coordinateUncertaintyInMeters from decimal-place precision (conservative). | epi_taxo: acceptedName(match1); authorship_epig(match1); genus_from_scientificName; family_WFO; order_majorGroup_WCVP [2026-03-11] | CoordinateCleaner QA applied without sea test (validity, equal, zeros, capitals, centroids, gbif, institutions) [2026-04-14]","standardized author name in recordedBy / standardized author name in identifiedBy","Gerber, Jan Philipp","Gerber, Jan Philipp"
"295","gerber_jp_2025_295","HumanObservation",NA,NA,NA,"SPECIES",NA,"Gerber, J.P.","E_336","Gerber, J.P.","E","gerber_jp_2025",1,"Peperomia swartziana",5.50612,-75.85131,"2025-05-27","change1: Filled coordinateUncertaintyInMeters from decimal-place precision (conservative). | epi_taxo: acceptedName(match1); authorship_epig(match1); genus_from_scientificName; family_WFO; order_majorGroup_WCVP [2026-03-11] | CoordinateCleaner QA applied without sea test (validity, equal, zeros, capitals, centroids, gbif, institutions) [2026-04-14]","standardized author name in recordedBy / standardized author name in identifiedBy","Gerber, Jan Philipp","Gerber, Jan Philipp"
"296","gerber_jp_2025_296","HumanObservation",NA,NA,NA,"SPECIES",NA,"Gerber, J.P.","E_337","Gerber, J.P.","E","gerber_jp_2025",1,"Guzmania triangularis",5.50612,-75.85131,"2025-05-27","change1: Filled coordinateUncertaintyInMeters from decimal-place precision (conservative). | epi_taxo: acceptedName(match1); authorship_epig(match1); genus_from_scientificName; family_WFO; order_majorGroup_WCVP [2026-03-11] | CoordinateCleaner QA applied without sea test (validity, equal, zeros, capitals, centroids, gbif, institutions) [2026-04-14]","standardized author name in recordedBy / standardized author name in identifiedBy","Gerber, Jan Philipp","Gerber, Jan Philipp"
"297","gerber_jp_2025_297","HumanObservation",NA,NA,NA,"SPECIES",NA,"Gerber, J.P.","E_338","Gerber, J.P.","E","gerber_jp_2025",2,"Dichaea morrisii",5.50612,-75.85131,"2025-05-27","change1: Filled coordinateUncertaintyInMeters from decimal-place precision (conservative). | epi_taxo: acceptedName(match1); authorship_epig(match1); genus_from_scientificName; family_WFO; order_majorGroup_WCVP [2026-03-11] | CoordinateCleaner QA applied without sea test (validity, equal, zeros, capitals, centroids, gbif, institutions) [2026-04-14]","standardized author name in recordedBy / standardized author name in identifiedBy","Gerber, Jan Philipp","Gerber, Jan Philipp"
"298","gerber_jp_2025_298","HumanObservation",NA,NA,NA,"SPECIES",NA,"Gerber, J.P.","E_339","Gerber, J.P.","E","gerber_jp_2025",1,"Peperomia swartziana",5.50612,-75.85131,"2025-05-27","change1: Filled coordinateUncertaintyInMeters from decimal-place precision (conservative). | epi_taxo: acceptedName(match1); authorship_epig(match1); genus_from_scientificName; family_WFO; order_majorGroup_WCVP [2026-03-11] | CoordinateCleaner QA applied without sea test (validity, equal, zeros, capitals, centroids, gbif, institutions) [2026-04-14]","standardized author name in recordedBy / standardized author name in identifiedBy","Gerber, Jan Philipp","Gerber, Jan Philipp"
"299","gerber_jp_2025_299","HumanObservation",NA,NA,NA,"SPECIES",NA,"Gerber, J.P.","E_340","Gerber, J.P.","E","gerber_jp_2025",1,"Peperomia swartziana",5.50612,-75.85131,"2025-05-27","change1: Filled coordinateUncertaintyInMeters from decimal-place precision (conservative). | epi_taxo: acceptedName(match1); authorship_epig(match1); genus_from_scientificName; family_WFO; order_majorGroup_WCVP [2026-03-11] | CoordinateCleaner QA applied without sea test (validity, equal, zeros, capitals, centroids, gbif, institutions) [2026-04-14]","standardized author name in recordedBy / standardized author name in identifiedBy","Gerber, Jan Philipp","Gerber, Jan Philipp"
"300","gerber_jp_2025_300","HumanObservation",NA,NA,NA,"SPECIES",NA,"Gerber, J.P.","E_341","Gerber, J.P.","E","gerber_jp_2025",1,"Peperomia swartziana",5.50612,-75.85131,"2025-05-27","change1: Filled coordinateUncertaintyInMeters from decimal-place precision (conservative). | epi_taxo: acceptedName(match1); authorship_epig(match1); genus_from_scientificName; family_WFO; order_majorGroup_WCVP [2026-03-11] | CoordinateCleaner QA applied without sea test (validity, equal, zeros, capitals, centroids, gbif, institutions) [2026-04-14]","standardized author name in recordedBy / standardized author name in identifiedBy","Gerber, Jan Philipp","Gerber, Jan Philipp"
"301","gerber_jp_2025_301","HumanObservation",NA,NA,NA,"SPECIES",NA,"Gerber, J.P.","E_342","Gerber, J.P.","E","gerber_jp_2025",1,"Guzmania triangularis",5.50612,-75.85131,"2025-05-27","change1: Filled coordinateUncertaintyInMeters from decimal-place precision (conservative). | epi_taxo: acceptedName(match1); authorship_epig(match1); genus_from_scientificName; family_WFO; order_majorGroup_WCVP [2026-03-11] | CoordinateCleaner QA applied without sea test (validity, equal, zeros, capitals, centroids, gbif, institutions) [2026-04-14]","standardized author name in recordedBy / standardized author name in identifiedBy","Gerber, Jan Philipp","Gerber, Jan Philipp"
"302","gerber_jp_2025_302","HumanObservation",NA,NA,NA,"SPECIES",NA,"Gerber, J.P.","E_343","Gerber, J.P.","E","gerber_jp_2025",1,"Guzmania triangularis",5.50612,-75.85131,"2025-05-27","change1: Filled coordinateUncertaintyInMeters from decimal-place precision (conservative). | epi_taxo: acceptedName(match1); authorship_epig(match1); genus_from_scientificName; family_WFO; order_majorGroup_WCVP [2026-03-11] | CoordinateCleaner QA applied without sea test (validity, equal, zeros, capitals, centroids, gbif, institutions) [2026-04-14]","standardized author name in recordedBy / standardized author name in identifiedBy","Gerber, Jan Philipp","Gerber, Jan Philipp"
"303","gerber_jp_2025_303","HumanObservation",NA,NA,NA,"SPECIES",NA,"Gerber, J.P.","E_344","Gerber, J.P.","E","gerber_jp_2025",1,"Guzmania triangularis",5.50612,-75.85131,"2025-05-27","change1: Filled coordinateUncertaintyInMeters from decimal-place precision (conservative). | epi_taxo: acceptedName(match1); authorship_epig(match1); genus_from_scientificName; family_WFO; order_majorGroup_WCVP [2026-03-11] | CoordinateCleaner QA applied without sea test (validity, equal, zeros, capitals, centroids, gbif, institutions) [2026-04-14]","standardized author name in recordedBy / standardized author name in identifiedBy","Gerber, Jan Philipp","Gerber, Jan Philipp"
"304","gerber_jp_2025_304","HumanObservation",NA,NA,NA,"SPECIES",NA,"Gerber, J.P.","E_345","Gerber, J.P.","E","gerber_jp_2025",1,"Guzmania triangularis",5.50612,-75.85131,"2025-05-27","change1: Filled coordinateUncertaintyInMeters from decimal-place precision (conservative). | epi_taxo: acceptedName(match1); authorship_epig(match1); genus_from_scientificName; family_WFO; order_majorGroup_WCVP [2026-03-11] | CoordinateCleaner QA applied without sea test (validity, equal, zeros, capitals, centroids, gbif, institutions) [2026-04-14]","standardized author name in recordedBy / standardized author name in identifiedBy","Gerber, Jan Philipp","Gerber, Jan Philipp"
"305","gerber_jp_2025_305","HumanObservation",NA,NA,NA,"SPECIES",NA,"Gerber, J.P.","E_346","Gerber, J.P.","E","gerber_jp_2025",1,"Guzmania triangularis",5.50612,-75.85131,"2025-05-27","change1: Filled coordinateUncertaintyInMeters from decimal-place precision (conservative). | epi_taxo: acceptedName(match1); authorship_epig(match1); genus_from_scientificName; family_WFO; order_majorGroup_WCVP [2026-03-11] | CoordinateCleaner QA applied without sea test (validity, equal, zeros, capitals, centroids, gbif, institutions) [2026-04-14]","standardized author name in recordedBy / standardized author name in identifiedBy","Gerber, Jan Philipp","Gerber, Jan Philipp"
"306","gerber_jp_2025_306","HumanObservation",NA,NA,NA,"SPECIES",NA,"Gerber, J.P.","E_347","Gerber, J.P.","E","gerber_jp_2025",1,"Guzmania triangularis",5.50612,-75.85131,"2025-05-27","change1: Filled coordinateUncertaintyInMeters from decimal-place precision (conservative). | epi_taxo: acceptedName(match1); authorship_epig(match1); genus_from_scientificName; family_WFO; order_majorGroup_WCVP [2026-03-11] | CoordinateCleaner QA applied without sea test (validity, equal, zeros, capitals, centroids, gbif, institutions) [2026-04-14]","standardized author name in recordedBy / standardized author name in identifiedBy","Gerber, Jan Philipp","Gerber, Jan Philipp"
"307","gerber_jp_2025_307","HumanObservation",NA,NA,NA,"SPECIES",NA,"Gerber, J.P.","E_348","Gerber, J.P.","E","gerber_jp_2025",1,"Guzmania triangularis",5.50612,-75.85131,"2025-05-27","change1: Filled coordinateUncertaintyInMeters from decimal-place precision (conservative). | epi_taxo: acceptedName(match1); authorship_epig(match1); genus_from_scientificName; family_WFO; order_majorGroup_WCVP [2026-03-11] | CoordinateCleaner QA applied without sea test (validity, equal, zeros, capitals, centroids, gbif, institutions) [2026-04-14]","standardized author name in recordedBy / standardized author name in identifiedBy","Gerber, Jan Philipp","Gerber, Jan Philipp"
"308","gerber_jp_2025_308","HumanObservation",NA,NA,NA,"SPECIES",NA,"Gerber, J.P.","E_349","Gerber, J.P.","E","gerber_jp_2025",2,"Dichaea morrisii",5.50612,-75.85131,"2025-05-27","change1: Filled coordinateUncertaintyInMeters from decimal-place precision (conservative). | epi_taxo: acceptedName(match1); authorship_epig(match1); genus_from_scientificName; family_WFO; order_majorGroup_WCVP [2026-03-11] | CoordinateCleaner QA applied without sea test (validity, equal, zeros, capitals, centroids, gbif, institutions) [2026-04-14]","standardized author name in recordedBy / standardized author name in identifiedBy","Gerber, Jan Philipp","Gerber, Jan Philipp"
"309","gerber_jp_2025_309","HumanObservation",NA,NA,NA,"SPECIES",NA,"Gerber, J.P.","E_350","Gerber, J.P.","E","gerber_jp_2025",1,"Columnea fuscihirta",5.50612,-75.85131,"2025-05-27","change1: Filled coordinateUncertaintyInMeters from decimal-place precision (conservative). | epi_taxo: acceptedName(match1); authorship_epig(match1); genus_from_scientificName; family_WFO; order_majorGroup_WCVP [2026-03-11] | CoordinateCleaner QA applied without sea test (validity, equal, zeros, capitals, centroids, gbif, institutions) [2026-04-14]","standardized author name in recordedBy / standardized author name in identifiedBy","Gerber, Jan Philipp","Gerber, Jan Philipp"
"310","gerber_jp_2025_310","HumanObservation",NA,NA,NA,"SPECIES",NA,"Gerber, J.P.","E_351","Gerber, J.P.","E","gerber_jp_2025",1,"Guzmania triangularis",5.50612,-75.85131,"2025-05-27","change1: Filled coordinateUncertaintyInMeters from decimal-place precision (conservative). | epi_taxo: acceptedName(match1); authorship_epig(match1); genus_from_scientificName; family_WFO; order_majorGroup_WCVP [2026-03-11] | CoordinateCleaner QA applied without sea test (validity, equal, zeros, capitals, centroids, gbif, institutions) [2026-04-14]","standardized author name in recordedBy / standardized author name in identifiedBy","Gerber, Jan Philipp","Gerber, Jan Philipp"
"311","gerber_jp_2025_311","HumanObservation",NA,NA,NA,"SPECIES",NA,"Gerber, J.P.","E_352","Gerber, J.P.","E","gerber_jp_2025",1,"Guzmania triangularis",5.50612,-75.85131,"2025-05-27","change1: Filled coordinateUncertaintyInMeters from decimal-place precision (conservative). | epi_taxo: acceptedName(match1); authorship_epig(match1); genus_from_scientificName; family_WFO; order_majorGroup_WCVP [2026-03-11] | CoordinateCleaner QA applied without sea test (validity, equal, zeros, capitals, centroids, gbif, institutions) [2026-04-14]","standardized author name in recordedBy / standardized author name in identifiedBy","Gerber, Jan Philipp","Gerber, Jan Philipp"
"312","gerber_jp_2025_312","HumanObservation",NA,NA,NA,"SPECIES",NA,"Gerber, J.P.","E_353","Gerber, J.P.","E","gerber_jp_2025",1,"Guzmania triangularis",5.50612,-75.85131,"2025-05-27","change1: Filled coordinateUncertaintyInMeters from decimal-place precision (conservative). | epi_taxo: acceptedName(match1); authorship_epig(match1); genus_from_scientificName; family_WFO; order_majorGroup_WCVP [2026-03-11] | CoordinateCleaner QA applied without sea test (validity, equal, zeros, capitals, centroids, gbif, institutions) [2026-04-14]","standardized author name in recordedBy / standardized author name in identifiedBy","Gerber, Jan Philipp","Gerber, Jan Philipp"
"313","gerber_jp_2025_313","HumanObservation",NA,NA,NA,"SPECIES",NA,"Gerber, J.P.","E_354","Gerber, J.P.","E","gerber_jp_2025",1,"Guzmania triangularis",5.50612,-75.85131,"2025-05-27","change1: Filled coordinateUncertaintyInMeters from decimal-place precision (conservative). | epi_taxo: acceptedName(match1); authorship_epig(match1); genus_from_scientificName; family_WFO; order_majorGroup_WCVP [2026-03-11] | CoordinateCleaner QA applied without sea test (validity, equal, zeros, capitals, centroids, gbif, institutions) [2026-04-14]","standardized author name in recordedBy / standardized author name in identifiedBy","Gerber, Jan Philipp","Gerber, Jan Philipp"
"314","gerber_jp_2025_314","HumanObservation",NA,NA,NA,"SPECIES",NA,"Gerber, J.P.","E_355","Gerber, J.P.","E","gerber_jp_2025",1,"Guzmania triangularis",5.50612,-75.85131,"2025-05-27","change1: Filled coordinateUncertaintyInMeters from decimal-place precision (conservative). | epi_taxo: acceptedName(match1); authorship_epig(match1); genus_from_scientificName; family_WFO; order_majorGroup_WCVP [2026-03-11] | CoordinateCleaner QA applied without sea test (validity, equal, zeros, capitals, centroids, gbif, institutions) [2026-04-14]","standardized author name in recordedBy / standardized author name in identifiedBy","Gerber, Jan Philipp","Gerber, Jan Philipp"
"315","gerber_jp_2025_315","HumanObservation",NA,NA,NA,"SPECIES",NA,"Gerber, J.P.","E_356","Gerber, J.P.","E","gerber_jp_2025",1,"Guzmania triangularis",5.50612,-75.85131,"2025-05-27","change1: Filled coordinateUncertaintyInMeters from decimal-place precision (conservative). | epi_taxo: acceptedName(match1); authorship_epig(match1); genus_from_scientificName; family_WFO; order_majorGroup_WCVP [2026-03-11] | CoordinateCleaner QA applied without sea test (validity, equal, zeros, capitals, centroids, gbif, institutions) [2026-04-14]","standardized author name in recordedBy / standardized author name in identifiedBy","Gerber, Jan Philipp","Gerber, Jan Philipp"
"316","gerber_jp_2025_316","HumanObservation",NA,NA,NA,"SPECIES",NA,"Gerber, J.P.","E_357","Gerber, J.P.","E","gerber_jp_2025",1,"Columnea fuscihirta",5.50612,-75.85131,"2025-05-27","change1: Filled coordinateUncertaintyInMeters from decimal-place precision (conservative). | epi_taxo: acceptedName(match1); authorship_epig(match1); genus_from_scientificName; family_WFO; order_majorGroup_WCVP [2026-03-11] | CoordinateCleaner QA applied without sea test (validity, equal, zeros, capitals, centroids, gbif, institutions) [2026-04-14]","standardized author name in recordedBy / standardized author name in identifiedBy","Gerber, Jan Philipp","Gerber, Jan Philipp"
"317","gerber_jp_2025_317","HumanObservation",NA,NA,NA,"SPECIES",NA,"Gerber, J.P.","E_358","Gerber, J.P.","E","gerber_jp_2025",1,"Columnea fuscihirta",5.50612,-75.85131,"2025-05-27","change1: Filled coordinateUncertaintyInMeters from decimal-place precision (conservative). | epi_taxo: acceptedName(match1); authorship_epig(match1); genus_from_scientificName; family_WFO; order_majorGroup_WCVP [2026-03-11] | CoordinateCleaner QA applied without sea test (validity, equal, zeros, capitals, centroids, gbif, institutions) [2026-04-14]","standardized author name in recordedBy / standardized author name in identifiedBy","Gerber, Jan Philipp","Gerber, Jan Philipp"
"318","gerber_jp_2025_318","HumanObservation",NA,NA,NA,"SPECIES",NA,"Gerber, J.P.","E_359","Gerber, J.P.","E","gerber_jp_2025",1,"Columnea fuscihirta",5.50612,-75.85131,"2025-05-27","change1: Filled coordinateUncertaintyInMeters from decimal-place precision (conservative). | epi_taxo: acceptedName(match1); authorship_epig(match1); genus_from_scientificName; family_WFO; order_majorGroup_WCVP [2026-03-11] | CoordinateCleaner QA applied without sea test (validity, equal, zeros, capitals, centroids, gbif, institutions) [2026-04-14]","standardized author name in recordedBy / standardized author name in identifiedBy","Gerber, Jan Philipp","Gerber, Jan Philipp"
"319","gerber_jp_2025_319","HumanObservation",NA,NA,NA,"SPECIES",NA,"Gerber, J.P.","E_360","Gerber, J.P.","E","gerber_jp_2025",1,"Guzmania triangularis",5.50612,-75.85131,"2025-05-27","change1: Filled coordinateUncertaintyInMeters from decimal-place precision (conservative). | epi_taxo: acceptedName(match1); authorship_epig(match1); genus_from_scientificName; family_WFO; order_majorGroup_WCVP [2026-03-11] | CoordinateCleaner QA applied without sea test (validity, equal, zeros, capitals, centroids, gbif, institutions) [2026-04-14]","standardized author name in recordedBy / standardized author name in identifiedBy","Gerber, Jan Philipp","Gerber, Jan Philipp"
"320","gerber_jp_2025_320","HumanObservation",NA,NA,NA,"SPECIES",NA,"Gerber, J.P.","E_362","Gerber, J.P.","E","gerber_jp_2025",1,"Guzmania triangularis",5.50612,-75.85131,"2025-05-27","change1: Filled coordinateUncertaintyInMeters from decimal-place precision (conservative). | epi_taxo: acceptedName(match1); authorship_epig(match1); genus_from_scientificName; family_WFO; order_majorGroup_WCVP [2026-03-11] | CoordinateCleaner QA applied without sea test (validity, equal, zeros, capitals, centroids, gbif, institutions) [2026-04-14]","standardized author name in recordedBy / standardized author name in identifiedBy","Gerber, Jan Philipp","Gerber, Jan Philipp"
"321","gerber_jp_2025_321","HumanObservation",NA,NA,NA,"SPECIES",NA,"Gerber, J.P.","E_363","Gerber, J.P.","E","gerber_jp_2025",1,"Guzmania triangularis",5.50612,-75.85131,"2025-05-27","change1: Filled coordinateUncertaintyInMeters from decimal-place precision (conservative). | epi_taxo: acceptedName(match1); authorship_epig(match1); genus_from_scientificName; family_WFO; order_majorGroup_WCVP [2026-03-11] | CoordinateCleaner QA applied without sea test (validity, equal, zeros, capitals, centroids, gbif, institutions) [2026-04-14]","standardized author name in recordedBy / standardized author name in identifiedBy","Gerber, Jan Philipp","Gerber, Jan Philipp"
"322","gerber_jp_2025_322","HumanObservation",NA,NA,NA,"SPECIES",NA,"Gerber, J.P.","E_364","Gerber, J.P.","E","gerber_jp_2025",1,"Guzmania triangularis",5.50612,-75.85131,"2025-05-27","change1: Filled coordinateUncertaintyInMeters from decimal-place precision (conservative). | epi_taxo: acceptedName(match1); authorship_epig(match1); genus_from_scientificName; family_WFO; order_majorGroup_WCVP [2026-03-11] | CoordinateCleaner QA applied without sea test (validity, equal, zeros, capitals, centroids, gbif, institutions) [2026-04-14]","standardized author name in recordedBy / standardized author name in identifiedBy","Gerber, Jan Philipp","Gerber, Jan Philipp"
"323","gerber_jp_2025_323","HumanObservation",NA,NA,NA,"SPECIES",NA,"Gerber, J.P.","E_365","Gerber, J.P.","E","gerber_jp_2025",1,"Guzmania triangularis",5.50612,-75.85131,"2025-05-27","change1: Filled coordinateUncertaintyInMeters from decimal-place precision (conservative). | epi_taxo: acceptedName(match1); authorship_epig(match1); genus_from_scientificName; family_WFO; order_majorGroup_WCVP [2026-03-11] | CoordinateCleaner QA applied without sea test (validity, equal, zeros, capitals, centroids, gbif, institutions) [2026-04-14]","standardized author name in recordedBy / standardized author name in identifiedBy","Gerber, Jan Philipp","Gerber, Jan Philipp"
"324","gerber_jp_2025_324","HumanObservation",NA,NA,NA,"SPECIES",NA,"Gerber, J.P.","E_366","Gerber, J.P.","E","gerber_jp_2025",1,"Guzmania triangularis",5.50321,-75.85262,"2025-05-28","change1: Filled coordinateUncertaintyInMeters from decimal-place precision (conservative). | epi_taxo: acceptedName(match1); authorship_epig(match1); genus_from_scientificName; family_WFO; order_majorGroup_WCVP [2026-03-11] | CoordinateCleaner QA applied without sea test (validity, equal, zeros, capitals, centroids, gbif, institutions) [2026-04-14]","standardized author name in recordedBy / standardized author name in identifiedBy","Gerber, Jan Philipp","Gerber, Jan Philipp"
"325","gerber_jp_2025_325","HumanObservation",NA,NA,NA,"SPECIES",NA,"Gerber, J.P.","E_367","Gerber, J.P.","E","gerber_jp_2025",1,"Pleurothallis anthrax",5.50321,-75.85262,"2025-05-28","change1: Filled coordinateUncertaintyInMeters from decimal-place precision (conservative). | epi_taxo: acceptedName(match1); authorship_epig(match1); genus_from_scientificName; family_WFO; order_majorGroup_WCVP [2026-03-11] | CoordinateCleaner QA applied without sea test (validity, equal, zeros, capitals, centroids, gbif, institutions) [2026-04-14]","standardized author name in recordedBy / standardized author name in identifiedBy","Gerber, Jan Philipp","Gerber, Jan Philipp"
"326","gerber_jp_2025_326","HumanObservation",NA,NA,NA,"SPECIES",NA,"Gerber, J.P.","E_368","Gerber, J.P.","E","gerber_jp_2025",1,"Guzmania triangularis",5.50321,-75.85262,"2025-05-28","change1: Filled coordinateUncertaintyInMeters from decimal-place precision (conservative). | epi_taxo: acceptedName(match1); authorship_epig(match1); genus_from_scientificName; family_WFO; order_majorGroup_WCVP [2026-03-11] | CoordinateCleaner QA applied without sea test (validity, equal, zeros, capitals, centroids, gbif, institutions) [2026-04-14]","standardized author name in recordedBy / standardized author name in identifiedBy","Gerber, Jan Philipp","Gerber, Jan Philipp"
"327","gerber_jp_2025_327","HumanObservation",NA,NA,NA,"SPECIES",NA,"Gerber, J.P.","E_369","Gerber, J.P.","E","gerber_jp_2025",1,"Peperomia heterophylla",5.50321,-75.85262,"2025-05-28","change1: Filled coordinateUncertaintyInMeters from decimal-place precision (conservative). | epi_taxo: acceptedName(match1); authorship_epig(match1); genus_from_scientificName; family_WFO; order_majorGroup_WCVP [2026-03-11] | CoordinateCleaner QA applied without sea test (validity, equal, zeros, capitals, centroids, gbif, institutions) [2026-04-14]","standardized author name in recordedBy / standardized author name in identifiedBy","Gerber, Jan Philipp","Gerber, Jan Philipp"
"328","gerber_jp_2025_328","HumanObservation",NA,NA,NA,"SPECIES",NA,"Gerber, J.P.","E_370","Gerber, J.P.","E","gerber_jp_2025",1,"Guzmania triangularis",5.50321,-75.85262,"2025-05-28","change1: Filled coordinateUncertaintyInMeters from decimal-place precision (conservative). | epi_taxo: acceptedName(match1); authorship_epig(match1); genus_from_scientificName; family_WFO; order_majorGroup_WCVP [2026-03-11] | CoordinateCleaner QA applied without sea test (validity, equal, zeros, capitals, centroids, gbif, institutions) [2026-04-14]","standardized author name in recordedBy / standardized author name in identifiedBy","Gerber, Jan Philipp","Gerber, Jan Philipp"
"329","gerber_jp_2025_329","HumanObservation",NA,NA,NA,"SPECIES",NA,"Gerber, J.P.","E_371","Gerber, J.P.","E","gerber_jp_2025",1,"Peperomia heterophylla",5.50321,-75.85262,"2025-05-28","change1: Filled coordinateUncertaintyInMeters from decimal-place precision (conservative). | epi_taxo: acceptedName(match1); authorship_epig(match1); genus_from_scientificName; family_WFO; order_majorGroup_WCVP [2026-03-11] | CoordinateCleaner QA applied without sea test (validity, equal, zeros, capitals, centroids, gbif, institutions) [2026-04-14]","standardized author name in recordedBy / standardized author name in identifiedBy","Gerber, Jan Philipp","Gerber, Jan Philipp"
"330","gerber_jp_2025_330","HumanObservation",NA,NA,NA,"SPECIES",NA,"Gerber, J.P.","E_372","Gerber, J.P.","E","gerber_jp_2025",1,"Peperomia heterophylla",5.50321,-75.85262,"2025-05-28","change1: Filled coordinateUncertaintyInMeters from decimal-place precision (conservative). | epi_taxo: acceptedName(match1); authorship_epig(match1); genus_from_scientificName; family_WFO; order_majorGroup_WCVP [2026-03-11] | CoordinateCleaner QA applied without sea test (validity, equal, zeros, capitals, centroids, gbif, institutions) [2026-04-14]","standardized author name in recordedBy / standardized author name in identifiedBy","Gerber, Jan Philipp","Gerber, Jan Philipp"
"331","gerber_jp_2025_331","HumanObservation",NA,NA,NA,"SPECIES",NA,"Gerber, J.P.","E_373","Gerber, J.P.","E","gerber_jp_2025",1,"Peperomia heterophylla",5.50321,-75.85262,"2025-05-28","change1: Filled coordinateUncertaintyInMeters from decimal-place precision (conservative). | epi_taxo: acceptedName(match1); authorship_epig(match1); genus_from_scientificName; family_WFO; order_majorGroup_WCVP [2026-03-11] | CoordinateCleaner QA applied without sea test (validity, equal, zeros, capitals, centroids, gbif, institutions) [2026-04-14]","standardized author name in recordedBy / standardized author name in identifiedBy","Gerber, Jan Philipp","Gerber, Jan Philipp"
"332","gerber_jp_2025_332","HumanObservation",NA,NA,NA,"SPECIES",NA,"Gerber, J.P.","E_374","Gerber, J.P.","E","gerber_jp_2025",1,"Guzmania triangularis",5.50321,-75.85262,"2025-05-28","change1: Filled coordinateUncertaintyInMeters from decimal-place precision (conservative). | epi_taxo: acceptedName(match1); authorship_epig(match1); genus_from_scientificName; family_WFO; order_majorGroup_WCVP [2026-03-11] | CoordinateCleaner QA applied without sea test (validity, equal, zeros, capitals, centroids, gbif, institutions) [2026-04-14]","standardized author name in recordedBy / standardized author name in identifiedBy","Gerber, Jan Philipp","Gerber, Jan Philipp"
"333","gerber_jp_2025_333","HumanObservation",NA,NA,NA,"SPECIES",NA,"Gerber, J.P.","E_375","Gerber, J.P.","E","gerber_jp_2025",1,"Guzmania triangularis",5.50321,-75.85262,"2025-05-28","change1: Filled coordinateUncertaintyInMeters from decimal-place precision (conservative). | epi_taxo: acceptedName(match1); authorship_epig(match1); genus_from_scientificName; family_WFO; order_majorGroup_WCVP [2026-03-11] | CoordinateCleaner QA applied without sea test (validity, equal, zeros, capitals, centroids, gbif, institutions) [2026-04-14]","standardized author name in recordedBy / standardized author name in identifiedBy","Gerber, Jan Philipp","Gerber, Jan Philipp"
"334","gerber_jp_2025_334","HumanObservation",NA,NA,NA,"SPECIES",NA,"Gerber, J.P.","E_376","Gerber, J.P.","E","gerber_jp_2025",1,"Peperomia heterophylla",5.50321,-75.85262,"2025-05-28","change1: Filled coordinateUncertaintyInMeters from decimal-place precision (conservative). | epi_taxo: acceptedName(match1); authorship_epig(match1); genus_from_scientificName; family_WFO; order_majorGroup_WCVP [2026-03-11] | CoordinateCleaner QA applied without sea test (validity, equal, zeros, capitals, centroids, gbif, institutions) [2026-04-14]","standardized author name in recordedBy / standardized author name in identifiedBy","Gerber, Jan Philipp","Gerber, Jan Philipp"
"335","gerber_jp_2025_335","HumanObservation",NA,NA,NA,"SPECIES",NA,"Gerber, J.P.","E_377","Gerber, J.P.","E","gerber_jp_2025",1,"Guzmania triangularis",5.50346,-75.85291,"2025-05-28","change1: Filled coordinateUncertaintyInMeters from decimal-place precision (conservative). | epi_taxo: acceptedName(match1); authorship_epig(match1); genus_from_scientificName; family_WFO; order_majorGroup_WCVP [2026-03-11] | CoordinateCleaner QA applied without sea test (validity, equal, zeros, capitals, centroids, gbif, institutions) [2026-04-14]","standardized author name in recordedBy / standardized author name in identifiedBy","Gerber, Jan Philipp","Gerber, Jan Philipp"
"336","gerber_jp_2025_336","HumanObservation",NA,NA,NA,"SPECIES",NA,"Gerber, J.P.","E_378","Gerber, J.P.","E","gerber_jp_2025",1,"Guzmania triangularis",5.50346,-75.85291,"2025-05-28","change1: Filled coordinateUncertaintyInMeters from decimal-place precision (conservative). | epi_taxo: acceptedName(match1); authorship_epig(match1); genus_from_scientificName; family_WFO; order_majorGroup_WCVP [2026-03-11] | CoordinateCleaner QA applied without sea test (validity, equal, zeros, capitals, centroids, gbif, institutions) [2026-04-14]","standardized author name in recordedBy / standardized author name in identifiedBy","Gerber, Jan Philipp","Gerber, Jan Philipp"
"337","gerber_jp_2025_337","HumanObservation",NA,NA,NA,"SPECIES",NA,"Gerber, J.P.","E_379","Gerber, J.P.","E","gerber_jp_2025",1,"Peperomia heterophylla",5.50346,-75.85291,"2025-05-28","change1: Filled coordinateUncertaintyInMeters from decimal-place precision (conservative). | epi_taxo: acceptedName(match1); authorship_epig(match1); genus_from_scientificName; family_WFO; order_majorGroup_WCVP [2026-03-11] | CoordinateCleaner QA applied without sea test (validity, equal, zeros, capitals, centroids, gbif, institutions) [2026-04-14]","standardized author name in recordedBy / standardized author name in identifiedBy","Gerber, Jan Philipp","Gerber, Jan Philipp"
"338","gerber_jp_2025_338","HumanObservation",NA,NA,NA,"SPECIES",NA,"Gerber, J.P.","E_380","Gerber, J.P.","E","gerber_jp_2025",1,"Guzmania triangularis",5.50346,-75.85291,"2025-05-28","change1: Filled coordinateUncertaintyInMeters from decimal-place precision (conservative). | epi_taxo: acceptedName(match1); authorship_epig(match1); genus_from_scientificName; family_WFO; order_majorGroup_WCVP [2026-03-11] | CoordinateCleaner QA applied without sea test (validity, equal, zeros, capitals, centroids, gbif, institutions) [2026-04-14]","standardized author name in recordedBy / standardized author name in identifiedBy","Gerber, Jan Philipp","Gerber, Jan Philipp"
"339","gerber_jp_2025_339","HumanObservation",NA,NA,NA,"SPECIES",NA,"Gerber, J.P.","E_381","Gerber, J.P.","E","gerber_jp_2025",1,"Pleurothallis penduliflora",5.50346,-75.85291,"2025-05-28","change1: Filled coordinateUncertaintyInMeters from decimal-place precision (conservative). | epi_taxo: acceptedName(match1); authorship_epig(match1); genus_from_scientificName; family_WFO; order_majorGroup_WCVP [2026-03-11] | CoordinateCleaner QA applied without sea test (validity, equal, zeros, capitals, centroids, gbif, institutions) [2026-04-14]","standardized author name in recordedBy / standardized author name in identifiedBy","Gerber, Jan Philipp","Gerber, Jan Philipp"
"340","gerber_jp_2025_340","HumanObservation",NA,NA,NA,"SPECIES",NA,"Gerber, J.P.","E_382","Gerber, J.P.","E","gerber_jp_2025",1,"Peperomia heterophylla",5.50346,-75.85291,"2025-05-28","change1: Filled coordinateUncertaintyInMeters from decimal-place precision (conservative). | epi_taxo: acceptedName(match1); authorship_epig(match1); genus_from_scientificName; family_WFO; order_majorGroup_WCVP [2026-03-11] | CoordinateCleaner QA applied without sea test (validity, equal, zeros, capitals, centroids, gbif, institutions) [2026-04-14]","standardized author name in recordedBy / standardized author name in identifiedBy","Gerber, Jan Philipp","Gerber, Jan Philipp"
"341","gerber_jp_2025_341","HumanObservation",NA,NA,NA,"SPECIES",NA,"Gerber, J.P.","E_383","Gerber, J.P.","E","gerber_jp_2025",1,"Guzmania triangularis",5.50346,-75.85291,"2025-05-28","change1: Filled coordinateUncertaintyInMeters from decimal-place precision (conservative). | epi_taxo: acceptedName(match1); authorship_epig(match1); genus_from_scientificName; family_WFO; order_majorGroup_WCVP [2026-03-11] | CoordinateCleaner QA applied without sea test (validity, equal, zeros, capitals, centroids, gbif, institutions) [2026-04-14]","standardized author name in recordedBy / standardized author name in identifiedBy","Gerber, Jan Philipp","Gerber, Jan Philipp"
"342","gerber_jp_2025_342","HumanObservation",NA,NA,NA,"SPECIES",NA,"Gerber, J.P.","E_384","Gerber, J.P.","E","gerber_jp_2025",1,"Guzmania triangularis",5.50346,-75.85291,"2025-05-28","change1: Filled coordinateUncertaintyInMeters from decimal-place precision (conservative). | epi_taxo: acceptedName(match1); authorship_epig(match1); genus_from_scientificName; family_WFO; order_majorGroup_WCVP [2026-03-11] | CoordinateCleaner QA applied without sea test (validity, equal, zeros, capitals, centroids, gbif, institutions) [2026-04-14]","standardized author name in recordedBy / standardized author name in identifiedBy","Gerber, Jan Philipp","Gerber, Jan Philipp"
"343","gerber_jp_2025_343","HumanObservation",NA,NA,NA,"SPECIES",NA,"Gerber, J.P.","E_385","Gerber, J.P.","E","gerber_jp_2025",1,"Guzmania triangularis",5.50346,-75.85291,"2025-05-28","change1: Filled coordinateUncertaintyInMeters from decimal-place precision (conservative). | epi_taxo: acceptedName(match1); authorship_epig(match1); genus_from_scientificName; family_WFO; order_majorGroup_WCVP [2026-03-11] | CoordinateCleaner QA applied without sea test (validity, equal, zeros, capitals, centroids, gbif, institutions) [2026-04-14]","standardized author name in recordedBy / standardized author name in identifiedBy","Gerber, Jan Philipp","Gerber, Jan Philipp"
"344","gerber_jp_2025_344","HumanObservation",NA,NA,NA,"SPECIES",NA,"Gerber, J.P.","E_386","Gerber, J.P.","E","gerber_jp_2025",1,"Guzmania triangularis",5.50346,-75.85291,"2025-05-28","change1: Filled coordinateUncertaintyInMeters from decimal-place precision (conservative). | epi_taxo: acceptedName(match1); authorship_epig(match1); genus_from_scientificName; family_WFO; order_majorGroup_WCVP [2026-03-11] | CoordinateCleaner QA applied without sea test (validity, equal, zeros, capitals, centroids, gbif, institutions) [2026-04-14]","standardized author name in recordedBy / standardized author name in identifiedBy","Gerber, Jan Philipp","Gerber, Jan Philipp"
"345","gerber_jp_2025_345","HumanObservation",NA,NA,NA,"SPECIES",NA,"Gerber, J.P.","E_387","Gerber, J.P.","E","gerber_jp_2025",1,"Guzmania triangularis",5.50346,-75.85291,"2025-05-28","change1: Filled coordinateUncertaintyInMeters from decimal-place precision (conservative). | epi_taxo: acceptedName(match1); authorship_epig(match1); genus_from_scientificName; family_WFO; order_majorGroup_WCVP [2026-03-11] | CoordinateCleaner QA applied without sea test (validity, equal, zeros, capitals, centroids, gbif, institutions) [2026-04-14]","standardized author name in recordedBy / standardized author name in identifiedBy","Gerber, Jan Philipp","Gerber, Jan Philipp"
"346","gerber_jp_2025_346","HumanObservation",NA,NA,NA,"SPECIES",NA,"Gerber, J.P.","E_388","Gerber, J.P.","E","gerber_jp_2025",1,"Peperomia infralutea",5.5065,-75.85146,"2025-05-28","change1: Filled coordinateUncertaintyInMeters from decimal-place precision (conservative). | epi_taxo: acceptedName(match1); authorship_epig(match1); genus_from_scientificName; family_WFO; order_majorGroup_WCVP [2026-03-11] | CoordinateCleaner QA applied without sea test (validity, equal, zeros, capitals, centroids, gbif, institutions) [2026-04-14]","standardized author name in recordedBy / standardized author name in identifiedBy","Gerber, Jan Philipp","Gerber, Jan Philipp"
"347","gerber_jp_2025_347","HumanObservation",NA,NA,NA,"SPECIES",NA,"Gerber, J.P.","E_389","Gerber, J.P.","E","gerber_jp_2025",1,"Peperomia infralutea",5.5065,-75.85146,"2025-05-28","change1: Filled coordinateUncertaintyInMeters from decimal-place precision (conservative). | epi_taxo: acceptedName(match1); authorship_epig(match1); genus_from_scientificName; family_WFO; order_majorGroup_WCVP [2026-03-11] | CoordinateCleaner QA applied without sea test (validity, equal, zeros, capitals, centroids, gbif, institutions) [2026-04-14]","standardized author name in recordedBy / standardized author name in identifiedBy","Gerber, Jan Philipp","Gerber, Jan Philipp"
"348","gerber_jp_2025_348","HumanObservation",NA,NA,NA,"SPECIES",NA,"Gerber, J.P.","E_390","Gerber, J.P.","E","gerber_jp_2025",1,"Guzmania triangularis",5.5065,-75.85146,"2025-05-28","change1: Filled coordinateUncertaintyInMeters from decimal-place precision (conservative). | epi_taxo: acceptedName(match1); authorship_epig(match1); genus_from_scientificName; family_WFO; order_majorGroup_WCVP [2026-03-11] | CoordinateCleaner QA applied without sea test (validity, equal, zeros, capitals, centroids, gbif, institutions) [2026-04-14]","standardized author name in recordedBy / standardized author name in identifiedBy","Gerber, Jan Philipp","Gerber, Jan Philipp"
"349","gerber_jp_2025_349","HumanObservation",NA,NA,NA,"SPECIES",NA,"Gerber, J.P.","E_391","Gerber, J.P.","E","gerber_jp_2025",1,"Guzmania triangularis",5.5065,-75.85146,"2025-05-28","change1: Filled coordinateUncertaintyInMeters from decimal-place precision (conservative). | epi_taxo: acceptedName(match1); authorship_epig(match1); genus_from_scientificName; family_WFO; order_majorGroup_WCVP [2026-03-11] | CoordinateCleaner QA applied without sea test (validity, equal, zeros, capitals, centroids, gbif, institutions) [2026-04-14]","standardized author name in recordedBy / standardized author name in identifiedBy","Gerber, Jan Philipp","Gerber, Jan Philipp"
"350","gerber_jp_2025_350","HumanObservation",NA,NA,NA,"SPECIES",NA,"Gerber, J.P.","E_392","Gerber, J.P.","E","gerber_jp_2025",1,"Guzmania triangularis",5.5065,-75.85146,"2025-05-28","change1: Filled coordinateUncertaintyInMeters from decimal-place precision (conservative). | epi_taxo: acceptedName(match1); authorship_epig(match1); genus_from_scientificName; family_WFO; order_majorGroup_WCVP [2026-03-11] | CoordinateCleaner QA applied without sea test (validity, equal, zeros, capitals, centroids, gbif, institutions) [2026-04-14]","standardized author name in recordedBy / standardized author name in identifiedBy","Gerber, Jan Philipp","Gerber, Jan Philipp"
"351","gerber_jp_2025_351","HumanObservation",NA,NA,NA,"SPECIES",NA,"Gerber, J.P.","E_393","Gerber, J.P.","E","gerber_jp_2025",1,"Columnea fuscihirta",5.5065,-75.85146,"2025-05-28","change1: Filled coordinateUncertaintyInMeters from decimal-place precision (conservative). | epi_taxo: acceptedName(match1); authorship_epig(match1); genus_from_scientificName; family_WFO; order_majorGroup_WCVP [2026-03-11] | CoordinateCleaner QA applied without sea test (validity, equal, zeros, capitals, centroids, gbif, institutions) [2026-04-14]","standardized author name in recordedBy / standardized author name in identifiedBy","Gerber, Jan Philipp","Gerber, Jan Philipp"
"352","gerber_jp_2025_352","HumanObservation",NA,NA,NA,"SPECIES",NA,"Gerber, J.P.","E_394","Gerber, J.P.","E","gerber_jp_2025",1,"Guzmania triangularis",5.5065,-75.85146,"2025-05-28","change1: Filled coordinateUncertaintyInMeters from decimal-place precision (conservative). | epi_taxo: acceptedName(match1); authorship_epig(match1); genus_from_scientificName; family_WFO; order_majorGroup_WCVP [2026-03-11] | CoordinateCleaner QA applied without sea test (validity, equal, zeros, capitals, centroids, gbif, institutions) [2026-04-14]","standardized author name in recordedBy / standardized author name in identifiedBy","Gerber, Jan Philipp","Gerber, Jan Philipp"
"353","gerber_jp_2025_353","HumanObservation",NA,NA,NA,"SPECIES",NA,"Gerber, J.P.","E_395","Gerber, J.P.","E","gerber_jp_2025",1,"Guzmania triangularis",5.5065,-75.85146,"2025-05-28","change1: Filled coordinateUncertaintyInMeters from decimal-place precision (conservative). | epi_taxo: acceptedName(match1); authorship_epig(match1); genus_from_scientificName; family_WFO; order_majorGroup_WCVP [2026-03-11] | CoordinateCleaner QA applied without sea test (validity, equal, zeros, capitals, centroids, gbif, institutions) [2026-04-14]","standardized author name in recordedBy / standardized author name in identifiedBy","Gerber, Jan Philipp","Gerber, Jan Philipp"
"354","gerber_jp_2025_354","HumanObservation",NA,NA,NA,"SPECIES",NA,"Gerber, J.P.","E_396","Gerber, J.P.","E","gerber_jp_2025",1,"Columnea fuscihirta",5.5065,-75.85146,"2025-05-28","change1: Filled coordinateUncertaintyInMeters from decimal-place precision (conservative). | epi_taxo: acceptedName(match1); authorship_epig(match1); genus_from_scientificName; family_WFO; order_majorGroup_WCVP [2026-03-11] | CoordinateCleaner QA applied without sea test (validity, equal, zeros, capitals, centroids, gbif, institutions) [2026-04-14]","standardized author name in recordedBy / standardized author name in identifiedBy","Gerber, Jan Philipp","Gerber, Jan Philipp"
"355","gerber_jp_2025_355","HumanObservation",NA,NA,NA,"SPECIES",NA,"Gerber, J.P.","E_397","Gerber, J.P.","E","gerber_jp_2025",1,"Guzmania triangularis",5.5065,-75.85146,"2025-05-28","change1: Filled coordinateUncertaintyInMeters from decimal-place precision (conservative). | epi_taxo: acceptedName(match1); authorship_epig(match1); genus_from_scientificName; family_WFO; order_majorGroup_WCVP [2026-03-11] | CoordinateCleaner QA applied without sea test (validity, equal, zeros, capitals, centroids, gbif, institutions) [2026-04-14]","standardized author name in recordedBy / standardized author name in identifiedBy","Gerber, Jan Philipp","Gerber, Jan Philipp"
"356","gerber_jp_2025_356","HumanObservation",NA,NA,NA,"SPECIES",NA,"Gerber, J.P.","E_398","Gerber, J.P.","E","gerber_jp_2025",1,"Columnea fuscihirta",5.5065,-75.85146,"2025-05-28","change1: Filled coordinateUncertaintyInMeters from decimal-place precision (conservative). | epi_taxo: acceptedName(match1); authorship_epig(match1); genus_from_scientificName; family_WFO; order_majorGroup_WCVP [2026-03-11] | CoordinateCleaner QA applied without sea test (validity, equal, zeros, capitals, centroids, gbif, institutions) [2026-04-14]","standardized author name in recordedBy / standardized author name in identifiedBy","Gerber, Jan Philipp","Gerber, Jan Philipp"
"357","gerber_jp_2025_357","HumanObservation",NA,NA,NA,"SPECIES",NA,"Gerber, J.P.","E_399","Gerber, J.P.","E","gerber_jp_2025",1,"Columnea fuscihirta",5.5065,-75.85146,"2025-05-28","change1: Filled coordinateUncertaintyInMeters from decimal-place precision (conservative). | epi_taxo: acceptedName(match1); authorship_epig(match1); genus_from_scientificName; family_WFO; order_majorGroup_WCVP [2026-03-11] | CoordinateCleaner QA applied without sea test (validity, equal, zeros, capitals, centroids, gbif, institutions) [2026-04-14]","standardized author name in recordedBy / standardized author name in identifiedBy","Gerber, Jan Philipp","Gerber, Jan Philipp"
"358","gerber_jp_2025_358","HumanObservation",NA,NA,NA,"SPECIES",NA,"Gerber, J.P.","E_400","Gerber, J.P.","E","gerber_jp_2025",1,"Guzmania triangularis",5.5065,-75.85146,"2025-05-28","change1: Filled coordinateUncertaintyInMeters from decimal-place precision (conservative). | epi_taxo: acceptedName(match1); authorship_epig(match1); genus_from_scientificName; family_WFO; order_majorGroup_WCVP [2026-03-11] | CoordinateCleaner QA applied without sea test (validity, equal, zeros, capitals, centroids, gbif, institutions) [2026-04-14]","standardized author name in recordedBy / standardized author name in identifiedBy","Gerber, Jan Philipp","Gerber, Jan Philipp"
"359","gerber_jp_2025_359","HumanObservation",NA,NA,NA,"SPECIES",NA,"Gerber, J.P.","E_401","Gerber, J.P.","E","gerber_jp_2025",1,"Guzmania triangularis",5.5065,-75.85146,"2025-05-28","change1: Filled coordinateUncertaintyInMeters from decimal-place precision (conservative). | epi_taxo: acceptedName(match1); authorship_epig(match1); genus_from_scientificName; family_WFO; order_majorGroup_WCVP [2026-03-11] | CoordinateCleaner QA applied without sea test (validity, equal, zeros, capitals, centroids, gbif, institutions) [2026-04-14]","standardized author name in recordedBy / standardized author name in identifiedBy","Gerber, Jan Philipp","Gerber, Jan Philipp"
"360","gerber_jp_2025_360","HumanObservation",NA,NA,NA,"SPECIES",NA,"Gerber, J.P.","E_402","Gerber, J.P.","E","gerber_jp_2025",1,"Guzmania triangularis",5.5065,-75.85146,"2025-05-28","change1: Filled coordinateUncertaintyInMeters from decimal-place precision (conservative). | epi_taxo: acceptedName(match1); authorship_epig(match1); genus_from_scientificName; family_WFO; order_majorGroup_WCVP [2026-03-11] | CoordinateCleaner QA applied without sea test (validity, equal, zeros, capitals, centroids, gbif, institutions) [2026-04-14]","standardized author name in recordedBy / standardized author name in identifiedBy","Gerber, Jan Philipp","Gerber, Jan Philipp"
"361","gerber_jp_2025_361","HumanObservation",NA,NA,NA,"SPECIES",NA,"Gerber, J.P.","E_403","Gerber, J.P.","E","gerber_jp_2025",1,"Guzmania triangularis",5.5065,-75.85146,"2025-05-28","change1: Filled coordinateUncertaintyInMeters from decimal-place precision (conservative). | epi_taxo: acceptedName(match1); authorship_epig(match1); genus_from_scientificName; family_WFO; order_majorGroup_WCVP [2026-03-11] | CoordinateCleaner QA applied without sea test (validity, equal, zeros, capitals, centroids, gbif, institutions) [2026-04-14]","standardized author name in recordedBy / standardized author name in identifiedBy","Gerber, Jan Philipp","Gerber, Jan Philipp"
"362","gerber_jp_2025_362","HumanObservation",NA,NA,NA,"SPECIES",NA,"Gerber, J.P.","E_404","Gerber, J.P.","E","gerber_jp_2025",1,"Guzmania triangularis",5.5065,-75.85146,"2025-05-28","change1: Filled coordinateUncertaintyInMeters from decimal-place precision (conservative). | epi_taxo: acceptedName(match1); authorship_epig(match1); genus_from_scientificName; family_WFO; order_majorGroup_WCVP [2026-03-11] | CoordinateCleaner QA applied without sea test (validity, equal, zeros, capitals, centroids, gbif, institutions) [2026-04-14]","standardized author name in recordedBy / standardized author name in identifiedBy","Gerber, Jan Philipp","Gerber, Jan Philipp"
"363","gerber_jp_2025_363","HumanObservation",NA,NA,NA,"SPECIES",NA,"Gerber, J.P.","E_405","Gerber, J.P.","E","gerber_jp_2025",1,"Guzmania triangularis",5.5065,-75.85146,"2025-05-28","change1: Filled coordinateUncertaintyInMeters from decimal-place precision (conservative). | epi_taxo: acceptedName(match1); authorship_epig(match1); genus_from_scientificName; family_WFO; order_majorGroup_WCVP [2026-03-11] | CoordinateCleaner QA applied without sea test (validity, equal, zeros, capitals, centroids, gbif, institutions) [2026-04-14]","standardized author name in recordedBy / standardized author name in identifiedBy","Gerber, Jan Philipp","Gerber, Jan Philipp"
"364","gerber_jp_2025_364","HumanObservation",NA,NA,NA,"SPECIES",NA,"Gerber, J.P.","E_406","Gerber, J.P.","E","gerber_jp_2025",1,"Guzmania triangularis",5.5065,-75.85146,"2025-05-28","change1: Filled coordinateUncertaintyInMeters from decimal-place precision (conservative). | epi_taxo: acceptedName(match1); authorship_epig(match1); genus_from_scientificName; family_WFO; order_majorGroup_WCVP [2026-03-11] | CoordinateCleaner QA applied without sea test (validity, equal, zeros, capitals, centroids, gbif, institutions) [2026-04-14]","standardized author name in recordedBy / standardized author name in identifiedBy","Gerber, Jan Philipp","Gerber, Jan Philipp"
"365","gerber_jp_2025_365","HumanObservation",NA,NA,NA,"SPECIES",NA,"Gerber, J.P.","E_407","Gerber, J.P.","E","gerber_jp_2025",1,"Guzmania triangularis",5.5065,-75.85146,"2025-05-28","change1: Filled coordinateUncertaintyInMeters from decimal-place precision (conservative). | epi_taxo: acceptedName(match1); authorship_epig(match1); genus_from_scientificName; family_WFO; order_majorGroup_WCVP [2026-03-11] | CoordinateCleaner QA applied without sea test (validity, equal, zeros, capitals, centroids, gbif, institutions) [2026-04-14]","standardized author name in recordedBy / standardized author name in identifiedBy","Gerber, Jan Philipp","Gerber, Jan Philipp"
"366","gerber_jp_2025_366","HumanObservation",NA,NA,NA,"SPECIES",NA,"Gerber, J.P.","E_408","Gerber, J.P.","E","gerber_jp_2025",1,"Guzmania triangularis",5.5065,-75.85146,"2025-05-28","change1: Filled coordinateUncertaintyInMeters from decimal-place precision (conservative). | epi_taxo: acceptedName(match1); authorship_epig(match1); genus_from_scientificName; family_WFO; order_majorGroup_WCVP [2026-03-11] | CoordinateCleaner QA applied without sea test (validity, equal, zeros, capitals, centroids, gbif, institutions) [2026-04-14]","standardized author name in recordedBy / standardized author name in identifiedBy","Gerber, Jan Philipp","Gerber, Jan Philipp"
"367","gerber_jp_2025_367","HumanObservation",NA,NA,NA,"SPECIES",NA,"Gerber, J.P.","E_409","Gerber, J.P.","E","gerber_jp_2025",1,"Guzmania triangularis",5.5065,-75.85146,"2025-05-28","change1: Filled coordinateUncertaintyInMeters from decimal-place precision (conservative). | epi_taxo: acceptedName(match1); authorship_epig(match1); genus_from_scientificName; family_WFO; order_majorGroup_WCVP [2026-03-11] | CoordinateCleaner QA applied without sea test (validity, equal, zeros, capitals, centroids, gbif, institutions) [2026-04-14]","standardized author name in recordedBy / standardized author name in identifiedBy","Gerber, Jan Philipp","Gerber, Jan Philipp"
"368","gerber_jp_2025_368","HumanObservation",NA,NA,NA,"SPECIES",NA,"Gerber, J.P.","E_410","Gerber, J.P.","E","gerber_jp_2025",1,"Guzmania triangularis",5.5065,-75.85146,"2025-05-28","change1: Filled coordinateUncertaintyInMeters from decimal-place precision (conservative). | epi_taxo: acceptedName(match1); authorship_epig(match1); genus_from_scientificName; family_WFO; order_majorGroup_WCVP [2026-03-11] | CoordinateCleaner QA applied without sea test (validity, equal, zeros, capitals, centroids, gbif, institutions) [2026-04-14]","standardized author name in recordedBy / standardized author name in identifiedBy","Gerber, Jan Philipp","Gerber, Jan Philipp"
"369","gerber_jp_2025_369","HumanObservation",NA,NA,NA,"GENUS",NA,"Gerber, J.P.","E_411","Gerber, J.P.","E","gerber_jp_2025",NA,"",5.5065,-75.85146,"2025-05-28","change1: Filled coordinateUncertaintyInMeters from decimal-place precision (conservative). | epi_taxo: acceptedName(match1); authorship_epig(match1); genus_from_scientificName; family_WFO; order_majorGroup_WCVP [2026-03-11] | CoordinateCleaner QA applied without sea test (validity, equal, zeros, capitals, centroids, gbif, institutions) [2026-04-14]","standardized author name in recordedBy / standardized author name in identifiedBy","Gerber, Jan Philipp","Gerber, Jan Philipp"
"370","gerber_jp_2025_370","HumanObservation",NA,NA,NA,"HYBRID",NA,"Gerber, J.P.","E_412","Gerber, J.P.","E","gerber_jp_2025",NA,"",5.5021,-75.84983,"2025-05-29","change1: Filled coordinateUncertaintyInMeters from decimal-place precision (conservative). | epi_taxo: acceptedName(match1); authorship_epig(match1); genus_from_scientificName; family_WFO; order_majorGroup_WCVP [2026-03-11] | CoordinateCleaner QA applied without sea test (validity, equal, zeros, capitals, centroids, gbif, institutions) [2026-04-14]","standardized author name in recordedBy / standardized author name in identifiedBy","Gerber, Jan Philipp","Gerber, Jan Philipp"
"371","gerber_jp_2025_371","HumanObservation",NA,NA,NA,"HYBRID",NA,"Gerber, J.P.","E_413","Gerber, J.P.","E","gerber_jp_2025",NA,"",5.5021,-75.84983,"2025-05-29","change1: Filled coordinateUncertaintyInMeters from decimal-place precision (conservative). | epi_taxo: acceptedName(match1); authorship_epig(match1); genus_from_scientificName; family_WFO; order_majorGroup_WCVP [2026-03-11] | CoordinateCleaner QA applied without sea test (validity, equal, zeros, capitals, centroids, gbif, institutions) [2026-04-14]","standardized author name in recordedBy / standardized author name in identifiedBy","Gerber, Jan Philipp","Gerber, Jan Philipp"
"372","gerber_jp_2025_372","HumanObservation",NA,NA,NA,"SPECIES",NA,"Gerber, J.P.","E_414","Gerber, J.P.","E","gerber_jp_2025",1,"Scaphyglottis aurea",5.5021,-75.84983,"2025-05-29","change1: Filled coordinateUncertaintyInMeters from decimal-place precision (conservative). | epi_taxo: acceptedName(match1); authorship_epig(match1); genus_from_scientificName; family_WFO; order_majorGroup_WCVP [2026-03-11] | CoordinateCleaner QA applied without sea test (validity, equal, zeros, capitals, centroids, gbif, institutions) [2026-04-14]","standardized author name in recordedBy / standardized author name in identifiedBy","Gerber, Jan Philipp","Gerber, Jan Philipp"
"373","gerber_jp_2025_373","HumanObservation",NA,NA,NA,"SPECIES",NA,"Gerber, J.P.","E_415","Gerber, J.P.","E","gerber_jp_2025",3,"Oncidium luteopurpureum",5.5021,-75.84983,"2025-05-29","change1: Filled coordinateUncertaintyInMeters from decimal-place precision (conservative). | epi_taxo: acceptedName(match1); authorship_epig(match1); genus_from_scientificName; family_WFO; order_majorGroup_WCVP [2026-03-11] | CoordinateCleaner QA applied without sea test (validity, equal, zeros, capitals, centroids, gbif, institutions) [2026-04-14]","standardized author name in recordedBy / standardized author name in identifiedBy","Gerber, Jan Philipp","Gerber, Jan Philipp"
"374","gerber_jp_2025_374","HumanObservation",NA,NA,NA,"SPECIES",NA,"Gerber, J.P.","E_416","Gerber, J.P.","E","gerber_jp_2025",3,"Oncidium luteopurpureum",5.5021,-75.84983,"2025-05-29","change1: Filled coordinateUncertaintyInMeters from decimal-place precision (conservative). | epi_taxo: acceptedName(match1); authorship_epig(match1); genus_from_scientificName; family_WFO; order_majorGroup_WCVP [2026-03-11] | CoordinateCleaner QA applied without sea test (validity, equal, zeros, capitals, centroids, gbif, institutions) [2026-04-14]","standardized author name in recordedBy / standardized author name in identifiedBy","Gerber, Jan Philipp","Gerber, Jan Philipp"
"375","gerber_jp_2025_375","HumanObservation",NA,NA,NA,"SPECIES",NA,"Gerber, J.P.","E_417","Gerber, J.P.","E","gerber_jp_2025",1,"Racinaea tetrantha",5.5021,-75.84983,"2025-05-29","change1: Filled coordinateUncertaintyInMeters from decimal-place precision (conservative). | epi_taxo: acceptedName(match1); authorship_epig(match1); genus_from_scientificName; family_WFO; order_majorGroup_WCVP [2026-03-11] | CoordinateCleaner QA applied without sea test (validity, equal, zeros, capitals, centroids, gbif, institutions) [2026-04-14]","standardized author name in recordedBy / standardized author name in identifiedBy","Gerber, Jan Philipp","Gerber, Jan Philipp"
"376","gerber_jp_2025_376","HumanObservation",NA,NA,NA,"SPECIES",NA,"Gerber, J.P.","E_418","Gerber, J.P.","E","gerber_jp_2025",1,"Racinaea tetrantha",5.5021,-75.84983,"2025-05-29","change1: Filled coordinateUncertaintyInMeters from decimal-place precision (conservative). | epi_taxo: acceptedName(match1); authorship_epig(match1); genus_from_scientificName; family_WFO; order_majorGroup_WCVP [2026-03-11] | CoordinateCleaner QA applied without sea test (validity, equal, zeros, capitals, centroids, gbif, institutions) [2026-04-14]","standardized author name in recordedBy / standardized author name in identifiedBy","Gerber, Jan Philipp","Gerber, Jan Philipp"
"377","gerber_jp_2025_377","HumanObservation",NA,NA,NA,"SPECIES",NA,"Gerber, J.P.","E_419","Gerber, J.P.","E","gerber_jp_2025",2,"Dichaea morrisii",5.5021,-75.84983,"2025-05-29","change1: Filled coordinateUncertaintyInMeters from decimal-place precision (conservative). | epi_taxo: acceptedName(match1); authorship_epig(match1); genus_from_scientificName; family_WFO; order_majorGroup_WCVP [2026-03-11] | CoordinateCleaner QA applied without sea test (validity, equal, zeros, capitals, centroids, gbif, institutions) [2026-04-14]","standardized author name in recordedBy / standardized author name in identifiedBy","Gerber, Jan Philipp","Gerber, Jan Philipp"
"378","gerber_jp_2025_378","HumanObservation",NA,NA,NA,"SPECIES",NA,"Gerber, J.P.","E_420","Gerber, J.P.","E","gerber_jp_2025",1,"Scaphyglottis aurea",5.5021,-75.84983,"2025-05-29","change1: Filled coordinateUncertaintyInMeters from decimal-place precision (conservative). | epi_taxo: acceptedName(match1); authorship_epig(match1); genus_from_scientificName; family_WFO; order_majorGroup_WCVP [2026-03-11] | CoordinateCleaner QA applied without sea test (validity, equal, zeros, capitals, centroids, gbif, institutions) [2026-04-14]","standardized author name in recordedBy / standardized author name in identifiedBy","Gerber, Jan Philipp","Gerber, Jan Philipp"
"379","gerber_jp_2025_379","HumanObservation",NA,NA,NA,"GENUS",NA,"Gerber, J.P.","E_421","Gerber, J.P.","E","gerber_jp_2025",NA,"",5.5021,-75.84983,"2025-05-29","change1: Filled coordinateUncertaintyInMeters from decimal-place precision (conservative). | epi_taxo: acceptedName(match1); authorship_epig(match1); genus_from_scientificName; family_WFO; order_majorGroup_WCVP [2026-03-11] | CoordinateCleaner QA applied without sea test (validity, equal, zeros, capitals, centroids, gbif, institutions) [2026-04-14]","standardized author name in recordedBy / standardized author name in identifiedBy","Gerber, Jan Philipp","Gerber, Jan Philipp"
"380","gerber_jp_2025_380","HumanObservation",NA,NA,NA,"SPECIES",NA,"Gerber, J.P.","E_422","Gerber, J.P.","E","gerber_jp_2025",1,"Peperomia heterophylla",5.50199,-75.85073,"2025-05-29","change1: Filled coordinateUncertaintyInMeters from decimal-place precision (conservative). | epi_taxo: acceptedName(match1); authorship_epig(match1); genus_from_scientificName; family_WFO; order_majorGroup_WCVP [2026-03-11] | CoordinateCleaner QA applied without sea test (validity, equal, zeros, capitals, centroids, gbif, institutions) [2026-04-14]","standardized author name in recordedBy / standardized author name in identifiedBy","Gerber, Jan Philipp","Gerber, Jan Philipp"
"381","gerber_jp_2025_381","HumanObservation",NA,NA,NA,"SPECIES",NA,"Gerber, J.P.","E_423","Gerber, J.P.","E","gerber_jp_2025",1,"Guzmania triangularis",5.50199,-75.85073,"2025-05-29","change1: Filled coordinateUncertaintyInMeters from decimal-place precision (conservative). | epi_taxo: acceptedName(match1); authorship_epig(match1); genus_from_scientificName; family_WFO; order_majorGroup_WCVP [2026-03-11] | CoordinateCleaner QA applied without sea test (validity, equal, zeros, capitals, centroids, gbif, institutions) [2026-04-14]","standardized author name in recordedBy / standardized author name in identifiedBy","Gerber, Jan Philipp","Gerber, Jan Philipp"
"382","gerber_jp_2025_382","HumanObservation",NA,NA,NA,"SPECIES",NA,"Gerber, J.P.","E_424","Gerber, J.P.","E","gerber_jp_2025",1,"Peperomia heterophylla",5.50199,-75.85073,"2025-05-29","change1: Filled coordinateUncertaintyInMeters from decimal-place precision (conservative). | epi_taxo: acceptedName(match1); authorship_epig(match1); genus_from_scientificName; family_WFO; order_majorGroup_WCVP [2026-03-11] | CoordinateCleaner QA applied without sea test (validity, equal, zeros, capitals, centroids, gbif, institutions) [2026-04-14]","standardized author name in recordedBy / standardized author name in identifiedBy","Gerber, Jan Philipp","Gerber, Jan Philipp"
"383","gerber_jp_2025_383","HumanObservation",NA,NA,NA,"SPECIES",NA,"Gerber, J.P.","E_425","Gerber, J.P.","E","gerber_jp_2025",1,"Guzmania triangularis",5.50199,-75.85073,"2025-05-29","change1: Filled coordinateUncertaintyInMeters from decimal-place precision (conservative). | epi_taxo: acceptedName(match1); authorship_epig(match1); genus_from_scientificName; family_WFO; order_majorGroup_WCVP [2026-03-11] | CoordinateCleaner QA applied without sea test (validity, equal, zeros, capitals, centroids, gbif, institutions) [2026-04-14]","standardized author name in recordedBy / standardized author name in identifiedBy","Gerber, Jan Philipp","Gerber, Jan Philipp"
"384","gerber_jp_2025_384","HumanObservation",NA,NA,NA,"SPECIES",NA,"Gerber, J.P.","E_426","Gerber, J.P.","E","gerber_jp_2025",1,"Guzmania triangularis",5.50199,-75.85073,"2025-05-29","change1: Filled coordinateUncertaintyInMeters from decimal-place precision (conservative). | epi_taxo: acceptedName(match1); authorship_epig(match1); genus_from_scientificName; family_WFO; order_majorGroup_WCVP [2026-03-11] | CoordinateCleaner QA applied without sea test (validity, equal, zeros, capitals, centroids, gbif, institutions) [2026-04-14]","standardized author name in recordedBy / standardized author name in identifiedBy","Gerber, Jan Philipp","Gerber, Jan Philipp"
"385","gerber_jp_2025_385","HumanObservation",NA,NA,NA,"SPECIES",NA,"Gerber, J.P.","E_427","Gerber, J.P.","E","gerber_jp_2025",1,"Pleurothallis anthrax",5.50199,-75.85073,"2025-05-29","change1: Filled coordinateUncertaintyInMeters from decimal-place precision (conservative). | epi_taxo: acceptedName(match1); authorship_epig(match1); genus_from_scientificName; family_WFO; order_majorGroup_WCVP [2026-03-11] | CoordinateCleaner QA applied without sea test (validity, equal, zeros, capitals, centroids, gbif, institutions) [2026-04-14]","standardized author name in recordedBy / standardized author name in identifiedBy","Gerber, Jan Philipp","Gerber, Jan Philipp"
"386","gerber_jp_2025_386","HumanObservation",NA,NA,NA,"",NA,"Gerber, J.P.","E_428","Gerber, J.P.","E","gerber_jp_2025",NA,"",5.50199,-75.85073,"2025-05-29","change1: Filled coordinateUncertaintyInMeters from decimal-place precision (conservative). | epi_taxo: acceptedName(match1); authorship_epig(match1); genus_from_scientificName; family_WFO; order_majorGroup_WCVP [2026-03-11] | CoordinateCleaner QA applied without sea test (validity, equal, zeros, capitals, centroids, gbif, institutions) [2026-04-14]","standardized author name in recordedBy / standardized author name in identifiedBy","Gerber, Jan Philipp","Gerber, Jan Philipp"
"387","gerber_jp_2025_387","HumanObservation",NA,NA,NA,"SPECIES",NA,"Gerber, J.P.","E_429","Gerber, J.P.","E","gerber_jp_2025",1,"Guzmania triangularis",5.50199,-75.85073,"2025-05-29","change1: Filled coordinateUncertaintyInMeters from decimal-place precision (conservative). | epi_taxo: acceptedName(match1); authorship_epig(match1); genus_from_scientificName; family_WFO; order_majorGroup_WCVP [2026-03-11] | CoordinateCleaner QA applied without sea test (validity, equal, zeros, capitals, centroids, gbif, institutions) [2026-04-14]","standardized author name in recordedBy / standardized author name in identifiedBy","Gerber, Jan Philipp","Gerber, Jan Philipp"
"388","gerber_jp_2025_388","HumanObservation",NA,NA,NA,"SPECIES",NA,"Gerber, J.P.","E_430","Gerber, J.P.","E","gerber_jp_2025",1,"Pleurothallis alvaroi",5.50199,-75.85073,"2025-05-29","change1: Filled coordinateUncertaintyInMeters from decimal-place precision (conservative). | epi_taxo: acceptedName(match1); authorship_epig(match1); genus_from_scientificName; family_WFO; order_majorGroup_WCVP [2026-03-11] | CoordinateCleaner QA applied without sea test (validity, equal, zeros, capitals, centroids, gbif, institutions) [2026-04-14]","standardized author name in recordedBy / standardized author name in identifiedBy","Gerber, Jan Philipp","Gerber, Jan Philipp"
"389","gerber_jp_2025_389","HumanObservation",NA,NA,NA,"SPECIES",NA,"Gerber, J.P.","E_431","Gerber, J.P.","E","gerber_jp_2025",1,"Pleurothallis secunda",5.50199,-75.85073,"2025-05-29","change1: Filled coordinateUncertaintyInMeters from decimal-place precision (conservative). | epi_taxo: acceptedName(match1); authorship_epig(match1); genus_from_scientificName; family_WFO; order_majorGroup_WCVP [2026-03-11] | CoordinateCleaner QA applied without sea test (validity, equal, zeros, capitals, centroids, gbif, institutions) [2026-04-14]","standardized author name in recordedBy / standardized author name in identifiedBy","Gerber, Jan Philipp","Gerber, Jan Philipp"
"390","gerber_jp_2025_390","HumanObservation",NA,NA,NA,"SPECIES",NA,"Gerber, J.P.","E_432","Gerber, J.P.","E","gerber_jp_2025",1,"Pleurothallis anthrax",5.50199,-75.85073,"2025-05-29","change1: Filled coordinateUncertaintyInMeters from decimal-place precision (conservative). | epi_taxo: acceptedName(match1); authorship_epig(match1); genus_from_scientificName; family_WFO; order_majorGroup_WCVP [2026-03-11] | CoordinateCleaner QA applied without sea test (validity, equal, zeros, capitals, centroids, gbif, institutions) [2026-04-14]","standardized author name in recordedBy / standardized author name in identifiedBy","Gerber, Jan Philipp","Gerber, Jan Philipp"
"391","gerber_jp_2025_391","HumanObservation",NA,NA,NA,"SPECIES",NA,"Gerber, J.P.","E_433","Gerber, J.P.","E","gerber_jp_2025",1,"Peperomia heterophylla",5.50199,-75.85073,"2025-05-29","change1: Filled coordinateUncertaintyInMeters from decimal-place precision (conservative). | epi_taxo: acceptedName(match1); authorship_epig(match1); genus_from_scientificName; family_WFO; order_majorGroup_WCVP [2026-03-11] | CoordinateCleaner QA applied without sea test (validity, equal, zeros, capitals, centroids, gbif, institutions) [2026-04-14]","standardized author name in recordedBy / standardized author name in identifiedBy","Gerber, Jan Philipp","Gerber, Jan Philipp"
"392","gerber_jp_2025_392","HumanObservation",NA,NA,NA,"SPECIES",NA,"Gerber, J.P.","E_434","Gerber, J.P.","E","gerber_jp_2025",1,"Guzmania triangularis",5.50199,-75.85073,"2025-05-29","change1: Filled coordinateUncertaintyInMeters from decimal-place precision (conservative). | epi_taxo: acceptedName(match1); authorship_epig(match1); genus_from_scientificName; family_WFO; order_majorGroup_WCVP [2026-03-11] | CoordinateCleaner QA applied without sea test (validity, equal, zeros, capitals, centroids, gbif, institutions) [2026-04-14]","standardized author name in recordedBy / standardized author name in identifiedBy","Gerber, Jan Philipp","Gerber, Jan Philipp"
"393","gerber_jp_2025_393","HumanObservation",NA,NA,NA,"SPECIES",NA,"Gerber, J.P.","E_435","Gerber, J.P.","E","gerber_jp_2025",1,"Peperomia heterophylla",5.50199,-75.85073,"2025-05-29","change1: Filled coordinateUncertaintyInMeters from decimal-place precision (conservative). | epi_taxo: acceptedName(match1); authorship_epig(match1); genus_from_scientificName; family_WFO; order_majorGroup_WCVP [2026-03-11] | CoordinateCleaner QA applied without sea test (validity, equal, zeros, capitals, centroids, gbif, institutions) [2026-04-14]","standardized author name in recordedBy / standardized author name in identifiedBy","Gerber, Jan Philipp","Gerber, Jan Philipp"
"394","gerber_jp_2025_394","HumanObservation",NA,NA,NA,"SPECIES",NA,"Gerber, J.P.","E_436","Gerber, J.P.","E","gerber_jp_2025",1,"Peperomia heterophylla",5.50199,-75.85073,"2025-05-29","change1: Filled coordinateUncertaintyInMeters from decimal-place precision (conservative). | epi_taxo: acceptedName(match1); authorship_epig(match1); genus_from_scientificName; family_WFO; order_majorGroup_WCVP [2026-03-11] | CoordinateCleaner QA applied without sea test (validity, equal, zeros, capitals, centroids, gbif, institutions) [2026-04-14]","standardized author name in recordedBy / standardized author name in identifiedBy","Gerber, Jan Philipp","Gerber, Jan Philipp"
"395","gerber_jp_2025_395","HumanObservation",NA,NA,NA,"SPECIES",NA,"Gerber, J.P.","E_437","Gerber, J.P.","E","gerber_jp_2025",1,"Guzmania triangularis",5.50199,-75.85073,"2025-05-29","change1: Filled coordinateUncertaintyInMeters from decimal-place precision (conservative). | epi_taxo: acceptedName(match1); authorship_epig(match1); genus_from_scientificName; family_WFO; order_majorGroup_WCVP [2026-03-11] | CoordinateCleaner QA applied without sea test (validity, equal, zeros, capitals, centroids, gbif, institutions) [2026-04-14]","standardized author name in recordedBy / standardized author name in identifiedBy","Gerber, Jan Philipp","Gerber, Jan Philipp"
"396","gerber_jp_2025_396","HumanObservation",NA,NA,NA,"SPECIES",NA,"Gerber, J.P.","E_438","Gerber, J.P.","E","gerber_jp_2025",1,"Guzmania triangularis",5.50199,-75.85073,"2025-05-29","change1: Filled coordinateUncertaintyInMeters from decimal-place precision (conservative). | epi_taxo: acceptedName(match1); authorship_epig(match1); genus_from_scientificName; family_WFO; order_majorGroup_WCVP [2026-03-11] | CoordinateCleaner QA applied without sea test (validity, equal, zeros, capitals, centroids, gbif, institutions) [2026-04-14]","standardized author name in recordedBy / standardized author name in identifiedBy","Gerber, Jan Philipp","Gerber, Jan Philipp"
"397","gerber_jp_2025_397","HumanObservation",NA,NA,NA,"SPECIES",NA,"Gerber, J.P.","E_439","Gerber, J.P.","E","gerber_jp_2025",1,"Guzmania triangularis",5.50199,-75.85073,"2025-05-29","change1: Filled coordinateUncertaintyInMeters from decimal-place precision (conservative). | epi_taxo: acceptedName(match1); authorship_epig(match1); genus_from_scientificName; family_WFO; order_majorGroup_WCVP [2026-03-11] | CoordinateCleaner QA applied without sea test (validity, equal, zeros, capitals, centroids, gbif, institutions) [2026-04-14]","standardized author name in recordedBy / standardized author name in identifiedBy","Gerber, Jan Philipp","Gerber, Jan Philipp"
"398","gerber_jp_2025_398","HumanObservation",NA,NA,NA,"SPECIES",NA,"Gerber, J.P.","E_440","Gerber, J.P.","E","gerber_jp_2025",1,"Peperomia heterophylla",5.50199,-75.85073,"2025-05-29","change1: Filled coordinateUncertaintyInMeters from decimal-place precision (conservative). | epi_taxo: acceptedName(match1); authorship_epig(match1); genus_from_scientificName; family_WFO; order_majorGroup_WCVP [2026-03-11] | CoordinateCleaner QA applied without sea test (validity, equal, zeros, capitals, centroids, gbif, institutions) [2026-04-14]","standardized author name in recordedBy / standardized author name in identifiedBy","Gerber, Jan Philipp","Gerber, Jan Philipp"
"399","gerber_jp_2025_399","HumanObservation",NA,NA,NA,"SPECIES",NA,"Gerber, J.P.","E_441","Gerber, J.P.","E","gerber_jp_2025",1,"Pleurothallis alvaroi",5.50199,-75.85073,"2025-05-29","change1: Filled coordinateUncertaintyInMeters from decimal-place precision (conservative). | epi_taxo: acceptedName(match1); authorship_epig(match1); genus_from_scientificName; family_WFO; order_majorGroup_WCVP [2026-03-11] | CoordinateCleaner QA applied without sea test (validity, equal, zeros, capitals, centroids, gbif, institutions) [2026-04-14]","standardized author name in recordedBy / standardized author name in identifiedBy","Gerber, Jan Philipp","Gerber, Jan Philipp"
"400","gerber_jp_2025_400","HumanObservation",NA,NA,NA,"SPECIES",NA,"Gerber, J.P.","E_442","Gerber, J.P.","E","gerber_jp_2025",1,"Peperomia heterophylla",5.50199,-75.85073,"2025-05-29","change1: Filled coordinateUncertaintyInMeters from decimal-place precision (conservative). | epi_taxo: acceptedName(match1); authorship_epig(match1); genus_from_scientificName; family_WFO; order_majorGroup_WCVP [2026-03-11] | CoordinateCleaner QA applied without sea test (validity, equal, zeros, capitals, centroids, gbif, institutions) [2026-04-14]","standardized author name in recordedBy / standardized author name in identifiedBy","Gerber, Jan Philipp","Gerber, Jan Philipp"
"401","gerber_jp_2025_401","HumanObservation",NA,NA,NA,"SPECIES",NA,"Gerber, J.P.","E_443","Gerber, J.P.","E","gerber_jp_2025",1,"Guzmania triangularis",5.50199,-75.85073,"2025-05-29","change1: Filled coordinateUncertaintyInMeters from decimal-place precision (conservative). | epi_taxo: acceptedName(match1); authorship_epig(match1); genus_from_scientificName; family_WFO; order_majorGroup_WCVP [2026-03-11] | CoordinateCleaner QA applied without sea test (validity, equal, zeros, capitals, centroids, gbif, institutions) [2026-04-14]","standardized author name in recordedBy / standardized author name in identifiedBy","Gerber, Jan Philipp","Gerber, Jan Philipp"
"402","gerber_jp_2025_402","HumanObservation",NA,NA,NA,"SPECIES",NA,"Gerber, J.P.","E_444","Gerber, J.P.","E","gerber_jp_2025",1,"Peperomia heterophylla",5.50199,-75.85073,"2025-05-29","change1: Filled coordinateUncertaintyInMeters from decimal-place precision (conservative). | epi_taxo: acceptedName(match1); authorship_epig(match1); genus_from_scientificName; family_WFO; order_majorGroup_WCVP [2026-03-11] | CoordinateCleaner QA applied without sea test (validity, equal, zeros, capitals, centroids, gbif, institutions) [2026-04-14]","standardized author name in recordedBy / standardized author name in identifiedBy","Gerber, Jan Philipp","Gerber, Jan Philipp"
"403","gerber_jp_2025_403","HumanObservation",NA,NA,NA,"SPECIES",NA,"Gerber, J.P.","E_445","Gerber, J.P.","E","gerber_jp_2025",1,"Peperomia heterophylla",5.50199,-75.85073,"2025-05-29","change1: Filled coordinateUncertaintyInMeters from decimal-place precision (conservative). | epi_taxo: acceptedName(match1); authorship_epig(match1); genus_from_scientificName; family_WFO; order_majorGroup_WCVP [2026-03-11] | CoordinateCleaner QA applied without sea test (validity, equal, zeros, capitals, centroids, gbif, institutions) [2026-04-14]","standardized author name in recordedBy / standardized author name in identifiedBy","Gerber, Jan Philipp","Gerber, Jan Philipp"
"404","gerber_jp_2025_404","HumanObservation",NA,NA,NA,"SPECIES",NA,"Gerber, J.P.","E_446","Gerber, J.P.","E","gerber_jp_2025",1,"Guzmania triangularis",5.50199,-75.85073,"2025-05-29","change1: Filled coordinateUncertaintyInMeters from decimal-place precision (conservative). | epi_taxo: acceptedName(match1); authorship_epig(match1); genus_from_scientificName; family_WFO; order_majorGroup_WCVP [2026-03-11] | CoordinateCleaner QA applied without sea test (validity, equal, zeros, capitals, centroids, gbif, institutions) [2026-04-14]","standardized author name in recordedBy / standardized author name in identifiedBy","Gerber, Jan Philipp","Gerber, Jan Philipp"
"405","gerber_jp_2025_405","HumanObservation",NA,NA,NA,"SPECIES",NA,"Gerber, J.P.","E_447","Gerber, J.P.","E","gerber_jp_2025",1,"Peperomia heterophylla",5.50199,-75.85073,"2025-05-29","change1: Filled coordinateUncertaintyInMeters from decimal-place precision (conservative). | epi_taxo: acceptedName(match1); authorship_epig(match1); genus_from_scientificName; family_WFO; order_majorGroup_WCVP [2026-03-11] | CoordinateCleaner QA applied without sea test (validity, equal, zeros, capitals, centroids, gbif, institutions) [2026-04-14]","standardized author name in recordedBy / standardized author name in identifiedBy","Gerber, Jan Philipp","Gerber, Jan Philipp"
"406","gerber_jp_2025_406","HumanObservation",NA,NA,NA,"SPECIES",NA,"Gerber, J.P.","E_448","Gerber, J.P.","E","gerber_jp_2025",1,"Pleurothallis canidentis",5.50199,-75.85073,"2025-05-29","change1: Filled coordinateUncertaintyInMeters from decimal-place precision (conservative). | epi_taxo: acceptedName(match1); authorship_epig(match1); genus_from_scientificName; family_WFO; order_majorGroup_WCVP [2026-03-11] | CoordinateCleaner QA applied without sea test (validity, equal, zeros, capitals, centroids, gbif, institutions) [2026-04-14]","standardized author name in recordedBy / standardized author name in identifiedBy","Gerber, Jan Philipp","Gerber, Jan Philipp"
"407","gerber_jp_2025_407","HumanObservation",NA,NA,NA,"SPECIES",NA,"Gerber, J.P.","E_449","Gerber, J.P.","E","gerber_jp_2025",1,"Pleurothallis secunda",5.50199,-75.85073,"2025-05-29","change1: Filled coordinateUncertaintyInMeters from decimal-place precision (conservative). | epi_taxo: acceptedName(match1); authorship_epig(match1); genus_from_scientificName; family_WFO; order_majorGroup_WCVP [2026-03-11] | CoordinateCleaner QA applied without sea test (validity, equal, zeros, capitals, centroids, gbif, institutions) [2026-04-14]","standardized author name in recordedBy / standardized author name in identifiedBy","Gerber, Jan Philipp","Gerber, Jan Philipp"
"408","gerber_jp_2025_408","HumanObservation",NA,NA,NA,"SPECIES",NA,"Gerber, J.P.","E_450","Gerber, J.P.","E","gerber_jp_2025",1,"Pleurothallis alvaroi",5.50199,-75.85073,"2025-05-29","change1: Filled coordinateUncertaintyInMeters from decimal-place precision (conservative). | epi_taxo: acceptedName(match1); authorship_epig(match1); genus_from_scientificName; family_WFO; order_majorGroup_WCVP [2026-03-11] | CoordinateCleaner QA applied without sea test (validity, equal, zeros, capitals, centroids, gbif, institutions) [2026-04-14]","standardized author name in recordedBy / standardized author name in identifiedBy","Gerber, Jan Philipp","Gerber, Jan Philipp"
"409","gerber_jp_2025_409","HumanObservation",NA,NA,NA,"SPECIES",NA,"Gerber, J.P.","E_451","Gerber, J.P.","E","gerber_jp_2025",1,"Peperomia heterophylla",5.50199,-75.85073,"2025-05-29","change1: Filled coordinateUncertaintyInMeters from decimal-place precision (conservative). | epi_taxo: acceptedName(match1); authorship_epig(match1); genus_from_scientificName; family_WFO; order_majorGroup_WCVP [2026-03-11] | CoordinateCleaner QA applied without sea test (validity, equal, zeros, capitals, centroids, gbif, institutions) [2026-04-14]","standardized author name in recordedBy / standardized author name in identifiedBy","Gerber, Jan Philipp","Gerber, Jan Philipp"
"410","gerber_jp_2025_410","HumanObservation",NA,NA,NA,"SPECIES",NA,"Gerber, J.P.","E_452","Gerber, J.P.","E","gerber_jp_2025",1,"Guzmania triangularis",5.50199,-75.85073,"2025-05-29","change1: Filled coordinateUncertaintyInMeters from decimal-place precision (conservative). | epi_taxo: acceptedName(match1); authorship_epig(match1); genus_from_scientificName; family_WFO; order_majorGroup_WCVP [2026-03-11] | CoordinateCleaner QA applied without sea test (validity, equal, zeros, capitals, centroids, gbif, institutions) [2026-04-14]","standardized author name in recordedBy / standardized author name in identifiedBy","Gerber, Jan Philipp","Gerber, Jan Philipp"
"411","gerber_jp_2025_411","HumanObservation",NA,NA,NA,"SPECIES",NA,"Gerber, J.P.","E_453","Gerber, J.P.","E","gerber_jp_2025",1,"Guzmania triangularis",5.50199,-75.85073,"2025-05-29","change1: Filled coordinateUncertaintyInMeters from decimal-place precision (conservative). | epi_taxo: acceptedName(match1); authorship_epig(match1); genus_from_scientificName; family_WFO; order_majorGroup_WCVP [2026-03-11] | CoordinateCleaner QA applied without sea test (validity, equal, zeros, capitals, centroids, gbif, institutions) [2026-04-14]","standardized author name in recordedBy / standardized author name in identifiedBy","Gerber, Jan Philipp","Gerber, Jan Philipp"
"412","gerber_jp_2025_412","HumanObservation",NA,NA,NA,"SPECIES",NA,"Gerber, J.P.","E_454","Gerber, J.P.","E","gerber_jp_2025",1,"Guzmania triangularis",5.50184,-75.85127,"2025-05-29","change1: Filled coordinateUncertaintyInMeters from decimal-place precision (conservative). | epi_taxo: acceptedName(match1); authorship_epig(match1); genus_from_scientificName; family_WFO; order_majorGroup_WCVP [2026-03-11] | CoordinateCleaner QA applied without sea test (validity, equal, zeros, capitals, centroids, gbif, institutions) [2026-04-14]","standardized author name in recordedBy / standardized author name in identifiedBy","Gerber, Jan Philipp","Gerber, Jan Philipp"
"413","gerber_jp_2025_413","HumanObservation",NA,NA,NA,"SPECIES",NA,"Gerber, J.P.","E_455","Gerber, J.P.","E","gerber_jp_2025",2,"Dichaea morrisii",5.50184,-75.85127,"2025-05-29","change1: Filled coordinateUncertaintyInMeters from decimal-place precision (conservative). | epi_taxo: acceptedName(match1); authorship_epig(match1); genus_from_scientificName; family_WFO; order_majorGroup_WCVP [2026-03-11] | CoordinateCleaner QA applied without sea test (validity, equal, zeros, capitals, centroids, gbif, institutions) [2026-04-14]","standardized author name in recordedBy / standardized author name in identifiedBy","Gerber, Jan Philipp","Gerber, Jan Philipp"
"414","gerber_jp_2025_414","HumanObservation",NA,NA,NA,"SPECIES",NA,"Gerber, J.P.","E_456","Gerber, J.P.","E","gerber_jp_2025",1,"Guzmania triangularis",5.50184,-75.85127,"2025-05-29","change1: Filled coordinateUncertaintyInMeters from decimal-place precision (conservative). | epi_taxo: acceptedName(match1); authorship_epig(match1); genus_from_scientificName; family_WFO; order_majorGroup_WCVP [2026-03-11] | CoordinateCleaner QA applied without sea test (validity, equal, zeros, capitals, centroids, gbif, institutions) [2026-04-14]","standardized author name in recordedBy / standardized author name in identifiedBy","Gerber, Jan Philipp","Gerber, Jan Philipp"
"415","gerber_jp_2025_415","HumanObservation",NA,NA,NA,"SPECIES",NA,"Gerber, J.P.","E_457","Gerber, J.P.","E","gerber_jp_2025",1,"Guzmania triangularis",5.50184,-75.85127,"2025-05-29","change1: Filled coordinateUncertaintyInMeters from decimal-place precision (conservative). | epi_taxo: acceptedName(match1); authorship_epig(match1); genus_from_scientificName; family_WFO; order_majorGroup_WCVP [2026-03-11] | CoordinateCleaner QA applied without sea test (validity, equal, zeros, capitals, centroids, gbif, institutions) [2026-04-14]","standardized author name in recordedBy / standardized author name in identifiedBy","Gerber, Jan Philipp","Gerber, Jan Philipp"
"416","gerber_jp_2025_416","HumanObservation",NA,NA,NA,"SPECIES",NA,"Gerber, J.P.","E_458","Gerber, J.P.","E","gerber_jp_2025",1,"Guzmania triangularis",5.50184,-75.85127,"2025-05-29","change1: Filled coordinateUncertaintyInMeters from decimal-place precision (conservative). | epi_taxo: acceptedName(match1); authorship_epig(match1); genus_from_scientificName; family_WFO; order_majorGroup_WCVP [2026-03-11] | CoordinateCleaner QA applied without sea test (validity, equal, zeros, capitals, centroids, gbif, institutions) [2026-04-14]","standardized author name in recordedBy / standardized author name in identifiedBy","Gerber, Jan Philipp","Gerber, Jan Philipp"
"417","gerber_jp_2025_417","HumanObservation",NA,NA,NA,"SPECIES",NA,"Gerber, J.P.","E_459","Gerber, J.P.","E","gerber_jp_2025",1,"Guzmania triangularis",5.50184,-75.85127,"2025-05-29","change1: Filled coordinateUncertaintyInMeters from decimal-place precision (conservative). | epi_taxo: acceptedName(match1); authorship_epig(match1); genus_from_scientificName; family_WFO; order_majorGroup_WCVP [2026-03-11] | CoordinateCleaner QA applied without sea test (validity, equal, zeros, capitals, centroids, gbif, institutions) [2026-04-14]","standardized author name in recordedBy / standardized author name in identifiedBy","Gerber, Jan Philipp","Gerber, Jan Philipp"
"418","gerber_jp_2025_418","HumanObservation",NA,NA,NA,"SPECIES",NA,"Gerber, J.P.","E_460","Gerber, J.P.","E","gerber_jp_2025",1,"Columnea purpurata",5.50184,-75.85127,"2025-05-29","change1: Filled coordinateUncertaintyInMeters from decimal-place precision (conservative). | epi_taxo: acceptedName(match1); authorship_epig(match1); genus_from_scientificName; family_WFO; order_majorGroup_WCVP [2026-03-11] | CoordinateCleaner QA applied without sea test (validity, equal, zeros, capitals, centroids, gbif, institutions) [2026-04-14]","standardized author name in recordedBy / standardized author name in identifiedBy","Gerber, Jan Philipp","Gerber, Jan Philipp"
"419","gerber_jp_2025_419","HumanObservation",NA,NA,NA,"SPECIES",NA,"Gerber, J.P.","E_461","Gerber, J.P.","E","gerber_jp_2025",1,"Guzmania triangularis",5.50184,-75.85127,"2025-05-29","change1: Filled coordinateUncertaintyInMeters from decimal-place precision (conservative). | epi_taxo: acceptedName(match1); authorship_epig(match1); genus_from_scientificName; family_WFO; order_majorGroup_WCVP [2026-03-11] | CoordinateCleaner QA applied without sea test (validity, equal, zeros, capitals, centroids, gbif, institutions) [2026-04-14]","standardized author name in recordedBy / standardized author name in identifiedBy","Gerber, Jan Philipp","Gerber, Jan Philipp"
"420","gerber_jp_2025_420","HumanObservation",NA,NA,NA,"SPECIES",NA,"Gerber, J.P.","E_462","Gerber, J.P.","E","gerber_jp_2025",1,"Pleurothallis anthrax",5.50184,-75.85127,"2025-05-29","change1: Filled coordinateUncertaintyInMeters from decimal-place precision (conservative). | epi_taxo: acceptedName(match1); authorship_epig(match1); genus_from_scientificName; family_WFO; order_majorGroup_WCVP [2026-03-11] | CoordinateCleaner QA applied without sea test (validity, equal, zeros, capitals, centroids, gbif, institutions) [2026-04-14]","standardized author name in recordedBy / standardized author name in identifiedBy","Gerber, Jan Philipp","Gerber, Jan Philipp"
"421","gerber_jp_2025_421","HumanObservation",NA,NA,NA,"SPECIES",NA,"Gerber, J.P.","E_463","Gerber, J.P.","E","gerber_jp_2025",1,"Pleurothallis secunda",5.50184,-75.85127,"2025-05-29","change1: Filled coordinateUncertaintyInMeters from decimal-place precision (conservative). | epi_taxo: acceptedName(match1); authorship_epig(match1); genus_from_scientificName; family_WFO; order_majorGroup_WCVP [2026-03-11] | CoordinateCleaner QA applied without sea test (validity, equal, zeros, capitals, centroids, gbif, institutions) [2026-04-14]","standardized author name in recordedBy / standardized author name in identifiedBy","Gerber, Jan Philipp","Gerber, Jan Philipp"
"422","gerber_jp_2025_422","HumanObservation",NA,NA,NA,"SPECIES",NA,"Gerber, J.P.","E_464","Gerber, J.P.","E","gerber_jp_2025",1,"Columnea purpurata",5.50184,-75.85127,"2025-05-29","change1: Filled coordinateUncertaintyInMeters from decimal-place precision (conservative). | epi_taxo: acceptedName(match1); authorship_epig(match1); genus_from_scientificName; family_WFO; order_majorGroup_WCVP [2026-03-11] | CoordinateCleaner QA applied without sea test (validity, equal, zeros, capitals, centroids, gbif, institutions) [2026-04-14]","standardized author name in recordedBy / standardized author name in identifiedBy","Gerber, Jan Philipp","Gerber, Jan Philipp"
"423","gerber_jp_2025_423","HumanObservation",NA,NA,NA,"SPECIES",NA,"Gerber, J.P.","E_465","Gerber, J.P.","E","gerber_jp_2025",1,"Pleurothallis alvaroi",5.50184,-75.85127,"2025-05-29","change1: Filled coordinateUncertaintyInMeters from decimal-place precision (conservative). | epi_taxo: acceptedName(match1); authorship_epig(match1); genus_from_scientificName; family_WFO; order_majorGroup_WCVP [2026-03-11] | CoordinateCleaner QA applied without sea test (validity, equal, zeros, capitals, centroids, gbif, institutions) [2026-04-14]","standardized author name in recordedBy / standardized author name in identifiedBy","Gerber, Jan Philipp","Gerber, Jan Philipp"
"424","gerber_jp_2025_424","HumanObservation",NA,NA,NA,"SPECIES",NA,"Gerber, J.P.","E_466","Gerber, J.P.","E","gerber_jp_2025",1,"Pleurothallis secunda",5.50184,-75.85127,"2025-05-29","change1: Filled coordinateUncertaintyInMeters from decimal-place precision (conservative). | epi_taxo: acceptedName(match1); authorship_epig(match1); genus_from_scientificName; family_WFO; order_majorGroup_WCVP [2026-03-11] | CoordinateCleaner QA applied without sea test (validity, equal, zeros, capitals, centroids, gbif, institutions) [2026-04-14]","standardized author name in recordedBy / standardized author name in identifiedBy","Gerber, Jan Philipp","Gerber, Jan Philipp"
"425","gerber_jp_2025_425","HumanObservation",NA,NA,NA,"GENUS",NA,"Gerber, J.P.","E_467","Gerber, J.P.","E","gerber_jp_2025",NA,"",5.50184,-75.85127,"2025-05-29","change1: Filled coordinateUncertaintyInMeters from decimal-place precision (conservative). | epi_taxo: acceptedName(match1); authorship_epig(match1); genus_from_scientificName; family_WFO; order_majorGroup_WCVP [2026-03-11] | CoordinateCleaner QA applied without sea test (validity, equal, zeros, capitals, centroids, gbif, institutions) [2026-04-14]","standardized author name in recordedBy / standardized author name in identifiedBy","Gerber, Jan Philipp","Gerber, Jan Philipp"
"426","gerber_jp_2025_426","HumanObservation",NA,NA,NA,"SPECIES",NA,"Gerber, J.P.","E_468","Gerber, J.P.","E","gerber_jp_2025",1,"Guzmania triangularis",5.50184,-75.85127,"2025-05-29","change1: Filled coordinateUncertaintyInMeters from decimal-place precision (conservative). | epi_taxo: acceptedName(match1); authorship_epig(match1); genus_from_scientificName; family_WFO; order_majorGroup_WCVP [2026-03-11] | CoordinateCleaner QA applied without sea test (validity, equal, zeros, capitals, centroids, gbif, institutions) [2026-04-14]","standardized author name in recordedBy / standardized author name in identifiedBy","Gerber, Jan Philipp","Gerber, Jan Philipp"
"427","gerber_jp_2025_427","HumanObservation",NA,NA,NA,"SPECIES",NA,"Gerber, J.P.","E_469","Gerber, J.P.","E","gerber_jp_2025",1,"Kefersteinia tolimensis",5.50184,-75.85127,"2025-05-29","change1: Filled coordinateUncertaintyInMeters from decimal-place precision (conservative). | epi_taxo: acceptedName(match1); authorship_epig(match1); genus_from_scientificName; family_WFO; order_majorGroup_WCVP [2026-03-11] | CoordinateCleaner QA applied without sea test (validity, equal, zeros, capitals, centroids, gbif, institutions) [2026-04-14]","standardized author name in recordedBy / standardized author name in identifiedBy","Gerber, Jan Philipp","Gerber, Jan Philipp"
"428","gerber_jp_2025_428","HumanObservation",NA,NA,NA,"SPECIES",NA,"Gerber, J.P.","E_470","Gerber, J.P.","E","gerber_jp_2025",1,"Columnea fuscihirta",5.50184,-75.85127,"2025-05-29","change1: Filled coordinateUncertaintyInMeters from decimal-place precision (conservative). | epi_taxo: acceptedName(match1); authorship_epig(match1); genus_from_scientificName; family_WFO; order_majorGroup_WCVP [2026-03-11] | CoordinateCleaner QA applied without sea test (validity, equal, zeros, capitals, centroids, gbif, institutions) [2026-04-14]","standardized author name in recordedBy / standardized author name in identifiedBy","Gerber, Jan Philipp","Gerber, Jan Philipp"
"429","gerber_jp_2025_429","HumanObservation",NA,NA,NA,"SPECIES",NA,"Gerber, J.P.","E_471","Gerber, J.P.","E","gerber_jp_2025",1,"Columnea fuscihirta",5.50184,-75.85127,"2025-05-29","change1: Filled coordinateUncertaintyInMeters from decimal-place precision (conservative). | epi_taxo: acceptedName(match1); authorship_epig(match1); genus_from_scientificName; family_WFO; order_majorGroup_WCVP [2026-03-11] | CoordinateCleaner QA applied without sea test (validity, equal, zeros, capitals, centroids, gbif, institutions) [2026-04-14]","standardized author name in recordedBy / standardized author name in identifiedBy","Gerber, Jan Philipp","Gerber, Jan Philipp"
"430","gerber_jp_2025_430","HumanObservation",NA,NA,NA,"SPECIES",NA,"Gerber, J.P.","E_472","Gerber, J.P.","E","gerber_jp_2025",1,"Guzmania triangularis",5.50184,-75.85127,"2025-05-29","change1: Filled coordinateUncertaintyInMeters from decimal-place precision (conservative). | epi_taxo: acceptedName(match1); authorship_epig(match1); genus_from_scientificName; family_WFO; order_majorGroup_WCVP [2026-03-11] | CoordinateCleaner QA applied without sea test (validity, equal, zeros, capitals, centroids, gbif, institutions) [2026-04-14]","standardized author name in recordedBy / standardized author name in identifiedBy","Gerber, Jan Philipp","Gerber, Jan Philipp"
"431","gerber_jp_2025_431","HumanObservation",NA,NA,NA,"SPECIES",NA,"Gerber, J.P.","E_473","Gerber, J.P.","E","gerber_jp_2025",1,"Guzmania triangularis",5.50184,-75.85127,"2025-05-29","change1: Filled coordinateUncertaintyInMeters from decimal-place precision (conservative). | epi_taxo: acceptedName(match1); authorship_epig(match1); genus_from_scientificName; family_WFO; order_majorGroup_WCVP [2026-03-11] | CoordinateCleaner QA applied without sea test (validity, equal, zeros, capitals, centroids, gbif, institutions) [2026-04-14]","standardized author name in recordedBy / standardized author name in identifiedBy","Gerber, Jan Philipp","Gerber, Jan Philipp"
"432","gerber_jp_2025_432","HumanObservation",NA,NA,NA,"SPECIES",NA,"Gerber, J.P.","E_474","Gerber, J.P.","E","gerber_jp_2025",1,"Guzmania triangularis",5.50184,-75.85127,"2025-05-29","change1: Filled coordinateUncertaintyInMeters from decimal-place precision (conservative). | epi_taxo: acceptedName(match1); authorship_epig(match1); genus_from_scientificName; family_WFO; order_majorGroup_WCVP [2026-03-11] | CoordinateCleaner QA applied without sea test (validity, equal, zeros, capitals, centroids, gbif, institutions) [2026-04-14]","standardized author name in recordedBy / standardized author name in identifiedBy","Gerber, Jan Philipp","Gerber, Jan Philipp"
"433","gerber_jp_2025_433","HumanObservation",NA,NA,NA,"SPECIES",NA,"Gerber, J.P.","E_475","Gerber, J.P.","E","gerber_jp_2025",1,"Guzmania triangularis",5.50184,-75.85127,"2025-05-29","change1: Filled coordinateUncertaintyInMeters from decimal-place precision (conservative). | epi_taxo: acceptedName(match1); authorship_epig(match1); genus_from_scientificName; family_WFO; order_majorGroup_WCVP [2026-03-11] | CoordinateCleaner QA applied without sea test (validity, equal, zeros, capitals, centroids, gbif, institutions) [2026-04-14]","standardized author name in recordedBy / standardized author name in identifiedBy","Gerber, Jan Philipp","Gerber, Jan Philipp"
"434","gerber_jp_2025_434","HumanObservation",NA,NA,NA,"SPECIES",NA,"Gerber, J.P.","E_476","Gerber, J.P.","E","gerber_jp_2025",1,"Guzmania triangularis",5.50184,-75.85127,"2025-05-29","change1: Filled coordinateUncertaintyInMeters from decimal-place precision (conservative). | epi_taxo: acceptedName(match1); authorship_epig(match1); genus_from_scientificName; family_WFO; order_majorGroup_WCVP [2026-03-11] | CoordinateCleaner QA applied without sea test (validity, equal, zeros, capitals, centroids, gbif, institutions) [2026-04-14]","standardized author name in recordedBy / standardized author name in identifiedBy","Gerber, Jan Philipp","Gerber, Jan Philipp"
"435","gerber_jp_2025_435","HumanObservation",NA,NA,NA,"SPECIES",NA,"Gerber, J.P.","E_477","Gerber, J.P.","E","gerber_jp_2025",1,"Guzmania triangularis",5.50184,-75.85127,"2025-05-29","change1: Filled coordinateUncertaintyInMeters from decimal-place precision (conservative). | epi_taxo: acceptedName(match1); authorship_epig(match1); genus_from_scientificName; family_WFO; order_majorGroup_WCVP [2026-03-11] | CoordinateCleaner QA applied without sea test (validity, equal, zeros, capitals, centroids, gbif, institutions) [2026-04-14]","standardized author name in recordedBy / standardized author name in identifiedBy","Gerber, Jan Philipp","Gerber, Jan Philipp"
"436","gerber_jp_2025_436","HumanObservation",NA,NA,NA,"SPECIES",NA,"Gerber, J.P.","E_478","Gerber, J.P.","E","gerber_jp_2025",1,"Guzmania triangularis",5.50184,-75.85127,"2025-05-29","change1: Filled coordinateUncertaintyInMeters from decimal-place precision (conservative). | epi_taxo: acceptedName(match1); authorship_epig(match1); genus_from_scientificName; family_WFO; order_majorGroup_WCVP [2026-03-11] | CoordinateCleaner QA applied without sea test (validity, equal, zeros, capitals, centroids, gbif, institutions) [2026-04-14]","standardized author name in recordedBy / standardized author name in identifiedBy","Gerber, Jan Philipp","Gerber, Jan Philipp"
"437","gerber_jp_2025_437","HumanObservation",NA,NA,NA,"SPECIES",NA,"Gerber, J.P.","E_479","Gerber, J.P.","E","gerber_jp_2025",1,"Columnea purpurata",5.50184,-75.85127,"2025-05-29","change1: Filled coordinateUncertaintyInMeters from decimal-place precision (conservative). | epi_taxo: acceptedName(match1); authorship_epig(match1); genus_from_scientificName; family_WFO; order_majorGroup_WCVP [2026-03-11] | CoordinateCleaner QA applied without sea test (validity, equal, zeros, capitals, centroids, gbif, institutions) [2026-04-14]","standardized author name in recordedBy / standardized author name in identifiedBy","Gerber, Jan Philipp","Gerber, Jan Philipp"
"438","gerber_jp_2025_438","HumanObservation",NA,NA,NA,"SPECIES",NA,"Gerber, J.P.","E_480","Gerber, J.P.","E","gerber_jp_2025",1,"Guzmania triangularis",5.50184,-75.85127,"2025-05-29","change1: Filled coordinateUncertaintyInMeters from decimal-place precision (conservative). | epi_taxo: acceptedName(match1); authorship_epig(match1); genus_from_scientificName; family_WFO; order_majorGroup_WCVP [2026-03-11] | CoordinateCleaner QA applied without sea test (validity, equal, zeros, capitals, centroids, gbif, institutions) [2026-04-14]","standardized author name in recordedBy / standardized author name in identifiedBy","Gerber, Jan Philipp","Gerber, Jan Philipp"
"439","gerber_jp_2025_439","HumanObservation",NA,NA,NA,"SPECIES",NA,"Gerber, J.P.","E_481","Gerber, J.P.","E","gerber_jp_2025",1,"Guzmania triangularis",5.50681,-75.8498,"2025-06-04","change1: Filled coordinateUncertaintyInMeters from decimal-place precision (conservative). | epi_taxo: acceptedName(match1); authorship_epig(match1); genus_from_scientificName; family_WFO; order_majorGroup_WCVP [2026-03-11] | CoordinateCleaner QA applied without sea test (validity, equal, zeros, capitals, centroids, gbif, institutions) [2026-04-14]","standardized author name in recordedBy / standardized author name in identifiedBy","Gerber, Jan Philipp","Gerber, Jan Philipp"
"440","gerber_jp_2025_440","HumanObservation",NA,NA,NA,"SPECIES",NA,"Gerber, J.P.","E_482","Gerber, J.P.","E","gerber_jp_2025",1,"Columnea purpurata",5.50681,-75.8498,"2025-06-04","change1: Filled coordinateUncertaintyInMeters from decimal-place precision (conservative). | epi_taxo: acceptedName(match1); authorship_epig(match1); genus_from_scientificName; family_WFO; order_majorGroup_WCVP [2026-03-11] | CoordinateCleaner QA applied without sea test (validity, equal, zeros, capitals, centroids, gbif, institutions) [2026-04-14]","standardized author name in recordedBy / standardized author name in identifiedBy","Gerber, Jan Philipp","Gerber, Jan Philipp"
"441","gerber_jp_2025_441","HumanObservation",NA,NA,NA,"SPECIES",NA,"Gerber, J.P.","E_483","Gerber, J.P.","E","gerber_jp_2025",1,"Peperomia heterophylla",5.50681,-75.8498,"2025-06-04","change1: Filled coordinateUncertaintyInMeters from decimal-place precision (conservative). | epi_taxo: acceptedName(match1); authorship_epig(match1); genus_from_scientificName; family_WFO; order_majorGroup_WCVP [2026-03-11] | CoordinateCleaner QA applied without sea test (validity, equal, zeros, capitals, centroids, gbif, institutions) [2026-04-14]","standardized author name in recordedBy / standardized author name in identifiedBy","Gerber, Jan Philipp","Gerber, Jan Philipp"
"442","gerber_jp_2025_442","HumanObservation",NA,NA,NA,"SPECIES",NA,"Gerber, J.P.","E_484","Gerber, J.P.","E","gerber_jp_2025",1,"Peperomia heterophylla",5.50681,-75.8498,"2025-06-04","change1: Filled coordinateUncertaintyInMeters from decimal-place precision (conservative). | epi_taxo: acceptedName(match1); authorship_epig(match1); genus_from_scientificName; family_WFO; order_majorGroup_WCVP [2026-03-11] | CoordinateCleaner QA applied without sea test (validity, equal, zeros, capitals, centroids, gbif, institutions) [2026-04-14]","standardized author name in recordedBy / standardized author name in identifiedBy","Gerber, Jan Philipp","Gerber, Jan Philipp"
"443","gerber_jp_2025_443","HumanObservation",NA,NA,NA,"SPECIES",NA,"Gerber, J.P.","E_485","Gerber, J.P.","E","gerber_jp_2025",1,"Columnea purpurata",5.50681,-75.8498,"2025-06-04","change1: Filled coordinateUncertaintyInMeters from decimal-place precision (conservative). | epi_taxo: acceptedName(match1); authorship_epig(match1); genus_from_scientificName; family_WFO; order_majorGroup_WCVP [2026-03-11] | CoordinateCleaner QA applied without sea test (validity, equal, zeros, capitals, centroids, gbif, institutions) [2026-04-14]","standardized author name in recordedBy / standardized author name in identifiedBy","Gerber, Jan Philipp","Gerber, Jan Philipp"
"444","gerber_jp_2025_444","HumanObservation",NA,NA,NA,"SPECIES",NA,"Gerber, J.P.","E_486","Gerber, J.P.","E","gerber_jp_2025",1,"Guzmania triangularis",5.50681,-75.8498,"2025-06-04","change1: Filled coordinateUncertaintyInMeters from decimal-place precision (conservative). | epi_taxo: acceptedName(match1); authorship_epig(match1); genus_from_scientificName; family_WFO; order_majorGroup_WCVP [2026-03-11] | CoordinateCleaner QA applied without sea test (validity, equal, zeros, capitals, centroids, gbif, institutions) [2026-04-14]","standardized author name in recordedBy / standardized author name in identifiedBy","Gerber, Jan Philipp","Gerber, Jan Philipp"
"445","gerber_jp_2025_445","HumanObservation",NA,NA,NA,"SPECIES",NA,"Gerber, J.P.","E_487","Gerber, J.P.","E","gerber_jp_2025",1,"Peperomia heterophylla",5.50681,-75.8498,"2025-06-04","change1: Filled coordinateUncertaintyInMeters from decimal-place precision (conservative). | epi_taxo: acceptedName(match1); authorship_epig(match1); genus_from_scientificName; family_WFO; order_majorGroup_WCVP [2026-03-11] | CoordinateCleaner QA applied without sea test (validity, equal, zeros, capitals, centroids, gbif, institutions) [2026-04-14]","standardized author name in recordedBy / standardized author name in identifiedBy","Gerber, Jan Philipp","Gerber, Jan Philipp"
"446","gerber_jp_2025_446","HumanObservation",NA,NA,NA,"GENUS",NA,"Gerber, J.P.","E_488","Gerber, J.P.","E","gerber_jp_2025",NA,"",5.50681,-75.8498,"2025-06-04","change1: Filled coordinateUncertaintyInMeters from decimal-place precision (conservative). | epi_taxo: acceptedName(match1); authorship_epig(match1); genus_from_scientificName; family_WFO; order_majorGroup_WCVP [2026-03-11] | CoordinateCleaner QA applied without sea test (validity, equal, zeros, capitals, centroids, gbif, institutions) [2026-04-14]","standardized author name in recordedBy / standardized author name in identifiedBy","Gerber, Jan Philipp","Gerber, Jan Philipp"
"447","gerber_jp_2025_447","HumanObservation",NA,NA,NA,"SPECIES",NA,"Gerber, J.P.","E_489","Gerber, J.P.","E","gerber_jp_2025",1,"Peperomia heterophylla",5.50681,-75.8498,"2025-06-04","change1: Filled coordinateUncertaintyInMeters from decimal-place precision (conservative). | epi_taxo: acceptedName(match1); authorship_epig(match1); genus_from_scientificName; family_WFO; order_majorGroup_WCVP [2026-03-11] | CoordinateCleaner QA applied without sea test (validity, equal, zeros, capitals, centroids, gbif, institutions) [2026-04-14]","standardized author name in recordedBy / standardized author name in identifiedBy","Gerber, Jan Philipp","Gerber, Jan Philipp"
"448","gerber_jp_2025_448","HumanObservation",NA,NA,NA,"",NA,"Gerber, J.P.","E_490","Gerber, J.P.","E","gerber_jp_2025",NA,"",5.50681,-75.8498,"2025-06-04","change1: Filled coordinateUncertaintyInMeters from decimal-place precision (conservative). | epi_taxo: acceptedName(match1); authorship_epig(match1); genus_from_scientificName; family_WFO; order_majorGroup_WCVP [2026-03-11] | CoordinateCleaner QA applied without sea test (validity, equal, zeros, capitals, centroids, gbif, institutions) [2026-04-14]","standardized author name in recordedBy / standardized author name in identifiedBy","Gerber, Jan Philipp","Gerber, Jan Philipp"
"449","gerber_jp_2025_449","HumanObservation",NA,NA,NA,"SPECIES",NA,"Gerber, J.P.","E_491","Gerber, J.P.","E","gerber_jp_2025",1,"Guzmania triangularis",5.50681,-75.8498,"2025-06-04","change1: Filled coordinateUncertaintyInMeters from decimal-place precision (conservative). | epi_taxo: acceptedName(match1); authorship_epig(match1); genus_from_scientificName; family_WFO; order_majorGroup_WCVP [2026-03-11] | CoordinateCleaner QA applied without sea test (validity, equal, zeros, capitals, centroids, gbif, institutions) [2026-04-14]","standardized author name in recordedBy / standardized author name in identifiedBy","Gerber, Jan Philipp","Gerber, Jan Philipp"
"450","gerber_jp_2025_450","HumanObservation",NA,NA,NA,"SPECIES",NA,"Gerber, J.P.","E_492","Gerber, J.P.","E","gerber_jp_2025",1,"Guzmania triangularis",5.50681,-75.8498,"2025-06-04","change1: Filled coordinateUncertaintyInMeters from decimal-place precision (conservative). | epi_taxo: acceptedName(match1); authorship_epig(match1); genus_from_scientificName; family_WFO; order_majorGroup_WCVP [2026-03-11] | CoordinateCleaner QA applied without sea test (validity, equal, zeros, capitals, centroids, gbif, institutions) [2026-04-14]","standardized author name in recordedBy / standardized author name in identifiedBy","Gerber, Jan Philipp","Gerber, Jan Philipp"
"451","gerber_jp_2025_451","HumanObservation",NA,NA,NA,"SPECIES",NA,"Gerber, J.P.","E_493","Gerber, J.P.","E","gerber_jp_2025",1,"Guzmania triangularis",5.50681,-75.8498,"2025-06-04","change1: Filled coordinateUncertaintyInMeters from decimal-place precision (conservative). | epi_taxo: acceptedName(match1); authorship_epig(match1); genus_from_scientificName; family_WFO; order_majorGroup_WCVP [2026-03-11] | CoordinateCleaner QA applied without sea test (validity, equal, zeros, capitals, centroids, gbif, institutions) [2026-04-14]","standardized author name in recordedBy / standardized author name in identifiedBy","Gerber, Jan Philipp","Gerber, Jan Philipp"
"452","gerber_jp_2025_452","HumanObservation",NA,NA,NA,"SPECIES",NA,"Gerber, J.P.","E_494","Gerber, J.P.","E","gerber_jp_2025",1,"Columnea purpurata",5.50681,-75.8498,"2025-06-04","change1: Filled coordinateUncertaintyInMeters from decimal-place precision (conservative). | epi_taxo: acceptedName(match1); authorship_epig(match1); genus_from_scientificName; family_WFO; order_majorGroup_WCVP [2026-03-11] | CoordinateCleaner QA applied without sea test (validity, equal, zeros, capitals, centroids, gbif, institutions) [2026-04-14]","standardized author name in recordedBy / standardized author name in identifiedBy","Gerber, Jan Philipp","Gerber, Jan Philipp"
"453","gerber_jp_2025_453","HumanObservation",NA,NA,NA,"SPECIES",NA,"Gerber, J.P.","E_495","Gerber, J.P.","E","gerber_jp_2025",1,"Peperomia heterophylla",5.50681,-75.8498,"2025-06-04","change1: Filled coordinateUncertaintyInMeters from decimal-place precision (conservative). | epi_taxo: acceptedName(match1); authorship_epig(match1); genus_from_scientificName; family_WFO; order_majorGroup_WCVP [2026-03-11] | CoordinateCleaner QA applied without sea test (validity, equal, zeros, capitals, centroids, gbif, institutions) [2026-04-14]","standardized author name in recordedBy / standardized author name in identifiedBy","Gerber, Jan Philipp","Gerber, Jan Philipp"
"454","gerber_jp_2025_454","HumanObservation",NA,NA,NA,"SPECIES",NA,"Gerber, J.P.","E_496","Gerber, J.P.","E","gerber_jp_2025",1,"Guzmania triangularis",5.50681,-75.8498,"2025-06-04","change1: Filled coordinateUncertaintyInMeters from decimal-place precision (conservative). | epi_taxo: acceptedName(match1); authorship_epig(match1); genus_from_scientificName; family_WFO; order_majorGroup_WCVP [2026-03-11] | CoordinateCleaner QA applied without sea test (validity, equal, zeros, capitals, centroids, gbif, institutions) [2026-04-14]","standardized author name in recordedBy / standardized author name in identifiedBy","Gerber, Jan Philipp","Gerber, Jan Philipp"
"455","gerber_jp_2025_455","HumanObservation",NA,NA,NA,"SPECIES",NA,"Gerber, J.P.","E_497","Gerber, J.P.","E","gerber_jp_2025",1,"Guzmania triangularis",5.50681,-75.8498,"2025-06-04","change1: Filled coordinateUncertaintyInMeters from decimal-place precision (conservative). | epi_taxo: acceptedName(match1); authorship_epig(match1); genus_from_scientificName; family_WFO; order_majorGroup_WCVP [2026-03-11] | CoordinateCleaner QA applied without sea test (validity, equal, zeros, capitals, centroids, gbif, institutions) [2026-04-14]","standardized author name in recordedBy / standardized author name in identifiedBy","Gerber, Jan Philipp","Gerber, Jan Philipp"
"456","gerber_jp_2025_456","HumanObservation",NA,NA,NA,"SPECIES",NA,"Gerber, J.P.","E_498","Gerber, J.P.","E","gerber_jp_2025",1,"Guzmania triangularis",5.50681,-75.8498,"2025-06-04","change1: Filled coordinateUncertaintyInMeters from decimal-place precision (conservative). | epi_taxo: acceptedName(match1); authorship_epig(match1); genus_from_scientificName; family_WFO; order_majorGroup_WCVP [2026-03-11] | CoordinateCleaner QA applied without sea test (validity, equal, zeros, capitals, centroids, gbif, institutions) [2026-04-14]","standardized author name in recordedBy / standardized author name in identifiedBy","Gerber, Jan Philipp","Gerber, Jan Philipp"
"457","gerber_jp_2025_457","HumanObservation",NA,NA,NA,"SPECIES",NA,"Gerber, J.P.","E_499","Gerber, J.P.","E","gerber_jp_2025",1,"Guzmania triangularis",5.50681,-75.8498,"2025-06-04","change1: Filled coordinateUncertaintyInMeters from decimal-place precision (conservative). | epi_taxo: acceptedName(match1); authorship_epig(match1); genus_from_scientificName; family_WFO; order_majorGroup_WCVP [2026-03-11] | CoordinateCleaner QA applied without sea test (validity, equal, zeros, capitals, centroids, gbif, institutions) [2026-04-14]","standardized author name in recordedBy / standardized author name in identifiedBy","Gerber, Jan Philipp","Gerber, Jan Philipp"
"458","gerber_jp_2025_458","HumanObservation",NA,NA,NA,"SPECIES",NA,"Gerber, J.P.","E_500","Gerber, J.P.","E","gerber_jp_2025",1,"Guzmania triangularis",5.50681,-75.8498,"2025-06-04","change1: Filled coordinateUncertaintyInMeters from decimal-place precision (conservative). | epi_taxo: acceptedName(match1); authorship_epig(match1); genus_from_scientificName; family_WFO; order_majorGroup_WCVP [2026-03-11] | CoordinateCleaner QA applied without sea test (validity, equal, zeros, capitals, centroids, gbif, institutions) [2026-04-14]","standardized author name in recordedBy / standardized author name in identifiedBy","Gerber, Jan Philipp","Gerber, Jan Philipp"
"459","gerber_jp_2025_459","HumanObservation",NA,NA,NA,"SPECIES",NA,"Gerber, J.P.","E_501","Gerber, J.P.","E","gerber_jp_2025",1,"Columnea fuscihirta",5.50681,-75.8498,"2025-06-04","change1: Filled coordinateUncertaintyInMeters from decimal-place precision (conservative). | epi_taxo: acceptedName(match1); authorship_epig(match1); genus_from_scientificName; family_WFO; order_majorGroup_WCVP [2026-03-11] | CoordinateCleaner QA applied without sea test (validity, equal, zeros, capitals, centroids, gbif, institutions) [2026-04-14]","standardized author name in recordedBy / standardized author name in identifiedBy","Gerber, Jan Philipp","Gerber, Jan Philipp"
"460","gerber_jp_2025_460","HumanObservation",NA,NA,NA,"SPECIES",NA,"Gerber, J.P.","E_502","Gerber, J.P.","E","gerber_jp_2025",1,"Peperomia heterophylla",5.50699,-75.85014,"2025-06-04","change1: Filled coordinateUncertaintyInMeters from decimal-place precision (conservative). | epi_taxo: acceptedName(match1); authorship_epig(match1); genus_from_scientificName; family_WFO; order_majorGroup_WCVP [2026-03-11] | CoordinateCleaner QA applied without sea test (validity, equal, zeros, capitals, centroids, gbif, institutions) [2026-04-14]","standardized author name in recordedBy / standardized author name in identifiedBy","Gerber, Jan Philipp","Gerber, Jan Philipp"
"461","gerber_jp_2025_461","HumanObservation",NA,NA,NA,"SPECIES",NA,"Gerber, J.P.","E_503","Gerber, J.P.","E","gerber_jp_2025",1,"Columnea fuscihirta",5.50699,-75.85014,"2025-06-04","change1: Filled coordinateUncertaintyInMeters from decimal-place precision (conservative). | epi_taxo: acceptedName(match1); authorship_epig(match1); genus_from_scientificName; family_WFO; order_majorGroup_WCVP [2026-03-11] | CoordinateCleaner QA applied without sea test (validity, equal, zeros, capitals, centroids, gbif, institutions) [2026-04-14]","standardized author name in recordedBy / standardized author name in identifiedBy","Gerber, Jan Philipp","Gerber, Jan Philipp"
"462","gerber_jp_2025_462","HumanObservation",NA,NA,NA,"SPECIES",NA,"Gerber, J.P.","E_504","Gerber, J.P.","E","gerber_jp_2025",1,"Guzmania triangularis",5.50699,-75.85014,"2025-06-04","change1: Filled coordinateUncertaintyInMeters from decimal-place precision (conservative). | epi_taxo: acceptedName(match1); authorship_epig(match1); genus_from_scientificName; family_WFO; order_majorGroup_WCVP [2026-03-11] | CoordinateCleaner QA applied without sea test (validity, equal, zeros, capitals, centroids, gbif, institutions) [2026-04-14]","standardized author name in recordedBy / standardized author name in identifiedBy","Gerber, Jan Philipp","Gerber, Jan Philipp"
"463","gerber_jp_2025_463","HumanObservation",NA,NA,NA,"SPECIES",NA,"Gerber, J.P.","E_505","Gerber, J.P.","E","gerber_jp_2025",1,"Columnea dimidiata",5.50699,-75.85014,"2025-06-04","change1: Filled coordinateUncertaintyInMeters from decimal-place precision (conservative). | epi_taxo: acceptedName(match1); authorship_epig(match1); genus_from_scientificName; family_WFO; order_majorGroup_WCVP [2026-03-11] | CoordinateCleaner QA applied without sea test (validity, equal, zeros, capitals, centroids, gbif, institutions) [2026-04-14]","standardized author name in recordedBy / standardized author name in identifiedBy","Gerber, Jan Philipp","Gerber, Jan Philipp"
"464","gerber_jp_2025_464","HumanObservation",NA,NA,NA,"SPECIES",NA,"Gerber, J.P.","E_506","Gerber, J.P.","E","gerber_jp_2025",1,"Columnea fuscihirta",5.50699,-75.85014,"2025-06-04","change1: Filled coordinateUncertaintyInMeters from decimal-place precision (conservative). | epi_taxo: acceptedName(match1); authorship_epig(match1); genus_from_scientificName; family_WFO; order_majorGroup_WCVP [2026-03-11] | CoordinateCleaner QA applied without sea test (validity, equal, zeros, capitals, centroids, gbif, institutions) [2026-04-14]","standardized author name in recordedBy / standardized author name in identifiedBy","Gerber, Jan Philipp","Gerber, Jan Philipp"
"465","gerber_jp_2025_465","HumanObservation",NA,NA,NA,"SPECIES",NA,"Gerber, J.P.","E_507","Gerber, J.P.","E","gerber_jp_2025",1,"Guzmania triangularis",5.50699,-75.85014,"2025-06-04","change1: Filled coordinateUncertaintyInMeters from decimal-place precision (conservative). | epi_taxo: acceptedName(match1); authorship_epig(match1); genus_from_scientificName; family_WFO; order_majorGroup_WCVP [2026-03-11] | CoordinateCleaner QA applied without sea test (validity, equal, zeros, capitals, centroids, gbif, institutions) [2026-04-14]","standardized author name in recordedBy / standardized author name in identifiedBy","Gerber, Jan Philipp","Gerber, Jan Philipp"
"466","gerber_jp_2025_466","HumanObservation",NA,NA,NA,"SPECIES",NA,"Gerber, J.P.","E_508","Gerber, J.P.","E","gerber_jp_2025",1,"Guzmania triangularis",5.50699,-75.85014,"2025-06-04","change1: Filled coordinateUncertaintyInMeters from decimal-place precision (conservative). | epi_taxo: acceptedName(match1); authorship_epig(match1); genus_from_scientificName; family_WFO; order_majorGroup_WCVP [2026-03-11] | CoordinateCleaner QA applied without sea test (validity, equal, zeros, capitals, centroids, gbif, institutions) [2026-04-14]","standardized author name in recordedBy / standardized author name in identifiedBy","Gerber, Jan Philipp","Gerber, Jan Philipp"
"467","gerber_jp_2025_467","HumanObservation",NA,NA,NA,"SPECIES",NA,"Gerber, J.P.","E_509","Gerber, J.P.","E","gerber_jp_2025",1,"Columnea fuscihirta",5.50699,-75.85014,"2025-06-04","change1: Filled coordinateUncertaintyInMeters from decimal-place precision (conservative). | epi_taxo: acceptedName(match1); authorship_epig(match1); genus_from_scientificName; family_WFO; order_majorGroup_WCVP [2026-03-11] | CoordinateCleaner QA applied without sea test (validity, equal, zeros, capitals, centroids, gbif, institutions) [2026-04-14]","standardized author name in recordedBy / standardized author name in identifiedBy","Gerber, Jan Philipp","Gerber, Jan Philipp"
"468","gerber_jp_2025_468","HumanObservation",NA,NA,NA,"SPECIES",NA,"Gerber, J.P.","E_510","Gerber, J.P.","E","gerber_jp_2025",1,"Guzmania triangularis",5.50699,-75.85014,"2025-06-04","change1: Filled coordinateUncertaintyInMeters from decimal-place precision (conservative). | epi_taxo: acceptedName(match1); authorship_epig(match1); genus_from_scientificName; family_WFO; order_majorGroup_WCVP [2026-03-11] | CoordinateCleaner QA applied without sea test (validity, equal, zeros, capitals, centroids, gbif, institutions) [2026-04-14]","standardized author name in recordedBy / standardized author name in identifiedBy","Gerber, Jan Philipp","Gerber, Jan Philipp"
"469","gerber_jp_2025_469","HumanObservation",NA,NA,NA,"SPECIES",NA,"Gerber, J.P.","E_511","Gerber, J.P.","E","gerber_jp_2025",1,"Columnea fuscihirta",5.50699,-75.85014,"2025-06-04","change1: Filled coordinateUncertaintyInMeters from decimal-place precision (conservative). | epi_taxo: acceptedName(match1); authorship_epig(match1); genus_from_scientificName; family_WFO; order_majorGroup_WCVP [2026-03-11] | CoordinateCleaner QA applied without sea test (validity, equal, zeros, capitals, centroids, gbif, institutions) [2026-04-14]","standardized author name in recordedBy / standardized author name in identifiedBy","Gerber, Jan Philipp","Gerber, Jan Philipp"
"470","gerber_jp_2025_470","HumanObservation",NA,NA,NA,"SPECIES",NA,"Gerber, J.P.","E_512","Gerber, J.P.","E","gerber_jp_2025",1,"Guzmania triangularis",5.50699,-75.85014,"2025-06-04","change1: Filled coordinateUncertaintyInMeters from decimal-place precision (conservative). | epi_taxo: acceptedName(match1); authorship_epig(match1); genus_from_scientificName; family_WFO; order_majorGroup_WCVP [2026-03-11] | CoordinateCleaner QA applied without sea test (validity, equal, zeros, capitals, centroids, gbif, institutions) [2026-04-14]","standardized author name in recordedBy / standardized author name in identifiedBy","Gerber, Jan Philipp","Gerber, Jan Philipp"
"471","gerber_jp_2025_471","HumanObservation",NA,NA,NA,"SPECIES",NA,"Gerber, J.P.","E_513","Gerber, J.P.","E","gerber_jp_2025",1,"Guzmania triangularis",5.50699,-75.85014,"2025-06-04","change1: Filled coordinateUncertaintyInMeters from decimal-place precision (conservative). | epi_taxo: acceptedName(match1); authorship_epig(match1); genus_from_scientificName; family_WFO; order_majorGroup_WCVP [2026-03-11] | CoordinateCleaner QA applied without sea test (validity, equal, zeros, capitals, centroids, gbif, institutions) [2026-04-14]","standardized author name in recordedBy / standardized author name in identifiedBy","Gerber, Jan Philipp","Gerber, Jan Philipp"
"472","gerber_jp_2025_472","HumanObservation",NA,NA,NA,"",NA,"Gerber, J.P.","E_514","Gerber, J.P.","E","gerber_jp_2025",NA,"",5.50699,-75.85014,"2025-06-04","change1: Filled coordinateUncertaintyInMeters from decimal-place precision (conservative). | epi_taxo: acceptedName(match1); authorship_epig(match1); genus_from_scientificName; family_WFO; order_majorGroup_WCVP [2026-03-11] | CoordinateCleaner QA applied without sea test (validity, equal, zeros, capitals, centroids, gbif, institutions) [2026-04-14]","standardized author name in recordedBy / standardized author name in identifiedBy","Gerber, Jan Philipp","Gerber, Jan Philipp"
"473","gerber_jp_2025_473","HumanObservation",NA,NA,NA,"SPECIES",NA,"Gerber, J.P.","E_515","Gerber, J.P.","E","gerber_jp_2025",1,"Kefersteinia tolimensis",5.50759,-75.85001,"2025-06-04","change1: Filled coordinateUncertaintyInMeters from decimal-place precision (conservative). | epi_taxo: acceptedName(match1); authorship_epig(match1); genus_from_scientificName; family_WFO; order_majorGroup_WCVP [2026-03-11] | CoordinateCleaner QA applied without sea test (validity, equal, zeros, capitals, centroids, gbif, institutions) [2026-04-14]","standardized author name in recordedBy / standardized author name in identifiedBy","Gerber, Jan Philipp","Gerber, Jan Philipp"
"474","gerber_jp_2025_474","HumanObservation",NA,NA,NA,"SPECIES",NA,"Gerber, J.P.","E_516","Gerber, J.P.","E","gerber_jp_2025",1,"Guzmania triangularis",5.50759,-75.85001,"2025-06-04","change1: Filled coordinateUncertaintyInMeters from decimal-place precision (conservative). | epi_taxo: acceptedName(match1); authorship_epig(match1); genus_from_scientificName; family_WFO; order_majorGroup_WCVP [2026-03-11] | CoordinateCleaner QA applied without sea test (validity, equal, zeros, capitals, centroids, gbif, institutions) [2026-04-14]","standardized author name in recordedBy / standardized author name in identifiedBy","Gerber, Jan Philipp","Gerber, Jan Philipp"
"475","gerber_jp_2025_475","HumanObservation",NA,NA,NA,"SPECIES",NA,"Gerber, J.P.","E_517","Gerber, J.P.","E","gerber_jp_2025",1,"Guzmania triangularis",5.50759,-75.85001,"2025-06-04","change1: Filled coordinateUncertaintyInMeters from decimal-place precision (conservative). | epi_taxo: acceptedName(match1); authorship_epig(match1); genus_from_scientificName; family_WFO; order_majorGroup_WCVP [2026-03-11] | CoordinateCleaner QA applied without sea test (validity, equal, zeros, capitals, centroids, gbif, institutions) [2026-04-14]","standardized author name in recordedBy / standardized author name in identifiedBy","Gerber, Jan Philipp","Gerber, Jan Philipp"
"476","gerber_jp_2025_476","HumanObservation",NA,NA,NA,"SPECIES",NA,"Gerber, J.P.","E_518","Gerber, J.P.","E","gerber_jp_2025",1,"Peperomia heterophylla",5.50759,-75.85001,"2025-06-04","change1: Filled coordinateUncertaintyInMeters from decimal-place precision (conservative). | epi_taxo: acceptedName(match1); authorship_epig(match1); genus_from_scientificName; family_WFO; order_majorGroup_WCVP [2026-03-11] | CoordinateCleaner QA applied without sea test (validity, equal, zeros, capitals, centroids, gbif, institutions) [2026-04-14]","standardized author name in recordedBy / standardized author name in identifiedBy","Gerber, Jan Philipp","Gerber, Jan Philipp"
"477","gerber_jp_2025_477","HumanObservation",NA,NA,NA,"SPECIES",NA,"Gerber, J.P.","E_519","Gerber, J.P.","E","gerber_jp_2025",1,"Guzmania triangularis",5.50759,-75.85001,"2025-06-04","change1: Filled coordinateUncertaintyInMeters from decimal-place precision (conservative). | epi_taxo: acceptedName(match1); authorship_epig(match1); genus_from_scientificName; family_WFO; order_majorGroup_WCVP [2026-03-11] | CoordinateCleaner QA applied without sea test (validity, equal, zeros, capitals, centroids, gbif, institutions) [2026-04-14]","standardized author name in recordedBy / standardized author name in identifiedBy","Gerber, Jan Philipp","Gerber, Jan Philipp"
"478","gerber_jp_2025_478","HumanObservation",NA,NA,NA,"SPECIES",NA,"Gerber, J.P.","E_520","Gerber, J.P.","E","gerber_jp_2025",2,"Dichaea morrisii",5.50759,-75.85001,"2025-06-04","change1: Filled coordinateUncertaintyInMeters from decimal-place precision (conservative). | epi_taxo: acceptedName(match1); authorship_epig(match1); genus_from_scientificName; family_WFO; order_majorGroup_WCVP [2026-03-11] | CoordinateCleaner QA applied without sea test (validity, equal, zeros, capitals, centroids, gbif, institutions) [2026-04-14]","standardized author name in recordedBy / standardized author name in identifiedBy","Gerber, Jan Philipp","Gerber, Jan Philipp"
"479","gerber_jp_2025_479","HumanObservation",NA,NA,NA,"SPECIES",NA,"Gerber, J.P.","E_521","Gerber, J.P.","E","gerber_jp_2025",1,"Guzmania triangularis",5.50759,-75.85001,"2025-06-04","change1: Filled coordinateUncertaintyInMeters from decimal-place precision (conservative). | epi_taxo: acceptedName(match1); authorship_epig(match1); genus_from_scientificName; family_WFO; order_majorGroup_WCVP [2026-03-11] | CoordinateCleaner QA applied without sea test (validity, equal, zeros, capitals, centroids, gbif, institutions) [2026-04-14]","standardized author name in recordedBy / standardized author name in identifiedBy","Gerber, Jan Philipp","Gerber, Jan Philipp"
"480","gerber_jp_2025_480","HumanObservation",NA,NA,NA,"SPECIES",NA,"Gerber, J.P.","E_522","Gerber, J.P.","E","gerber_jp_2025",1,"Guzmania triangularis",5.50759,-75.85001,"2025-06-04","change1: Filled coordinateUncertaintyInMeters from decimal-place precision (conservative). | epi_taxo: acceptedName(match1); authorship_epig(match1); genus_from_scientificName; family_WFO; order_majorGroup_WCVP [2026-03-11] | CoordinateCleaner QA applied without sea test (validity, equal, zeros, capitals, centroids, gbif, institutions) [2026-04-14]","standardized author name in recordedBy / standardized author name in identifiedBy","Gerber, Jan Philipp","Gerber, Jan Philipp"
"481","gerber_jp_2025_481","HumanObservation",NA,NA,NA,"SPECIES",NA,"Gerber, J.P.","E_523","Gerber, J.P.","E","gerber_jp_2025",1,"Guzmania triangularis",5.50759,-75.85001,"2025-06-04","change1: Filled coordinateUncertaintyInMeters from decimal-place precision (conservative). | epi_taxo: acceptedName(match1); authorship_epig(match1); genus_from_scientificName; family_WFO; order_majorGroup_WCVP [2026-03-11] | CoordinateCleaner QA applied without sea test (validity, equal, zeros, capitals, centroids, gbif, institutions) [2026-04-14]","standardized author name in recordedBy / standardized author name in identifiedBy","Gerber, Jan Philipp","Gerber, Jan Philipp"
"482","gerber_jp_2025_482","HumanObservation",NA,NA,NA,"SPECIES",NA,"Gerber, J.P.","E_524","Gerber, J.P.","E","gerber_jp_2025",1,"Guzmania triangularis",5.50759,-75.85001,"2025-06-04","change1: Filled coordinateUncertaintyInMeters from decimal-place precision (conservative). | epi_taxo: acceptedName(match1); authorship_epig(match1); genus_from_scientificName; family_WFO; order_majorGroup_WCVP [2026-03-11] | CoordinateCleaner QA applied without sea test (validity, equal, zeros, capitals, centroids, gbif, institutions) [2026-04-14]","standardized author name in recordedBy / standardized author name in identifiedBy","Gerber, Jan Philipp","Gerber, Jan Philipp"
"483","gerber_jp_2025_483","HumanObservation",NA,NA,NA,"SPECIES",NA,"Gerber, J.P.","E_525","Gerber, J.P.","E","gerber_jp_2025",1,"Guzmania triangularis",5.50759,-75.85001,"2025-06-04","change1: Filled coordinateUncertaintyInMeters from decimal-place precision (conservative). | epi_taxo: acceptedName(match1); authorship_epig(match1); genus_from_scientificName; family_WFO; order_majorGroup_WCVP [2026-03-11] | CoordinateCleaner QA applied without sea test (validity, equal, zeros, capitals, centroids, gbif, institutions) [2026-04-14]","standardized author name in recordedBy / standardized author name in identifiedBy","Gerber, Jan Philipp","Gerber, Jan Philipp"
"484","gerber_jp_2025_484","HumanObservation",NA,NA,NA,"SPECIES",NA,"Gerber, J.P.","E_526","Gerber, J.P.","E","gerber_jp_2025",1,"Guzmania triangularis",5.50759,-75.85001,"2025-06-04","change1: Filled coordinateUncertaintyInMeters from decimal-place precision (conservative). | epi_taxo: acceptedName(match1); authorship_epig(match1); genus_from_scientificName; family_WFO; order_majorGroup_WCVP [2026-03-11] | CoordinateCleaner QA applied without sea test (validity, equal, zeros, capitals, centroids, gbif, institutions) [2026-04-14]","standardized author name in recordedBy / standardized author name in identifiedBy","Gerber, Jan Philipp","Gerber, Jan Philipp"
"485","gerber_jp_2025_485","HumanObservation",NA,NA,NA,"SPECIES",NA,"Gerber, J.P.","E_527","Gerber, J.P.","E","gerber_jp_2025",1,"Guzmania triangularis",5.50759,-75.85001,"2025-06-04","change1: Filled coordinateUncertaintyInMeters from decimal-place precision (conservative). | epi_taxo: acceptedName(match1); authorship_epig(match1); genus_from_scientificName; family_WFO; order_majorGroup_WCVP [2026-03-11] | CoordinateCleaner QA applied without sea test (validity, equal, zeros, capitals, centroids, gbif, institutions) [2026-04-14]","standardized author name in recordedBy / standardized author name in identifiedBy","Gerber, Jan Philipp","Gerber, Jan Philipp"
"486","gerber_jp_2025_486","HumanObservation",NA,NA,NA,"SPECIES",NA,"Gerber, J.P.","E_528","Gerber, J.P.","E","gerber_jp_2025",1,"Guzmania triangularis",5.50759,-75.85001,"2025-06-04","change1: Filled coordinateUncertaintyInMeters from decimal-place precision (conservative). | epi_taxo: acceptedName(match1); authorship_epig(match1); genus_from_scientificName; family_WFO; order_majorGroup_WCVP [2026-03-11] | CoordinateCleaner QA applied without sea test (validity, equal, zeros, capitals, centroids, gbif, institutions) [2026-04-14]","standardized author name in recordedBy / standardized author name in identifiedBy","Gerber, Jan Philipp","Gerber, Jan Philipp"
"487","gerber_jp_2025_487","HumanObservation",NA,NA,NA,"SPECIES",NA,"Gerber, J.P.","E_529","Gerber, J.P.","E","gerber_jp_2025",1,"Peperomia swartziana",5.50759,-75.85001,"2025-06-04","change1: Filled coordinateUncertaintyInMeters from decimal-place precision (conservative). | epi_taxo: acceptedName(match1); authorship_epig(match1); genus_from_scientificName; family_WFO; order_majorGroup_WCVP [2026-03-11] | CoordinateCleaner QA applied without sea test (validity, equal, zeros, capitals, centroids, gbif, institutions) [2026-04-14]","standardized author name in recordedBy / standardized author name in identifiedBy","Gerber, Jan Philipp","Gerber, Jan Philipp"
"488","gerber_jp_2025_488","HumanObservation",NA,NA,NA,"SPECIES",NA,"Gerber, J.P.","E_530","Gerber, J.P.","E","gerber_jp_2025",3,"Pitcairnia bakeri",5.50759,-75.85001,"2025-06-04","change1: Filled coordinateUncertaintyInMeters from decimal-place precision (conservative). | epi_taxo: acceptedName(match1); authorship_epig(match1); genus_from_scientificName; family_WFO; order_majorGroup_WCVP [2026-03-11] | CoordinateCleaner QA applied without sea test (validity, equal, zeros, capitals, centroids, gbif, institutions) [2026-04-14]","standardized author name in recordedBy / standardized author name in identifiedBy","Gerber, Jan Philipp","Gerber, Jan Philipp"
"489","gerber_jp_2025_489","HumanObservation",NA,NA,NA,"SPECIES",NA,"Gerber, J.P.","E_531","Gerber, J.P.","E","gerber_jp_2025",1,"Columnea purpurata",5.50759,-75.85001,"2025-06-04","change1: Filled coordinateUncertaintyInMeters from decimal-place precision (conservative). | epi_taxo: acceptedName(match1); authorship_epig(match1); genus_from_scientificName; family_WFO; order_majorGroup_WCVP [2026-03-11] | CoordinateCleaner QA applied without sea test (validity, equal, zeros, capitals, centroids, gbif, institutions) [2026-04-14]","standardized author name in recordedBy / standardized author name in identifiedBy","Gerber, Jan Philipp","Gerber, Jan Philipp"
"490","gerber_jp_2025_490","HumanObservation",NA,NA,NA,"SPECIES",NA,"Gerber, J.P.","E_532","Gerber, J.P.","E","gerber_jp_2025",3,"Pitcairnia bakeri",5.50759,-75.85001,"2025-06-04","change1: Filled coordinateUncertaintyInMeters from decimal-place precision (conservative). | epi_taxo: acceptedName(match1); authorship_epig(match1); genus_from_scientificName; family_WFO; order_majorGroup_WCVP [2026-03-11] | CoordinateCleaner QA applied without sea test (validity, equal, zeros, capitals, centroids, gbif, institutions) [2026-04-14]","standardized author name in recordedBy / standardized author name in identifiedBy","Gerber, Jan Philipp","Gerber, Jan Philipp"
"491","gerber_jp_2025_491","HumanObservation",NA,NA,NA,"SPECIES",NA,"Gerber, J.P.","E_533","Gerber, J.P.","E","gerber_jp_2025",1,"Columnea fuscihirta",5.50759,-75.85001,"2025-06-04","change1: Filled coordinateUncertaintyInMeters from decimal-place precision (conservative). | epi_taxo: acceptedName(match1); authorship_epig(match1); genus_from_scientificName; family_WFO; order_majorGroup_WCVP [2026-03-11] | CoordinateCleaner QA applied without sea test (validity, equal, zeros, capitals, centroids, gbif, institutions) [2026-04-14]","standardized author name in recordedBy / standardized author name in identifiedBy","Gerber, Jan Philipp","Gerber, Jan Philipp"
