"","occurrenceID","basisOfRecord","typeStatus","associatedReferences","institutionCode","taxonRank","collectionCode","recordedBy","recordNumber","identifiedBy","lifeForm","datasetID","matchCodeEpig","matchedNameEpig","decimalLatitude","decimalLongitude","eventDate","changes","discardReason","verbatimrecordedBy","verbatimrecordNumber","verbatimidentifiedBy"
"1","AMAZ_1","PreservedSpecimen","Collection",NA,"AMAZ","SPECIES","Angiosperms","Vasquez, R.","Vasquez 7196","Croat, T.B.","H","AMAZ2024",1,"Anthurium breviscapum",-4.25,-72.6666666666667,"1986-02-21","change1: Trimmed whitespace in identifiedBy (and standardized blanks to NA) | change2: Filled coordinateUncertaintyInMeters from decimal-place precision (conservative). | epi_taxo: acceptedName(match1); authorship_epig(match1); genus_from_scientificName; family_WFO; order_majorGroup_WCVP [2026-03-12] | CoordinateCleaner QA applied without sea test (validity, equal, zeros, capitals, centroids, gbif, institutions) [2026-03-29]","accents and special characters corrected in recordNumber / standardized author names and accents corrected in recordedBy","R. Vásquez","Vásquez 7196","Croat, T.B."
"2","AMAZ_2","PreservedSpecimen","Collection",NA,"AMAZ","SPECIES","Angiosperms","Smith, D.","Smith 8453","Croat, T.B.","H","AMAZ2024",1,"Anthurium breviscapum",-10.3,-75.1666666666667,"1984-09-13","change1: Filled coordinateUncertaintyInMeters from decimal-place precision (conservative). | epi_taxo: acceptedName(match1); authorship_epig(match1); genus_from_scientificName; family_WFO; order_majorGroup_WCVP [2026-03-12] | CoordinateCleaner QA applied without sea test (validity, equal, zeros, capitals, centroids, gbif, institutions) [2026-03-29]","standardized author names and accents corrected in recordedBy","D. Smith","Smith 8453","Croat, T.B."
"3","AMAZ_3","PreservedSpecimen","Collection",NA,"AMAZ","SPECIES","Angiosperms","Lingan, J.","Lingan 419","Croat, T.B.","H","AMAZ2024",1,"Anthurium amoenum",-10.1666666666667,-75.5666666666667,"2003-04-14","change1: Filled coordinateUncertaintyInMeters from decimal-place precision (conservative). | epi_taxo: acceptedName(match1); authorship_epig(match1); genus_from_scientificName; family_WFO; order_majorGroup_WCVP [2026-03-12] | CoordinateCleaner QA applied without sea test (validity, equal, zeros, capitals, centroids, gbif, institutions) [2026-03-29]","accents and special characters corrected in recordNumber / standardized author names and accents corrected in recordedBy","J. Lingán","Lingán 419","Croat, T.B."
"4","AMAZ_4","PreservedSpecimen","Collection",NA,"AMAZ","SPECIES","Angiosperms","Rojas, R.","Rojas 554","","","AMAZ2024",1,"Anthurium ancuashii",-5.05666666666667,-78.3380555555556,"1997-11-08","change1: Filled coordinateUncertaintyInMeters from decimal-place precision (conservative). | epi_taxo: acceptedName(match1); authorship_epig(match1); genus_from_scientificName; family_WFO; order_majorGroup_WCVP [2026-03-12] | CoordinateCleaner QA applied without sea test (validity, equal, zeros, capitals, centroids, gbif, institutions) [2026-03-29]","standardized author names and accents corrected in recordedBy","R. Rojas","Rojas 554",""
"5","AMAZ_5","PreservedSpecimen","Collection",NA,"AMAZ","SPECIES","Angiosperms","Smith, D.","Smith 3713","Croat, T.B.","H","AMAZ2024",1,"Anthurium apaporanum",-10.2,-75.2333333333333,"1983-04-14","change1: Trimmed whitespace in verbatimScientificName (and standardized blanks to NA) | change2: Filled coordinateUncertaintyInMeters from decimal-place precision (conservative). | epi_taxo: acceptedName(match1); authorship_epig(match1); genus_from_scientificName; family_WFO; order_majorGroup_WCVP [2026-03-12] | CoordinateCleaner QA applied without sea test (validity, equal, zeros, capitals, centroids, gbif, institutions) [2026-03-29]","standardized author names and accents corrected in recordedBy","D. Smith","Smith 3713","Croat, T.B."
"6","AMAZ_6","PreservedSpecimen","Collection",NA,"AMAZ","SPECIES","Angiosperms","Ayala, F.","Ayala 2485","","H","AMAZ2024",1,"Anthurium atropurpureum",NA,NA,"1979-12-13","change1: Set (0,0) to NA (Null Island placeholder). | epi_taxo: acceptedName(match1); authorship_epig(match1); genus_from_scientificName; family_WFO; order_majorGroup_WCVP [2026-03-12] | CoordinateCleaner QA applied without sea test (validity, equal, zeros, capitals, centroids, gbif, institutions) [2026-03-29]","standardized author names and accents corrected in recordedBy","F. Ayala","Ayala 2485",""
"7","AMAZ_7","PreservedSpecimen","Collection",NA,"AMAZ","SPECIES","Angiosperms","Murphy, H.","Murphy 22","","H","AMAZ2024",1,"Anthurium atropurpureum",NA,NA,"1981-07-18","change1: Set (0,0) to NA (Null Island placeholder). | epi_taxo: acceptedName(match1); authorship_epig(match1); genus_from_scientificName; family_WFO; order_majorGroup_WCVP [2026-03-12] | CoordinateCleaner QA applied without sea test (validity, equal, zeros, capitals, centroids, gbif, institutions) [2026-03-29]","standardized author names and accents corrected in recordedBy","H. Murphy","Murphy 22",""
"8","AMAZ_8","PreservedSpecimen","Collection",NA,"AMAZ","SPECIES","Angiosperms","Soini, P.","Soini 156","","H","AMAZ2024",1,"Anthurium atropurpureum",NA,NA,"1981-12-02","change1: Set (0,0) to NA (Null Island placeholder). | epi_taxo: acceptedName(match1); authorship_epig(match1); genus_from_scientificName; family_WFO; order_majorGroup_WCVP [2026-03-12] | CoordinateCleaner QA applied without sea test (validity, equal, zeros, capitals, centroids, gbif, institutions) [2026-03-29]","standardized author names and accents corrected in recordedBy","P. Soini","Soini 156",""
"9","AMAZ_9","PreservedSpecimen","Collection",NA,"AMAZ","SPECIES","Angiosperms","Ayala, F.","Ayala 3500","","H","AMAZ2024",1,"Anthurium atropurpureum",NA,NA,"1982-07-24","change1: Set (0,0) to NA (Null Island placeholder). | epi_taxo: acceptedName(match1); authorship_epig(match1); genus_from_scientificName; family_WFO; order_majorGroup_WCVP [2026-03-12] | CoordinateCleaner QA applied without sea test (validity, equal, zeros, capitals, centroids, gbif, institutions) [2026-03-29]","standardized author names and accents corrected in recordedBy","F. Ayala","Ayala 3500",""
"10","AMAZ_10","PreservedSpecimen","Collection",NA,"AMAZ","SPECIES","Angiosperms","Smith, D.","Smith 5931","","H","AMAZ2024",1,"Anthurium atropurpureum",-11.2666666666667,-75.55,"1984-01-28","change1: Filled coordinateUncertaintyInMeters from decimal-place precision (conservative). | epi_taxo: acceptedName(match1); authorship_epig(match1); genus_from_scientificName; family_WFO; order_majorGroup_WCVP [2026-03-12] | CoordinateCleaner QA applied without sea test (validity, equal, zeros, capitals, centroids, gbif, institutions) [2026-03-29]","standardized author names and accents corrected in recordedBy","D. Smith","Smith 5931",""
"11","AMAZ_11","PreservedSpecimen","Collection",NA,"AMAZ","SPECIES","Angiosperms","Rimachi, M.","Rimachi 11709","","H","AMAZ2024",1,"Anthurium atropurpureum",NA,NA,"1996-07-02","change1: Set (0,0) to NA (Null Island placeholder). | epi_taxo: acceptedName(match1); authorship_epig(match1); genus_from_scientificName; family_WFO; order_majorGroup_WCVP [2026-03-12] | CoordinateCleaner QA applied without sea test (validity, equal, zeros, capitals, centroids, gbif, institutions) [2026-03-29]","standardized author names and accents corrected in recordedBy","M. Rimachi","Rimachi 11709",""
"12","AMAZ_12","PreservedSpecimen","Collection",NA,"AMAZ","VARIETY","Angiosperms","Croat, T.","Croat 61761","Croat, T.B.","H","AMAZ2024",1,"Anthurium atropurpureum",-3.4,-72.8166666666667,"1986-07-25","change1: Corrected taxonRank (SPECIES→VARIETY); kept scientificName with 'var.'. | change2: Filled coordinateUncertaintyInMeters from decimal-place precision (conservative). | epi_taxo: acceptedName(match1); authorship_epig(match1); genus_from_scientificName; family_WFO; order_majorGroup_WCVP [2026-03-12] | CoordinateCleaner QA applied without sea test (validity, equal, zeros, capitals, centroids, gbif, institutions) [2026-03-29]","standardized author names and accents corrected in recordedBy","T. Croat","Croat 61761","Croat, T.B."
"13","AMAZ_13","PreservedSpecimen","Collection",NA,"AMAZ","VARIETY","Angiosperms","Gentry, A.","Gentry 15782","Croat, T.B.","H","AMAZ2024",1,"Anthurium atropurpureum",-3.881106,-73.530028,"1976-01-10","change1: Corrected taxonRank (SPECIES→VARIETY); kept scientificName with 'var.'. | change2: Filled coordinateUncertaintyInMeters from decimal-place precision (conservative). | epi_taxo: acceptedName(match1); authorship_epig(match1); genus_from_scientificName; family_WFO; order_majorGroup_WCVP [2026-03-12] | CoordinateCleaner QA applied without sea test (validity, equal, zeros, capitals, centroids, gbif, institutions) [2026-03-29]","standardized author names and accents corrected in recordedBy","A. Gentry","Gentry 15782","Croat, T.B."
"14","AMAZ_14","PreservedSpecimen","Collection",NA,"AMAZ","VARIETY","Angiosperms","Gentry, A.","Gentry 15510","Croat, T.B.","H","AMAZ2024",1,"Anthurium atropurpureum",-3.829737,-73.323369,"1976-01-03","change1: Corrected taxonRank (SPECIES→VARIETY); kept scientificName with 'var.'. | change2: Filled coordinateUncertaintyInMeters from decimal-place precision (conservative). | epi_taxo: acceptedName(match1); authorship_epig(match1); genus_from_scientificName; family_WFO; order_majorGroup_WCVP [2026-03-12] | CoordinateCleaner QA applied without sea test (validity, equal, zeros, capitals, centroids, gbif, institutions) [2026-03-29]","standardized author names and accents corrected in recordedBy","A. Gentry","Gentry 15510","Croat, T.B."
"15","AMAZ_15","PreservedSpecimen","Collection",NA,"AMAZ","VARIETY","Angiosperms","Ayala, F.","Ayala 1821","Croat, T.B.","","AMAZ2024",1,"Anthurium atropurpureum",-3.877891,-73.347934,"1979-04-28","change1: Corrected taxonRank (SPECIES→VARIETY); kept scientificName with 'var.'. | change2: Filled coordinateUncertaintyInMeters from decimal-place precision (conservative). | epi_taxo: acceptedName(match1); authorship_epig(match1); genus_from_scientificName; family_WFO; order_majorGroup_WCVP [2026-03-12] | CoordinateCleaner QA applied without sea test (validity, equal, zeros, capitals, centroids, gbif, institutions) [2026-03-29]","standardized author names and accents corrected in recordedBy","F. Ayala","Ayala 1821","Croat, T.B."
"16","AMAZ_16","PreservedSpecimen","Collection",NA,"AMAZ","VARIETY","Angiosperms","Gentry, A.","Gentry 22335","Croat, T.B.","H","AMAZ2024",1,"Anthurium atropurpureum",NA,NA,"1978-05-27","change1: Corrected taxonRank (SPECIES→VARIETY); kept scientificName with 'var.'. | change2: Set (0,0) to NA (Null Island placeholder). | epi_taxo: acceptedName(match1); authorship_epig(match1); genus_from_scientificName; family_WFO; order_majorGroup_WCVP [2026-03-12] | CoordinateCleaner QA applied without sea test (validity, equal, zeros, capitals, centroids, gbif, institutions) [2026-03-29]","standardized author names and accents corrected in recordedBy","A. Gentry","Gentry 22335","Croat, T.B."
"17","AMAZ_17","PreservedSpecimen","Collection",NA,"AMAZ","VARIETY","Angiosperms","Gentry, A.","Gentry 31671","Croat, T.B.","H","AMAZ2024",1,"Anthurium atropurpureum",-3.83333333333333,-73.5,"1981-02-24","change1: Corrected taxonRank (SPECIES→VARIETY); kept scientificName with 'var.'. | change2: Filled coordinateUncertaintyInMeters from decimal-place precision (conservative). | epi_taxo: acceptedName(match1); authorship_epig(match1); genus_from_scientificName; family_WFO; order_majorGroup_WCVP [2026-03-12] | CoordinateCleaner QA applied without sea test (validity, equal, zeros, capitals, centroids, gbif, institutions) [2026-03-29]","standardized author names and accents corrected in recordedBy","A. Gentry","Gentry 31671","Croat, T.B."
"18","AMAZ_18","PreservedSpecimen","Collection",NA,"AMAZ","VARIETY","Angiosperms","Vasquez, R.","Vasquez 1197","Croat, T.B.","","AMAZ2024",1,"Anthurium atropurpureum",-3.75,-73.35,"1981-01-08","change1: Corrected taxonRank (SPECIES→VARIETY); kept scientificName with 'var.'. | change2: Filled coordinateUncertaintyInMeters from decimal-place precision (conservative). | epi_taxo: acceptedName(match1); authorship_epig(match1); genus_from_scientificName; family_WFO; order_majorGroup_WCVP [2026-03-12] | CoordinateCleaner QA applied without sea test (validity, equal, zeros, capitals, centroids, gbif, institutions) [2026-03-29]","accents and special characters corrected in recordNumber / standardized author names and accents corrected in recordedBy","R. Vásquez","Vásquez 1197","Croat, T.B."
"19","AMAZ_19","PreservedSpecimen","Collection",NA,"AMAZ","VARIETY","Angiosperms","Vasquez, R.","Vasquez 1198","Croat, T.B.","","AMAZ2024",1,"Anthurium atropurpureum",-3.75,-73.35,"1981-01-08","change1: Corrected taxonRank (SPECIES→VARIETY); kept scientificName with 'var.'. | change2: Filled coordinateUncertaintyInMeters from decimal-place precision (conservative). | epi_taxo: acceptedName(match1); authorship_epig(match1); genus_from_scientificName; family_WFO; order_majorGroup_WCVP [2026-03-12] | CoordinateCleaner QA applied without sea test (validity, equal, zeros, capitals, centroids, gbif, institutions) [2026-03-29]","accents and special characters corrected in recordNumber / standardized author names and accents corrected in recordedBy","R. Vásquez","Vásquez 1198","Croat, T.B."
"20","AMAZ_20","PreservedSpecimen","Collection",NA,"AMAZ","VARIETY","Angiosperms","Gentry, A.","Gentry 19118","Croat, T.B.","H","AMAZ2024",1,"Anthurium atropurpureum",NA,NA,"1977-04-08","change1: Corrected taxonRank (SPECIES→VARIETY); kept scientificName with 'var.'. | change2: Set (0,0) to NA (Null Island placeholder). | epi_taxo: acceptedName(match1); authorship_epig(match1); genus_from_scientificName; family_WFO; order_majorGroup_WCVP [2026-03-12] | CoordinateCleaner QA applied without sea test (validity, equal, zeros, capitals, centroids, gbif, institutions) [2026-03-29]","standardized author names and accents corrected in recordedBy","A. Gentry","Gentry 19118","Croat, T.B."
"21","AMAZ_21","PreservedSpecimen","Collection",NA,"AMAZ","VARIETY","Angiosperms","Vasquez, R.","Vasquez 5232","Croat, T.B.","H","AMAZ2024",1,"Anthurium atropurpureum",-3.66666666666667,-73.5,"1984-07-07","change1: Corrected taxonRank (SPECIES→VARIETY); kept scientificName with 'var.'. | change2: Filled coordinateUncertaintyInMeters from decimal-place precision (conservative). | epi_taxo: acceptedName(match1); authorship_epig(match1); genus_from_scientificName; family_WFO; order_majorGroup_WCVP [2026-03-12] | CoordinateCleaner QA applied without sea test (validity, equal, zeros, capitals, centroids, gbif, institutions) [2026-03-29]","accents and special characters corrected in recordNumber / standardized author names and accents corrected in recordedBy","R. Vásquez","Vásquez 5232","Croat, T.B."
"22","AMAZ_22","PreservedSpecimen","Collection",NA,"AMAZ","VARIETY","Angiosperms","Vasquez, R.","Vasquez 5759","Croat, T.B.","","AMAZ2024",1,"Anthurium atropurpureum",-3.970332,-73.433407,"1984-10-19","change1: Corrected taxonRank (SPECIES→VARIETY); kept scientificName with 'var.'. | change2: Filled coordinateUncertaintyInMeters from decimal-place precision (conservative). | epi_taxo: acceptedName(match1); authorship_epig(match1); genus_from_scientificName; family_WFO; order_majorGroup_WCVP [2026-03-12] | CoordinateCleaner QA applied without sea test (validity, equal, zeros, capitals, centroids, gbif, institutions) [2026-03-29]","accents and special characters corrected in recordNumber / standardized author names and accents corrected in recordedBy","R. Vásquez","Vásquez 5759","Croat, T.B."
"23","AMAZ_23","PreservedSpecimen","Collection",NA,"AMAZ","VARIETY","Angiosperms","Vasquez, R.","Vasquez 7847","Croat, T.B.","","AMAZ2024",1,"Anthurium atropurpureum",-4.16666666666667,-73.5,"1986-08-19","change1: Corrected taxonRank (SPECIES→VARIETY); kept scientificName with 'var.'. | change2: Filled coordinateUncertaintyInMeters from decimal-place precision (conservative). | epi_taxo: acceptedName(match1); authorship_epig(match1); genus_from_scientificName; family_WFO; order_majorGroup_WCVP [2026-03-12] | CoordinateCleaner QA applied without sea test (validity, equal, zeros, capitals, centroids, gbif, institutions) [2026-03-29]","accents and special characters corrected in recordNumber / standardized author names and accents corrected in recordedBy","R. Vásquez","Vásquez 7847","Croat, T.B."
"24","AMAZ_24","PreservedSpecimen","Collection",NA,"AMAZ","VARIETY","Angiosperms","Gentry, A.","Gentry 36536","Croat, T.B.","H","AMAZ2024",1,"Anthurium atropurpureum",NA,NA,"1982-03-20","change1: Corrected taxonRank (SPECIES→VARIETY); kept scientificName with 'var.'. | change2: Set (0,0) to NA (Null Island placeholder). | epi_taxo: acceptedName(match1); authorship_epig(match1); genus_from_scientificName; family_WFO; order_majorGroup_WCVP [2026-03-12] | CoordinateCleaner QA applied without sea test (validity, equal, zeros, capitals, centroids, gbif, institutions) [2026-03-29]","standardized author names and accents corrected in recordedBy","A. Gentry","Gentry 36536","Croat, T.B."
"25","AMAZ_25","PreservedSpecimen","Collection",NA,"AMAZ","VARIETY","Angiosperms","Vasquez, R.","Vasquez 10558","Croat, T.B.","","AMAZ2024",1,"Anthurium atropurpureum",-3.75,-73.35,"1988-04-13","change1: Corrected taxonRank (SPECIES→VARIETY); kept scientificName with 'var.'. | change2: Filled coordinateUncertaintyInMeters from decimal-place precision (conservative). | epi_taxo: acceptedName(match1); authorship_epig(match1); genus_from_scientificName; family_WFO; order_majorGroup_WCVP [2026-03-12] | CoordinateCleaner QA applied without sea test (validity, equal, zeros, capitals, centroids, gbif, institutions) [2026-03-29]","accents and special characters corrected in recordNumber / standardized author names and accents corrected in recordedBy","R. Vásquez","Vásquez 10558","Croat, T.B."
"26","AMAZ_26","PreservedSpecimen","Collection",NA,"AMAZ","VARIETY","Angiosperms","Huamantupa, I.","Huamantupa 13119","","H","AMAZ2024",1,"Anthurium atropurpureum",-2.87138888888889,-73.0083333333333,"2009-10-19","change1: Corrected taxonRank (SPECIES→VARIETY); kept scientificName with 'var.'. | change2: Filled coordinateUncertaintyInMeters from decimal-place precision (conservative). | epi_taxo: acceptedName(match1); authorship_epig(match1); genus_from_scientificName; family_WFO; order_majorGroup_WCVP [2026-03-12] | CoordinateCleaner QA applied without sea test (validity, equal, zeros, capitals, centroids, gbif, institutions) [2026-03-29]","standardized author names and accents corrected in recordedBy","I. Huamantupa","Huamantupa 13119",""
"27","AMAZ_27","PreservedSpecimen","Collection",NA,"AMAZ","VARIETY","Angiosperms","Huamantupa, I.","Huamantupa 13119","","H","AMAZ2024",1,"Anthurium atropurpureum",-2.87138888888889,-73.0083333333333,"2009-10-19","change1: Corrected taxonRank (SPECIES→VARIETY); kept scientificName with 'var.'. | change2: Filled coordinateUncertaintyInMeters from decimal-place precision (conservative). | epi_taxo: acceptedName(match1); authorship_epig(match1); genus_from_scientificName; family_WFO; order_majorGroup_WCVP [2026-03-12] | CoordinateCleaner QA applied without sea test (validity, equal, zeros, capitals, centroids, gbif, institutions) [2026-03-29]","standardized author names and accents corrected in recordedBy","I. Huamantupa","Huamantupa 13119",""
"28","AMAZ_28","PreservedSpecimen","Collection",NA,"AMAZ","SPECIES","Angiosperms","Ayala, F.","Ayala 3172","","H","AMAZ2024",1,"Anthurium brevipedunculatum",NA,NA,"1981-12-04","change1: Set (0,0) to NA (Null Island placeholder). | epi_taxo: acceptedName(match1); authorship_epig(match1); genus_from_scientificName; family_WFO; order_majorGroup_WCVP [2026-03-12] | CoordinateCleaner QA applied without sea test (validity, equal, zeros, capitals, centroids, gbif, institutions) [2026-03-29]","standardized author names and accents corrected in recordedBy","F. Ayala","Ayala 3172",""
"29","AMAZ_29","PreservedSpecimen","Collection",NA,"AMAZ","SPECIES","Angiosperms","Gentry, A.","Gentry 29085","Croat, T.B.","H","AMAZ2024",1,"Anthurium brevipedunculatum",-3.46666666666667,-72.8,"1980-07-26","change1: Filled coordinateUncertaintyInMeters from decimal-place precision (conservative). | epi_taxo: acceptedName(match1); authorship_epig(match1); genus_from_scientificName; family_WFO; order_majorGroup_WCVP [2026-03-12] | CoordinateCleaner QA applied without sea test (validity, equal, zeros, capitals, centroids, gbif, institutions) [2026-03-29]","standardized author names and accents corrected in recordedBy","A. Gentry","Gentry 29085","Croat, T.B."
"30","AMAZ_30","PreservedSpecimen","Collection",NA,"AMAZ","SPECIES","Angiosperms","Gentry, A.","Gentry 38118","Lingan-Ch, J.","H","AMAZ2024",1,"Anthurium brevipedunculatum",-5.03333333333333,-74.5,"1982-08-05","change1: Filled coordinateUncertaintyInMeters from decimal-place precision (conservative). | epi_taxo: acceptedName(match1); authorship_epig(match1); genus_from_scientificName; family_WFO; order_majorGroup_WCVP [2026-03-12] | CoordinateCleaner QA applied without sea test (validity, equal, zeros, capitals, centroids, gbif, institutions) [2026-03-29]","standardized author names and accents corrected in recordedBy","A. Gentry","Gentry 38118","Lingan-Ch, J."
"31","AMAZ_31","PreservedSpecimen","Collection",NA,"AMAZ","SPECIES","Angiosperms","Gentry, A.","Gentry 29773","Croat, T.B.","H","AMAZ2024",1,"Anthurium breviscapum",-2.8,-76.4666666666667,"1980-08-15","change1: Trimmed whitespace in verbatimScientificName (and standardized blanks to NA) | change2: Filled coordinateUncertaintyInMeters from decimal-place precision (conservative). | epi_taxo: acceptedName(match1); authorship_epig(match1); genus_from_scientificName; family_WFO; order_majorGroup_WCVP [2026-03-12] | CoordinateCleaner QA applied without sea test (validity, equal, zeros, capitals, centroids, gbif, institutions) [2026-03-29]","standardized author names and accents corrected in recordedBy","A. Gentry","Gentry 29773","Croat, T.B."
"32","AMAZ_32","PreservedSpecimen","Collection",NA,"AMAZ","SPECIES","Angiosperms","Schunke, J.","Schunke 12139","Croat, T.B.","H","AMAZ2024",1,"Anthurium breviscapum",NA,NA,"1980-08-12","change1: Set (0,0) to NA (Null Island placeholder). | epi_taxo: acceptedName(match1); authorship_epig(match1); genus_from_scientificName; family_WFO; order_majorGroup_WCVP [2026-03-12] | CoordinateCleaner QA applied without sea test (validity, equal, zeros, capitals, centroids, gbif, institutions) [2026-03-29]","standardized author names and accents corrected in recordedBy","J. Schunke","Schunke 12139","Croat, T.B."
"33","AMAZ_33","PreservedSpecimen","Collection",NA,"AMAZ","SPECIES","Angiosperms","Smith, D.","Smith 2634","Croat, T.B.","H","AMAZ2024",1,"Anthurium breviscapum",-10.2666666666667,-75.3666666666667,"1982-10-19","change1: Trimmed whitespace in verbatimScientificName (and standardized blanks to NA) | change2: Filled coordinateUncertaintyInMeters from decimal-place precision (conservative). | epi_taxo: acceptedName(match1); authorship_epig(match1); genus_from_scientificName; family_WFO; order_majorGroup_WCVP [2026-03-12] | CoordinateCleaner QA applied without sea test (validity, equal, zeros, capitals, centroids, gbif, institutions) [2026-03-29]","standardized author names and accents corrected in recordedBy","D. Smith","Smith 2634","Croat, T.B."
"34","AMAZ_34","PreservedSpecimen","Collection",NA,"AMAZ","SPECIES","Angiosperms","Croat, T.","Croat 61689","","H","AMAZ2024",1,"Anthurium breviscapum",-3.38333333333333,-73.0333333333333,"1986-07-25","change1: Filled coordinateUncertaintyInMeters from decimal-place precision (conservative). | epi_taxo: acceptedName(match1); authorship_epig(match1); genus_from_scientificName; family_WFO; order_majorGroup_WCVP [2026-03-12] | CoordinateCleaner QA applied without sea test (validity, equal, zeros, capitals, centroids, gbif, institutions) [2026-03-29]","standardized author names and accents corrected in recordedBy","T. Croat","Croat 61689",""
"35","AMAZ_35","PreservedSpecimen","Collection",NA,"AMAZ","SPECIES","Angiosperms","Rimachi, M.","Rimachi 11719","Croat, T.B.","H","AMAZ2024",1,"Anthurium breviscapum",NA,NA,"1996-07-03","change1: Trimmed whitespace in verbatimScientificName (and standardized blanks to NA) | change2: Set (0,0) to NA (Null Island placeholder). | epi_taxo: acceptedName(match1); authorship_epig(match1); genus_from_scientificName; family_WFO; order_majorGroup_WCVP [2026-03-12] | CoordinateCleaner QA applied without sea test (validity, equal, zeros, capitals, centroids, gbif, institutions) [2026-03-29]","standardized author names and accents corrected in recordedBy","M. Rimachi","Rimachi 11719","Croat, T.B."
"36","AMAZ_36","PreservedSpecimen","Collection",NA,"AMAZ","SPECIES","Angiosperms","Chavez, E.","Chavez 21","","","AMAZ2024",1,"Anthurium breviscapum",-4.75,-78.5,"1997-09-16","change1: Filled coordinateUncertaintyInMeters from decimal-place precision (conservative). | epi_taxo: acceptedName(match1); authorship_epig(match1); genus_from_scientificName; family_WFO; order_majorGroup_WCVP [2026-03-12] | CoordinateCleaner QA applied without sea test (validity, equal, zeros, capitals, centroids, gbif, institutions) [2026-03-29]","standardized author names and accents corrected in recordedBy","E. Chavez","Chavez 21",""
"37","AMAZ_37","PreservedSpecimen","Collection",NA,"AMAZ","SPECIES","Angiosperms","Huamantupa, I.","Huamantupa 13062","","H","AMAZ2024",1,"Anthurium breviscapum",-2.87777777777778,-73.0127777777778,"2009-10-18","change1: Filled coordinateUncertaintyInMeters from decimal-place precision (conservative). | epi_taxo: acceptedName(match1); authorship_epig(match1); genus_from_scientificName; family_WFO; order_majorGroup_WCVP [2026-03-12] | CoordinateCleaner QA applied without sea test (validity, equal, zeros, capitals, centroids, gbif, institutions) [2026-03-29]","standardized author names and accents corrected in recordedBy","I. Huamantupa","Huamantupa 13062",""
"38","AMAZ_38","PreservedSpecimen","Collection",NA,"AMAZ","SPECIES","Angiosperms","Vasquez, R.","Vasquez 17624","Croat, T.B.","H","AMAZ2024",1,"Anthurium breviscapum",-3.25,-72.9,"1991-11-29","change1: Filled coordinateUncertaintyInMeters from decimal-place precision (conservative). | epi_taxo: acceptedName(match1); authorship_epig(match1); genus_from_scientificName; family_WFO; order_majorGroup_WCVP [2026-03-12] | CoordinateCleaner QA applied without sea test (validity, equal, zeros, capitals, centroids, gbif, institutions) [2026-03-29]","accents and special characters corrected in recordNumber / standardized author names and accents corrected in recordedBy","R. Vásquez","Vásquez 17624","Croat, T.B."
"39","AMAZ_39","PreservedSpecimen","Collection",NA,"AMAZ","SPECIES","Angiosperms","Vasquez, R.","Vasquez 13339","Croat, T.B.","H","AMAZ2024",1,"Anthurium breviscapum",-5.08333333333333,-73.8333333333333,"1990-01-07","change1: Filled coordinateUncertaintyInMeters from decimal-place precision (conservative). | epi_taxo: acceptedName(match1); authorship_epig(match1); genus_from_scientificName; family_WFO; order_majorGroup_WCVP [2026-03-12] | CoordinateCleaner QA applied without sea test (validity, equal, zeros, capitals, centroids, gbif, institutions) [2026-03-29]","accents and special characters corrected in recordNumber / standardized author names and accents corrected in recordedBy","R. Vásquez","Vásquez 13339","Croat, T.B."
"40","AMAZ_40","PreservedSpecimen","Collection",NA,"AMAZ","SPECIES","Angiosperms","Diaz, C.","Diaz 7987","Croat, T.B.","","AMAZ2024",1,"Anthurium chinimense",NA,NA,"1996-08-27","change1: Set (0,0) to NA (Null Island placeholder). | epi_taxo: acceptedName(match1); authorship_epig(match1); genus_from_scientificName; family_WFO; order_majorGroup_WCVP [2026-03-12] | CoordinateCleaner QA applied without sea test (validity, equal, zeros, capitals, centroids, gbif, institutions) [2026-03-29]","accents and special characters corrected in recordNumber / standardized author names and accents corrected in recordedBy","C. Díaz","Díaz 7987","Croat, T.B."
"41","AMAZ_41","PreservedSpecimen","Collection",NA,"AMAZ","SPECIES","Angiosperms","Revilla, J.","Revilla 989","Lingan-Ch, J.","H","AMAZ2024",1,"Anthurium clavigerum",NA,NA,"1976-04-12","change1: Set (0,0) to NA (Null Island placeholder). | epi_taxo: acceptedName(match1); authorship_epig(match1); genus_from_scientificName; family_WFO; order_majorGroup_WCVP [2026-03-12] | CoordinateCleaner QA applied without sea test (validity, equal, zeros, capitals, centroids, gbif, institutions) [2026-03-29]","standardized author names and accents corrected in recordedBy","J. Revilla","Revilla 989","Lingan-Ch, J."
"42","AMAZ_42","PreservedSpecimen","Collection",NA,"AMAZ","SPECIES","Angiosperms","Gentry, A.","Gentry 24868","Croat, T.B.","H","AMAZ2024",1,"Anthurium clavigerum",-3.75,-73.3333333333333,"1979-02-21","change1: Filled coordinateUncertaintyInMeters from decimal-place precision (conservative). | epi_taxo: acceptedName(match1); authorship_epig(match1); genus_from_scientificName; family_WFO; order_majorGroup_WCVP [2026-03-12] | CoordinateCleaner QA applied without sea test (validity, equal, zeros, capitals, centroids, gbif, institutions) [2026-03-29]","standardized author names and accents corrected in recordedBy","A. Gentry","Gentry 24868","Croat, T.B."
"43","AMAZ_43","PreservedSpecimen","Collection",NA,"AMAZ","SPECIES","Angiosperms","Murphy, H.","Murphy 217","Lingan-Ch, J.","H","AMAZ2024",1,"Anthurium clavigerum",NA,NA,"1981-10-09","change1: Set (0,0) to NA (Null Island placeholder). | epi_taxo: acceptedName(match1); authorship_epig(match1); genus_from_scientificName; family_WFO; order_majorGroup_WCVP [2026-03-12] | CoordinateCleaner QA applied without sea test (validity, equal, zeros, capitals, centroids, gbif, institutions) [2026-03-29]","standardized author names and accents corrected in recordedBy","H. Murphy","Murphy 217","Lingan-Ch, J."
"44","AMAZ_44","PreservedSpecimen","Collection",NA,"AMAZ","SPECIES","Angiosperms","Ayala, F.","Ayala 3499","Lingan-Ch, J.","H","AMAZ2024",1,"Anthurium clavigerum",NA,NA,"1982-07-24","change1: Set (0,0) to NA (Null Island placeholder). | epi_taxo: acceptedName(match1); authorship_epig(match1); genus_from_scientificName; family_WFO; order_majorGroup_WCVP [2026-03-12] | CoordinateCleaner QA applied without sea test (validity, equal, zeros, capitals, centroids, gbif, institutions) [2026-03-29]","standardized author names and accents corrected in recordedBy","F. Ayala","Ayala 3499","Lingan-Ch, J."
"45","AMAZ_45","PreservedSpecimen","Collection",NA,"AMAZ","SPECIES","Angiosperms","Ayala, F.","Ayala 3597","Lingan-Ch, J.","H","AMAZ2024",1,"Anthurium clavigerum",NA,NA,"1982-07-26","change1: Set (0,0) to NA (Null Island placeholder). | epi_taxo: acceptedName(match1); authorship_epig(match1); genus_from_scientificName; family_WFO; order_majorGroup_WCVP [2026-03-12] | CoordinateCleaner QA applied without sea test (validity, equal, zeros, capitals, centroids, gbif, institutions) [2026-03-29]","standardized author names and accents corrected in recordedBy","F. Ayala","Ayala 3597","Lingan-Ch, J."
"46","AMAZ_46","PreservedSpecimen","Collection",NA,"AMAZ","SPECIES","Angiosperms","Lewis, W.","Lewis 4082","","H","AMAZ2024",1,"Anthurium clavigerum",NA,NA,"1982-11-28","change1: Set (0,0) to NA (Null Island placeholder). | epi_taxo: acceptedName(match1); authorship_epig(match1); genus_from_scientificName; family_WFO; order_majorGroup_WCVP [2026-03-12] | CoordinateCleaner QA applied without sea test (validity, equal, zeros, capitals, centroids, gbif, institutions) [2026-03-29]","standardized author names and accents corrected in recordedBy","W. Lewis","Lewis 4082",""
"47","AMAZ_47","PreservedSpecimen","Collection",NA,"AMAZ","SPECIES","Angiosperms","Vasquez, R.","Vasquez 558","Croat, T.B.","H","AMAZ2024",1,"Anthurium clavigerum",-8,-72.8333333333333,"1980-10-18","change1: Filled coordinateUncertaintyInMeters from decimal-place precision (conservative). | epi_taxo: acceptedName(match1); authorship_epig(match1); genus_from_scientificName; family_WFO; order_majorGroup_WCVP [2026-03-12] | CoordinateCleaner QA applied without sea test (validity, equal, zeros, capitals, centroids, gbif, institutions) [2026-03-29]","accents and special characters corrected in recordNumber / standardized author names and accents corrected in recordedBy","R. Vásquez","Vásquez 558","Croat, T.B."
"48","AMAZ_48","PreservedSpecimen","Collection",NA,"AMAZ","SPECIES","Angiosperms","Barbour, P.","Barbour 4773","","H","AMAZ2024",1,"Anthurium clavigerum",-12.8166666666667,-69.2833333333333,"1980-04-14","change1: Filled coordinateUncertaintyInMeters from decimal-place precision (conservative). | epi_taxo: acceptedName(match1); authorship_epig(match1); genus_from_scientificName; family_WFO; order_majorGroup_WCVP [2026-03-12] | CoordinateCleaner QA applied without sea test (validity, equal, zeros, capitals, centroids, gbif, institutions) [2026-03-29]","standardized author names and accents corrected in recordedBy","P. Barbour","Barbour 4773",""
"49","AMAZ_49","PreservedSpecimen","Collection",NA,"AMAZ","SPECIES","Angiosperms","Vasquez, R.","Vasquez 971","Lingan-Ch, J.","H","AMAZ2024",1,"Anthurium clavigerum",-5.08333333333333,-73.8333333333333,"1980-12-07","change1: Filled coordinateUncertaintyInMeters from decimal-place precision (conservative). | epi_taxo: acceptedName(match1); authorship_epig(match1); genus_from_scientificName; family_WFO; order_majorGroup_WCVP [2026-03-12] | CoordinateCleaner QA applied without sea test (validity, equal, zeros, capitals, centroids, gbif, institutions) [2026-03-29]","accents and special characters corrected in recordNumber / standardized author names and accents corrected in recordedBy","R. Vásquez","Vásquez 971","Lingan-Ch, J."
"50","AMAZ_50","PreservedSpecimen","Collection",NA,"AMAZ","SPECIES","Angiosperms","Ayala, F.","Ayala 3960","Lingan-Ch, J.","H","AMAZ2024",1,"Anthurium clavigerum",NA,NA,"1982-10-21","change1: Set (0,0) to NA (Null Island placeholder). | epi_taxo: acceptedName(match1); authorship_epig(match1); genus_from_scientificName; family_WFO; order_majorGroup_WCVP [2026-03-12] | CoordinateCleaner QA applied without sea test (validity, equal, zeros, capitals, centroids, gbif, institutions) [2026-03-29]","standardized author names and accents corrected in recordedBy","F. Ayala","Ayala 3960","Lingan-Ch, J."
"51","AMAZ_51","PreservedSpecimen","Collection",NA,"AMAZ","SPECIES","Angiosperms","Vasquez, R.","Vasquez 4335","Croat, T.B.","H","AMAZ2024",1,"Anthurium clavigerum",NA,NA,"1983-08-23","change1: Set (0,0) to NA (Null Island placeholder). | epi_taxo: acceptedName(match1); authorship_epig(match1); genus_from_scientificName; family_WFO; order_majorGroup_WCVP [2026-03-12] | CoordinateCleaner QA applied without sea test (validity, equal, zeros, capitals, centroids, gbif, institutions) [2026-03-29]","accents and special characters corrected in recordNumber / standardized author names and accents corrected in recordedBy","R. Vásquez","Vásquez 4335","Croat, T.B."
"52","AMAZ_52","PreservedSpecimen","Collection",NA,"AMAZ","SPECIES","Angiosperms","Vasquez, R.","Vasquez 4815","Croat, T.B.","H","AMAZ2024",1,"Anthurium clavigerum",-5.08333333333333,-73.8333333333333,"1984-01-10","change1: Filled coordinateUncertaintyInMeters from decimal-place precision (conservative). | epi_taxo: acceptedName(match1); authorship_epig(match1); genus_from_scientificName; family_WFO; order_majorGroup_WCVP [2026-03-12] | CoordinateCleaner QA applied without sea test (validity, equal, zeros, capitals, centroids, gbif, institutions) [2026-03-29]","accents and special characters corrected in recordNumber / standardized author names and accents corrected in recordedBy","R. Vásquez","Vásquez 4815","Croat, T.B."
"53","AMAZ_53","PreservedSpecimen","Collection",NA,"AMAZ","SPECIES","Angiosperms","Vasquez, R.","Vasquez 3489","Croat, T.B.","H","AMAZ2024",1,"Anthurium clavigerum",-4.48333333333333,-73.5833333333333,"1982-11-10","change1: Filled coordinateUncertaintyInMeters from decimal-place precision (conservative). | epi_taxo: acceptedName(match1); authorship_epig(match1); genus_from_scientificName; family_WFO; order_majorGroup_WCVP [2026-03-12] | CoordinateCleaner QA applied without sea test (validity, equal, zeros, capitals, centroids, gbif, institutions) [2026-03-29]","accents and special characters corrected in recordNumber / standardized author names and accents corrected in recordedBy","R. Vásquez","Vásquez 3489","Croat, T.B."
"54","AMAZ_54","PreservedSpecimen","Collection",NA,"AMAZ","SPECIES","Angiosperms","Vasquez, R.","Vasquez 5700","Croat, T.B.","H","AMAZ2024",1,"Anthurium clavigerum",NA,NA,"1984-10-11","change1: Set (0,0) to NA (Null Island placeholder). | epi_taxo: acceptedName(match1); authorship_epig(match1); genus_from_scientificName; family_WFO; order_majorGroup_WCVP [2026-03-12] | CoordinateCleaner QA applied without sea test (validity, equal, zeros, capitals, centroids, gbif, institutions) [2026-03-29]","accents and special characters corrected in recordNumber / standardized author names and accents corrected in recordedBy","R. Vásquez","Vásquez 5700","Croat, T.B."
"55","AMAZ_55","PreservedSpecimen","Collection",NA,"AMAZ","SPECIES","Angiosperms","Smith, D.","Smith 3788","Lingan-Ch, J.","H","AMAZ2024",1,"Anthurium clavigerum",-10.2,-75.2333333333333,"1983-04-20","change1: Filled coordinateUncertaintyInMeters from decimal-place precision (conservative). | epi_taxo: acceptedName(match1); authorship_epig(match1); genus_from_scientificName; family_WFO; order_majorGroup_WCVP [2026-03-12] | CoordinateCleaner QA applied without sea test (validity, equal, zeros, capitals, centroids, gbif, institutions) [2026-03-29]","standardized author names and accents corrected in recordedBy","D. Smith","Smith 3788","Lingan-Ch, J."
"56","AMAZ_56","PreservedSpecimen","Collection",NA,"AMAZ","SPECIES","Angiosperms","Vasquez, R.","Vasquez 7195","Croat, T.B.","H","AMAZ2024",1,"Anthurium clavigerum",-4.25,-72.6666666666667,"1986-02-21","change1: Filled coordinateUncertaintyInMeters from decimal-place precision (conservative). | epi_taxo: acceptedName(match1); authorship_epig(match1); genus_from_scientificName; family_WFO; order_majorGroup_WCVP [2026-03-12] | CoordinateCleaner QA applied without sea test (validity, equal, zeros, capitals, centroids, gbif, institutions) [2026-03-29]","accents and special characters corrected in recordNumber / standardized author names and accents corrected in recordedBy","R. Vásquez","Vásquez 7195","Croat, T.B."
"57","AMAZ_57","PreservedSpecimen","Collection",NA,"AMAZ","SPECIES","Angiosperms","Vasquez, R.","Vasquez 7729","Croat, T.B.","H","AMAZ2024",1,"Anthurium clavigerum",-4.91666666666667,-73.75,"1986-06-29","change1: Filled coordinateUncertaintyInMeters from decimal-place precision (conservative). | epi_taxo: acceptedName(match1); authorship_epig(match1); genus_from_scientificName; family_WFO; order_majorGroup_WCVP [2026-03-12] | CoordinateCleaner QA applied without sea test (validity, equal, zeros, capitals, centroids, gbif, institutions) [2026-03-29]","accents and special characters corrected in recordNumber / standardized author names and accents corrected in recordedBy","R. Vásquez","Vásquez 7729","Croat, T.B."
"58","AMAZ_58","PreservedSpecimen","Collection",NA,"AMAZ","SPECIES","Angiosperms","Ayala, F.","Ayala 5829","","H","AMAZ2024",1,"Anthurium clavigerum",NA,NA,"1987-11-27","change1: Set (0,0) to NA (Null Island placeholder). | epi_taxo: acceptedName(match1); authorship_epig(match1); genus_from_scientificName; family_WFO; order_majorGroup_WCVP [2026-03-12] | CoordinateCleaner QA applied without sea test (validity, equal, zeros, capitals, centroids, gbif, institutions) [2026-03-29]","standardized author names and accents corrected in recordedBy","F. Ayala","Ayala 5829",""
"59","AMAZ_59","PreservedSpecimen","Collection",NA,"AMAZ","SPECIES","Angiosperms","Nunez, P.","Nuñez 9452","Lingan-Ch, J.","H","AMAZ2024",1,"Anthurium clavigerum",NA,NA,"1988-07-25","change1: Set (0,0) to NA (Null Island placeholder). | epi_taxo: acceptedName(match1); authorship_epig(match1); genus_from_scientificName; family_WFO; order_majorGroup_WCVP [2026-03-12] | CoordinateCleaner QA applied without sea test (validity, equal, zeros, capitals, centroids, gbif, institutions) [2026-03-29]","accents and special characters corrected in recordNumber / standardized author names and accents corrected in recordedBy","P. Núñez","Núñez 9452","Lingan-Ch, J."
"60","AMAZ_60","PreservedSpecimen","Collection",NA,"AMAZ","SPECIES","Angiosperms","Grandez, C.","Grandez 1187","Lingan-Ch, J.","H","AMAZ2024",1,"Anthurium clavigerum",NA,NA,"1987-07-09","change1: Set (0,0) to NA (Null Island placeholder). | epi_taxo: acceptedName(match1); authorship_epig(match1); genus_from_scientificName; family_WFO; order_majorGroup_WCVP [2026-03-12] | CoordinateCleaner QA applied without sea test (validity, equal, zeros, capitals, centroids, gbif, institutions) [2026-03-29]","accents and special characters corrected in recordNumber / standardized author names and accents corrected in recordedBy","C. Grández","Grández 1187","Lingan-Ch, J."
"61","AMAZ_61","PreservedSpecimen","Collection",NA,"AMAZ","SPECIES","Angiosperms","Vasquez, R.","Vasquez 3383","Croat, T.B.","H","AMAZ2024",1,"Anthurium clavigerum",-4.53333333333333,-74.5,"1982-11-07","change1: Filled coordinateUncertaintyInMeters from decimal-place precision (conservative). | epi_taxo: acceptedName(match1); authorship_epig(match1); genus_from_scientificName; family_WFO; order_majorGroup_WCVP [2026-03-12] | CoordinateCleaner QA applied without sea test (validity, equal, zeros, capitals, centroids, gbif, institutions) [2026-03-29]","accents and special characters corrected in recordNumber / standardized author names and accents corrected in recordedBy","R. Vásquez","Vásquez 3383","Croat, T.B."
"62","AMAZ_62","PreservedSpecimen","Collection",NA,"AMAZ","SPECIES","Angiosperms","Vasquez, R.","Vasquez 7026","Croat, T.B.","H","AMAZ2024",1,"Anthurium clavigerum",-7.08333333333333,-75.1666666666667,"1985-11-29","change1: Filled coordinateUncertaintyInMeters from decimal-place precision (conservative). | epi_taxo: acceptedName(match1); authorship_epig(match1); genus_from_scientificName; family_WFO; order_majorGroup_WCVP [2026-03-12] | CoordinateCleaner QA applied without sea test (validity, equal, zeros, capitals, centroids, gbif, institutions) [2026-03-29]","accents and special characters corrected in recordNumber / standardized author names and accents corrected in recordedBy","R. Vásquez","Vásquez 7026","Croat, T.B."
"63","AMAZ_63","PreservedSpecimen","Collection",NA,"AMAZ","SPECIES","Angiosperms","Grandez, C.","Grandez 559","Ruiz, J.","H","AMAZ2024",1,"Anthurium clavigerum",NA,NA,"1985-07-17","change1: Set (0,0) to NA (Null Island placeholder). | epi_taxo: acceptedName(match1); authorship_epig(match1); genus_from_scientificName; family_WFO; order_majorGroup_WCVP [2026-03-12] | CoordinateCleaner QA applied without sea test (validity, equal, zeros, capitals, centroids, gbif, institutions) [2026-03-29]","accents and special characters corrected in recordNumber / standardized author names and accents corrected in recordedBy","C. Grández","Grández 559","Ruiz, J."
"64","AMAZ_64","PreservedSpecimen","Collection",NA,"AMAZ","SPECIES","Angiosperms","Diaz, C.","Diaz 862A","Ruiz, J.","H","AMAZ2024",1,"Anthurium clavigerum",-4.66666666666667,-75,"1979-01-22","change1: Filled coordinateUncertaintyInMeters from decimal-place precision (conservative). | epi_taxo: acceptedName(match1); authorship_epig(match1); genus_from_scientificName; family_WFO; order_majorGroup_WCVP [2026-03-12] | CoordinateCleaner QA applied without sea test (validity, equal, zeros, capitals, centroids, gbif, institutions) [2026-03-29]","accents and special characters corrected in recordNumber / standardized author names and accents corrected in recordedBy","C. Díaz","Díaz 862A","Ruiz, J."
"65","AMAZ_65","PreservedSpecimen","Collection",NA,"AMAZ","SPECIES","Angiosperms","Rimachi, M.","Rimachi 12316","","H","AMAZ2024",1,"Anthurium clavigerum",NA,NA,"1998-07-21","change1: Set (0,0) to NA (Null Island placeholder). | epi_taxo: acceptedName(match1); authorship_epig(match1); genus_from_scientificName; family_WFO; order_majorGroup_WCVP [2026-03-12] | CoordinateCleaner QA applied without sea test (validity, equal, zeros, capitals, centroids, gbif, institutions) [2026-03-29]","standardized author names and accents corrected in recordedBy","M. Rimachi","Rimachi 12316",""
"66","AMAZ_66","PreservedSpecimen","Collection",NA,"AMAZ","SPECIES","Angiosperms","Vasquez, R.","Vasquez 8250","Croat, T.B.","H","AMAZ2024",1,"Anthurium clavigerum",-3.33333333333333,-72.9166666666667,"1986-10-08","change1: Filled coordinateUncertaintyInMeters from decimal-place precision (conservative). | epi_taxo: acceptedName(match1); authorship_epig(match1); genus_from_scientificName; family_WFO; order_majorGroup_WCVP [2026-03-12] | CoordinateCleaner QA applied without sea test (validity, equal, zeros, capitals, centroids, gbif, institutions) [2026-03-29]","accents and special characters corrected in recordNumber / standardized author names and accents corrected in recordedBy","R. Vásquez","Vásquez 8250","Croat, T.B."
"67","AMAZ_67","PreservedSpecimen","Collection",NA,"AMAZ","SPECIES","Angiosperms","McDaniel, S.","McDaniel 10808","Croat, T.B.","H","AMAZ2024",1,"Anthurium croatii",NA,NA,"1968-08-05","change1: Set (0,0) to NA (Null Island placeholder). | epi_taxo: acceptedName(match1); authorship_epig(match1); genus_from_scientificName; family_WFO; order_majorGroup_WCVP [2026-03-12] | CoordinateCleaner QA applied without sea test (validity, equal, zeros, capitals, centroids, gbif, institutions) [2026-03-29]","standardized author names and accents corrected in recordedBy","S. McDaniel","McDaniel 10808","Croat, T.B."
"68","AMAZ_68","PreservedSpecimen","Collection",NA,"AMAZ","SPECIES","Angiosperms","Diaz, C.","Diaz 820","Croat, T.B.","","AMAZ2024",1,"Anthurium croatii",-8.33333333333333,-73.75,"1978-12-13","change1: Filled coordinateUncertaintyInMeters from decimal-place precision (conservative). | epi_taxo: acceptedName(match1); authorship_epig(match1); genus_from_scientificName; family_WFO; order_majorGroup_WCVP [2026-03-12] | CoordinateCleaner QA applied without sea test (validity, equal, zeros, capitals, centroids, gbif, institutions) [2026-03-29]","accents and special characters corrected in recordNumber / standardized author names and accents corrected in recordedBy","C. Díaz","Díaz 820","Croat, T.B."
"69","AMAZ_69","PreservedSpecimen","Collection",NA,"AMAZ","SPECIES","Angiosperms","Diaz, C.","Diaz 835","Croat, T.B.","","AMAZ2024",1,"Anthurium decurrens",-8.33333333333333,-73.75,"1978-12-14","change1: Filled coordinateUncertaintyInMeters from decimal-place precision (conservative). | epi_taxo: acceptedName(match1); authorship_epig(match1); genus_from_scientificName; family_WFO; order_majorGroup_WCVP [2026-03-12] | CoordinateCleaner QA applied without sea test (validity, equal, zeros, capitals, centroids, gbif, institutions) [2026-03-29]","accents and special characters corrected in recordNumber / standardized author names and accents corrected in recordedBy","C. Díaz","Díaz 835","Croat, T.B."
"70","AMAZ_70","PreservedSpecimen","Collection",NA,"AMAZ","SPECIES","Angiosperms","Huamantupa, I.","Huamantupa 13120A","","","AMAZ2024",1,"Anthurium diazii",-2.87138888888889,-73.0083333333333,"2009-10-19","change1: Filled coordinateUncertaintyInMeters from decimal-place precision (conservative). | epi_taxo: acceptedName(match1); authorship_epig(match1); genus_from_scientificName; family_WFO; order_majorGroup_WCVP [2026-03-12] | CoordinateCleaner QA applied without sea test (validity, equal, zeros, capitals, centroids, gbif, institutions) [2026-03-29]","standardized author names and accents corrected in recordedBy","I. Huamantupa","Huamantupa 13120A",""
"71","AMAZ_71","PreservedSpecimen","Collection",NA,"AMAZ","SPECIES","Angiosperms","Davila, N.","Davila 5681","","H","AMAZ2024",1,"Anthurium diazii",-2.87138888888889,-73.0083333333333,"2009-10-19","change1: Filled coordinateUncertaintyInMeters from decimal-place precision (conservative). | epi_taxo: acceptedName(match1); authorship_epig(match1); genus_from_scientificName; family_WFO; order_majorGroup_WCVP [2026-03-12] | CoordinateCleaner QA applied without sea test (validity, equal, zeros, capitals, centroids, gbif, institutions) [2026-03-29]","accents and special characters corrected in recordNumber / standardized author names and accents corrected in recordedBy","Nallarett Dávila","Dávila 5681",""
"72","AMAZ_72","PreservedSpecimen","Collection",NA,"AMAZ","SPECIES","Angiosperms","Lingan, J.","Lingan 360","Croat, T.B.","H","AMAZ2024",1,"Anthurium dombeyanum",-10.5333333333333,-75.35,"2003-03-25","change1: Trimmed whitespace in verbatimScientificName (and standardized blanks to NA) | change2: Filled coordinateUncertaintyInMeters from decimal-place precision (conservative). | epi_taxo: acceptedName(match1); authorship_epig(match1); genus_from_scientificName; family_WFO; order_majorGroup_WCVP [2026-03-12] | CoordinateCleaner QA applied without sea test (validity, equal, zeros, capitals, centroids, gbif, institutions) [2026-03-29]","accents and special characters corrected in recordNumber / standardized author names and accents corrected in recordedBy","J. Lingán","Lingán 360","Croat, T.B."
"73","AMAZ_73","PreservedSpecimen","Collection",NA,"AMAZ","SPECIES","Angiosperms","Davila, N.","Davila 5636","","H","AMAZ2024",1,"Anthurium dombeyanum",-2.8925,-73.0080555555556,"2009-10-18","change1: Trimmed whitespace in verbatimScientificName (and standardized blanks to NA) | change2: Filled coordinateUncertaintyInMeters from decimal-place precision (conservative). | epi_taxo: acceptedName(match1); authorship_epig(match1); genus_from_scientificName; family_WFO; order_majorGroup_WCVP [2026-03-12] | CoordinateCleaner QA applied without sea test (validity, equal, zeros, capitals, centroids, gbif, institutions) [2026-03-29]","accents and special characters corrected in recordNumber / standardized author names and accents corrected in recordedBy","Nallarett Dávila","Dávila 5636",""
"74","AMAZ_74","PreservedSpecimen","Collection",NA,"AMAZ","SPECIES","Angiosperms","Gentry, A.","Gentry 45343","Croat, T.B.","H","AMAZ2024",1,"Anthurium dombeyanum",-5.75,-77.6666666666667,"1984-02-10","change1: Trimmed whitespace in verbatimScientificName (and standardized blanks to NA) | change2: Filled coordinateUncertaintyInMeters from decimal-place precision (conservative). | epi_taxo: acceptedName(match1); authorship_epig(match1); genus_from_scientificName; family_WFO; order_majorGroup_WCVP [2026-03-12] | CoordinateCleaner QA applied without sea test (validity, equal, zeros, capitals, centroids, gbif, institutions) [2026-03-29]","standardized author names and accents corrected in recordedBy","A. Gentry","Gentry 45343","Croat, T.B."
"75","AMAZ_75","PreservedSpecimen","Collection",NA,"AMAZ","SPECIES","Angiosperms","Ayala, F.","Ayala 745","Croat, T.B.","H","AMAZ2024",1,"Anthurium eminens",NA,NA,"1974-11-20","change1: Set (0,0) to NA (Null Island placeholder). | epi_taxo: acceptedName(match1); authorship_epig(match1); genus_from_scientificName; family_WFO; order_majorGroup_WCVP [2026-03-12] | CoordinateCleaner QA applied without sea test (validity, equal, zeros, capitals, centroids, gbif, institutions) [2026-03-29]","standardized author names and accents corrected in recordedBy","F. Ayala","Ayala 745","Croat, T.B."
"76","AMAZ_76","PreservedSpecimen","Collection",NA,"AMAZ","SPECIES","Angiosperms","Gentry, A.","Gentry 29746","Croat, T.B.","H","AMAZ2024",1,"Anthurium eminens",-2.8,-76.4666666666667,"1980-08-15","change1: Filled coordinateUncertaintyInMeters from decimal-place precision (conservative). | epi_taxo: acceptedName(match1); authorship_epig(match1); genus_from_scientificName; family_WFO; order_majorGroup_WCVP [2026-03-12] | CoordinateCleaner QA applied without sea test (validity, equal, zeros, capitals, centroids, gbif, institutions) [2026-03-29]","standardized author names and accents corrected in recordedBy","A. Gentry","Gentry 29746","Croat, T.B."
"77","AMAZ_77","PreservedSpecimen","Collection",NA,"AMAZ","SPECIES","Angiosperms","Gentry, A.","Gentry 29178","Croat, T.B.","H","AMAZ2024",1,"Anthurium eminens",-3.46666666666667,-72.8,"1980-07-28","change1: Filled coordinateUncertaintyInMeters from decimal-place precision (conservative). | epi_taxo: acceptedName(match1); authorship_epig(match1); genus_from_scientificName; family_WFO; order_majorGroup_WCVP [2026-03-12] | CoordinateCleaner QA applied without sea test (validity, equal, zeros, capitals, centroids, gbif, institutions) [2026-03-29]","standardized author names and accents corrected in recordedBy","A. Gentry","Gentry 29178","Croat, T.B."
"78","AMAZ_78","PreservedSpecimen","Collection",NA,"AMAZ","SPECIES","Angiosperms","Gentry, A.","Gentry 31364","Croat, T.B.","H","AMAZ2024",1,"Anthurium eminens",-3.46666666666667,-72.8,"1981-02-18","change1: Filled coordinateUncertaintyInMeters from decimal-place precision (conservative). | epi_taxo: acceptedName(match1); authorship_epig(match1); genus_from_scientificName; family_WFO; order_majorGroup_WCVP [2026-03-12] | CoordinateCleaner QA applied without sea test (validity, equal, zeros, capitals, centroids, gbif, institutions) [2026-03-29]","standardized author names and accents corrected in recordedBy","A. Gentry","Gentry 31364","Croat, T.B."
"79","AMAZ_79","PreservedSpecimen","Collection",NA,"AMAZ","SPECIES","Angiosperms","Lewis, W.","Lewis 4095","Vasquez, R.","H","AMAZ2024",1,"Anthurium eminens",NA,NA,"1982-11-28","change1: Set (0,0) to NA (Null Island placeholder). | epi_taxo: acceptedName(match1); authorship_epig(match1); genus_from_scientificName; family_WFO; order_majorGroup_WCVP [2026-03-12] | CoordinateCleaner QA applied without sea test (validity, equal, zeros, capitals, centroids, gbif, institutions) [2026-03-29]","standardized author names and accents corrected in recordedBy","W. Lewis","Lewis 4095","Vasquez, R."
"80","AMAZ_80","PreservedSpecimen","Collection",NA,"AMAZ","SPECIES","Angiosperms","Smith, D.","Smith 2681","Lingan-Ch, J.","H","AMAZ2024",1,"Anthurium eminens",-10.4166666666667,-78.1666666666667,"1982-10-26","change1: Filled coordinateUncertaintyInMeters from decimal-place precision (conservative). | epi_taxo: acceptedName(match1); authorship_epig(match1); genus_from_scientificName; family_WFO; order_majorGroup_WCVP [2026-03-12] | CoordinateCleaner QA applied without sea test (validity, equal, zeros, capitals, centroids, gbif, institutions) [2026-03-29]","standardized author names and accents corrected in recordedBy","D. Smith","Smith 2681","Lingan-Ch, J."
"81","AMAZ_81","PreservedSpecimen","Collection",NA,"AMAZ","SPECIES","Angiosperms","Gentry, A.","Gentry 39566","Croat, T.B.","H","AMAZ2024",1,"Anthurium eminens",-3,-73.4666666666667,"1983-01-20","change1: Filled coordinateUncertaintyInMeters from decimal-place precision (conservative). | epi_taxo: acceptedName(match1); authorship_epig(match1); genus_from_scientificName; family_WFO; order_majorGroup_WCVP [2026-03-12] | CoordinateCleaner QA applied without sea test (validity, equal, zeros, capitals, centroids, gbif, institutions) [2026-03-29]","standardized author names and accents corrected in recordedBy","A. Gentry","Gentry 39566","Croat, T.B."
"82","AMAZ_82","PreservedSpecimen","Collection",NA,"AMAZ","SPECIES","Angiosperms","Smith, D.","Smith 3785","Croat, T.B.","H","AMAZ2024",1,"Anthurium eminens",-10.2,-75.2333333333333,"1983-04-20","change1: Filled coordinateUncertaintyInMeters from decimal-place precision (conservative). | epi_taxo: acceptedName(match1); authorship_epig(match1); genus_from_scientificName; family_WFO; order_majorGroup_WCVP [2026-03-12] | CoordinateCleaner QA applied without sea test (validity, equal, zeros, capitals, centroids, gbif, institutions) [2026-03-29]","standardized author names and accents corrected in recordedBy","D. Smith","Smith 3785","Croat, T.B."
"83","AMAZ_83","PreservedSpecimen","Collection",NA,"AMAZ","SPECIES","Angiosperms","Vasquez, R.","Vasquez 7196 A","Croat, T.B.","H","AMAZ2024",1,"Anthurium eminens",-4.25,-72.6666666666667,"1986-02-21","change1: Filled coordinateUncertaintyInMeters from decimal-place precision (conservative). | epi_taxo: acceptedName(match1); authorship_epig(match1); genus_from_scientificName; family_WFO; order_majorGroup_WCVP [2026-03-12] | CoordinateCleaner QA applied without sea test (validity, equal, zeros, capitals, centroids, gbif, institutions) [2026-03-29]","accents and special characters corrected in recordNumber / standardized author names and accents corrected in recordedBy","R. Vásquez","Vásquez 7196 A","Croat, T.B."
"84","AMAZ_84","PreservedSpecimen","Collection",NA,"AMAZ","SPECIES","Angiosperms","Vasquez, R.","Vasquez 7267","Croat, T.B.","H","AMAZ2024",1,"Anthurium eminens",-4.33333333333333,-71.9166666666667,"1986-03-02","change1: Filled coordinateUncertaintyInMeters from decimal-place precision (conservative). | epi_taxo: acceptedName(match1); authorship_epig(match1); genus_from_scientificName; family_WFO; order_majorGroup_WCVP [2026-03-12] | CoordinateCleaner QA applied without sea test (validity, equal, zeros, capitals, centroids, gbif, institutions) [2026-03-29]","accents and special characters corrected in recordNumber / standardized author names and accents corrected in recordedBy","R. Vásquez","Vásquez 7267","Croat, T.B."
"85","AMAZ_85","PreservedSpecimen","Collection",NA,"AMAZ","SPECIES","Angiosperms","Vasquez, R.","Vasquez 494","Croat, T.B.","H","AMAZ2024",1,"Anthurium eminens",-3.5,-72.8333333333333,"1980-10-17","change1: Filled coordinateUncertaintyInMeters from decimal-place precision (conservative). | epi_taxo: acceptedName(match1); authorship_epig(match1); genus_from_scientificName; family_WFO; order_majorGroup_WCVP [2026-03-12] | CoordinateCleaner QA applied without sea test (validity, equal, zeros, capitals, centroids, gbif, institutions) [2026-03-29]","accents and special characters corrected in recordNumber / standardized author names and accents corrected in recordedBy","R. Vásquez","Vásquez 494","Croat, T.B."
"86","AMAZ_86","PreservedSpecimen","Collection",NA,"AMAZ","SPECIES","Angiosperms","Chavez, E.","Chavez 90","","","AMAZ2024",1,"Anthurium eminens",-4.75,-78.5,"1997-10-15","change1: Filled coordinateUncertaintyInMeters from decimal-place precision (conservative). | epi_taxo: acceptedName(match1); authorship_epig(match1); genus_from_scientificName; family_WFO; order_majorGroup_WCVP [2026-03-12] | CoordinateCleaner QA applied without sea test (validity, equal, zeros, capitals, centroids, gbif, institutions) [2026-03-29]","standardized author names and accents corrected in recordedBy","E. Chavez","Chavez 90",""
"87","AMAZ_87","PreservedSpecimen","Collection",NA,"AMAZ","SPECIES","Angiosperms","Lingan, J.","Lingan 398","Croat, T.B.","H","AMAZ2024",1,"Anthurium eminens",-10.1833333333333,-75.5666666666667,"2003-04-08","change1: Filled coordinateUncertaintyInMeters from decimal-place precision (conservative). | epi_taxo: acceptedName(match1); authorship_epig(match1); genus_from_scientificName; family_WFO; order_majorGroup_WCVP [2026-03-12] | CoordinateCleaner QA applied without sea test (validity, equal, zeros, capitals, centroids, gbif, institutions) [2026-03-29]","accents and special characters corrected in recordNumber / standardized author names and accents corrected in recordedBy","J. Lingán","Lingán 398","Croat, T.B."
"88","AMAZ_88","PreservedSpecimen","Collection",NA,"AMAZ","SPECIES","Angiosperms","Vasquez, R.","Vasquez 848","Croat, T.B.","H","AMAZ2024",1,"Anthurium ernestii",-2.91666666666667,-76.4166666666667,"1980-11-21","change1: Filled coordinateUncertaintyInMeters from decimal-place precision (conservative). | epi_taxo: acceptedName(match1); authorship_epig(match1); genus_from_scientificName; family_WFO; order_majorGroup_WCVP [2026-03-12] | CoordinateCleaner QA applied without sea test (validity, equal, zeros, capitals, centroids, gbif, institutions) [2026-03-29]","accents and special characters corrected in recordNumber / standardized author names and accents corrected in recordedBy","R. Vásquez","Vásquez 848","Croat, T.B."
"89","AMAZ_89","PreservedSpecimen","Collection",NA,"AMAZ","SPECIES","Angiosperms","Vasquez, R.","Vasquez 1139","Croat, T.B.","H","AMAZ2024",1,"Anthurium ernestii",-3.7,-72.8333333333333,"1980-12-22","change1: Filled coordinateUncertaintyInMeters from decimal-place precision (conservative). | epi_taxo: acceptedName(match1); authorship_epig(match1); genus_from_scientificName; family_WFO; order_majorGroup_WCVP [2026-03-12] | CoordinateCleaner QA applied without sea test (validity, equal, zeros, capitals, centroids, gbif, institutions) [2026-03-29]","accents and special characters corrected in recordNumber / standardized author names and accents corrected in recordedBy","R. Vásquez","Vásquez 1139","Croat, T.B."
"90","AMAZ_90","PreservedSpecimen","Collection",NA,"AMAZ","SPECIES","Angiosperms","Ayala, F.","Ayala 4269","Croat, T.B.","H","AMAZ2024",1,"Anthurium ernestii",NA,NA,"1983-08-25","change1: Trimmed whitespace in scientificName (and standardized blanks to NA) | change2: Trimmed whitespace in verbatimScientificName (and standardized blanks to NA) | change3: Trimmed whitespace in identifiedBy (and standardized blanks to NA) | change4: Set (0,0) to NA (Null Island placeholder). | epi_taxo: acceptedName(match1); authorship_epig(match1); genus_from_scientificName; family_WFO; order_majorGroup_WCVP [2026-03-12] | CoordinateCleaner QA applied without sea test (validity, equal, zeros, capitals, centroids, gbif, institutions) [2026-03-29]","standardized author names and accents corrected in recordedBy","F. Ayala","Ayala 4269","Croat, T.B."
"91","AMAZ_91","PreservedSpecimen","Collection",NA,"AMAZ","SPECIES","Angiosperms","Croat, T.","Croat 61762","Croat, T.B.","H","AMAZ2024",1,"Anthurium ernestii",-3.4,-72.8166666666667,"1986-07-25","change1: Filled coordinateUncertaintyInMeters from decimal-place precision (conservative). | epi_taxo: acceptedName(match1); authorship_epig(match1); genus_from_scientificName; family_WFO; order_majorGroup_WCVP [2026-03-12] | CoordinateCleaner QA applied without sea test (validity, equal, zeros, capitals, centroids, gbif, institutions) [2026-03-29]","standardized author names and accents corrected in recordedBy","T. Croat","Croat 61762","Croat, T.B."
"92","AMAZ_92","PreservedSpecimen","Collection",NA,"AMAZ","SPECIES","Angiosperms","Diaz, C.","Diaz 680","Croat, T.B.","","AMAZ2024",1,"Anthurium ernestii",-8.75,-75.0833333333333,"1978-12-03","change1: Filled coordinateUncertaintyInMeters from decimal-place precision (conservative). | epi_taxo: acceptedName(match1); authorship_epig(match1); genus_from_scientificName; family_WFO; order_majorGroup_WCVP [2026-03-12] | CoordinateCleaner QA applied without sea test (validity, equal, zeros, capitals, centroids, gbif, institutions) [2026-03-29]","accents and special characters corrected in recordNumber / standardized author names and accents corrected in recordedBy","C. Díaz","Díaz 680","Croat, T.B."
"93","AMAZ_93","PreservedSpecimen","Collection",NA,"AMAZ","SPECIES","Angiosperms","Ruiz, J.","Ruiz 5874","Ruiz, J.","H","AMAZ2024",1,"Anthurium ernestii",NA,NA,"2006-05-18","change1: Set (0,0) to NA (Null Island placeholder). | epi_taxo: acceptedName(match1); authorship_epig(match1); genus_from_scientificName; family_WFO; order_majorGroup_WCVP [2026-03-12] | CoordinateCleaner QA applied without sea test (validity, equal, zeros, capitals, centroids, gbif, institutions) [2026-03-29]","standardized author names and accents corrected in recordedBy","J. Ruiz","Ruiz 5874","Ruiz, J."
"94","AMAZ_94","PreservedSpecimen","Collection",NA,"AMAZ","SPECIES","Angiosperms","Campos, J.","Campos 2743","Croat, T.B.","H","AMAZ2024",1,"Anthurium formosum",-15.2833333333333,-78.7,"1996-05-15","change1: Trimmed whitespace in scientificName (and standardized blanks to NA) | change2: Trimmed whitespace in verbatimScientificName (and standardized blanks to NA) | change3: Trimmed whitespace in identifiedBy (and standardized blanks to NA) | change4: Filled coordinateUncertaintyInMeters from decimal-place precision (conservative). | epi_taxo: acceptedName(match1); authorship_epig(match1); genus_from_scientificName; family_WFO; order_majorGroup_WCVP [2026-03-12] | CoordinateCleaner QA applied without sea test (validity, equal, zeros, capitals, centroids, gbif, institutions) [2026-03-29]","standardized author names and accents corrected in recordedBy","J. Campos","Campos 2743","Croat, T.B."
"95","AMAZ_95","PreservedSpecimen","Collection",NA,"AMAZ","SPECIES","Angiosperms","Vasquez, R.","Vasquez 20415","Croat, T.B.","","AMAZ2024",1,"Anthurium formosum",-4.91666666666667,-78.8333333333333,"1995-10-27","change1: Filled coordinateUncertaintyInMeters from decimal-place precision (conservative). | epi_taxo: acceptedName(match1); authorship_epig(match1); genus_from_scientificName; family_WFO; order_majorGroup_WCVP [2026-03-12] | CoordinateCleaner QA applied without sea test (validity, equal, zeros, capitals, centroids, gbif, institutions) [2026-03-29]","accents and special characters corrected in recordNumber / standardized author names and accents corrected in recordedBy","R. Vásquez","Vásquez 20415","Croat, T.B."
"96","AMAZ_96","PreservedSpecimen","Collection",NA,"AMAZ","SPECIES","Angiosperms","Revilla, J.","Revilla 1609","Croat, T.B.","","AMAZ2024",1,"Anthurium gracile",NA,NA,"1976-10-22","change1: Set (0,0) to NA (Null Island placeholder). | epi_taxo: acceptedName(match1); authorship_epig(match1); genus_from_scientificName; family_WFO; order_majorGroup_WCVP [2026-03-12] | CoordinateCleaner QA applied without sea test (validity, equal, zeros, capitals, centroids, gbif, institutions) [2026-03-29]","standardized author names and accents corrected in recordedBy","J. Revilla","Revilla 1609","Croat, T.B."
"97","AMAZ_97","PreservedSpecimen","Collection",NA,"AMAZ","SPECIES","Angiosperms","Ayala, F.","Ayala 2501","Croat, T.B.","H","AMAZ2024",1,"Anthurium gracile",NA,NA,"1979-12-14","change1: Set (0,0) to NA (Null Island placeholder). | epi_taxo: acceptedName(match1); authorship_epig(match1); genus_from_scientificName; family_WFO; order_majorGroup_WCVP [2026-03-12] | CoordinateCleaner QA applied without sea test (validity, equal, zeros, capitals, centroids, gbif, institutions) [2026-03-29]","standardized author names and accents corrected in recordedBy","F. Ayala","Ayala 2501","Croat, T.B."
"98","AMAZ_98","PreservedSpecimen","Collection",NA,"AMAZ","SPECIES","Angiosperms","Vasquez, R.","Vasquez 754","Croat, T.B.","H","AMAZ2024",1,"Anthurium gracile",-3.5,-73.1666666666667,"1980-11-13","change1: Filled coordinateUncertaintyInMeters from decimal-place precision (conservative). | epi_taxo: acceptedName(match1); authorship_epig(match1); genus_from_scientificName; family_WFO; order_majorGroup_WCVP [2026-03-12] | CoordinateCleaner QA applied without sea test (validity, equal, zeros, capitals, centroids, gbif, institutions) [2026-03-29]","accents and special characters corrected in recordNumber / standardized author names and accents corrected in recordedBy","R. Vásquez","Vásquez 754","Croat, T.B."
"99","AMAZ_99","PreservedSpecimen","Collection",NA,"AMAZ","SPECIES","Angiosperms","Vasquez, R.","Vasquez 970","Lingan-Ch, J.","H","AMAZ2024",1,"Anthurium gracile",-5.08333333333333,-73.8333333333333,"1980-12-07","change1: Filled coordinateUncertaintyInMeters from decimal-place precision (conservative). | epi_taxo: acceptedName(match1); authorship_epig(match1); genus_from_scientificName; family_WFO; order_majorGroup_WCVP [2026-03-12] | CoordinateCleaner QA applied without sea test (validity, equal, zeros, capitals, centroids, gbif, institutions) [2026-03-29]","accents and special characters corrected in recordNumber / standardized author names and accents corrected in recordedBy","R. Vásquez","Vásquez 970","Lingan-Ch, J."
"100","AMAZ_100","PreservedSpecimen","Collection",NA,"AMAZ","SPECIES","Angiosperms","Arevalo, E.","Arevalo 226","","H","AMAZ2024",1,"Anthurium gracile",NA,NA,"1984-08-22","change1: Set (0,0) to NA (Null Island placeholder). | epi_taxo: acceptedName(match1); authorship_epig(match1); genus_from_scientificName; family_WFO; order_majorGroup_WCVP [2026-03-12] | CoordinateCleaner QA applied without sea test (validity, equal, zeros, capitals, centroids, gbif, institutions) [2026-03-29]","accents and special characters corrected in recordNumber / standardized author names and accents corrected in recordedBy","E. Arévalo","Arévalo 226",""
"101","AMAZ_101","PreservedSpecimen","Collection",NA,"AMAZ","SPECIES","Angiosperms","Croat, T.","Croat 61695","","H","AMAZ2024",1,"Anthurium gracile",-3.4,-72.8166666666667,"1986-07-25","change1: Filled coordinateUncertaintyInMeters from decimal-place precision (conservative). | epi_taxo: acceptedName(match1); authorship_epig(match1); genus_from_scientificName; family_WFO; order_majorGroup_WCVP [2026-03-12] | CoordinateCleaner QA applied without sea test (validity, equal, zeros, capitals, centroids, gbif, institutions) [2026-03-29]","standardized author names and accents corrected in recordedBy","T. Croat","Croat 61695",""
"102","AMAZ_102","PreservedSpecimen","Collection",NA,"AMAZ","SPECIES","Angiosperms","Croat, T.","Croat 61647","","H","AMAZ2024",1,"Anthurium gracile",-3.38333333333333,-73.0333333333333,"1986-07-25","change1: Filled coordinateUncertaintyInMeters from decimal-place precision (conservative). | epi_taxo: acceptedName(match1); authorship_epig(match1); genus_from_scientificName; family_WFO; order_majorGroup_WCVP [2026-03-12] | CoordinateCleaner QA applied without sea test (validity, equal, zeros, capitals, centroids, gbif, institutions) [2026-03-29]","standardized author names and accents corrected in recordedBy","T. Croat","Croat 61647",""
"103","AMAZ_103","PreservedSpecimen","Collection",NA,"AMAZ","SPECIES","Angiosperms","Ayala, F.","Ayala 5931","","H","AMAZ2024",1,"Anthurium gracile",NA,NA,"1987-12-14","change1: Set (0,0) to NA (Null Island placeholder). | epi_taxo: acceptedName(match1); authorship_epig(match1); genus_from_scientificName; family_WFO; order_majorGroup_WCVP [2026-03-12] | CoordinateCleaner QA applied without sea test (validity, equal, zeros, capitals, centroids, gbif, institutions) [2026-03-29]","standardized author names and accents corrected in recordedBy","F. Ayala","Ayala 5931",""
"104","AMAZ_104","PreservedSpecimen","Collection",NA,"AMAZ","SPECIES","Angiosperms","Ayala, F.","Ayala 5947","","H","AMAZ2024",1,"Anthurium gracile",NA,NA,"1987-12-29","change1: Set (0,0) to NA (Null Island placeholder). | epi_taxo: acceptedName(match1); authorship_epig(match1); genus_from_scientificName; family_WFO; order_majorGroup_WCVP [2026-03-12] | CoordinateCleaner QA applied without sea test (validity, equal, zeros, capitals, centroids, gbif, institutions) [2026-03-29]","standardized author names and accents corrected in recordedBy","F. Ayala","Ayala 5947",""
"105","AMAZ_105","PreservedSpecimen","Collection",NA,"AMAZ","SPECIES","Angiosperms","Ayala, F.","Ayala 3329","Lingan-Ch, J.","H","AMAZ2024",1,"Anthurium gracile",NA,NA,"1982-04-24","change1: Set (0,0) to NA (Null Island placeholder). | epi_taxo: acceptedName(match1); authorship_epig(match1); genus_from_scientificName; family_WFO; order_majorGroup_WCVP [2026-03-12] | CoordinateCleaner QA applied without sea test (validity, equal, zeros, capitals, centroids, gbif, institutions) [2026-03-29]","standardized author names and accents corrected in recordedBy","F. Ayala","Ayala 3329","Lingan-Ch, J."
"106","AMAZ_106","PreservedSpecimen","Collection",NA,"AMAZ","SPECIES","Angiosperms","Ruiz, J.","Ruiz 91","Lingan-Ch, J.","H","AMAZ2024",1,"Anthurium gracile",NA,NA,"1981-04-20","change1: Set (0,0) to NA (Null Island placeholder). | epi_taxo: acceptedName(match1); authorship_epig(match1); genus_from_scientificName; family_WFO; order_majorGroup_WCVP [2026-03-12] | CoordinateCleaner QA applied without sea test (validity, equal, zeros, capitals, centroids, gbif, institutions) [2026-03-29]","accents and special characters corrected in recordNumber / standardized author names and accents corrected in recordedBy","J. Ruíz","Ruíz 91","Lingan-Ch, J."
"107","AMAZ_107","PreservedSpecimen","Collection",NA,"AMAZ","SPECIES","Angiosperms","Rimachi, M.","Rimachi 12258","","H","AMAZ2024",1,"Anthurium gracile",NA,NA,"1998-04-07","change1: Set (0,0) to NA (Null Island placeholder). | epi_taxo: acceptedName(match1); authorship_epig(match1); genus_from_scientificName; family_WFO; order_majorGroup_WCVP [2026-03-12] | CoordinateCleaner QA applied without sea test (validity, equal, zeros, capitals, centroids, gbif, institutions) [2026-03-29]","standardized author names and accents corrected in recordedBy","M. Rimachi","Rimachi 12258",""
"108","AMAZ_108","PreservedSpecimen","Collection",NA,"AMAZ","SPECIES","Angiosperms","Vasquez, R.","Vasquez 7189","Croat, T.B.","H","AMAZ2024",1,"Anthurium gracile",-4.25,-72.6666666666667,"1986-02-21","change1: Filled coordinateUncertaintyInMeters from decimal-place precision (conservative). | epi_taxo: acceptedName(match1); authorship_epig(match1); genus_from_scientificName; family_WFO; order_majorGroup_WCVP [2026-03-12] | CoordinateCleaner QA applied without sea test (validity, equal, zeros, capitals, centroids, gbif, institutions) [2026-03-29]","accents and special characters corrected in recordNumber / standardized author names and accents corrected in recordedBy","R. Vásquez","Vásquez 7189","Croat, T.B."
"109","AMAZ_109","PreservedSpecimen","Collection",NA,"AMAZ","SPECIES","Angiosperms","Davila, N.","Davila 1139","","H","AMAZ2024",1,"Anthurium gracile",-6.43777777777778,-74.2675,"2005-10-31","change1: Filled coordinateUncertaintyInMeters from decimal-place precision (conservative). | epi_taxo: acceptedName(match1); authorship_epig(match1); genus_from_scientificName; family_WFO; order_majorGroup_WCVP [2026-03-12] | CoordinateCleaner QA applied without sea test (validity, equal, zeros, capitals, centroids, gbif, institutions) [2026-03-29]","accents and special characters corrected in recordNumber / standardized author names and accents corrected in recordedBy","Nallarett Dávila","Dávila 1139",""
"110","AMAZ_110","PreservedSpecimen","Collection",NA,"AMAZ","SPECIES","Angiosperms","Ruiz, J.","Ruiz 5844","Ruiz, J.","H","AMAZ2024",1,"Anthurium gracile",NA,NA,"2006-05-16","change1: Set (0,0) to NA (Null Island placeholder). | epi_taxo: acceptedName(match1); authorship_epig(match1); genus_from_scientificName; family_WFO; order_majorGroup_WCVP [2026-03-12] | CoordinateCleaner QA applied without sea test (validity, equal, zeros, capitals, centroids, gbif, institutions) [2026-03-29]","","Ruiz, J.","Ruiz 5844","Ruiz, J."
"111","AMAZ_111","PreservedSpecimen","Collection",NA,"AMAZ","SPECIES","Angiosperms","Lingan, J.","Lingan 341","Croat, T.B.","H","AMAZ2024",1,"Anthurium gracilipedunculatum",-10.55,-75.3666666666667,"2003-03-13","change1: Filled coordinateUncertaintyInMeters from decimal-place precision (conservative). | epi_taxo: acceptedName(match1); authorship_epig(match1); genus_from_scientificName; family_WFO; order_majorGroup_WCVP [2026-03-12] | CoordinateCleaner QA applied without sea test (validity, equal, zeros, capitals, centroids, gbif, institutions) [2026-03-29]","accents and special characters corrected in recordNumber / standardized author names and accents corrected in recordedBy","J. Lingán","Lingán 341","Croat, T.B."
"112","AMAZ_112","PreservedSpecimen","Collection",NA,"AMAZ","SPECIES","Angiosperms","Vasquez, R.","Vasquez 9513","Croat, T.B.","H","AMAZ2024",3,"Anthurium lacerdae",-3.8,-73.4166666666667,"1987-09-03","change1: Filled coordinateUncertaintyInMeters from decimal-place precision (conservative). | epi_taxo: acceptedName(match1); authorship_epig(match1); genus_from_scientificName; family_WFO; order_majorGroup_WCVP [2026-03-12] | CoordinateCleaner QA applied without sea test (validity, equal, zeros, capitals, centroids, gbif, institutions) [2026-03-29]","accents and special characters corrected in recordNumber / standardized author names and accents corrected in recordedBy","R. Vásquez","Vásquez 9513","Croat, T.B."
"113","AMAZ_113","PreservedSpecimen","Collection",NA,"AMAZ","SPECIES","Angiosperms","Lingan, J.","Lingan 337","Croat, T.B.","H","AMAZ2024",1,"Anthurium incurvatum",-10.55,-75.3666666666667,"2003-03-13","change1: Filled coordinateUncertaintyInMeters from decimal-place precision (conservative). | epi_taxo: acceptedName(match1); authorship_epig(match1); genus_from_scientificName; family_WFO; order_majorGroup_WCVP [2026-03-12] | CoordinateCleaner QA applied without sea test (validity, equal, zeros, capitals, centroids, gbif, institutions) [2026-03-29]","accents and special characters corrected in recordNumber / standardized author names and accents corrected in recordedBy","J. Lingán","Lingán 337","Croat, T.B."
"114","AMAZ_114","PreservedSpecimen","Collection",NA,"AMAZ","SPECIES","Angiosperms","Lingan, J.","Lingan 337","Croat, T.B.","H","AMAZ2024",1,"Anthurium incurvatum",-10.55,-75.3666666666667,"2003-03-13","change1: Filled coordinateUncertaintyInMeters from decimal-place precision (conservative). | epi_taxo: acceptedName(match1); authorship_epig(match1); genus_from_scientificName; family_WFO; order_majorGroup_WCVP [2026-03-12] | CoordinateCleaner QA applied without sea test (validity, equal, zeros, capitals, centroids, gbif, institutions) [2026-03-29]","accents and special characters corrected in recordNumber / standardized author names and accents corrected in recordedBy","J. Lingán","Lingán 337","Croat, T.B."
"115","AMAZ_115","PreservedSpecimen","Collection",NA,"AMAZ","SPECIES","Angiosperms","Ayala, F.","Ayala 2481","Croat, T.B.","H","AMAZ2024",1,"Anthurium kunthii",NA,NA,"1979-12-13","change1: Set (0,0) to NA (Null Island placeholder). | epi_taxo: acceptedName(match1); authorship_epig(match1); genus_from_scientificName; family_WFO; order_majorGroup_WCVP [2026-03-12] | CoordinateCleaner QA applied without sea test (validity, equal, zeros, capitals, centroids, gbif, institutions) [2026-03-29]","standardized author names and accents corrected in recordedBy","F. Ayala","Ayala 2481","Croat, T.B."
"116","AMAZ_116","PreservedSpecimen","Collection",NA,"AMAZ","SPECIES","Angiosperms","Ayala, F.","Ayala 2185","","H","AMAZ2024",1,"Anthurium kunthii",NA,NA,"1979-10-23","change1: Set (0,0) to NA (Null Island placeholder). | epi_taxo: acceptedName(match1); authorship_epig(match1); genus_from_scientificName; family_WFO; order_majorGroup_WCVP [2026-03-12] | CoordinateCleaner QA applied without sea test (validity, equal, zeros, capitals, centroids, gbif, institutions) [2026-03-29]","standardized author names and accents corrected in recordedBy","F. Ayala","Ayala 2185",""
"117","AMAZ_117","PreservedSpecimen","Collection",NA,"AMAZ","SPECIES","Angiosperms","Murphy, H.","Murphy 52","","H","AMAZ2024",1,"Anthurium kunthii",NA,NA,"1981-07-28","change1: Set (0,0) to NA (Null Island placeholder). | epi_taxo: acceptedName(match1); authorship_epig(match1); genus_from_scientificName; family_WFO; order_majorGroup_WCVP [2026-03-12] | CoordinateCleaner QA applied without sea test (validity, equal, zeros, capitals, centroids, gbif, institutions) [2026-03-29]","standardized author names and accents corrected in recordedBy","H. Murphy","Murphy 52",""
"118","AMAZ_118","PreservedSpecimen","Collection",NA,"AMAZ","SPECIES","Angiosperms","Vasquez, R.","Vasquez 755","Croat, T.B.","H","AMAZ2024",1,"Anthurium kunthii",-3.5,-73.1666666666667,"1980-11-13","change1: Filled coordinateUncertaintyInMeters from decimal-place precision (conservative). | epi_taxo: acceptedName(match1); authorship_epig(match1); genus_from_scientificName; family_WFO; order_majorGroup_WCVP [2026-03-12] | CoordinateCleaner QA applied without sea test (validity, equal, zeros, capitals, centroids, gbif, institutions) [2026-03-29]","accents and special characters corrected in recordNumber / standardized author names and accents corrected in recordedBy","R. Vásquez","Vásquez 755","Croat, T.B."
"119","AMAZ_119","PreservedSpecimen","Collection",NA,"AMAZ","SPECIES","Angiosperms","Vasquez, R.","Vasquez 7283","Croat, T.B.","H","AMAZ2024",1,"Anthurium kunthii",-4.33333333333333,-71.9166666666667,"1986-03-02","change1: Filled coordinateUncertaintyInMeters from decimal-place precision (conservative). | epi_taxo: acceptedName(match1); authorship_epig(match1); genus_from_scientificName; family_WFO; order_majorGroup_WCVP [2026-03-12] | CoordinateCleaner QA applied without sea test (validity, equal, zeros, capitals, centroids, gbif, institutions) [2026-03-29]","accents and special characters corrected in recordNumber / standardized author names and accents corrected in recordedBy","R. Vásquez","Vásquez 7283","Croat, T.B."
"120","AMAZ_120","PreservedSpecimen","Collection",NA,"AMAZ","SPECIES","Angiosperms","Rimachi, M.","Rimachi 12280","","H","AMAZ2024",1,"Anthurium kunthii",NA,NA,"1998-06-30","change1: Set (0,0) to NA (Null Island placeholder). | epi_taxo: acceptedName(match1); authorship_epig(match1); genus_from_scientificName; family_WFO; order_majorGroup_WCVP [2026-03-12] | CoordinateCleaner QA applied without sea test (validity, equal, zeros, capitals, centroids, gbif, institutions) [2026-03-29]","standardized author names and accents corrected in recordedBy","Manuel Rimachi","Rimachi 12280",""
"121","AMAZ_121","PreservedSpecimen","Collection",NA,"AMAZ","SPECIES","Angiosperms","Vasquez, R.","Vasquez 11325","Croat, T.B.","H","AMAZ2024",1,"Anthurium kunthii",-3.46666666666667,-72.8333333333333,"1988-12-03","change1: Filled coordinateUncertaintyInMeters from decimal-place precision (conservative). | epi_taxo: acceptedName(match1); authorship_epig(match1); genus_from_scientificName; family_WFO; order_majorGroup_WCVP [2026-03-12] | CoordinateCleaner QA applied without sea test (validity, equal, zeros, capitals, centroids, gbif, institutions) [2026-03-29]","accents and special characters corrected in recordNumber / standardized author names and accents corrected in recordedBy","R. Vásquez","Vásquez 11325","Croat, T.B."
"122","AMAZ_122","PreservedSpecimen","Collection",NA,"AMAZ","SPECIES","Angiosperms","Rimachi, M.","Rimachi 11993","","H","AMAZ2024",1,"Anthurium kunthii",NA,NA,"1997-07-22","change1: Set (0,0) to NA (Null Island placeholder). | epi_taxo: acceptedName(match1); authorship_epig(match1); genus_from_scientificName; family_WFO; order_majorGroup_WCVP [2026-03-12] | CoordinateCleaner QA applied without sea test (validity, equal, zeros, capitals, centroids, gbif, institutions) [2026-03-29]","standardized author names and accents corrected in recordedBy","Manuel Rimachi","Rimachi 11993",""
"123","AMAZ_123","PreservedSpecimen","Collection",NA,"AMAZ","SPECIES","Angiosperms","Gentry, A.","Gentry 55706","Croat, T.B.","H","AMAZ2024",1,"Anthurium kunthii",-3.5,-73.0333333333333,"1987-02-12","change1: Filled coordinateUncertaintyInMeters from decimal-place precision (conservative). | epi_taxo: acceptedName(match1); authorship_epig(match1); genus_from_scientificName; family_WFO; order_majorGroup_WCVP [2026-03-12] | CoordinateCleaner QA applied without sea test (validity, equal, zeros, capitals, centroids, gbif, institutions) [2026-03-29]","standardized author names and accents corrected in recordedBy","A. Gentry","Gentry 55706","Croat, T.B."
"124","AMAZ_124","PreservedSpecimen","Collection",NA,"AMAZ","SPECIES","Angiosperms","Huamantupa, I.","Huamantupa 13097","","H","AMAZ2024",1,"Anthurium kunthii",-2.87777777777778,-73.0127777777778,"2009-10-18","change1: Filled coordinateUncertaintyInMeters from decimal-place precision (conservative). | epi_taxo: acceptedName(match1); authorship_epig(match1); genus_from_scientificName; family_WFO; order_majorGroup_WCVP [2026-03-12] | CoordinateCleaner QA applied without sea test (validity, equal, zeros, capitals, centroids, gbif, institutions) [2026-03-29]","standardized author names and accents corrected in recordedBy","I. Huamantupa","Huamantupa 13097",""
"125","AMAZ_125","PreservedSpecimen","Collection",NA,"AMAZ","SPECIES","Angiosperms","Diaz, C.","Diaz 10227","Croat, T.B.","","AMAZ2024",1,"Anthurium lingua",-4.98333333333333,-78.8833333333333,"1998-12-05","change1: Filled coordinateUncertaintyInMeters from decimal-place precision (conservative). | epi_taxo: acceptedName(match1); authorship_epig(match1); genus_from_scientificName; family_WFO; order_majorGroup_WCVP [2026-03-12] | CoordinateCleaner QA applied without sea test (validity, equal, zeros, capitals, centroids, gbif, institutions) [2026-03-29]","accents and special characters corrected in recordNumber / standardized author names and accents corrected in recordedBy","C. Díaz","Díaz 10227","Croat, T.B."
"126","AMAZ_126","PreservedSpecimen","Collection",NA,"AMAZ","SPECIES","Angiosperms","Lingan, J.","Lingan 375","Croat, T.B.","H","AMAZ2024",1,"Anthurium lingua",-10.55,-75.45,"2003-03-28","change1: Filled coordinateUncertaintyInMeters from decimal-place precision (conservative). | epi_taxo: acceptedName(match1); authorship_epig(match1); genus_from_scientificName; family_WFO; order_majorGroup_WCVP [2026-03-12] | CoordinateCleaner QA applied without sea test (validity, equal, zeros, capitals, centroids, gbif, institutions) [2026-03-29]","accents and special characters corrected in recordNumber / standardized author names and accents corrected in recordedBy","J. Lingán","Lingán 375","Croat, T.B."
"127","AMAZ_127","PreservedSpecimen","Collection",NA,"AMAZ","SPECIES","Angiosperms","Diaz, C.","Diaz 8733","Croat, T.B.","","AMAZ2024",1,"Anthurium longistrorsum",-9.15194444444444,-78.3513888888889,"1996-11-27","change1: Filled coordinateUncertaintyInMeters from decimal-place precision (conservative). | epi_taxo: acceptedName(match1); authorship_epig(match1); genus_from_scientificName; family_WFO; order_majorGroup_WCVP [2026-03-12] | CoordinateCleaner QA applied without sea test (validity, equal, zeros, capitals, centroids, gbif, institutions) [2026-03-29]","accents and special characters corrected in recordNumber / standardized author names and accents corrected in recordedBy","C. Díaz","Díaz 8733","Croat, T.B."
"128","AMAZ_128","PreservedSpecimen","Collection",NA,"AMAZ","SPECIES","Angiosperms","Revilla, J.","Revilla 2594","Croat, T.B.","","AMAZ2024",1,"Anthurium loretense",NA,NA,"1977-05-14","change1: Set (0,0) to NA (Null Island placeholder). | epi_taxo: acceptedName(match1); authorship_epig(match1); genus_from_scientificName; family_WFO; order_majorGroup_WCVP [2026-03-12] | CoordinateCleaner QA applied without sea test (validity, equal, zeros, capitals, centroids, gbif, institutions) [2026-03-29]","standardized author names and accents corrected in recordedBy","Juan Revilla","Revilla 2594","Croat, T.B."
"129","AMAZ_129","PreservedSpecimen","Collection",NA,"AMAZ","SPECIES","Angiosperms","Gentry, A.","Gentry 29233","Croat, T.B.","H","AMAZ2024",1,"Anthurium loretense",-4.08333333333333,-72.9666666666667,"1980-07-31","change1: Filled coordinateUncertaintyInMeters from decimal-place precision (conservative). | epi_taxo: acceptedName(match1); authorship_epig(match1); genus_from_scientificName; family_WFO; order_majorGroup_WCVP [2026-03-12] | CoordinateCleaner QA applied without sea test (validity, equal, zeros, capitals, centroids, gbif, institutions) [2026-03-29]","standardized author names and accents corrected in recordedBy","A. Gentry","Gentry 29233","Croat, T.B."
"130","AMAZ_130","PreservedSpecimen","Collection",NA,"AMAZ","SPECIES","Angiosperms","Croat, T.","Croat 61648","Croat, T.B.","H","AMAZ2024",1,"Anthurium loretense",-3.38333333333333,-73.0333333333333,"1986-07-25","change1: Filled coordinateUncertaintyInMeters from decimal-place precision (conservative). | epi_taxo: acceptedName(match1); authorship_epig(match1); genus_from_scientificName; family_WFO; order_majorGroup_WCVP [2026-03-12] | CoordinateCleaner QA applied without sea test (validity, equal, zeros, capitals, centroids, gbif, institutions) [2026-03-29]","standardized author names and accents corrected in recordedBy","T. Croat","Croat 61648","Croat, T.B."
"131","AMAZ_131","PreservedSpecimen","Collection",NA,"AMAZ","SPECIES","Angiosperms","Smith, D.","Smith 2881","Croat, T.B.","H","AMAZ2024",1,"Anthurium loretense",-10.1833333333333,-75.2166666666667,"1982-12-02","change1: Filled coordinateUncertaintyInMeters from decimal-place precision (conservative). | epi_taxo: acceptedName(match1); authorship_epig(match1); genus_from_scientificName; family_WFO; order_majorGroup_WCVP [2026-03-12] | CoordinateCleaner QA applied without sea test (validity, equal, zeros, capitals, centroids, gbif, institutions) [2026-03-29]","standardized author names and accents corrected in recordedBy","D. Smith","Smith 2881","Croat, T.B."
"132","AMAZ_132","PreservedSpecimen","Collection",NA,"AMAZ","SPECIES","Angiosperms","Campos, J.","Campos 2788","","H","AMAZ2024",2,"Anthurium macleani",-5.26666666666667,-78.7166666666667,"1996-05-17","change1: Filled coordinateUncertaintyInMeters from decimal-place precision (conservative). | epi_taxo: acceptedName(match1); authorship_epig(match1); genus_from_scientificName; family_WFO; order_majorGroup_WCVP [2026-03-12] | CoordinateCleaner QA applied without sea test (validity, equal, zeros, capitals, centroids, gbif, institutions) [2026-03-29]","standardized author names and accents corrected in recordedBy","J. Campos","Campos 2788",""
"133","AMAZ_133","PreservedSpecimen","Collection",NA,"AMAZ","SPECIES","Angiosperms","Lingan, J.","Lingan 340","Croat, T.B.","H","AMAZ2024",2,"Anthurium macleani",-10.55,-75.3666666666667,"2003-03-13","change1: Filled coordinateUncertaintyInMeters from decimal-place precision (conservative). | epi_taxo: acceptedName(match1); authorship_epig(match1); genus_from_scientificName; family_WFO; order_majorGroup_WCVP [2026-03-12] | CoordinateCleaner QA applied without sea test (validity, equal, zeros, capitals, centroids, gbif, institutions) [2026-03-29]","accents and special characters corrected in recordNumber / standardized author names and accents corrected in recordedBy","J. Lingán","Lingán 340","Croat, T.B."
"134","AMAZ_134","PreservedSpecimen","Collection",NA,"AMAZ","SPECIES","Angiosperms","Gentry, A.","Gentry 35836","Croat, T.B.","H","AMAZ2024",1,"Anthurium mindense",-10.6666666666667,-75.3333333333333,"1982-03-01","change1: Filled coordinateUncertaintyInMeters from decimal-place precision (conservative). | epi_taxo: acceptedName(match1); authorship_epig(match1); genus_from_scientificName; family_WFO; order_majorGroup_WCVP [2026-03-12] | CoordinateCleaner QA applied without sea test (validity, equal, zeros, capitals, centroids, gbif, institutions) [2026-03-29]","standardized author names and accents corrected in recordedBy","A. Gentry","Gentry 35836","Croat, T.B."
"135","AMAZ_135","PreservedSpecimen","Collection",NA,"AMAZ","SPECIES","Angiosperms","Diaz, C.","Diaz 8746","Croat, T.B.","","AMAZ2024",1,"Anthurium mindense",-6.10916666666667,-78.3486111111111,"1996-12-01","change1: Filled coordinateUncertaintyInMeters from decimal-place precision (conservative). | epi_taxo: acceptedName(match1); authorship_epig(match1); genus_from_scientificName; family_WFO; order_majorGroup_WCVP [2026-03-12] | CoordinateCleaner QA applied without sea test (validity, equal, zeros, capitals, centroids, gbif, institutions) [2026-03-29]","accents and special characters corrected in recordNumber / standardized author names and accents corrected in recordedBy","C. Díaz","Díaz 8746","Croat, T.B."
"136","AMAZ_136","PreservedSpecimen","Collection",NA,"AMAZ","SPECIES","Angiosperms","Lingan, J.","Lingan 339","Croat, T.B.","H","AMAZ2024",1,"Anthurium nigrescens",-10.55,-75.3666666666667,"2003-03-13","change1: Filled coordinateUncertaintyInMeters from decimal-place precision (conservative). | epi_taxo: acceptedName(match1); authorship_epig(match1); genus_from_scientificName; family_WFO; order_majorGroup_WCVP [2026-03-12] | CoordinateCleaner QA applied without sea test (validity, equal, zeros, capitals, centroids, gbif, institutions) [2026-03-29]","accents and special characters corrected in recordNumber / standardized author names and accents corrected in recordedBy","J. Lingán","Lingán 339","Croat, T.B."
"137","AMAZ_137","PreservedSpecimen","Collection",NA,"AMAZ","SPECIES","Angiosperms","Gentry, A.","Gentry 22876","Croat, T.B.","H","AMAZ2024",1,"Anthurium ovatifolium",NA,NA,"1978-06-14","change1: Set (0,0) to NA (Null Island placeholder). | epi_taxo: acceptedName(match1); authorship_epig(match1); genus_from_scientificName; family_WFO; order_majorGroup_WCVP [2026-03-12] | CoordinateCleaner QA applied without sea test (validity, equal, zeros, capitals, centroids, gbif, institutions) [2026-03-29]","standardized author names and accents corrected in recordedBy","A. Gentry","Gentry 22876","Croat, T.B."
"138","AMAZ_138","PreservedSpecimen","Collection",NA,"AMAZ","SPECIES","Angiosperms","Foster, R.","Foster 4217","Brako, L. | Zarucchi, J.L.","H","AMAZ2024",1,"Anthurium oxycarpum",NA,NA,"1978-08-19","change1: Set (0,0) to NA (Null Island placeholder). | epi_taxo: acceptedName(match1); authorship_epig(match1); genus_from_scientificName; family_WFO; order_majorGroup_WCVP [2026-03-12] | CoordinateCleaner QA applied without sea test (validity, equal, zeros, capitals, centroids, gbif, institutions) [2026-03-29]","standardized author names and accents corrected in recordedBy","R. Foster","Foster 4217","Brako, L. | Zarucchi, J.L."
"139","AMAZ_139","PreservedSpecimen","Collection",NA,"AMAZ","SPECIES","Angiosperms","Rimachi, M.","Rimachi 212","","H","AMAZ2024",1,"Anthurium oxycarpum",NA,NA,"1973-04-16","change1: Set (0,0) to NA (Null Island placeholder). | epi_taxo: acceptedName(match1); authorship_epig(match1); genus_from_scientificName; family_WFO; order_majorGroup_WCVP [2026-03-12] | CoordinateCleaner QA applied without sea test (validity, equal, zeros, capitals, centroids, gbif, institutions) [2026-03-29]","standardized author names and accents corrected in recordedBy","Manuel Rimachi","Rimachi 212",""
"140","AMAZ_140","PreservedSpecimen","Collection",NA,"AMAZ","SPECIES","Angiosperms","Gentry, A.","Gentry 39713","Croat, T.B.","H","AMAZ2024",1,"Anthurium oxycarpum",-3.46666666666667,-72.8333333333333,"1983-01-24","change1: Filled coordinateUncertaintyInMeters from decimal-place precision (conservative). | epi_taxo: acceptedName(match1); authorship_epig(match1); genus_from_scientificName; family_WFO; order_majorGroup_WCVP [2026-03-12] | CoordinateCleaner QA applied without sea test (validity, equal, zeros, capitals, centroids, gbif, institutions) [2026-03-29]","standardized author names and accents corrected in recordedBy","A. Gentry","Gentry 39713","Croat, T.B."
"141","AMAZ_141","PreservedSpecimen","Collection",NA,"AMAZ","SPECIES","Angiosperms","Croat, T.","Croat 61679","","H","AMAZ2024",1,"Anthurium oxycarpum",-3.38333333333333,-73.0333333333333,"1986-07-25","change1: Filled coordinateUncertaintyInMeters from decimal-place precision (conservative). | epi_taxo: acceptedName(match1); authorship_epig(match1); genus_from_scientificName; family_WFO; order_majorGroup_WCVP [2026-03-12] | CoordinateCleaner QA applied without sea test (validity, equal, zeros, capitals, centroids, gbif, institutions) [2026-03-29]","standardized author names and accents corrected in recordedBy","T. Croat","Croat 61679",""
"142","AMAZ_142","PreservedSpecimen","Collection",NA,"AMAZ","SPECIES","Angiosperms","Croat, T.","Croat 61739","","H","AMAZ2024",1,"Anthurium oxycarpum",-3.4,-72.8166666666667,"1986-07-25","change1: Filled coordinateUncertaintyInMeters from decimal-place precision (conservative). | epi_taxo: acceptedName(match1); authorship_epig(match1); genus_from_scientificName; family_WFO; order_majorGroup_WCVP [2026-03-12] | CoordinateCleaner QA applied without sea test (validity, equal, zeros, capitals, centroids, gbif, institutions) [2026-03-29]","standardized author names and accents corrected in recordedBy","T. Croat","Croat 61739",""
"143","AMAZ_143","PreservedSpecimen","Collection",NA,"AMAZ","SPECIES","Angiosperms","Vasquez, R.","Vasquez 7830","Croat, T.B.","H","AMAZ2024",1,"Anthurium oxycarpum",-3.58333333333333,-73.25,"1986-08-10","change1: Filled coordinateUncertaintyInMeters from decimal-place precision (conservative). | epi_taxo: acceptedName(match1); authorship_epig(match1); genus_from_scientificName; family_WFO; order_majorGroup_WCVP [2026-03-12] | CoordinateCleaner QA applied without sea test (validity, equal, zeros, capitals, centroids, gbif, institutions) [2026-03-29]","accents and special characters corrected in recordNumber / standardized author names and accents corrected in recordedBy","R. Vásquez","Vásquez 7830","Croat, T.B."
"144","AMAZ_144","PreservedSpecimen","Collection",NA,"AMAZ","SPECIES","Angiosperms","Davila, N.","Davila 1384","Croat, T.B.","H","AMAZ2024",1,"Anthurium oxycarpum",-6.5183,-73.2530222222222,"2004-11-06","change1: Filled coordinateUncertaintyInMeters from decimal-place precision (conservative). | epi_taxo: acceptedName(match1); authorship_epig(match1); genus_from_scientificName; family_WFO; order_majorGroup_WCVP [2026-03-12] | CoordinateCleaner QA applied without sea test (validity, equal, zeros, capitals, centroids, gbif, institutions) [2026-03-29]","accents and special characters corrected in recordNumber / standardized author names and accents corrected in recordedBy","Nallarett Dávila","Dávila 1384","Croat, T.B."
"145","AMAZ_145","PreservedSpecimen","Collection",NA,"AMAZ","SPECIES","Angiosperms","Encarnacion, F.","Encarnacion IIAP/NS/R5145","","","AMAZ2024",1,"Anthurium oxycarpum",-3.68879,-74.67384,"2006-06-29","change1: Filled coordinateUncertaintyInMeters from decimal-place precision (conservative). | epi_taxo: acceptedName(match1); authorship_epig(match1); genus_from_scientificName; family_WFO; order_majorGroup_WCVP [2026-03-12] | CoordinateCleaner QA applied without sea test (validity, equal, zeros, capitals, centroids, gbif, institutions) [2026-03-29]","accents and special characters corrected in recordNumber / standardized author names and accents corrected in recordedBy","F. Encarnación","Encarnación IIAP/NS/R5145",""
"146","AMAZ_146","PreservedSpecimen","Collection",NA,"AMAZ","SPECIES","Angiosperms","Campos, J.","Campos 5824","Croat, T.B.","H","AMAZ2024",1,"Anthurium oxyphyllum",-5.27527777777778,-79.2683333333333,"1998-11-21","change1: Filled coordinateUncertaintyInMeters from decimal-place precision (conservative). | epi_taxo: acceptedName(match1); authorship_epig(match1); genus_from_scientificName; family_WFO; order_majorGroup_WCVP [2026-03-12] | CoordinateCleaner QA applied without sea test (validity, equal, zeros, capitals, centroids, gbif, institutions) [2026-03-29]","standardized author names and accents corrected in recordedBy","J. Campos","Campos 5824","Croat, T.B."
"147","AMAZ_147","PreservedSpecimen","Collection",NA,"AMAZ","SPECIES","Angiosperms","Vasquez, R.","Vasquez 1123","Croat, T.B.","H","AMAZ2024",1,"Anthurium pendulifolium",-3.7,-72.8333333333333,"1980-12-22","change1: Filled coordinateUncertaintyInMeters from decimal-place precision (conservative). | epi_taxo: acceptedName(match1); authorship_epig(match1); genus_from_scientificName; family_WFO; order_majorGroup_WCVP [2026-03-12] | CoordinateCleaner QA applied without sea test (validity, equal, zeros, capitals, centroids, gbif, institutions) [2026-03-29]","accents and special characters corrected in recordNumber / standardized author names and accents corrected in recordedBy","R. Vásquez","Vásquez 1123","Croat, T.B."
"148","AMAZ_148","PreservedSpecimen","Collection",NA,"AMAZ","SPECIES","Angiosperms","Grandez, C.","Grandez 295","","H","AMAZ2024",1,"Anthurium pendulifolium",NA,NA,"1985-05-03","change1: Set (0,0) to NA (Null Island placeholder). | epi_taxo: acceptedName(match1); authorship_epig(match1); genus_from_scientificName; family_WFO; order_majorGroup_WCVP [2026-03-12] | CoordinateCleaner QA applied without sea test (validity, equal, zeros, capitals, centroids, gbif, institutions) [2026-03-29]","accents and special characters corrected in recordNumber / standardized author names and accents corrected in recordedBy","C. Grández","Grández 295",""
"149","AMAZ_149","PreservedSpecimen","Collection",NA,"AMAZ","SPECIES","Angiosperms","Croat, T.","Croat 61760","","H","AMAZ2024",1,"Anthurium pendulifolium",-3.4,-72.8166666666667,"1986-07-25","change1: Filled coordinateUncertaintyInMeters from decimal-place precision (conservative). | epi_taxo: acceptedName(match1); authorship_epig(match1); genus_from_scientificName; family_WFO; order_majorGroup_WCVP [2026-03-12] | CoordinateCleaner QA applied without sea test (validity, equal, zeros, capitals, centroids, gbif, institutions) [2026-03-29]","standardized author names and accents corrected in recordedBy","T. Croat","Croat 61760",""
"150","AMAZ_150","PreservedSpecimen","Collection",NA,"AMAZ","SPECIES","Angiosperms","Vasquez, R.","Vasquez 10619","Croat, T.B.","H","AMAZ2024",1,"Anthurium pentaphyllum",-3.7,-72.8333333333333,"1988-05-13","change1: Filled coordinateUncertaintyInMeters from decimal-place precision (conservative). | epi_taxo: acceptedName(match1); authorship_epig(match1); genus_from_scientificName; family_WFO; order_majorGroup_WCVP [2026-03-12] | CoordinateCleaner QA applied without sea test (validity, equal, zeros, capitals, centroids, gbif, institutions) [2026-03-29]","accents and special characters corrected in recordNumber / standardized author names and accents corrected in recordedBy","R. Vásquez","Vásquez 10619","Croat, T.B."
"151","AMAZ_151","PreservedSpecimen","Collection",NA,"AMAZ","VARIETY","Angiosperms","Vasquez, R.","Vasquez 10679","Croat, T.B.","H","AMAZ2024",1,"Anthurium pentaphyllum",-3.7,-72.8333333333333,"1988-05-15","change1: Corrected taxonRank (SPECIES→VARIETY); kept scientificName with 'var.'. | change2: Filled coordinateUncertaintyInMeters from decimal-place precision (conservative). | epi_taxo: acceptedName(match1); authorship_epig(match1); genus_from_scientificName; family_WFO; order_majorGroup_WCVP [2026-03-12] | CoordinateCleaner QA applied without sea test (validity, equal, zeros, capitals, centroids, gbif, institutions) [2026-03-29]","accents and special characters corrected in recordNumber / standardized author names and accents corrected in recordedBy","R. Vásquez","Vásquez 10679","Croat, T.B."
"152","AMAZ_152","PreservedSpecimen","Collection",NA,"AMAZ","SPECIES","Angiosperms","Gentry, A.","Gentry 29710","Croat, T.B.","H","AMAZ2024",1,"Anthurium pseudoclavigerum",-2.8,-76.4666666666667,"1980-08-15","change1: Trimmed whitespace in scientificName (and standardized blanks to NA) | change2: Trimmed whitespace in verbatimScientificName (and standardized blanks to NA) | change3: Filled coordinateUncertaintyInMeters from decimal-place precision (conservative). | epi_taxo: acceptedName(match1); authorship_epig(match1); genus_from_scientificName; family_WFO; order_majorGroup_WCVP [2026-03-12] | CoordinateCleaner QA applied without sea test (validity, equal, zeros, capitals, centroids, gbif, institutions) [2026-03-29]","standardized author names and accents corrected in recordedBy","A. Gentry","Gentry 29710","Croat, T.B."
"153","AMAZ_153","PreservedSpecimen","Collection",NA,"AMAZ","SPECIES","Angiosperms","Vasquez, R.","Vasquez 4552","Croat, T.B.","H","AMAZ2024",1,"Anthurium pseudoclavigerum",-2.91666666666667,-76.4166666666667,"1983-11-03","change1: Trimmed whitespace in scientificName (and standardized blanks to NA) | change2: Trimmed whitespace in verbatimScientificName (and standardized blanks to NA) | change3: Filled coordinateUncertaintyInMeters from decimal-place precision (conservative). | epi_taxo: acceptedName(match1); authorship_epig(match1); genus_from_scientificName; family_WFO; order_majorGroup_WCVP [2026-03-12] | CoordinateCleaner QA applied without sea test (validity, equal, zeros, capitals, centroids, gbif, institutions) [2026-03-29]","accents and special characters corrected in recordNumber / standardized author names and accents corrected in recordedBy","R. Vásquez","Vásquez 4552","Croat, T.B."
"154","AMAZ_154","PreservedSpecimen","Collection",NA,"AMAZ","SPECIES","Angiosperms","Lewis, W.","Lewis 4090","","","AMAZ2024",1,"Anthurium sagittatum",NA,NA,"1982-11-28","change1: Set (0,0) to NA (Null Island placeholder). | epi_taxo: acceptedName(match1); authorship_epig(match1); genus_from_scientificName; family_WFO; order_majorGroup_WCVP [2026-03-12] | CoordinateCleaner QA applied without sea test (validity, equal, zeros, capitals, centroids, gbif, institutions) [2026-03-29]","standardized author names and accents corrected in recordedBy","W. Lewis","Lewis 4090",""
"155","AMAZ_155","PreservedSpecimen","Collection",NA,"AMAZ","SPECIES","Angiosperms","Gentry, A.","Gentry 56112","Croat, T.B.","H","AMAZ2024",1,"Anthurium sagittatum",-3.83333333333333,-73.4166666666667,"1987-02-17","change1: Trimmed whitespace in identifiedBy (and standardized blanks to NA) | change2: Filled coordinateUncertaintyInMeters from decimal-place precision (conservative). | epi_taxo: acceptedName(match1); authorship_epig(match1); genus_from_scientificName; family_WFO; order_majorGroup_WCVP [2026-03-12] | CoordinateCleaner QA applied without sea test (validity, equal, zeros, capitals, centroids, gbif, institutions) [2026-03-29]","standardized author names and accents corrected in recordedBy","A. Gentry","Gentry 56112","Croat, T.B."
"156","AMAZ_156","PreservedSpecimen","Collection",NA,"AMAZ","SPECIES","Angiosperms","Gentry, A.","Gentry 25735","Croat, T.B.","H","AMAZ2024",1,"Anthurium sagittatum",NA,NA,"1979-03-14","change1: Trimmed whitespace in identifiedBy (and standardized blanks to NA) | change2: Set (0,0) to NA (Null Island placeholder). | epi_taxo: acceptedName(match1); authorship_epig(match1); genus_from_scientificName; family_WFO; order_majorGroup_WCVP [2026-03-12] | CoordinateCleaner QA applied without sea test (validity, equal, zeros, capitals, centroids, gbif, institutions) [2026-03-29]","standardized author names and accents corrected in recordedBy","A. Gentry","Gentry 25735","Croat, T.B."
"157","AMAZ_157","PreservedSpecimen","Collection",NA,"AMAZ","SPECIES","Angiosperms","Gentry, A.","Gentry 22063","Croat, T.B.","H","AMAZ2024",1,"Anthurium sagittatum",NA,NA,"1978-05-18","change1: Trimmed whitespace in identifiedBy (and standardized blanks to NA) | change2: Set (0,0) to NA (Null Island placeholder). | epi_taxo: acceptedName(match1); authorship_epig(match1); genus_from_scientificName; family_WFO; order_majorGroup_WCVP [2026-03-12] | CoordinateCleaner QA applied without sea test (validity, equal, zeros, capitals, centroids, gbif, institutions) [2026-03-29]","standardized author names and accents corrected in recordedBy","A. Gentry","Gentry 22063","Croat, T.B."
"158","AMAZ_158","PreservedSpecimen","Collection",NA,"AMAZ","SPECIES","Angiosperms","Gentry, A.","Gentry 20458","Croat, T.B.","H","AMAZ2024",1,"Anthurium sagittatum",NA,NA,"1977-11-08","change1: Trimmed whitespace in identifiedBy (and standardized blanks to NA) | change2: Set (0,0) to NA (Null Island placeholder). | epi_taxo: acceptedName(match1); authorship_epig(match1); genus_from_scientificName; family_WFO; order_majorGroup_WCVP [2026-03-12] | CoordinateCleaner QA applied without sea test (validity, equal, zeros, capitals, centroids, gbif, institutions) [2026-03-29]","standardized author names and accents corrected in recordedBy","A. Gentry","Gentry 20458","Croat, T.B."
"159","AMAZ_159","PreservedSpecimen","Collection",NA,"AMAZ","SPECIES","Angiosperms","Gentry, A.","Gentry 25737","Croat, T.B.","H","AMAZ2024",1,"Anthurium sagittatum",NA,NA,"1979-03-14","change1: Trimmed whitespace in identifiedBy (and standardized blanks to NA) | change2: Set (0,0) to NA (Null Island placeholder). | epi_taxo: acceptedName(match1); authorship_epig(match1); genus_from_scientificName; family_WFO; order_majorGroup_WCVP [2026-03-12] | CoordinateCleaner QA applied without sea test (validity, equal, zeros, capitals, centroids, gbif, institutions) [2026-03-29]","standardized author names and accents corrected in recordedBy","A. Gentry","Gentry 25737","Croat, T.B."
"160","AMAZ_160","PreservedSpecimen","Collection",NA,"AMAZ","SPECIES","Angiosperms","Gentry, A.","Gentry 29116","Croat, T.B.","H","AMAZ2024",1,"Anthurium sagittatum",-3.46666666666667,-72.8,"1980-07-27","change1: Trimmed whitespace in identifiedBy (and standardized blanks to NA) | change2: Filled coordinateUncertaintyInMeters from decimal-place precision (conservative). | epi_taxo: acceptedName(match1); authorship_epig(match1); genus_from_scientificName; family_WFO; order_majorGroup_WCVP [2026-03-12] | CoordinateCleaner QA applied without sea test (validity, equal, zeros, capitals, centroids, gbif, institutions) [2026-03-29]","standardized author names and accents corrected in recordedBy","A. Gentry","Gentry 29116","Croat, T.B."
"161","AMAZ_161","PreservedSpecimen","Collection",NA,"AMAZ","SPECIES","Angiosperms","Vasquez, R.","Vasquez 1319","Croat, T.B.","","AMAZ2024",1,"Anthurium sagittatum",-3.5,-72.9666666666667,"1981-01-31","change1: Trimmed whitespace in identifiedBy (and standardized blanks to NA) | change2: Filled coordinateUncertaintyInMeters from decimal-place precision (conservative). | epi_taxo: acceptedName(match1); authorship_epig(match1); genus_from_scientificName; family_WFO; order_majorGroup_WCVP [2026-03-12] | CoordinateCleaner QA applied without sea test (validity, equal, zeros, capitals, centroids, gbif, institutions) [2026-03-29]","accents and special characters corrected in recordNumber / standardized author names and accents corrected in recordedBy","R. Vásquez","Vásquez 1319","Croat, T.B."
"162","AMAZ_162","PreservedSpecimen","Collection",NA,"AMAZ","SPECIES","Angiosperms","Schunke, J.","Schunke 10371","Croat, T.B.","","AMAZ2024",1,"Anthurium sagittatum",NA,NA,"1978-07-18","change1: Trimmed whitespace in identifiedBy (and standardized blanks to NA) | change2: Set (0,0) to NA (Null Island placeholder). | epi_taxo: acceptedName(match1); authorship_epig(match1); genus_from_scientificName; family_WFO; order_majorGroup_WCVP [2026-03-12] | CoordinateCleaner QA applied without sea test (validity, equal, zeros, capitals, centroids, gbif, institutions) [2026-03-29]","standardized author names and accents corrected in recordedBy","J. Schunke","Schunke 10371","Croat, T.B."
"163","AMAZ_163","PreservedSpecimen","Collection",NA,"AMAZ","SPECIES","Angiosperms","Croat, T.","Croat 61651","Croat, T.B.","H","AMAZ2024",1,"Anthurium sagittatum",-3.38333333333333,-73.0333333333333,"1986-07-25","change1: Trimmed whitespace in identifiedBy (and standardized blanks to NA) | change2: Filled coordinateUncertaintyInMeters from decimal-place precision (conservative). | epi_taxo: acceptedName(match1); authorship_epig(match1); genus_from_scientificName; family_WFO; order_majorGroup_WCVP [2026-03-12] | CoordinateCleaner QA applied without sea test (validity, equal, zeros, capitals, centroids, gbif, institutions) [2026-03-29]","standardized author names and accents corrected in recordedBy","T. Croat","Croat 61651","Croat, T.B."
"164","AMAZ_164","PreservedSpecimen","Collection",NA,"AMAZ","SPECIES","Angiosperms","Ayala, F.","Ayala 5799","Croat, T.B.","H","AMAZ2024",1,"Anthurium sagittatum",NA,NA,"1987-10-17","change1: Trimmed whitespace in identifiedBy (and standardized blanks to NA) | change2: Set (0,0) to NA (Null Island placeholder). | epi_taxo: acceptedName(match1); authorship_epig(match1); genus_from_scientificName; family_WFO; order_majorGroup_WCVP [2026-03-12] | CoordinateCleaner QA applied without sea test (validity, equal, zeros, capitals, centroids, gbif, institutions) [2026-03-29]","standardized author names and accents corrected in recordedBy","F. Ayala","Ayala 5799","Croat, T.B."
"165","AMAZ_165","PreservedSpecimen","Collection",NA,"AMAZ","SPECIES","Angiosperms","Vasquez, R.","Vasquez 8535","Croat, T.B.","","AMAZ2024",2,"Anthurium sagittatum",-4.48333333333333,-73.5833333333333,"1986-12-10","change1: Filled coordinateUncertaintyInMeters from decimal-place precision (conservative). | epi_taxo: acceptedName(match1); authorship_epig(match1); genus_from_scientificName; family_WFO; order_majorGroup_WCVP [2026-03-12] | CoordinateCleaner QA applied without sea test (validity, equal, zeros, capitals, centroids, gbif, institutions) [2026-03-29]","accents and special characters corrected in recordNumber / standardized author names and accents corrected in recordedBy","R. Vásquez","Vásquez 8535","Croat, T.B."
"166","AMAZ_166","PreservedSpecimen","Collection",NA,"AMAZ","SPECIES","Angiosperms","Campos, J.","Campos 4233","Croat, T.B.","","AMAZ2024",1,"Anthurium scandens",-5.30833333333333,-78.7166666666667,"1997-07-21","change1: Filled coordinateUncertaintyInMeters from decimal-place precision (conservative). | epi_taxo: acceptedName(match1); authorship_epig(match1); genus_from_scientificName; family_WFO; order_majorGroup_WCVP [2026-03-12] | CoordinateCleaner QA applied without sea test (validity, equal, zeros, capitals, centroids, gbif, institutions) [2026-03-29]","standardized author names and accents corrected in recordedBy","J. Campos","Campos 4233","Croat, T.B."
"167","AMAZ_167","PreservedSpecimen","Collection",NA,"AMAZ","SPECIES","Angiosperms","Lingan, J.","Lingan 383","Croat, T.B.","H","AMAZ2024",1,"Anthurium scandens",-10.55,-75.45,"2003-04-04","change1: Filled coordinateUncertaintyInMeters from decimal-place precision (conservative). | epi_taxo: acceptedName(match1); authorship_epig(match1); genus_from_scientificName; family_WFO; order_majorGroup_WCVP [2026-03-12] | CoordinateCleaner QA applied without sea test (validity, equal, zeros, capitals, centroids, gbif, institutions) [2026-03-29]","accents and special characters corrected in recordNumber / standardized author names and accents corrected in recordedBy","J. Lingán","Lingán 383","Croat, T.B."
"168","AMAZ_168","PreservedSpecimen","Collection",NA,"AMAZ","SPECIES","Angiosperms","Vasquez, R.","Vasquez 4567","Croat, T.B.","H","AMAZ2024",1,"Anthurium sinuatum",-2.91666666666667,-76.4166666666667,"1983-11-03","change1: Filled coordinateUncertaintyInMeters from decimal-place precision (conservative). | epi_taxo: acceptedName(match1); authorship_epig(match1); genus_from_scientificName; family_WFO; order_majorGroup_WCVP [2026-03-12] | CoordinateCleaner QA applied without sea test (validity, equal, zeros, capitals, centroids, gbif, institutions) [2026-03-29]","accents and special characters corrected in recordNumber / standardized author names and accents corrected in recordedBy","R. Vásquez","Vásquez 4567","Croat, T.B."
"169","AMAZ_169","PreservedSpecimen","Collection",NA,"AMAZ","GENUS","Angiosperms","Ayala, F.","Ayala 874","","","AMAZ2024",NA,"",NA,NA,"1975-10-13","change1: Corrected taxonRank (SPECIES→GENUS); scientificName simplified (Genus sp./spp. → Genus). | change2: Set (0,0) to NA (Null Island placeholder). | epi_taxo: acceptedName(match1); authorship_epig(match1); genus_from_scientificName; family_WFO; order_majorGroup_WCVP [2026-03-12] | CoordinateCleaner QA applied without sea test (validity, equal, zeros, capitals, centroids, gbif, institutions) [2026-03-29]","standardized author names and accents corrected in recordedBy","F. Ayala","Ayala 874",""
"170","AMAZ_170","PreservedSpecimen","Collection",NA,"AMAZ","GENUS","Angiosperms","Croat, T.","Croat 61758","","H","AMAZ2024",NA,"",-3.4,-72.8166666666667,"1986-07-25","change1: Corrected taxonRank (SPECIES→GENUS); scientificName simplified (Genus sp./spp. → Genus). | change2: Filled coordinateUncertaintyInMeters from decimal-place precision (conservative). | epi_taxo: acceptedName(match1); authorship_epig(match1); genus_from_scientificName; family_WFO; order_majorGroup_WCVP [2026-03-12] | CoordinateCleaner QA applied without sea test (validity, equal, zeros, capitals, centroids, gbif, institutions) [2026-03-29]","standardized author names and accents corrected in recordedBy","T. Croat","Croat 61758",""
"171","AMAZ_171","PreservedSpecimen","Collection",NA,"AMAZ","GENUS","Angiosperms","Croat, T.","Croat 61708","","H","AMAZ2024",NA,"",-3.4,-72.8166666666667,"1986-07-25","change1: Corrected taxonRank (SPECIES→GENUS); scientificName simplified (Genus sp./spp. → Genus). | change2: Filled coordinateUncertaintyInMeters from decimal-place precision (conservative). | epi_taxo: acceptedName(match1); authorship_epig(match1); genus_from_scientificName; family_WFO; order_majorGroup_WCVP [2026-03-12] | CoordinateCleaner QA applied without sea test (validity, equal, zeros, capitals, centroids, gbif, institutions) [2026-03-29]","standardized author names and accents corrected in recordedBy","T. Croat","Croat 61708",""
"172","AMAZ_172","PreservedSpecimen","Collection",NA,"AMAZ","GENUS","Angiosperms","Croat, T.","Croat 61777","","H","AMAZ2024",NA,"",-3.4,-72.8166666666667,"1986-07-25","change1: Corrected taxonRank (SPECIES→GENUS); scientificName simplified (Genus sp./spp. → Genus). | change2: Filled coordinateUncertaintyInMeters from decimal-place precision (conservative). | epi_taxo: acceptedName(match1); authorship_epig(match1); genus_from_scientificName; family_WFO; order_majorGroup_WCVP [2026-03-12] | CoordinateCleaner QA applied without sea test (validity, equal, zeros, capitals, centroids, gbif, institutions) [2026-03-29]","standardized author names and accents corrected in recordedBy","T. Croat","Croat 61777",""
"173","AMAZ_173","PreservedSpecimen","Collection",NA,"AMAZ","GENUS","Angiosperms","Huamantupa, I.","Huamantupa 13179","","","AMAZ2024",NA,"",-2.81666666666667,-72.9522222222222,"2009-10-21","change1: Corrected taxonRank (SPECIES→GENUS); scientificName simplified (Genus sp./spp. → Genus). | change2: Filled coordinateUncertaintyInMeters from decimal-place precision (conservative). | epi_taxo: acceptedName(match1); authorship_epig(match1); genus_from_scientificName; family_WFO; order_majorGroup_WCVP [2026-03-12] | CoordinateCleaner QA applied without sea test (validity, equal, zeros, capitals, centroids, gbif, institutions) [2026-03-29]","standardized author names and accents corrected in recordedBy","I. Huamantupa","Huamantupa 13179",""
"174","AMAZ_174","PreservedSpecimen","Collection",NA,"AMAZ","GENUS","Angiosperms","Rios, M.","Rios 550","","H","AMAZ2024",NA,"",2.86472222222222,-71.415,"2003-08-07","change1: Corrected taxonRank (SPECIES→GENUS); scientificName simplified (Genus sp./spp. → Genus). | change2: Filled coordinateUncertaintyInMeters from decimal-place precision (conservative). | epi_taxo: acceptedName(match1); authorship_epig(match1); genus_from_scientificName; family_WFO; order_majorGroup_WCVP [2026-03-12] | CoordinateCleaner QA applied without sea test (validity, equal, zeros, capitals, centroids, gbif, institutions) [2026-03-29]","accents and special characters corrected in recordNumber / standardized author names and accents corrected in recordedBy","M. Ríos","Ríos 550",""
"175","AMAZ_175","PreservedSpecimen","Collection",NA,"AMAZ","SPECIES","Angiosperms","Huamantupa, I.","Huamantupa 13255","","H","AMAZ2024",1,"Anthurium obtusum",-2.78111111111111,-72.9158333333333,"2009-10-22","change1: Filled coordinateUncertaintyInMeters from decimal-place precision (conservative). | epi_taxo: acceptedName(match1); authorship_epig(match1); genus_from_scientificName; family_WFO; order_majorGroup_WCVP [2026-03-12] | CoordinateCleaner QA applied without sea test (validity, equal, zeros, capitals, centroids, gbif, institutions) [2026-03-29]","standardized author names and accents corrected in recordedBy","I. Huamantupa","Huamantupa 13255",""
"176","AMAZ_176","PreservedSpecimen","Collection",NA,"AMAZ","SPECIES","Angiosperms","Vasquez, R.","Vasquez 13367","Croat, T.B.","H","AMAZ2024",1,"Anthurium obtusum",-5.08333333333333,-73.8333333333333,"1990-01-08","change1: Filled coordinateUncertaintyInMeters from decimal-place precision (conservative). | epi_taxo: acceptedName(match1); authorship_epig(match1); genus_from_scientificName; family_WFO; order_majorGroup_WCVP [2026-03-12] | CoordinateCleaner QA applied without sea test (validity, equal, zeros, capitals, centroids, gbif, institutions) [2026-03-29]","accents and special characters corrected in recordNumber / standardized author names and accents corrected in recordedBy","R. Vásquez","Vásquez 13367","Croat, T.B."
"177","AMAZ_177","PreservedSpecimen","Collection",NA,"AMAZ","SPECIES","Angiosperms","Pipoly, J.","Pipoly 14873","Croat, T.B.","H","AMAZ2024",1,"Anthurium obtusum",-3.91666666666667,-73.5833333333333,"1991-03-13","change1: Filled coordinateUncertaintyInMeters from decimal-place precision (conservative). | epi_taxo: acceptedName(match1); authorship_epig(match1); genus_from_scientificName; family_WFO; order_majorGroup_WCVP [2026-03-12] | CoordinateCleaner QA applied without sea test (validity, equal, zeros, capitals, centroids, gbif, institutions) [2026-03-29]","standardized author names and accents corrected in recordedBy","J. Pipoly","Pipoly 14873","Croat, T.B."
"178","AMAZ_178","PreservedSpecimen","Collection",NA,"AMAZ","SPECIES","Angiosperms","Campos, J.","Campos 4166","Croat, T.B.","","AMAZ2024",1,"Anthurium triphyllum",-5.30833333333333,-78.7333333333333,"1997-07-18","change1: Filled coordinateUncertaintyInMeters from decimal-place precision (conservative). | epi_taxo: acceptedName(match1); authorship_epig(match1); genus_from_scientificName; family_WFO; order_majorGroup_WCVP [2026-03-12] | CoordinateCleaner QA applied without sea test (validity, equal, zeros, capitals, centroids, gbif, institutions) [2026-03-29]","standardized author names and accents corrected in recordedBy","J. Campos","Campos 4166","Croat, T.B."
"179","AMAZ_179","PreservedSpecimen","Collection",NA,"AMAZ","SPECIES","Angiosperms","Vasquez, R.","Vasquez 810","Carlsen, M.","H","AMAZ2024",1,"Anthurium truncicola",-2.91666666666667,-76.4166666666667,"1980-11-21","change1: Filled coordinateUncertaintyInMeters from decimal-place precision (conservative). | epi_taxo: acceptedName(match1); authorship_epig(match1); genus_from_scientificName; family_WFO; order_majorGroup_WCVP [2026-03-12] | CoordinateCleaner QA applied without sea test (validity, equal, zeros, capitals, centroids, gbif, institutions) [2026-03-29]","accents and special characters corrected in recordNumber / standardized author names and accents corrected in recordedBy","R. Vásquez","Vásquez 810","Carlsen, M."
"180","AMAZ_180","PreservedSpecimen","Collection",NA,"AMAZ","SPECIES","Angiosperms","Ayala, F.","Ayala 4214","Croat, T.B.","H","AMAZ2024",1,"Anthurium uleanum",NA,NA,"1983-08-23","change1: Set (0,0) to NA (Null Island placeholder). | epi_taxo: acceptedName(match1); authorship_epig(match1); genus_from_scientificName; family_WFO; order_majorGroup_WCVP [2026-03-12] | CoordinateCleaner QA applied without sea test (validity, equal, zeros, capitals, centroids, gbif, institutions) [2026-03-29]","standardized author names and accents corrected in recordedBy","F. Ayala","Ayala 4214","Croat, T.B."
"181","AMAZ_181","PreservedSpecimen","Collection",NA,"AMAZ","SPECIES","Angiosperms","Ayala, F.","Ayala 4270","","H","AMAZ2024",1,"Anthurium uleanum",NA,NA,"1983-08-25","change1: Set (0,0) to NA (Null Island placeholder). | epi_taxo: acceptedName(match1); authorship_epig(match1); genus_from_scientificName; family_WFO; order_majorGroup_WCVP [2026-03-12] | CoordinateCleaner QA applied without sea test (validity, equal, zeros, capitals, centroids, gbif, institutions) [2026-03-29]","standardized author names and accents corrected in recordedBy","F. Ayala","Ayala 4270",""
"182","AMAZ_182","PreservedSpecimen","Collection",NA,"AMAZ","SPECIES","Angiosperms","Vasquez, R.","Vasquez 3354","Croat, T.B.","H","AMAZ2024",1,"Anthurium uleanum",-4.53333333333333,-74.5,"1982-11-05","change1: Filled coordinateUncertaintyInMeters from decimal-place precision (conservative). | epi_taxo: acceptedName(match1); authorship_epig(match1); genus_from_scientificName; family_WFO; order_majorGroup_WCVP [2026-03-12] | CoordinateCleaner QA applied without sea test (validity, equal, zeros, capitals, centroids, gbif, institutions) [2026-03-29]","accents and special characters corrected in recordNumber / standardized author names and accents corrected in recordedBy","R. Vásquez","Vásquez 3354","Croat, T.B."
"183","AMAZ_183","PreservedSpecimen","Collection",NA,"AMAZ","SPECIES","Angiosperms","Vasquez, R.","Vasquez 864","Croat, T.B.","H","AMAZ2024",1,"Anthurium vittariifolium",-2.91666666666667,-76.4166666666667,"1980-11-21","change1: Filled coordinateUncertaintyInMeters from decimal-place precision (conservative). | epi_taxo: acceptedName(match1); authorship_epig(match1); genus_from_scientificName; family_WFO; order_majorGroup_WCVP [2026-03-12] | CoordinateCleaner QA applied without sea test (validity, equal, zeros, capitals, centroids, gbif, institutions) [2026-03-29]","accents and special characters corrected in recordNumber / standardized author names and accents corrected in recordedBy","R. Vásquez","Vásquez 864","Croat, T.B."
"184","AMAZ_184","PreservedSpecimen","Collection",NA,"AMAZ","SPECIES","Angiosperms","Smith, D.","Smith 1718","Croat, T.B. | Lingan-Ch, J.","H","AMAZ2024",1,"Anthurium weberbaueri",-10.25,-75.5,"1982-05-27","change1: Filled coordinateUncertaintyInMeters from decimal-place precision (conservative). | epi_taxo: acceptedName(match1); authorship_epig(match1); genus_from_scientificName; family_WFO; order_majorGroup_WCVP [2026-03-12] | CoordinateCleaner QA applied without sea test (validity, equal, zeros, capitals, centroids, gbif, institutions) [2026-03-29]","standardized author names and accents corrected in recordedBy","D. Smith","Smith 1718","Croat, T.B. | Lingan-Ch, J."
"185","AMAZ_185","PreservedSpecimen","Collection",NA,"AMAZ","SPECIES","Angiosperms","Smith, D.","Smith 5377","Croat, T.B.","H","AMAZ2024",1,"Anthurium weberbaueri",-10.5833333333333,-75.55,"1983-12-27","change1: Filled coordinateUncertaintyInMeters from decimal-place precision (conservative). | epi_taxo: acceptedName(match1); authorship_epig(match1); genus_from_scientificName; family_WFO; order_majorGroup_WCVP [2026-03-12] | CoordinateCleaner QA applied without sea test (validity, equal, zeros, capitals, centroids, gbif, institutions) [2026-03-29]","standardized author names and accents corrected in recordedBy","D. Smith","Smith 5377","Croat, T.B."
"186","AMAZ_186","PreservedSpecimen","Collection",NA,"AMAZ","SPECIES","Angiosperms","Monteagudo, A.","Monteagudo 4565","Croat, T.B.","H","AMAZ2024",1,"Anthurium weberbaueri",-10.65,-75.45,"2003-03-08","change1: Filled coordinateUncertaintyInMeters from decimal-place precision (conservative). | epi_taxo: acceptedName(match1); authorship_epig(match1); genus_from_scientificName; family_WFO; order_majorGroup_WCVP [2026-03-12] | CoordinateCleaner QA applied without sea test (validity, equal, zeros, capitals, centroids, gbif, institutions) [2026-03-29]","standardized author names and accents corrected in recordedBy","A. Monteagudo","Monteagudo 4565","Croat, T.B."
"187","AMAZ_187","PreservedSpecimen","Collection",NA,"AMAZ","SPECIES","Angiosperms","Gentry, A.","Gentry 36654","Croat, T.B.","NV","AMAZ2024",1,"Philodendron acreanum",NA,NA,"1982-03-23","change1: Set (0,0) to NA (Null Island placeholder). | epi_taxo: acceptedName(match1); authorship_epig(match1); genus_from_scientificName; family_WFO; order_majorGroup_WCVP [2026-03-12] | CoordinateCleaner QA applied without sea test (validity, equal, zeros, capitals, centroids, gbif, institutions) [2026-03-29]","standardized author names and accents corrected in recordedBy","A. Gentry","Gentry 36654","Croat, T.B."
"188","AMAZ_188","PreservedSpecimen","Collection",NA,"AMAZ","SPECIES","Angiosperms","Croat, T.","Croat 61722","","NV","AMAZ2024",1,"Philodendron acreanum",-3.4,-72.8166666666667,"1986-07-25","change1: Filled coordinateUncertaintyInMeters from decimal-place precision (conservative). | epi_taxo: acceptedName(match1); authorship_epig(match1); genus_from_scientificName; family_WFO; order_majorGroup_WCVP [2026-03-12] | CoordinateCleaner QA applied without sea test (validity, equal, zeros, capitals, centroids, gbif, institutions) [2026-03-29]","standardized author names and accents corrected in recordedBy","T. Croat","Croat 61722",""
"189","AMAZ_189","PreservedSpecimen","Collection",NA,"AMAZ","SPECIES","Angiosperms","Pipoly, J.","Pipoly 13740","","NV","AMAZ2024",1,"Philodendron acreanum",-3.33333333333333,-72.9166666666667,"1991-02-25","change1: Filled coordinateUncertaintyInMeters from decimal-place precision (conservative). | epi_taxo: acceptedName(match1); authorship_epig(match1); genus_from_scientificName; family_WFO; order_majorGroup_WCVP [2026-03-12] | CoordinateCleaner QA applied without sea test (validity, equal, zeros, capitals, centroids, gbif, institutions) [2026-03-29]","standardized author names and accents corrected in recordedBy","J. Pipoly","Pipoly 13740",""
"190","AMAZ_190","PreservedSpecimen","Collection",NA,"AMAZ","SPECIES","Angiosperms","Vasquez, R.","Vasquez 11677","Croat, T.B.","NV","AMAZ2024",1,"Philodendron acutifolium",-3.75,-72.9166666666667,"1989-01-28","change1: Filled coordinateUncertaintyInMeters from decimal-place precision (conservative). | epi_taxo: acceptedName(match1); authorship_epig(match1); genus_from_scientificName; family_WFO; order_majorGroup_WCVP [2026-03-12] | CoordinateCleaner QA applied without sea test (validity, equal, zeros, capitals, centroids, gbif, institutions) [2026-03-29]","accents and special characters corrected in recordNumber / standardized author names and accents corrected in recordedBy","R. Vásquez","Vásquez 11677","Croat, T.B."
"191","AMAZ_191","PreservedSpecimen","Collection",NA,"AMAZ","SPECIES","Angiosperms","Gentry, A.","Gentry 15615","Croat, T.B.","NV","AMAZ2024",1,"Philodendron applanatum",NA,NA,"1976-01-05","change1: Set (0,0) to NA (Null Island placeholder). | epi_taxo: acceptedName(match1); authorship_epig(match1); genus_from_scientificName; family_WFO; order_majorGroup_WCVP [2026-03-12] | CoordinateCleaner QA applied without sea test (validity, equal, zeros, capitals, centroids, gbif, institutions) [2026-03-29]","standardized author names and accents corrected in recordedBy","A. Gentry","Gentry 15615","Croat, T.B."
"192","AMAZ_192","PreservedSpecimen","Collection",NA,"AMAZ","SPECIES","Angiosperms","Ayala, F.","Ayala 3442","","NV","AMAZ2024",1,"Philodendron aureimarginatum",NA,NA,"1982-06-12","change1: Set (0,0) to NA (Null Island placeholder). | epi_taxo: acceptedName(match1); authorship_epig(match1); genus_from_scientificName; family_WFO; order_majorGroup_WCVP [2026-03-12] | CoordinateCleaner QA applied without sea test (validity, equal, zeros, capitals, centroids, gbif, institutions) [2026-03-29]","standardized author names and accents corrected in recordedBy","F. Ayala","Ayala 3442",""
"193","AMAZ_193","PreservedSpecimen","Collection",NA,"AMAZ","SPECIES","Angiosperms","Vasquez, R.","Vasquez 1156","Croat, T.B.","NV","AMAZ2024",1,"Philodendron aureimarginatum",-3.75,-73.25,"1981-01-03","change1: Filled coordinateUncertaintyInMeters from decimal-place precision (conservative). | epi_taxo: acceptedName(match1); authorship_epig(match1); genus_from_scientificName; family_WFO; order_majorGroup_WCVP [2026-03-12] | CoordinateCleaner QA applied without sea test (validity, equal, zeros, capitals, centroids, gbif, institutions) [2026-03-29]","accents and special characters corrected in recordNumber / standardized author names and accents corrected in recordedBy","R. Vásquez","Vásquez 1156","Croat, T.B."
"194","AMAZ_194","PreservedSpecimen","Collection",NA,"AMAZ","SPECIES","Angiosperms","Huamantupa, I.","Huamantupa 13126","","NV","AMAZ2024",1,"Philodendron aureimarginatum",-2.87138888888889,-73.0083333333333,"2009-10-19","change1: Filled coordinateUncertaintyInMeters from decimal-place precision (conservative). | epi_taxo: acceptedName(match1); authorship_epig(match1); genus_from_scientificName; family_WFO; order_majorGroup_WCVP [2026-03-12] | CoordinateCleaner QA applied without sea test (validity, equal, zeros, capitals, centroids, gbif, institutions) [2026-03-29]","standardized author names and accents corrected in recordedBy","I. Huamantupa","Huamantupa 13126",""
"195","AMAZ_195","PreservedSpecimen","Collection",NA,"AMAZ","SPECIES","Angiosperms","Vasquez, R.","Vasquez 11537","Croat, T.B.","NV","AMAZ2024",1,"Philodendron aureimarginatum",-3.8,-73.4166666666667,"1989-01-17","change1: Filled coordinateUncertaintyInMeters from decimal-place precision (conservative). | epi_taxo: acceptedName(match1); authorship_epig(match1); genus_from_scientificName; family_WFO; order_majorGroup_WCVP [2026-03-12] | CoordinateCleaner QA applied without sea test (validity, equal, zeros, capitals, centroids, gbif, institutions) [2026-03-29]","accents and special characters corrected in recordNumber / standardized author names and accents corrected in recordedBy","R. Vásquez","Vásquez 11537","Croat, T.B."
"196","AMAZ_196","PreservedSpecimen","Collection",NA,"AMAZ","SPECIES","Angiosperms","Croat, T.","Croat 61685","","NV","AMAZ2024",1,"Philodendron barrosoanum",-3.38333333333333,-73.0333333333333,"1986-07-25","change1: Filled coordinateUncertaintyInMeters from decimal-place precision (conservative). | epi_taxo: acceptedName(match1); authorship_epig(match1); genus_from_scientificName; family_WFO; order_majorGroup_WCVP [2026-03-12] | CoordinateCleaner QA applied without sea test (validity, equal, zeros, capitals, centroids, gbif, institutions) [2026-03-29]","standardized author names and accents corrected in recordedBy","T. Croat","Croat 61685",""
"197","AMAZ_197","PreservedSpecimen","Collection",NA,"AMAZ","SPECIES","Angiosperms","Gentry, A.","Gentry 24859","Croat, T.B.","NV","AMAZ2024",1,"Philodendron brevispathum",-3.75,-73.3333333333333,"1979-02-21","change1: Trimmed whitespace in scientificName (and standardized blanks to NA) | change2: Trimmed whitespace in verbatimScientificName (and standardized blanks to NA) | change3: Filled coordinateUncertaintyInMeters from decimal-place precision (conservative). | epi_taxo: acceptedName(match1); authorship_epig(match1); genus_from_scientificName; family_WFO; order_majorGroup_WCVP [2026-03-12] | CoordinateCleaner QA applied without sea test (validity, equal, zeros, capitals, centroids, gbif, institutions) [2026-03-29]","standardized author names and accents corrected in recordedBy","A. Gentry","Gentry 24859","Croat, T.B."
"198","AMAZ_198","PreservedSpecimen","Collection",NA,"AMAZ","SPECIES","Angiosperms","Nunez, P.","Nuñez 9349","","NV","AMAZ2024",1,"Philodendron brevispathum",NA,NA,"1988-07-21","change1: Set (0,0) to NA (Null Island placeholder). | epi_taxo: acceptedName(match1); authorship_epig(match1); genus_from_scientificName; family_WFO; order_majorGroup_WCVP [2026-03-12] | CoordinateCleaner QA applied without sea test (validity, equal, zeros, capitals, centroids, gbif, institutions) [2026-03-29]","accents and special characters corrected in recordNumber / standardized author names and accents corrected in recordedBy","P. Núñez","Núñez 9349",""
"199","AMAZ_199","PreservedSpecimen","Collection",NA,"AMAZ","SPECIES","Angiosperms","Young, H.","Young 65","","NV","AMAZ2024",1,"Philodendron brevispathum",-12.25,-69.2833333333333,"1984-10-26","change1: Filled coordinateUncertaintyInMeters from decimal-place precision (conservative). | epi_taxo: acceptedName(match1); authorship_epig(match1); genus_from_scientificName; family_WFO; order_majorGroup_WCVP [2026-03-12] | CoordinateCleaner QA applied without sea test (validity, equal, zeros, capitals, centroids, gbif, institutions) [2026-03-29]","standardized author names and accents corrected in recordedBy","H. Young","Young 65",""
"200","AMAZ_200","PreservedSpecimen","Collection",NA,"AMAZ","SPECIES","Angiosperms","Young, H.","Young 54","Croat, T.B.","NV","AMAZ2024",1,"Philodendron brevispathum",-12.25,-69.2833333333333,"1984-10-23","change1: Filled coordinateUncertaintyInMeters from decimal-place precision (conservative). | epi_taxo: acceptedName(match1); authorship_epig(match1); genus_from_scientificName; family_WFO; order_majorGroup_WCVP [2026-03-12] | CoordinateCleaner QA applied without sea test (validity, equal, zeros, capitals, centroids, gbif, institutions) [2026-03-29]","standardized author names and accents corrected in recordedBy","H. Young","Young 54","Croat, T.B."
"201","AMAZ_201","PreservedSpecimen","Collection",NA,"AMAZ","SPECIES","Angiosperms","Revilla, J.","Revilla 831","Croat, T.B.","NV","AMAZ2024",1,"Philodendron campii",NA,NA,"1976-10-20","change1: Set (0,0) to NA (Null Island placeholder). | epi_taxo: acceptedName(match1); authorship_epig(match1); genus_from_scientificName; family_WFO; order_majorGroup_WCVP [2026-03-12] | CoordinateCleaner QA applied without sea test (validity, equal, zeros, capitals, centroids, gbif, institutions) [2026-03-29]","standardized author names and accents corrected in recordedBy","J. Revilla","Revilla 831","Croat, T.B."
"202","AMAZ_202","PreservedSpecimen","Collection",NA,"AMAZ","SPECIES","Angiosperms","Ayala, F.","Ayala 3457","","NV","AMAZ2024",1,"Philodendron campii",NA,NA,"1982-06-26","change1: Set (0,0) to NA (Null Island placeholder). | epi_taxo: acceptedName(match1); authorship_epig(match1); genus_from_scientificName; family_WFO; order_majorGroup_WCVP [2026-03-12] | CoordinateCleaner QA applied without sea test (validity, equal, zeros, capitals, centroids, gbif, institutions) [2026-03-29]","standardized author names and accents corrected in recordedBy","F. Ayala","Ayala 3457",""
"203","AMAZ_203","PreservedSpecimen","Collection",NA,"AMAZ","SPECIES","Angiosperms","Vasquez, R.","Vasquez 4530","Croat, T.B.","NV","AMAZ2024",1,"Philodendron campii",-2.91666666666667,-76.4166666666667,"1983-11-02","change1: Filled coordinateUncertaintyInMeters from decimal-place precision (conservative). | epi_taxo: acceptedName(match1); authorship_epig(match1); genus_from_scientificName; family_WFO; order_majorGroup_WCVP [2026-03-12] | CoordinateCleaner QA applied without sea test (validity, equal, zeros, capitals, centroids, gbif, institutions) [2026-03-29]","accents and special characters corrected in recordNumber / standardized author names and accents corrected in recordedBy","R. Vásquez","Vásquez 4530","Croat, T.B."
"204","AMAZ_204","PreservedSpecimen","Collection",NA,"AMAZ","SPECIES","Angiosperms","Croat, T.","Croat 61735","Croat, T.B.","NV","AMAZ2024",1,"Philodendron campii",-3.4,-72.8166666666667,"1986-07-25","change1: Filled coordinateUncertaintyInMeters from decimal-place precision (conservative). | epi_taxo: acceptedName(match1); authorship_epig(match1); genus_from_scientificName; family_WFO; order_majorGroup_WCVP [2026-03-12] | CoordinateCleaner QA applied without sea test (validity, equal, zeros, capitals, centroids, gbif, institutions) [2026-03-29]","standardized author names and accents corrected in recordedBy","T. Croat","Croat 61735","Croat, T.B."
"205","AMAZ_205","PreservedSpecimen","Collection",NA,"AMAZ","SPECIES","Angiosperms","Gentry, A.","Gentry 55977","Croat, T.B.","NV","AMAZ2024",1,"Philodendron campii",-3.5,-73.0333333333333,"1987-02-15","change1: Filled coordinateUncertaintyInMeters from decimal-place precision (conservative). | epi_taxo: acceptedName(match1); authorship_epig(match1); genus_from_scientificName; family_WFO; order_majorGroup_WCVP [2026-03-12] | CoordinateCleaner QA applied without sea test (validity, equal, zeros, capitals, centroids, gbif, institutions) [2026-03-29]","standardized author names and accents corrected in recordedBy","A. Gentry","Gentry 55977","Croat, T.B."
"206","AMAZ_206","PreservedSpecimen","Collection",NA,"AMAZ","SPECIES","Angiosperms","Ayala, F.","Ayala 1729","Croat, T.B.","NV","AMAZ2024",1,"Philodendron camposportoanum",NA,NA,"1979-04-03","change1: Set (0,0) to NA (Null Island placeholder). | epi_taxo: acceptedName(match1); authorship_epig(match1); genus_from_scientificName; family_WFO; order_majorGroup_WCVP [2026-03-12] | CoordinateCleaner QA applied without sea test (validity, equal, zeros, capitals, centroids, gbif, institutions) [2026-03-29]","standardized author names and accents corrected in recordedBy","F. Ayala","Ayala 1729","Croat, T.B."
"207","AMAZ_207","PreservedSpecimen","Collection",NA,"AMAZ","SPECIES","Angiosperms","Vasquez, R.","Vasquez 4950","Croat, T.B.","NV","AMAZ2024",1,"Philodendron camposportoanum",-3.8,-73.4166666666667,"1984-04-30","change1: Filled coordinateUncertaintyInMeters from decimal-place precision (conservative). | epi_taxo: acceptedName(match1); authorship_epig(match1); genus_from_scientificName; family_WFO; order_majorGroup_WCVP [2026-03-12] | CoordinateCleaner QA applied without sea test (validity, equal, zeros, capitals, centroids, gbif, institutions) [2026-03-29]","accents and special characters corrected in recordNumber / standardized author names and accents corrected in recordedBy","R. Vásquez","Vásquez 4950","Croat, T.B."
"208","AMAZ_208","PreservedSpecimen","Collection",NA,"AMAZ","SPECIES","Angiosperms","Ruiz, J.","Ruiz 81","","NV","AMAZ2024",1,"Philodendron cuneatum",-3.84527777777778,-73.3969444444445,"2005-02-03","change1: Filled coordinateUncertaintyInMeters from decimal-place precision (conservative). | epi_taxo: acceptedName(match1); authorship_epig(match1); genus_from_scientificName; family_WFO; order_majorGroup_WCVP [2026-03-12] | CoordinateCleaner QA applied without sea test (validity, equal, zeros, capitals, centroids, gbif, institutions) [2026-03-29]","accents and special characters corrected in recordNumber / standardized author names and accents corrected in recordedBy","J. Ruíz","Ruíz 81",""
"209","AMAZ_209","PreservedSpecimen","Collection",NA,"AMAZ","SPECIES","Angiosperms","Schunke, J.","Schunke 11984","Croat, T.B.","NV","AMAZ2024",1,"Philodendron deltoideum",NA,NA,"1980-07-11","change1: Set (0,0) to NA (Null Island placeholder). | epi_taxo: acceptedName(match1); authorship_epig(match1); genus_from_scientificName; family_WFO; order_majorGroup_WCVP [2026-03-12] | CoordinateCleaner QA applied without sea test (validity, equal, zeros, capitals, centroids, gbif, institutions) [2026-03-29]","standardized author names and accents corrected in recordedBy","J. Schunke","Schunke 11984","Croat, T.B."
"210","AMAZ_210","PreservedSpecimen","Collection",NA,"AMAZ","SPECIES","Angiosperms","Lingan, J.","Lingan 372","Croat, T.B.","H","AMAZ2024",1,"Philodendron deltoideum",-10.55,-75.45,"2003-03-28","change1: Filled coordinateUncertaintyInMeters from decimal-place precision (conservative). | epi_taxo: acceptedName(match1); authorship_epig(match1); genus_from_scientificName; family_WFO; order_majorGroup_WCVP [2026-03-12] | CoordinateCleaner QA applied without sea test (validity, equal, zeros, capitals, centroids, gbif, institutions) [2026-03-29]","accents and special characters corrected in recordNumber / standardized author names and accents corrected in recordedBy","J. Lingán","Lingán 372","Croat, T.B."
"211","AMAZ_211","PreservedSpecimen","Collection",NA,"AMAZ","SPECIES","Angiosperms","Gentry, A.","Gentry 21181","Croat, T.B.","NV","AMAZ2024",1,"Philodendron elaphoglossoides",NA,NA,"1977-12-07","change1: Set (0,0) to NA (Null Island placeholder). | epi_taxo: acceptedName(match1); authorship_epig(match1); genus_from_scientificName; family_WFO; order_majorGroup_WCVP [2026-03-12] | CoordinateCleaner QA applied without sea test (validity, equal, zeros, capitals, centroids, gbif, institutions) [2026-03-29]","standardized author names and accents corrected in recordedBy","A. Gentry","Gentry 21181","Croat, T.B."
"212","AMAZ_212","PreservedSpecimen","Collection",NA,"AMAZ","SPECIES","Angiosperms","Gentry, A.","Gentry 21359","Croat, T.B.","NV","AMAZ2024",1,"Philodendron elaphoglossoides",NA,NA,"1977-12-09","change1: Set (0,0) to NA (Null Island placeholder). | epi_taxo: acceptedName(match1); authorship_epig(match1); genus_from_scientificName; family_WFO; order_majorGroup_WCVP [2026-03-12] | CoordinateCleaner QA applied without sea test (validity, equal, zeros, capitals, centroids, gbif, institutions) [2026-03-29]","standardized author names and accents corrected in recordedBy","A. Gentry","Gentry 21359","Croat, T.B."
"213","AMAZ_213","PreservedSpecimen","Collection",NA,"AMAZ","SPECIES","Angiosperms","Ayala, F.","Ayala 563","Croat, T.B.","NV","AMAZ2024",1,"Philodendron ernestii",NA,NA,"1974-03-04","change1: Set (0,0) to NA (Null Island placeholder). | epi_taxo: acceptedName(match1); authorship_epig(match1); genus_from_scientificName; family_WFO; order_majorGroup_WCVP [2026-03-12] | CoordinateCleaner QA applied without sea test (validity, equal, zeros, capitals, centroids, gbif, institutions) [2026-03-29]","standardized author names and accents corrected in recordedBy","F. Ayala","Ayala 563","Croat, T.B."
"214","AMAZ_214","PreservedSpecimen","Collection",NA,"AMAZ","SPECIES","Angiosperms","Murphy, H.","Murphy 282","Croat, T.B.","NV","AMAZ2024",1,"Philodendron ernestii",NA,NA,"1981-09-10","change1: Set (0,0) to NA (Null Island placeholder). | epi_taxo: acceptedName(match1); authorship_epig(match1); genus_from_scientificName; family_WFO; order_majorGroup_WCVP [2026-03-12] | CoordinateCleaner QA applied without sea test (validity, equal, zeros, capitals, centroids, gbif, institutions) [2026-03-29]","standardized author names and accents corrected in recordedBy","H. Murphy","Murphy 282","Croat, T.B."
"215","AMAZ_215","PreservedSpecimen","Collection",NA,"AMAZ","SPECIES","Angiosperms","Croat, T.","Croat 61681","","NV","AMAZ2024",1,"Philodendron ernestii",-3.38333333333333,-73.0333333333333,"1986-07-25","change1: Filled coordinateUncertaintyInMeters from decimal-place precision (conservative). | epi_taxo: acceptedName(match1); authorship_epig(match1); genus_from_scientificName; family_WFO; order_majorGroup_WCVP [2026-03-12] | CoordinateCleaner QA applied without sea test (validity, equal, zeros, capitals, centroids, gbif, institutions) [2026-03-29]","standardized author names and accents corrected in recordedBy","T. Croat","Croat 61681",""
"216","AMAZ_216","PreservedSpecimen","Collection",NA,"AMAZ","SPECIES","Angiosperms","Rimachi, M.","Rimachi 11787","Croat, T.B.","NV","AMAZ2024",1,"Philodendron ernestii",NA,NA,"1996-08-01","change1: Set (0,0) to NA (Null Island placeholder). | epi_taxo: acceptedName(match1); authorship_epig(match1); genus_from_scientificName; family_WFO; order_majorGroup_WCVP [2026-03-12] | CoordinateCleaner QA applied without sea test (validity, equal, zeros, capitals, centroids, gbif, institutions) [2026-03-29]","standardized author names and accents corrected in recordedBy","M. Rimachi","Rimachi 11787","Croat, T.B."
"217","AMAZ_217","PreservedSpecimen","Collection",NA,"AMAZ","SPECIES","Angiosperms","Grandez, C.","Grandez 2524","Croat, T.B.","NV","AMAZ2024",1,"Philodendron ernestii",-4.13333333333333,-72.9166666666667,"1991-05-08","change1: Filled coordinateUncertaintyInMeters from decimal-place precision (conservative). | epi_taxo: acceptedName(match1); authorship_epig(match1); genus_from_scientificName; family_WFO; order_majorGroup_WCVP [2026-03-12] | CoordinateCleaner QA applied without sea test (validity, equal, zeros, capitals, centroids, gbif, institutions) [2026-03-29]","accents and special characters corrected in recordNumber / standardized author names and accents corrected in recordedBy","C. Grández","Grández 2524","Croat, T.B."
"218","AMAZ_218","PreservedSpecimen","Collection",NA,"AMAZ","SPECIES","Angiosperms","Vasquez, R.","Vasquez 16779","Croat, T.B.","NV","AMAZ2024",1,"Philodendron exile",-4.16666666666667,-73.5,"1991-06-17","change1: Filled coordinateUncertaintyInMeters from decimal-place precision (conservative). | epi_taxo: acceptedName(match1); authorship_epig(match1); genus_from_scientificName; family_WFO; order_majorGroup_WCVP [2026-03-12] | CoordinateCleaner QA applied without sea test (validity, equal, zeros, capitals, centroids, gbif, institutions) [2026-03-29]","accents and special characters corrected in recordNumber / standardized author names and accents corrected in recordedBy","R. Vásquez","Vásquez 16779","Croat, T.B."
"219","AMAZ_219","PreservedSpecimen","Collection",NA,"AMAZ","SPECIES","Angiosperms","Vasquez, R.","Vasquez 1155","Croat, T.B.","NV","AMAZ2024",1,"Philodendron fragrantissimum",-3.75,-73.25,"1981-01-03","change1: Filled coordinateUncertaintyInMeters from decimal-place precision (conservative). | epi_taxo: acceptedName(match1); authorship_epig(match1); genus_from_scientificName; family_WFO; order_majorGroup_WCVP [2026-03-12] | CoordinateCleaner QA applied without sea test (validity, equal, zeros, capitals, centroids, gbif, institutions) [2026-03-29]","accents and special characters corrected in recordNumber / standardized author names and accents corrected in recordedBy","R. Vásquez","Vásquez 1155","Croat, T.B."
"220","AMAZ_220","PreservedSpecimen","Collection",NA,"AMAZ","SPECIES","Angiosperms","Vasquez, R.","Vasquez 4916","Croat, T.B.","NV","AMAZ2024",1,"Philodendron fragrantissimum",-3.8,-73.4166666666667,"1984-04-30","change1: Filled coordinateUncertaintyInMeters from decimal-place precision (conservative). | epi_taxo: acceptedName(match1); authorship_epig(match1); genus_from_scientificName; family_WFO; order_majorGroup_WCVP [2026-03-12] | CoordinateCleaner QA applied without sea test (validity, equal, zeros, capitals, centroids, gbif, institutions) [2026-03-29]","accents and special characters corrected in recordNumber / standardized author names and accents corrected in recordedBy","R. Vásquez","Vásquez 4916","Croat, T.B."
"221","AMAZ_221","PreservedSpecimen","Collection",NA,"AMAZ","SPECIES","Angiosperms","Arevalo, E.","Arevalo 232","","NV","AMAZ2024",1,"Philodendron fragrantissimum",NA,NA,"1984-08-22","change1: Set (0,0) to NA (Null Island placeholder). | epi_taxo: acceptedName(match1); authorship_epig(match1); genus_from_scientificName; family_WFO; order_majorGroup_WCVP [2026-03-12] | CoordinateCleaner QA applied without sea test (validity, equal, zeros, capitals, centroids, gbif, institutions) [2026-03-29]","accents and special characters corrected in recordNumber / standardized author names and accents corrected in recordedBy","E. Arévalo","Arévalo 232",""
"222","AMAZ_222","PreservedSpecimen","Collection",NA,"AMAZ","SPECIES","Angiosperms","Gentry, A.","Gentry 36290","Croat, T.B.","NV","AMAZ2024",1,"Philodendron fragrantissimum",-8.75,-75.0333333333333,"1982-03-12","change1: Filled coordinateUncertaintyInMeters from decimal-place precision (conservative). | epi_taxo: acceptedName(match1); authorship_epig(match1); genus_from_scientificName; family_WFO; order_majorGroup_WCVP [2026-03-12] | CoordinateCleaner QA applied without sea test (validity, equal, zeros, capitals, centroids, gbif, institutions) [2026-03-29]","standardized author names and accents corrected in recordedBy","A. Gentry","Gentry 36290","Croat, T.B."
"223","AMAZ_223","PreservedSpecimen","Collection",NA,"AMAZ","SPECIES","Angiosperms","Ayala, F.","Ayala 1791","Croat, T.B.","NV","AMAZ2024",1,"Thaumatophyllum spruceanum",NA,NA,"1979-04-14","change1: Set (0,0) to NA (Null Island placeholder). | epi_taxo: acceptedName(match1); authorship_epig(match1); genus_from_scientificName; family_WFO; order_majorGroup_WCVP [2026-03-12] | CoordinateCleaner QA applied without sea test (validity, equal, zeros, capitals, centroids, gbif, institutions) [2026-03-29]","standardized author names and accents corrected in recordedBy","F. Ayala","Ayala 1791","Croat, T.B."
"224","AMAZ_224","PreservedSpecimen","Collection",NA,"AMAZ","SPECIES","Angiosperms","Ayala, F.","Ayala 1943A","","NV","AMAZ2024",1,"Thaumatophyllum spruceanum",NA,NA,"1979-09-29","change1: Set (0,0) to NA (Null Island placeholder). | epi_taxo: acceptedName(match1); authorship_epig(match1); genus_from_scientificName; family_WFO; order_majorGroup_WCVP [2026-03-12] | CoordinateCleaner QA applied without sea test (validity, equal, zeros, capitals, centroids, gbif, institutions) [2026-03-29]","standardized author names and accents corrected in recordedBy","F. Ayala","Ayala 1943A",""
"225","AMAZ_225","PreservedSpecimen","Collection",NA,"AMAZ","SPECIES","Angiosperms","Ayala, F.","Ayala 5605","","NV","AMAZ2024",1,"Thaumatophyllum spruceanum",NA,NA,"1987-03-04","change1: Set (0,0) to NA (Null Island placeholder). | epi_taxo: acceptedName(match1); authorship_epig(match1); genus_from_scientificName; family_WFO; order_majorGroup_WCVP [2026-03-12] | CoordinateCleaner QA applied without sea test (validity, equal, zeros, capitals, centroids, gbif, institutions) [2026-03-29]","standardized author names and accents corrected in recordedBy","F. Ayala","Ayala 5605",""
"226","AMAZ_226","PreservedSpecimen","Collection",NA,"AMAZ","SPECIES","Angiosperms","Revilla, J.","Revilla 1486","Croat, T.B.","","AMAZ2024",1,"Philodendron grazielae",NA,NA,"1976-10-12","change1: Set (0,0) to NA (Null Island placeholder). | epi_taxo: acceptedName(match1); authorship_epig(match1); genus_from_scientificName; family_WFO; order_majorGroup_WCVP [2026-03-12] | CoordinateCleaner QA applied without sea test (validity, equal, zeros, capitals, centroids, gbif, institutions) [2026-03-29]","standardized author names and accents corrected in recordedBy","J. Revilla","Revilla 1486","Croat, T.B."
"227","AMAZ_227","PreservedSpecimen","Collection",NA,"AMAZ","SPECIES","Angiosperms","Maas, P.","Maas 6258","Anderson, L.","NV","AMAZ2024",1,"Philodendron grazielae",NA,NA,"1984-11-11","change1: Set (0,0) to NA (Null Island placeholder). | epi_taxo: acceptedName(match1); authorship_epig(match1); genus_from_scientificName; family_WFO; order_majorGroup_WCVP [2026-03-12] | CoordinateCleaner QA applied without sea test (validity, equal, zeros, capitals, centroids, gbif, institutions) [2026-03-29]","standardized author names and accents corrected in recordedBy","P. Maas","Maas 6258","Anderson, L."
"228","AMAZ_228","PreservedSpecimen","Collection",NA,"AMAZ","SPECIES","Angiosperms","Vasquez, R.","Vasquez 9502","Croat, T.B.","NV","AMAZ2024",1,"Philodendron grazielae",-3.8,-73.4166666666667,"1987-09-03","change1: Filled coordinateUncertaintyInMeters from decimal-place precision (conservative). | epi_taxo: acceptedName(match1); authorship_epig(match1); genus_from_scientificName; family_WFO; order_majorGroup_WCVP [2026-03-12] | CoordinateCleaner QA applied without sea test (validity, equal, zeros, capitals, centroids, gbif, institutions) [2026-03-29]","accents and special characters corrected in recordNumber / standardized author names and accents corrected in recordedBy","R. Vásquez","Vásquez 9502","Croat, T.B."
"229","AMAZ_229","PreservedSpecimen","Collection",NA,"AMAZ","SPECIES","Angiosperms","Miller, J.","Miller-W 1527","Ruiz, J.","H","AMAZ2024",1,"Philodendron grazielae",NA,NA,"1998-02-07","change1: Set (0,0) to NA (Null Island placeholder). | epi_taxo: acceptedName(match1); authorship_epig(match1); genus_from_scientificName; family_WFO; order_majorGroup_WCVP [2026-03-12] | CoordinateCleaner QA applied without sea test (validity, equal, zeros, capitals, centroids, gbif, institutions) [2026-03-29]","standardized author names and accents corrected in recordedBy","J. Miller-W","Miller-W 1527","Ruiz, J."
"230","AMAZ_230","PreservedSpecimen","Collection",NA,"AMAZ","SPECIES","Angiosperms","Vasquez, R.","Vasquez 1281","Grayum, M.H.","NV","AMAZ2024",1,"Philodendron guttiferum",-3.08333333333333,-73.1333333333333,"1981-01-26","change1: Filled coordinateUncertaintyInMeters from decimal-place precision (conservative). | epi_taxo: acceptedName(match1); authorship_epig(match1); genus_from_scientificName; family_WFO; order_majorGroup_WCVP [2026-03-12] | CoordinateCleaner QA applied without sea test (validity, equal, zeros, capitals, centroids, gbif, institutions) [2026-03-29]","accents and special characters corrected in recordNumber / standardized author names and accents corrected in recordedBy","R. Vásquez","Vásquez 1281","Grayum, M.H."
"231","AMAZ_231","PreservedSpecimen","Collection",NA,"AMAZ","SUBSPECIES","Angiosperms","Croat, T.","Croat 87950","Croat, T.B.","NV","AMAZ2024",1,"Philodendron heleniae",-0.95,-77.8166666666667,"2003-04-21","change1: Corrected taxonRank (SPECIES→SUBSPECIES); kept scientificName with 'subsp.'. | change2: Filled coordinateUncertaintyInMeters from decimal-place precision (conservative). | epi_taxo: acceptedName(match1); authorship_epig(match1); genus_from_scientificName; family_WFO; order_majorGroup_WCVP [2026-03-12] | CoordinateCleaner QA applied without sea test (validity, equal, zeros, capitals, centroids, gbif, institutions) [2026-03-29]","standardized author names and accents corrected in recordedBy","T. Croat","Croat 87950","Croat, T.B."
"232","AMAZ_232","PreservedSpecimen","Collection",NA,"AMAZ","SPECIES","Angiosperms","Gentry, A.","Gentry 22338","Croat, T.B.","NV","AMAZ2024",1,"Philodendron herthae",NA,NA,"1978-05-27","change1: Trimmed whitespace in verbatimScientificName (and standardized blanks to NA) | change2: Set (0,0) to NA (Null Island placeholder). | epi_taxo: acceptedName(match1); authorship_epig(match1); genus_from_scientificName; family_WFO; order_majorGroup_WCVP [2026-03-12] | CoordinateCleaner QA applied without sea test (validity, equal, zeros, capitals, centroids, gbif, institutions) [2026-03-29]","standardized author names and accents corrected in recordedBy","A. Gentry","Gentry 22338","Croat, T.B."
"233","AMAZ_233","PreservedSpecimen","Collection",NA,"AMAZ","SPECIES","Angiosperms","Gentry, A.","Gentry 21356","Croat, T.B.","NV","AMAZ2024",1,"Philodendron herthae",NA,NA,"1977-12-09","change1: Trimmed whitespace in verbatimScientificName (and standardized blanks to NA) | change2: Set (0,0) to NA (Null Island placeholder). | epi_taxo: acceptedName(match1); authorship_epig(match1); genus_from_scientificName; family_WFO; order_majorGroup_WCVP [2026-03-12] | CoordinateCleaner QA applied without sea test (validity, equal, zeros, capitals, centroids, gbif, institutions) [2026-03-29]","standardized author names and accents corrected in recordedBy","A. Gentry","Gentry 21356","Croat, T.B."
"234","AMAZ_234","PreservedSpecimen","Collection",NA,"AMAZ","SPECIES","Angiosperms","Gentry, A.","Gentry 29743","Croat, T.B.","NV","AMAZ2024",1,"Philodendron herthae",-2.8,-76.4666666666667,"1980-08-15","change1: Trimmed whitespace in verbatimScientificName (and standardized blanks to NA) | change2: Filled coordinateUncertaintyInMeters from decimal-place precision (conservative). | epi_taxo: acceptedName(match1); authorship_epig(match1); genus_from_scientificName; family_WFO; order_majorGroup_WCVP [2026-03-12] | CoordinateCleaner QA applied without sea test (validity, equal, zeros, capitals, centroids, gbif, institutions) [2026-03-29]","standardized author names and accents corrected in recordedBy","A. Gentry","Gentry 29743","Croat, T.B."
"235","AMAZ_235","PreservedSpecimen","Collection",NA,"AMAZ","SPECIES","Angiosperms","Encarnacion, F.","Encarnacion IIAP/NS0028","","","AMAZ2024",1,"Philodendron herthae",NA,NA,"2006-05-11","change1: Trimmed whitespace in verbatimScientificName (and standardized blanks to NA) | change2: Set (0,0) to NA (Null Island placeholder). | epi_taxo: acceptedName(match1); authorship_epig(match1); genus_from_scientificName; family_WFO; order_majorGroup_WCVP [2026-03-12] | CoordinateCleaner QA applied without sea test (validity, equal, zeros, capitals, centroids, gbif, institutions) [2026-03-29]","accents and special characters corrected in recordNumber / standardized author names and accents corrected in recordedBy","F. Encarnación","Encarnación IIAP/NS0028",""
"236","AMAZ_236","PreservedSpecimen","Collection",NA,"AMAZ","SPECIES","Angiosperms","Campos, J.","Campos 4010","","","AMAZ2024",1,"Philodendron herthae",-5.43333333333333,-78.9166666666667,"1997-06-16","change1: Trimmed whitespace in verbatimScientificName (and standardized blanks to NA) | change2: Filled coordinateUncertaintyInMeters from decimal-place precision (conservative). | epi_taxo: acceptedName(match1); authorship_epig(match1); genus_from_scientificName; family_WFO; order_majorGroup_WCVP [2026-03-12] | CoordinateCleaner QA applied without sea test (validity, equal, zeros, capitals, centroids, gbif, institutions) [2026-03-29]","standardized author names and accents corrected in recordedBy","J. Campos","Campos 4010",""
"237","AMAZ_237","PreservedSpecimen","Collection",NA,"AMAZ","SPECIES","Angiosperms","Vasquez, R.","Vasquez 838","Croat, T.B.","NV","AMAZ2024",1,"Philodendron heterophyllum",-2.91666666666667,-76.4166666666667,"1980-11-21","change1: Filled coordinateUncertaintyInMeters from decimal-place precision (conservative). | epi_taxo: acceptedName(match1); authorship_epig(match1); genus_from_scientificName; family_WFO; order_majorGroup_WCVP [2026-03-12] | CoordinateCleaner QA applied without sea test (validity, equal, zeros, capitals, centroids, gbif, institutions) [2026-03-29]","accents and special characters corrected in recordNumber / standardized author names and accents corrected in recordedBy","R. Vásquez","Vásquez 838","Croat, T.B."
"238","AMAZ_238","PreservedSpecimen","Collection",NA,"AMAZ","SPECIES","Angiosperms","Torres, J.","Torres 928","Croat, T.B.","NV","AMAZ2024",1,"Philodendron hylaeae",NA,NA,"1977-07-13","change1: Set (0,0) to NA (Null Island placeholder). | epi_taxo: acceptedName(match1); authorship_epig(match1); genus_from_scientificName; family_WFO; order_majorGroup_WCVP [2026-03-12] | CoordinateCleaner QA applied without sea test (validity, equal, zeros, capitals, centroids, gbif, institutions) [2026-03-29]","standardized author names and accents corrected in recordedBy","J. Torres","Torres 928","Croat, T.B."
"239","AMAZ_239","PreservedSpecimen","Collection",NA,"AMAZ","SPECIES","Angiosperms","Revilla, J.","Revilla 952","Croat, T.B.","NV","AMAZ2024",1,"Philodendron hylaeae",NA,NA,"1976-07-19","change1: Set (0,0) to NA (Null Island placeholder). | epi_taxo: acceptedName(match1); authorship_epig(match1); genus_from_scientificName; family_WFO; order_majorGroup_WCVP [2026-03-12] | CoordinateCleaner QA applied without sea test (validity, equal, zeros, capitals, centroids, gbif, institutions) [2026-03-29]","standardized author names and accents corrected in recordedBy","J. Revilla","Revilla 952","Croat, T.B."
"240","AMAZ_240","PreservedSpecimen","Collection",NA,"AMAZ","SPECIES","Angiosperms","Croat, T.","Croat 61673","","NV","AMAZ2024",1,"Philodendron hylaeae",-3.38333333333333,-73.0333333333333,"1986-07-25","change1: Filled coordinateUncertaintyInMeters from decimal-place precision (conservative). | epi_taxo: acceptedName(match1); authorship_epig(match1); genus_from_scientificName; family_WFO; order_majorGroup_WCVP [2026-03-12] | CoordinateCleaner QA applied without sea test (validity, equal, zeros, capitals, centroids, gbif, institutions) [2026-03-29]","standardized author names and accents corrected in recordedBy","T. Croat","Croat 61673",""
"241","AMAZ_241","PreservedSpecimen","Collection",NA,"AMAZ","SPECIES","Angiosperms","Ayala, F.","Ayala 3493","","NV","AMAZ2024",1,"Philodendron inaequilaterum",NA,NA,"1982-07-24","change1: Set (0,0) to NA (Null Island placeholder). | epi_taxo: acceptedName(match1); authorship_epig(match1); genus_from_scientificName; family_WFO; order_majorGroup_WCVP [2026-03-12] | CoordinateCleaner QA applied without sea test (validity, equal, zeros, capitals, centroids, gbif, institutions) [2026-03-29]","standardized author names and accents corrected in recordedBy","F. Ayala","Ayala 3493",""
"242","AMAZ_242","PreservedSpecimen","Collection",NA,"AMAZ","SPECIES","Angiosperms","Schunke, J.","Schunke 10276","Croat, T.B.","NV","AMAZ2024",1,"Philodendron inaequilaterum",NA,NA,"1978-06-20","change1: Set (0,0) to NA (Null Island placeholder). | epi_taxo: acceptedName(match1); authorship_epig(match1); genus_from_scientificName; family_WFO; order_majorGroup_WCVP [2026-03-12] | CoordinateCleaner QA applied without sea test (validity, equal, zeros, capitals, centroids, gbif, institutions) [2026-03-29]","standardized author names and accents corrected in recordedBy","J. Schunke","Schunke 10276","Croat, T.B."
"243","AMAZ_243","PreservedSpecimen","Collection",NA,"AMAZ","SPECIES","Angiosperms","Vasquez, R.","Vasquez 9509","Croat, T.B.","H","AMAZ2024",1,"Philodendron inaequilaterum",-3.8,-73.4166666666667,"1987-09-03","change1: Filled coordinateUncertaintyInMeters from decimal-place precision (conservative). | epi_taxo: acceptedName(match1); authorship_epig(match1); genus_from_scientificName; family_WFO; order_majorGroup_WCVP [2026-03-12] | CoordinateCleaner QA applied without sea test (validity, equal, zeros, capitals, centroids, gbif, institutions) [2026-03-29]","accents and special characters corrected in recordNumber / standardized author names and accents corrected in recordedBy","R. Vásquez","Vásquez 9509","Croat, T.B."
"244","AMAZ_244","PreservedSpecimen","Collection",NA,"AMAZ","SPECIES","Angiosperms","Vasquez, R.","Vasquez 1151","Mayo, S.","NV","AMAZ2024",1,"Philodendron insigne",-3.75,-73.25,"1981-01-03","change1: Filled coordinateUncertaintyInMeters from decimal-place precision (conservative). | epi_taxo: acceptedName(match1); authorship_epig(match1); genus_from_scientificName; family_WFO; order_majorGroup_WCVP [2026-03-12] | CoordinateCleaner QA applied without sea test (validity, equal, zeros, capitals, centroids, gbif, institutions) [2026-03-29]","accents and special characters corrected in recordNumber / standardized author names and accents corrected in recordedBy","R. Vásquez","Vásquez 1151","Mayo, S."
"245","AMAZ_245","PreservedSpecimen","Collection",NA,"AMAZ","SPECIES","Angiosperms","Vasquez, R.","Vasquez 5331","Croat, T.B.","NV","AMAZ2024",1,"Philodendron insigne",-3.91666666666667,-73.5833333333333,"1984-07-22","change1: Filled coordinateUncertaintyInMeters from decimal-place precision (conservative). | epi_taxo: acceptedName(match1); authorship_epig(match1); genus_from_scientificName; family_WFO; order_majorGroup_WCVP [2026-03-12] | CoordinateCleaner QA applied without sea test (validity, equal, zeros, capitals, centroids, gbif, institutions) [2026-03-29]","accents and special characters corrected in recordNumber / standardized author names and accents corrected in recordedBy","R. Vásquez","Vásquez 5331","Croat, T.B."
"246","AMAZ_246","PreservedSpecimen","Collection",NA,"AMAZ","SPECIES","Angiosperms","Lingan, J.","Lingan 373","Croat, T.B.","H","AMAZ2024",1,"Philodendron kroemeri",-10.55,-75.45,"2003-03-28","change1: Filled coordinateUncertaintyInMeters from decimal-place precision (conservative). | epi_taxo: acceptedName(match1); authorship_epig(match1); genus_from_scientificName; family_WFO; order_majorGroup_WCVP [2026-03-12] | CoordinateCleaner QA applied without sea test (validity, equal, zeros, capitals, centroids, gbif, institutions) [2026-03-29]","accents and special characters corrected in recordNumber / standardized author names and accents corrected in recordedBy","J. Lingán","Lingán 373","Croat, T.B."
"247","AMAZ_247","PreservedSpecimen","Collection",NA,"AMAZ","SPECIES","Angiosperms","Lingan, J.","Lingan 376","Croat, T.B.","NV","AMAZ2024",1,"Philodendron kroemeri",-10.55,-75.45,"2003-04-04","change1: Filled coordinateUncertaintyInMeters from decimal-place precision (conservative). | epi_taxo: acceptedName(match1); authorship_epig(match1); genus_from_scientificName; family_WFO; order_majorGroup_WCVP [2026-03-12] | CoordinateCleaner QA applied without sea test (validity, equal, zeros, capitals, centroids, gbif, institutions) [2026-03-29]","accents and special characters corrected in recordNumber / standardized author names and accents corrected in recordedBy","J. Lingán","Lingán 376","Croat, T.B."
"248","AMAZ_248","PreservedSpecimen","Collection",NA,"AMAZ","SPECIES","Angiosperms","Vasquez, R.","Vasquez 41","Croat, T.B.","NV","AMAZ2024",1,"Philodendron guttiferum",-3.33333333333333,-72.6666666666667,"1980-03-21","change1: Filled coordinateUncertaintyInMeters from decimal-place precision (conservative). | epi_taxo: acceptedName(match1); authorship_epig(match1); genus_from_scientificName; family_WFO; order_majorGroup_WCVP [2026-03-12] | CoordinateCleaner QA applied without sea test (validity, equal, zeros, capitals, centroids, gbif, institutions) [2026-03-29]","accents and special characters corrected in recordNumber / standardized author names and accents corrected in recordedBy","R. Vásquez","Vásquez 41","Croat, T.B."
"249","AMAZ_249","PreservedSpecimen","Collection",NA,"AMAZ","SPECIES","Angiosperms","Lingan, J.","Lingan 348","Croat, T.B.","NV","AMAZ2024",3,"Philodendron lindenianum",-10.55,-75.3666666666667,"2003-03-15","change1: Filled coordinateUncertaintyInMeters from decimal-place precision (conservative). | epi_taxo: acceptedName(match1); authorship_epig(match1); genus_from_scientificName; family_WFO; order_majorGroup_WCVP [2026-03-12] | CoordinateCleaner QA applied without sea test (validity, equal, zeros, capitals, centroids, gbif, institutions) [2026-03-29]","accents and special characters corrected in recordNumber / standardized author names and accents corrected in recordedBy","J. Lingán","Lingán 348","Croat, T.B."
"250","AMAZ_250","PreservedSpecimen","Collection",NA,"AMAZ","SPECIES","Angiosperms","Gentry, A.","Gentry 21231","Croat, T.B.","NV","AMAZ2024",1,"Philodendron linnaei",NA,NA,"1977-12-07","change1: Set (0,0) to NA (Null Island placeholder). | epi_taxo: acceptedName(match1); authorship_epig(match1); genus_from_scientificName; family_WFO; order_majorGroup_WCVP [2026-03-12] | CoordinateCleaner QA applied without sea test (validity, equal, zeros, capitals, centroids, gbif, institutions) [2026-03-29]","standardized author names and accents corrected in recordedBy","A. Gentry","Gentry 21231","Croat, T.B."
"251","AMAZ_251","PreservedSpecimen","Collection",NA,"AMAZ","SPECIES","Angiosperms","Vasquez, R.","Vasquez 1189","Croat, T.B.","NV","AMAZ2024",1,"Philodendron linnaei",-3.75,-73.35,"1981-01-08","change1: Filled coordinateUncertaintyInMeters from decimal-place precision (conservative). | epi_taxo: acceptedName(match1); authorship_epig(match1); genus_from_scientificName; family_WFO; order_majorGroup_WCVP [2026-03-12] | CoordinateCleaner QA applied without sea test (validity, equal, zeros, capitals, centroids, gbif, institutions) [2026-03-29]","accents and special characters corrected in recordNumber / standardized author names and accents corrected in recordedBy","R. Vásquez","Vásquez 1189","Croat, T.B."
"252","AMAZ_252","PreservedSpecimen","Collection",NA,"AMAZ","SPECIES","Angiosperms","Vasquez, R.","Vasquez 5640","","NV","AMAZ2024",1,"Philodendron linnaei",NA,NA,"1984-10-09","change1: Set (0,0) to NA (Null Island placeholder). | epi_taxo: acceptedName(match1); authorship_epig(match1); genus_from_scientificName; family_WFO; order_majorGroup_WCVP [2026-03-12] | CoordinateCleaner QA applied without sea test (validity, equal, zeros, capitals, centroids, gbif, institutions) [2026-03-29]","accents and special characters corrected in recordNumber / standardized author names and accents corrected in recordedBy","R. Vásquez","Vásquez 5640",""
"253","AMAZ_253","PreservedSpecimen","Collection",NA,"AMAZ","SPECIES","Angiosperms","Vasquez, R.","Vasquez 8724","Croat, T.B.","NV","AMAZ2024",1,"Philodendron linnaei",-3.8,-73.4166666666667,"1987-01-03","change1: Filled coordinateUncertaintyInMeters from decimal-place precision (conservative). | epi_taxo: acceptedName(match1); authorship_epig(match1); genus_from_scientificName; family_WFO; order_majorGroup_WCVP [2026-03-12] | CoordinateCleaner QA applied without sea test (validity, equal, zeros, capitals, centroids, gbif, institutions) [2026-03-29]","accents and special characters corrected in recordNumber / standardized author names and accents corrected in recordedBy","R. Vásquez","Vásquez 8724","Croat, T.B."
"254","AMAZ_254","PreservedSpecimen","Collection",NA,"AMAZ","SPECIES","Angiosperms","Gentry, A.","Gentry 36579","","NV","AMAZ2024",1,"Philodendron linnaei",-3.36666666666667,-72.8333333333333,"1982-03-22","change1: Filled coordinateUncertaintyInMeters from decimal-place precision (conservative). | epi_taxo: acceptedName(match1); authorship_epig(match1); genus_from_scientificName; family_WFO; order_majorGroup_WCVP [2026-03-12] | CoordinateCleaner QA applied without sea test (validity, equal, zeros, capitals, centroids, gbif, institutions) [2026-03-29]","standardized author names and accents corrected in recordedBy","A. Gentry","Gentry 36579",""
"255","AMAZ_255","PreservedSpecimen","Collection",NA,"AMAZ","SPECIES","Angiosperms","Vasquez, R.","Vasquez 7586","Croat, T.B.","NV","AMAZ2024",1,"Philodendron linnaei",-3.8,-73.4166666666667,"1986-05-30","change1: Filled coordinateUncertaintyInMeters from decimal-place precision (conservative). | epi_taxo: acceptedName(match1); authorship_epig(match1); genus_from_scientificName; family_WFO; order_majorGroup_WCVP [2026-03-12] | CoordinateCleaner QA applied without sea test (validity, equal, zeros, capitals, centroids, gbif, institutions) [2026-03-29]","accents and special characters corrected in recordNumber / standardized author names and accents corrected in recordedBy","R. Vásquez","Vásquez 7586","Croat, T.B."
"256","AMAZ_256","PreservedSpecimen","Collection",NA,"AMAZ","SPECIES","Angiosperms","Vasquez, R.","Vasquez 910","Croat, T.B.","NV","AMAZ2024",1,"Philodendron megalophyllum",-5.25,-74.1666666666667,"1980-12-05","change1: Filled coordinateUncertaintyInMeters from decimal-place precision (conservative). | epi_taxo: acceptedName(match1); authorship_epig(match1); genus_from_scientificName; family_WFO; order_majorGroup_WCVP [2026-03-12] | CoordinateCleaner QA applied without sea test (validity, equal, zeros, capitals, centroids, gbif, institutions) [2026-03-29]","accents and special characters corrected in recordNumber / standardized author names and accents corrected in recordedBy","R. Vásquez","Vásquez 910","Croat, T.B."
"257","AMAZ_257","PreservedSpecimen","Collection",NA,"AMAZ","SPECIES","Angiosperms","Vasquez, R.","Vasquez 1047","Croat, T.B.","NV","AMAZ2024",1,"Philodendron megalophyllum",-4.83333333333333,-73.75,"1980-12-10","change1: Filled coordinateUncertaintyInMeters from decimal-place precision (conservative). | epi_taxo: acceptedName(match1); authorship_epig(match1); genus_from_scientificName; family_WFO; order_majorGroup_WCVP [2026-03-12] | CoordinateCleaner QA applied without sea test (validity, equal, zeros, capitals, centroids, gbif, institutions) [2026-03-29]","accents and special characters corrected in recordNumber / standardized author names and accents corrected in recordedBy","R. Vásquez","Vásquez 1047","Croat, T.B."
"258","AMAZ_258","PreservedSpecimen","Collection",NA,"AMAZ","SPECIES","Angiosperms","Vasquez, R.","Vasquez 532","Croat, T.B.","NV","AMAZ2024",1,"Philodendron megalophyllum",-3.5,-72.8333333333333,"1980-10-17","change1: Filled coordinateUncertaintyInMeters from decimal-place precision (conservative). | epi_taxo: acceptedName(match1); authorship_epig(match1); genus_from_scientificName; family_WFO; order_majorGroup_WCVP [2026-03-12] | CoordinateCleaner QA applied without sea test (validity, equal, zeros, capitals, centroids, gbif, institutions) [2026-03-29]","accents and special characters corrected in recordNumber / standardized author names and accents corrected in recordedBy","R. Vásquez","Vásquez 532","Croat, T.B."
"259","AMAZ_259","PreservedSpecimen","Collection",NA,"AMAZ","SPECIES","Angiosperms","Vasquez, R.","Vasquez 1279","Croat, T.B.","NV","AMAZ2024",1,"Philodendron megalophyllum",-3.08333333333333,-73.1333333333333,"1981-01-26","change1: Filled coordinateUncertaintyInMeters from decimal-place precision (conservative). | epi_taxo: acceptedName(match1); authorship_epig(match1); genus_from_scientificName; family_WFO; order_majorGroup_WCVP [2026-03-12] | CoordinateCleaner QA applied without sea test (validity, equal, zeros, capitals, centroids, gbif, institutions) [2026-03-29]","accents and special characters corrected in recordNumber / standardized author names and accents corrected in recordedBy","R. Vásquez","Vásquez 1279","Croat, T.B."
"260","AMAZ_260","PreservedSpecimen","Collection",NA,"AMAZ","SPECIES","Angiosperms","Schunke, J.","Schunke 11735","Croat, T.B.","NV","AMAZ2024",1,"Philodendron megalophyllum",NA,NA,"1980-05-26","change1: Set (0,0) to NA (Null Island placeholder). | epi_taxo: acceptedName(match1); authorship_epig(match1); genus_from_scientificName; family_WFO; order_majorGroup_WCVP [2026-03-12] | CoordinateCleaner QA applied without sea test (validity, equal, zeros, capitals, centroids, gbif, institutions) [2026-03-29]","standardized author names and accents corrected in recordedBy","J. Schunke","Schunke 11735","Croat, T.B."
"261","AMAZ_261","PreservedSpecimen","Collection",NA,"AMAZ","SPECIES","Angiosperms","Vasquez, R.","Vasquez 4803","Croat, T.B.","NV","AMAZ2024",1,"Philodendron megalophyllum",-5.08333333333333,-73.8333333333333,"1984-01-10","change1: Filled coordinateUncertaintyInMeters from decimal-place precision (conservative). | epi_taxo: acceptedName(match1); authorship_epig(match1); genus_from_scientificName; family_WFO; order_majorGroup_WCVP [2026-03-12] | CoordinateCleaner QA applied without sea test (validity, equal, zeros, capitals, centroids, gbif, institutions) [2026-03-29]","accents and special characters corrected in recordNumber / standardized author names and accents corrected in recordedBy","R. Vásquez","Vásquez 4803","Croat, T.B."
"262","AMAZ_262","PreservedSpecimen","Collection",NA,"AMAZ","SPECIES","Angiosperms","Croat, T.","Croat 61778","","NV","AMAZ2024",1,"Philodendron megalophyllum",-3.4,-72.8166666666667,"1986-07-25","change1: Filled coordinateUncertaintyInMeters from decimal-place precision (conservative). | epi_taxo: acceptedName(match1); authorship_epig(match1); genus_from_scientificName; family_WFO; order_majorGroup_WCVP [2026-03-12] | CoordinateCleaner QA applied without sea test (validity, equal, zeros, capitals, centroids, gbif, institutions) [2026-03-29]","standardized author names and accents corrected in recordedBy","T. Croat","Croat 61778",""
"263","AMAZ_263","PreservedSpecimen","Collection",NA,"AMAZ","SPECIES","Angiosperms","Croat, T.","Croat 61682","","NV","AMAZ2024",1,"Philodendron megalophyllum",-3.38333333333333,-73.0333333333333,"1986-07-25","change1: Filled coordinateUncertaintyInMeters from decimal-place precision (conservative). | epi_taxo: acceptedName(match1); authorship_epig(match1); genus_from_scientificName; family_WFO; order_majorGroup_WCVP [2026-03-12] | CoordinateCleaner QA applied without sea test (validity, equal, zeros, capitals, centroids, gbif, institutions) [2026-03-29]","standardized author names and accents corrected in recordedBy","T. Croat","Croat 61682",""
"264","AMAZ_264","PreservedSpecimen","Collection",NA,"AMAZ","SPECIES","Angiosperms","Rimachi, M.","Rimachi 11884","Croat, T.B.","NV","AMAZ2024",1,"Philodendron megalophyllum",NA,NA,"1997-05-30","change1: Set (0,0) to NA (Null Island placeholder). | epi_taxo: acceptedName(match1); authorship_epig(match1); genus_from_scientificName; family_WFO; order_majorGroup_WCVP [2026-03-12] | CoordinateCleaner QA applied without sea test (validity, equal, zeros, capitals, centroids, gbif, institutions) [2026-03-29]","standardized author names and accents corrected in recordedBy","M. Rimachi","Rimachi 11884","Croat, T.B."
"265","AMAZ_265","PreservedSpecimen","Collection",NA,"AMAZ","SPECIES","Angiosperms","Pipoly, J.","Pipoly 14920","Croat, T.B.","NV","AMAZ2024",1,"Philodendron megalophyllum",-3.91666666666667,-73.5833333333333,"1991-03-14","change1: Filled coordinateUncertaintyInMeters from decimal-place precision (conservative). | epi_taxo: acceptedName(match1); authorship_epig(match1); genus_from_scientificName; family_WFO; order_majorGroup_WCVP [2026-03-12] | CoordinateCleaner QA applied without sea test (validity, equal, zeros, capitals, centroids, gbif, institutions) [2026-03-29]","standardized author names and accents corrected in recordedBy","J. Pipoly","Pipoly 14920","Croat, T.B."
"266","AMAZ_266","PreservedSpecimen","Collection",NA,"AMAZ","SPECIES","Angiosperms","Davila, N.","Davila 5692","","NV","AMAZ2024",1,"Philodendron megalophyllum",-2.87138888888889,-73.0083333333333,"2009-10-19","change1: Filled coordinateUncertaintyInMeters from decimal-place precision (conservative). | epi_taxo: acceptedName(match1); authorship_epig(match1); genus_from_scientificName; family_WFO; order_majorGroup_WCVP [2026-03-12] | CoordinateCleaner QA applied without sea test (validity, equal, zeros, capitals, centroids, gbif, institutions) [2026-03-29]","accents and special characters corrected in recordNumber / standardized author names and accents corrected in recordedBy","N. Dávila","Dávila 5692",""
"267","AMAZ_267","PreservedSpecimen","Collection",NA,"AMAZ","SPECIES","Angiosperms","Revilla, J.","Revilla 131","Croat, T.B.","","AMAZ2024",1,"Philodendron micranthum",NA,NA,"1976-02-11","change1: Set (0,0) to NA (Null Island placeholder). | epi_taxo: acceptedName(match1); authorship_epig(match1); genus_from_scientificName; family_WFO; order_majorGroup_WCVP [2026-03-12] | CoordinateCleaner QA applied without sea test (validity, equal, zeros, capitals, centroids, gbif, institutions) [2026-03-29]","standardized author names and accents corrected in recordedBy","J. Revilla","Revilla 131","Croat, T.B."
"268","AMAZ_268","PreservedSpecimen","Collection",NA,"AMAZ","SPECIES","Angiosperms","Gentry, A.","Gentry 22308","Croat, T.B.","NV","AMAZ2024",1,"Philodendron micranthum",NA,NA,"1978-05-27","change1: Set (0,0) to NA (Null Island placeholder). | epi_taxo: acceptedName(match1); authorship_epig(match1); genus_from_scientificName; family_WFO; order_majorGroup_WCVP [2026-03-12] | CoordinateCleaner QA applied without sea test (validity, equal, zeros, capitals, centroids, gbif, institutions) [2026-03-29]","standardized author names and accents corrected in recordedBy","A. Gentry","Gentry 22308","Croat, T.B."
"269","AMAZ_269","PreservedSpecimen","Collection",NA,"AMAZ","SPECIES","Angiosperms","Gentry, A.","Gentry 29785","Croat, T.B.","NV","AMAZ2024",1,"Philodendron micranthum",-2.8,-76.4666666666667,"1980-08-15","change1: Filled coordinateUncertaintyInMeters from decimal-place precision (conservative). | epi_taxo: acceptedName(match1); authorship_epig(match1); genus_from_scientificName; family_WFO; order_majorGroup_WCVP [2026-03-12] | CoordinateCleaner QA applied without sea test (validity, equal, zeros, capitals, centroids, gbif, institutions) [2026-03-29]","standardized author names and accents corrected in recordedBy","A. Gentry","Gentry 29785","Croat, T.B."
"270","AMAZ_270","PreservedSpecimen","Collection",NA,"AMAZ","SPECIES","Angiosperms","Croat, T.","Croat 61699","","NV","AMAZ2024",1,"Philodendron micranthum",-3.4,-72.8166666666667,"1986-07-25","change1: Filled coordinateUncertaintyInMeters from decimal-place precision (conservative). | epi_taxo: acceptedName(match1); authorship_epig(match1); genus_from_scientificName; family_WFO; order_majorGroup_WCVP [2026-03-12] | CoordinateCleaner QA applied without sea test (validity, equal, zeros, capitals, centroids, gbif, institutions) [2026-03-29]","standardized author names and accents corrected in recordedBy","T. Croat","Croat 61699",""
"271","AMAZ_271","PreservedSpecimen","Collection",NA,"AMAZ","SPECIES","Angiosperms","McDaniel, S.","McDaniel 26373","Croat, T.B.","NV","AMAZ2024",1,"Philodendron micranthum",NA,NA,"1982-08-18","change1: Set (0,0) to NA (Null Island placeholder). | epi_taxo: acceptedName(match1); authorship_epig(match1); genus_from_scientificName; family_WFO; order_majorGroup_WCVP [2026-03-12] | CoordinateCleaner QA applied without sea test (validity, equal, zeros, capitals, centroids, gbif, institutions) [2026-03-29]","standardized author names and accents corrected in recordedBy","S. McDaniel","McDaniel 26373","Croat, T.B."
"272","AMAZ_272","PreservedSpecimen","Collection",NA,"AMAZ","SPECIES","Angiosperms","Gentry, A.","Gentry 22296","Croat, T.B.","NV","AMAZ2024",1,"Philodendron multispadiceum",NA,NA,"1978-05-26","change1: Set (0,0) to NA (Null Island placeholder). | epi_taxo: acceptedName(match1); authorship_epig(match1); genus_from_scientificName; family_WFO; order_majorGroup_WCVP [2026-03-12] | CoordinateCleaner QA applied without sea test (validity, equal, zeros, capitals, centroids, gbif, institutions) [2026-03-29]","standardized author names and accents corrected in recordedBy","A. Gentry","Gentry 22296","Croat, T.B."
"273","AMAZ_273","PreservedSpecimen","Collection",NA,"AMAZ","SPECIES","Angiosperms","Gentry, A.","Gentry 25730","Croat, T.B.","NV","AMAZ2024",1,"Philodendron ochrostemon",NA,NA,"1979-03-14","change1: Set (0,0) to NA (Null Island placeholder). | epi_taxo: acceptedName(match1); authorship_epig(match1); genus_from_scientificName; family_WFO; order_majorGroup_WCVP [2026-03-12] | CoordinateCleaner QA applied without sea test (validity, equal, zeros, capitals, centroids, gbif, institutions) [2026-03-29]","standardized author names and accents corrected in recordedBy","A. Gentry","Gentry 25730","Croat, T.B."
"274","AMAZ_274","PreservedSpecimen","Collection",NA,"AMAZ","SPECIES","Angiosperms","McKenna, D.","McKenna dmk-64","Plowman, T.","NV","AMAZ2024",1,"Philodendron ochrostemon",NA,NA,"1981-03-19","change1: Trimmed whitespace in locality (and standardized blanks to NA) | change2: Set (0,0) to NA (Null Island placeholder). | epi_taxo: acceptedName(match1); authorship_epig(match1); genus_from_scientificName; family_WFO; order_majorGroup_WCVP [2026-03-12] | CoordinateCleaner QA applied without sea test (validity, equal, zeros, capitals, centroids, gbif, institutions) [2026-03-29]","standardized author names and accents corrected in recordedBy","D. McKenna","McKenna dmk-64","Plowman, T."
"275","AMAZ_275","PreservedSpecimen","Collection",NA,"AMAZ","SPECIES","Angiosperms","Ayala, F.","Ayala 414","Croat, T.B.","NV","AMAZ2024",1,"Philodendron ornatum",NA,NA,"1973-09-04","change1: Set (0,0) to NA (Null Island placeholder). | epi_taxo: acceptedName(match1); authorship_epig(match1); genus_from_scientificName; family_WFO; order_majorGroup_WCVP [2026-03-12] | CoordinateCleaner QA applied without sea test (validity, equal, zeros, capitals, centroids, gbif, institutions) [2026-03-29]","standardized author names and accents corrected in recordedBy","F. Ayala","Ayala 414","Croat, T.B."
"276","AMAZ_276","PreservedSpecimen","Collection",NA,"AMAZ","SPECIES","Angiosperms","Schunke, J.","Schunke 12365","Croat, T.B.","","AMAZ2024",1,"Philodendron palaciosii",NA,NA,"1980-10-14","change1: Set (0,0) to NA (Null Island placeholder). | epi_taxo: acceptedName(match1); authorship_epig(match1); genus_from_scientificName; family_WFO; order_majorGroup_WCVP [2026-03-12] | CoordinateCleaner QA applied without sea test (validity, equal, zeros, capitals, centroids, gbif, institutions) [2026-03-29]","standardized author names and accents corrected in recordedBy","J. Schunke","Schunke 12365","Croat, T.B."
"277","AMAZ_277","PreservedSpecimen","Collection",NA,"AMAZ","SPECIES","Angiosperms","Vasquez, R.","Vasquez 698","Lingan-Ch, J.","NV","AMAZ2024",1,"Philodendron panduriforme",-3.91666666666667,-73.9166666666667,"1980-10-27","change1: Filled coordinateUncertaintyInMeters from decimal-place precision (conservative). | epi_taxo: acceptedName(match1); authorship_epig(match1); genus_from_scientificName; family_WFO; order_majorGroup_WCVP [2026-03-12] | CoordinateCleaner QA applied without sea test (validity, equal, zeros, capitals, centroids, gbif, institutions) [2026-03-29]","accents and special characters corrected in recordNumber / standardized author names and accents corrected in recordedBy","R. Vásquez","Vásquez 698","Lingan-Ch, J."
"278","AMAZ_278","PreservedSpecimen","Collection",NA,"AMAZ","SPECIES","Angiosperms","Vasquez, R.","Vasquez 9525","","NV","AMAZ2024",1,"Philodendron panduriforme",-4.83333333333333,-73.75,"1987-09-12","change1: Filled coordinateUncertaintyInMeters from decimal-place precision (conservative). | epi_taxo: acceptedName(match1); authorship_epig(match1); genus_from_scientificName; family_WFO; order_majorGroup_WCVP [2026-03-12] | CoordinateCleaner QA applied without sea test (validity, equal, zeros, capitals, centroids, gbif, institutions) [2026-03-29]","accents and special characters corrected in recordNumber / standardized author names and accents corrected in recordedBy","R. Vásquez","Vásquez 9525",""
"279","AMAZ_279","PreservedSpecimen","Collection",NA,"AMAZ","VARIETY","Angiosperms","Croat, T.","Croat 61717","","NV","AMAZ2024",1,"Philodendron panduriforme",-3.4,-72.8166666666667,"1986-07-25","change1: Corrected taxonRank (SPECIES→VARIETY); kept scientificName with 'var.'. | change2: Filled coordinateUncertaintyInMeters from decimal-place precision (conservative). | epi_taxo: acceptedName(match1); authorship_epig(match1); genus_from_scientificName; family_WFO; order_majorGroup_WCVP [2026-03-12] | CoordinateCleaner QA applied without sea test (validity, equal, zeros, capitals, centroids, gbif, institutions) [2026-03-29]","standardized author names and accents corrected in recordedBy","T. Croat","Croat 61717",""
"280","AMAZ_280","PreservedSpecimen","Collection",NA,"AMAZ","SPECIES","Angiosperms","Gentry, A.","Gentry 31424","Croat, T.B.","NV","AMAZ2024",1,"Philodendron paucinervium",-3.46666666666667,-72.8,"1981-02-18","change1: Filled coordinateUncertaintyInMeters from decimal-place precision (conservative). | epi_taxo: acceptedName(match1); authorship_epig(match1); genus_from_scientificName; family_WFO; order_majorGroup_WCVP [2026-03-12] | CoordinateCleaner QA applied without sea test (validity, equal, zeros, capitals, centroids, gbif, institutions) [2026-03-29]","standardized author names and accents corrected in recordedBy","A. Gentry","Gentry 31424","Croat, T.B."
"281","AMAZ_281","PreservedSpecimen","Collection",NA,"AMAZ","SPECIES","Angiosperms","Gentry, A.","Gentry 37184","","NV","AMAZ2024",1,"Philodendron paucinervium",-3.46666666666667,-72.8,"1982-06-25","change1: Filled coordinateUncertaintyInMeters from decimal-place precision (conservative). | epi_taxo: acceptedName(match1); authorship_epig(match1); genus_from_scientificName; family_WFO; order_majorGroup_WCVP [2026-03-12] | CoordinateCleaner QA applied without sea test (validity, equal, zeros, capitals, centroids, gbif, institutions) [2026-03-29]","standardized author names and accents corrected in recordedBy","A. Gentry","Gentry 37184",""
"282","AMAZ_282","PreservedSpecimen","Collection",NA,"AMAZ","SPECIES","Angiosperms","Gentry, A.","Gentry 22189","Croat, T.B.","NV","AMAZ2024",1,"Philodendron paucinervium",NA,NA,"1978-05-24","change1: Set (0,0) to NA (Null Island placeholder). | epi_taxo: acceptedName(match1); authorship_epig(match1); genus_from_scientificName; family_WFO; order_majorGroup_WCVP [2026-03-12] | CoordinateCleaner QA applied without sea test (validity, equal, zeros, capitals, centroids, gbif, institutions) [2026-03-29]","standardized author names and accents corrected in recordedBy","A. Gentry","Gentry 22189","Croat, T.B."
"283","AMAZ_283","PreservedSpecimen","Collection",NA,"AMAZ","SPECIES","Angiosperms","Vasquez, R.","Vasquez 11348","Croat, T.B.","NV","AMAZ2024",1,"Philodendron pulchrum",-4.16666666666667,-73.3333333333333,"1988-12-12","change1: Filled coordinateUncertaintyInMeters from decimal-place precision (conservative). | epi_taxo: acceptedName(match1); authorship_epig(match1); genus_from_scientificName; family_WFO; order_majorGroup_WCVP [2026-03-12] | CoordinateCleaner QA applied without sea test (validity, equal, zeros, capitals, centroids, gbif, institutions) [2026-03-29]","accents and special characters corrected in recordNumber / standardized author names and accents corrected in recordedBy","R. Vásquez","Vásquez 11348","Croat, T.B."
"284","AMAZ_284","PreservedSpecimen","Collection",NA,"AMAZ","SPECIES","Angiosperms","Gentry, A.","Gentry 31591","Croat, T.B.","NV","AMAZ2024",1,"Philodendron rimachii",-3.83333333333333,-73.5,"1981-02-23","change1: Trimmed whitespace in scientificName (and standardized blanks to NA) | change2: Trimmed whitespace in verbatimScientificName (and standardized blanks to NA) | change3: Filled coordinateUncertaintyInMeters from decimal-place precision (conservative). | epi_taxo: acceptedName(match1); authorship_epig(match1); genus_from_scientificName; family_WFO; order_majorGroup_WCVP [2026-03-12] | CoordinateCleaner QA applied without sea test (validity, equal, zeros, capitals, centroids, gbif, institutions) [2026-03-29]","standardized author names and accents corrected in recordedBy","A. Gentry","Gentry 31591","Croat, T.B."
"285","AMAZ_285","PreservedSpecimen","Collection",NA,"AMAZ","SPECIES","Angiosperms","Gentry, A.","Gentry 36668","Croat, T.B.","NV","AMAZ2024",1,"Philodendron rimachii",NA,NA,"1982-03-23","change1: Trimmed whitespace in scientificName (and standardized blanks to NA) | change2: Trimmed whitespace in verbatimScientificName (and standardized blanks to NA) | change3: Set (0,0) to NA (Null Island placeholder). | epi_taxo: acceptedName(match1); authorship_epig(match1); genus_from_scientificName; family_WFO; order_majorGroup_WCVP [2026-03-12] | CoordinateCleaner QA applied without sea test (validity, equal, zeros, capitals, centroids, gbif, institutions) [2026-03-29]","standardized author names and accents corrected in recordedBy","A. Gentry","Gentry 36668","Croat, T.B."
"286","AMAZ_286","PreservedSpecimen","Collection",NA,"AMAZ","SPECIES","Angiosperms","Gonzales, G.","Gonzales 31","Kvist, L.","NV","AMAZ2024",1,"Philodendron rimachii",NA,NA,"1997-10-15","change1: Set (0,0) to NA (Null Island placeholder). | epi_taxo: acceptedName(match1); authorship_epig(match1); genus_from_scientificName; family_WFO; order_majorGroup_WCVP [2026-03-12] | CoordinateCleaner QA applied without sea test (validity, equal, zeros, capitals, centroids, gbif, institutions) [2026-03-29]","accents and special characters corrected in recordNumber / standardized author names and accents corrected in recordedBy","G. Gonzáles","Gonzáles 31","Kvist, L."
"287","AMAZ_287","PreservedSpecimen","Collection",NA,"AMAZ","SPECIES","Angiosperms","Vasquez, R.","Vasquez 13801","Croat, T.B.","NV","AMAZ2024",1,"Philodendron rimachii",NA,NA,"1990-05-30","change1: Set (0,0) to NA (Null Island placeholder). | epi_taxo: acceptedName(match1); authorship_epig(match1); genus_from_scientificName; family_WFO; order_majorGroup_WCVP [2026-03-12] | CoordinateCleaner QA applied without sea test (validity, equal, zeros, capitals, centroids, gbif, institutions) [2026-03-29]","accents and special characters corrected in recordNumber / standardized author names and accents corrected in recordedBy","R. Vásquez","Vásquez 13801","Croat, T.B."
"288","AMAZ_288","PreservedSpecimen","Collection",NA,"AMAZ","SPECIES","Angiosperms","Vasquez, R.","Vasquez 11110","Croat, T.B.","","AMAZ2024",1,"Philodendron rimachii",-3.5,-72.8333333333333,"1988-09-29","change1: Filled coordinateUncertaintyInMeters from decimal-place precision (conservative). | epi_taxo: acceptedName(match1); authorship_epig(match1); genus_from_scientificName; family_WFO; order_majorGroup_WCVP [2026-03-12] | CoordinateCleaner QA applied without sea test (validity, equal, zeros, capitals, centroids, gbif, institutions) [2026-03-29]","accents and special characters corrected in recordNumber / standardized author names and accents corrected in recordedBy","R. Vásquez","Vásquez 11110","Croat, T.B."
"289","AMAZ_289","PreservedSpecimen","Collection",NA,"AMAZ","SPECIES","Angiosperms","Schunke, J.","Schunke 11986","Croat, T.B.","NV","AMAZ2024",1,"Philodendron rudgeanum",NA,NA,"1980-07-11","change1: Set (0,0) to NA (Null Island placeholder). | epi_taxo: acceptedName(match1); authorship_epig(match1); genus_from_scientificName; family_WFO; order_majorGroup_WCVP [2026-03-12] | CoordinateCleaner QA applied without sea test (validity, equal, zeros, capitals, centroids, gbif, institutions) [2026-03-29]","standardized author names and accents corrected in recordedBy","J. Schunke","Schunke 11986","Croat, T.B."
"290","AMAZ_290","PreservedSpecimen","Collection",NA,"AMAZ","SPECIES","Angiosperms","Vasquez, R.","Vasquez 3552","Croat, T.B.","NV","AMAZ2024",1,"Philodendron rudgeanum",-4.16666666666667,-73.3333333333333,"1982-12-12","change1: Filled coordinateUncertaintyInMeters from decimal-place precision (conservative). | epi_taxo: acceptedName(match1); authorship_epig(match1); genus_from_scientificName; family_WFO; order_majorGroup_WCVP [2026-03-12] | CoordinateCleaner QA applied without sea test (validity, equal, zeros, capitals, centroids, gbif, institutions) [2026-03-29]","accents and special characters corrected in recordNumber / standardized author names and accents corrected in recordedBy","R. Vásquez","Vásquez 3552","Croat, T.B."
"291","AMAZ_291","PreservedSpecimen","Collection",NA,"AMAZ","SPECIES","Angiosperms","Campos, J.","Campos 3084","Croat, T.B.","NV","AMAZ2024",1,"Philodendron ruizii",-6.10916666666667,-78.3486111111111,"1996-12-01","change1: Filled coordinateUncertaintyInMeters from decimal-place precision (conservative). | epi_taxo: acceptedName(match1); authorship_epig(match1); genus_from_scientificName; family_WFO; order_majorGroup_WCVP [2026-03-12] | CoordinateCleaner QA applied without sea test (validity, equal, zeros, capitals, centroids, gbif, institutions) [2026-03-29]","standardized author names and accents corrected in recordedBy","José Campos","Campos 3084","Croat, T.B."
"292","AMAZ_292","PreservedSpecimen","Collection",NA,"AMAZ","SPECIES","Angiosperms","Ayala, F.","Ayala 2042","","NV","AMAZ2024",1,"Thaumatophyllum solimoesense",NA,NA,"1979-10-06","change1: Set (0,0) to NA (Null Island placeholder). | epi_taxo: acceptedName(match1); authorship_epig(match1); genus_from_scientificName; family_WFO; order_majorGroup_WCVP [2026-03-12] | CoordinateCleaner QA applied without sea test (validity, equal, zeros, capitals, centroids, gbif, institutions) [2026-03-29]","standardized author names and accents corrected in recordedBy","F. Ayala","Ayala 2042",""
"293","AMAZ_293","PreservedSpecimen","Collection",NA,"AMAZ","SPECIES","Angiosperms","Gentry, A.","Gentry 29986","Croat, T.B.","NV","AMAZ2024",1,"Thaumatophyllum solimoesense",-4.5,-73.5,"1980-10-11","change1: Filled coordinateUncertaintyInMeters from decimal-place precision (conservative). | epi_taxo: acceptedName(match1); authorship_epig(match1); genus_from_scientificName; family_WFO; order_majorGroup_WCVP [2026-03-12] | CoordinateCleaner QA applied without sea test (validity, equal, zeros, capitals, centroids, gbif, institutions) [2026-03-29]","standardized author names and accents corrected in recordedBy","A. Gentry","Gentry 29986","Croat, T.B."
"294","AMAZ_294","PreservedSpecimen","Collection",NA,"AMAZ","SPECIES","Angiosperms","Croat, T.","Croat 61683","","NV","AMAZ2024",1,"Thaumatophyllum solimoesense",-3.38333333333333,-73.0333333333333,"1986-07-25","change1: Filled coordinateUncertaintyInMeters from decimal-place precision (conservative). | epi_taxo: acceptedName(match1); authorship_epig(match1); genus_from_scientificName; family_WFO; order_majorGroup_WCVP [2026-03-12] | CoordinateCleaner QA applied without sea test (validity, equal, zeros, capitals, centroids, gbif, institutions) [2026-03-29]","standardized author names and accents corrected in recordedBy","T. Croat","Croat 61683",""
"295","AMAZ_295","PreservedSpecimen","Collection",NA,"AMAZ","SPECIES","Angiosperms","Nunez, P.","Nuñez 9448","","NV","AMAZ2024",1,"Thaumatophyllum solimoesense",NA,NA,"1988-07-25","change1: Set (0,0) to NA (Null Island placeholder). | epi_taxo: acceptedName(match1); authorship_epig(match1); genus_from_scientificName; family_WFO; order_majorGroup_WCVP [2026-03-12] | CoordinateCleaner QA applied without sea test (validity, equal, zeros, capitals, centroids, gbif, institutions) [2026-03-29]","accents and special characters corrected in recordNumber / standardized author names and accents corrected in recordedBy","P. Núñez","Núñez 9448",""
"296","AMAZ_296","PreservedSpecimen","Collection",NA,"AMAZ","SPECIES","Angiosperms","Ruiz, J.","Ruiz 38","","NV","AMAZ2024",1,"Thaumatophyllum solimoesense",-4.91694444444444,-73.7511111111111,"2004-11-27","change1: Trimmed whitespace in locality (and standardized blanks to NA) | change2: Filled coordinateUncertaintyInMeters from decimal-place precision (conservative). | epi_taxo: acceptedName(match1); authorship_epig(match1); genus_from_scientificName; family_WFO; order_majorGroup_WCVP [2026-03-12] | CoordinateCleaner QA applied without sea test (validity, equal, zeros, capitals, centroids, gbif, institutions) [2026-03-29]","accents and special characters corrected in recordNumber / standardized author names and accents corrected in recordedBy","J. Ruíz","Ruíz 38",""
"297","AMAZ_297","PreservedSpecimen","Collection",NA,"AMAZ","GENUS","Angiosperms","Torres, J.","Torres 925","","NV","AMAZ2024",NA,"",NA,NA,"1977-07-13","change1: Corrected taxonRank (SPECIES→GENUS); scientificName simplified (Genus sp./spp. → Genus). | change2: Set (0,0) to NA (Null Island placeholder). | epi_taxo: acceptedName(match1); authorship_epig(match1); genus_from_scientificName; family_WFO; order_majorGroup_WCVP [2026-03-12] | CoordinateCleaner QA applied without sea test (validity, equal, zeros, capitals, centroids, gbif, institutions) [2026-03-29]","standardized author names and accents corrected in recordedBy","J. Torres","Torres 925",""
"298","AMAZ_298","PreservedSpecimen","Collection",NA,"AMAZ","GENUS","Angiosperms","Diaz, C.","Diaz 131","Lingan-Ch, J.","NV","AMAZ2024",NA,"",NA,NA,"1978-03-08","change1: Corrected taxonRank (SPECIES→GENUS); scientificName simplified (Genus sp./spp. → Genus). | change2: Set (0,0) to NA (Null Island placeholder). | epi_taxo: acceptedName(match1); authorship_epig(match1); genus_from_scientificName; family_WFO; order_majorGroup_WCVP [2026-03-12] | CoordinateCleaner QA applied without sea test (validity, equal, zeros, capitals, centroids, gbif, institutions) [2026-03-29]","accents and special characters corrected in recordNumber / standardized author names and accents corrected in recordedBy","C. Díaz","Díaz 131","Lingan-Ch, J."
"299","AMAZ_299","PreservedSpecimen","Collection",NA,"AMAZ","GENUS","Angiosperms","Gentry, A.","Gentry 25739","","NV","AMAZ2024",NA,"",NA,NA,"1979-03-14","change1: Corrected taxonRank (SPECIES→GENUS); scientificName simplified (Genus sp./spp. → Genus). | change2: Set (0,0) to NA (Null Island placeholder). | epi_taxo: acceptedName(match1); authorship_epig(match1); genus_from_scientificName; family_WFO; order_majorGroup_WCVP [2026-03-12] | CoordinateCleaner QA applied without sea test (validity, equal, zeros, capitals, centroids, gbif, institutions) [2026-03-29]","standardized author names and accents corrected in recordedBy","A. Gentry","Gentry 25739",""
"300","AMAZ_300","PreservedSpecimen","Collection",NA,"AMAZ","GENUS","Angiosperms","Murphy, H.","Murphy 216","","NV","AMAZ2024",NA,"",NA,NA,"1981-09-10","change1: Corrected taxonRank (SPECIES→GENUS); scientificName simplified (Genus sp./spp. → Genus). | change2: Set (0,0) to NA (Null Island placeholder). | epi_taxo: acceptedName(match1); authorship_epig(match1); genus_from_scientificName; family_WFO; order_majorGroup_WCVP [2026-03-12] | CoordinateCleaner QA applied without sea test (validity, equal, zeros, capitals, centroids, gbif, institutions) [2026-03-29]","standardized author names and accents corrected in recordedBy","H. Murphy","Murphy 216",""
"301","AMAZ_301","PreservedSpecimen","Collection",NA,"AMAZ","GENUS","Angiosperms","Murphy, H.","Murphy 186","Lingan-Ch, J.","NV","AMAZ2024",NA,"",NA,NA,"1981-09-10","change1: Corrected taxonRank (SPECIES→GENUS); scientificName simplified (Genus sp./spp. → Genus). | change2: Set (0,0) to NA (Null Island placeholder). | epi_taxo: acceptedName(match1); authorship_epig(match1); genus_from_scientificName; family_WFO; order_majorGroup_WCVP [2026-03-12] | CoordinateCleaner QA applied without sea test (validity, equal, zeros, capitals, centroids, gbif, institutions) [2026-03-29]","standardized author names and accents corrected in recordedBy","H. Murphy","Murphy 186","Lingan-Ch, J."
"302","AMAZ_302","PreservedSpecimen","Collection",NA,"AMAZ","GENUS","Angiosperms","Ayala, F.","Ayala 3265","","NV","AMAZ2024",NA,"",NA,NA,"1982-04-23","change1: Corrected taxonRank (SPECIES→GENUS); scientificName simplified (Genus sp./spp. → Genus). | change2: Set (0,0) to NA (Null Island placeholder). | epi_taxo: acceptedName(match1); authorship_epig(match1); genus_from_scientificName; family_WFO; order_majorGroup_WCVP [2026-03-12] | CoordinateCleaner QA applied without sea test (validity, equal, zeros, capitals, centroids, gbif, institutions) [2026-03-29]","standardized author names and accents corrected in recordedBy","F. Ayala","Ayala 3265",""
"303","AMAZ_303","PreservedSpecimen","Collection",NA,"AMAZ","GENUS","Angiosperms","Vasquez, R.","Vasquez 550","","","AMAZ2024",NA,"",-3.5,-72.8333333333333,"1980-10-18","change1: Corrected taxonRank (SPECIES→GENUS); scientificName simplified (Genus sp./spp. → Genus). | change2: Filled coordinateUncertaintyInMeters from decimal-place precision (conservative). | epi_taxo: acceptedName(match1); authorship_epig(match1); genus_from_scientificName; family_WFO; order_majorGroup_WCVP [2026-03-12] | CoordinateCleaner QA applied without sea test (validity, equal, zeros, capitals, centroids, gbif, institutions) [2026-03-29]","accents and special characters corrected in recordNumber / standardized author names and accents corrected in recordedBy","R. Vásquez","Vásquez 550",""
"304","AMAZ_304","PreservedSpecimen","Collection",NA,"AMAZ","GENUS","Angiosperms","Grandez, C.","Grandez 109","","","AMAZ2024",NA,"",NA,NA,"1984-11-13","change1: Corrected taxonRank (SPECIES→GENUS); scientificName simplified (Genus sp./spp. → Genus). | change2: Set (0,0) to NA (Null Island placeholder). | epi_taxo: acceptedName(match1); authorship_epig(match1); genus_from_scientificName; family_WFO; order_majorGroup_WCVP [2026-03-12] | CoordinateCleaner QA applied without sea test (validity, equal, zeros, capitals, centroids, gbif, institutions) [2026-03-29]","accents and special characters corrected in recordNumber / standardized author names and accents corrected in recordedBy","C. Grández","Grández 109",""
"305","AMAZ_305","PreservedSpecimen","Collection",NA,"AMAZ","GENUS","Angiosperms","Ayala, F.","Ayala 4186","","NV","AMAZ2024",NA,"",NA,NA,"1983-08-23","change1: Corrected taxonRank (SPECIES→GENUS); scientificName simplified (Genus sp./spp. → Genus). | change2: Set (0,0) to NA (Null Island placeholder). | epi_taxo: acceptedName(match1); authorship_epig(match1); genus_from_scientificName; family_WFO; order_majorGroup_WCVP [2026-03-12] | CoordinateCleaner QA applied without sea test (validity, equal, zeros, capitals, centroids, gbif, institutions) [2026-03-29]","standardized author names and accents corrected in recordedBy","F. Ayala","Ayala 4186",""
"306","AMAZ_306","PreservedSpecimen","Collection",NA,"AMAZ","GENUS","Angiosperms","Ayala, F.","Ayala 4277","","NV","AMAZ2024",NA,"",NA,NA,"1983-08-25","change1: Corrected taxonRank (SPECIES→GENUS); scientificName simplified (Genus sp./spp. → Genus). | change2: Set (0,0) to NA (Null Island placeholder). | epi_taxo: acceptedName(match1); authorship_epig(match1); genus_from_scientificName; family_WFO; order_majorGroup_WCVP [2026-03-12] | CoordinateCleaner QA applied without sea test (validity, equal, zeros, capitals, centroids, gbif, institutions) [2026-03-29]","standardized author names and accents corrected in recordedBy","F. Ayala","Ayala 4277",""
"307","AMAZ_307","PreservedSpecimen","Collection",NA,"AMAZ","GENUS","Angiosperms","Smith, D.","Smith 2705","","NV","AMAZ2024",NA,"",-10.6,-75.55,"1982-11-19","change1: Corrected taxonRank (SPECIES→GENUS); scientificName simplified (Genus sp./spp. → Genus). | change2: Filled coordinateUncertaintyInMeters from decimal-place precision (conservative). | epi_taxo: acceptedName(match1); authorship_epig(match1); genus_from_scientificName; family_WFO; order_majorGroup_WCVP [2026-03-12] | CoordinateCleaner QA applied without sea test (validity, equal, zeros, capitals, centroids, gbif, institutions) [2026-03-29]","standardized author names and accents corrected in recordedBy","D. Smith","Smith 2705",""
"308","AMAZ_308","PreservedSpecimen","Collection",NA,"AMAZ","GENUS","Angiosperms","Smith, D.","Smith 2664","","NV","AMAZ2024",NA,"",-10.4166666666667,-75.1666666666667,"1982-10-26","change1: Corrected taxonRank (SPECIES→GENUS); scientificName simplified (Genus sp./spp. → Genus). | change2: Filled coordinateUncertaintyInMeters from decimal-place precision (conservative). | epi_taxo: acceptedName(match1); authorship_epig(match1); genus_from_scientificName; family_WFO; order_majorGroup_WCVP [2026-03-12] | CoordinateCleaner QA applied without sea test (validity, equal, zeros, capitals, centroids, gbif, institutions) [2026-03-29]","standardized author names and accents corrected in recordedBy","D. Smith","Smith 2664",""
"309","AMAZ_309","PreservedSpecimen","Collection",NA,"AMAZ","GENUS","Angiosperms","Smith, D.","Smith 2661","","NV","AMAZ2024",NA,"",-10.5,-75.1666666666667,"1982-10-26","change1: Corrected taxonRank (SPECIES→GENUS); scientificName simplified (Genus sp./spp. → Genus). | change2: Filled coordinateUncertaintyInMeters from decimal-place precision (conservative). | epi_taxo: acceptedName(match1); authorship_epig(match1); genus_from_scientificName; family_WFO; order_majorGroup_WCVP [2026-03-12] | CoordinateCleaner QA applied without sea test (validity, equal, zeros, capitals, centroids, gbif, institutions) [2026-03-29]","standardized author names and accents corrected in recordedBy","D. Smith","Smith 2661",""
"310","AMAZ_310","PreservedSpecimen","Collection",NA,"AMAZ","GENUS","Angiosperms","Arevalo, E.","Arevalo 234","","NV","AMAZ2024",NA,"",NA,NA,"1984-08-22","change1: Corrected taxonRank (SPECIES→GENUS); scientificName simplified (Genus sp./spp. → Genus). | change2: Set (0,0) to NA (Null Island placeholder). | epi_taxo: acceptedName(match1); authorship_epig(match1); genus_from_scientificName; family_WFO; order_majorGroup_WCVP [2026-03-12] | CoordinateCleaner QA applied without sea test (validity, equal, zeros, capitals, centroids, gbif, institutions) [2026-03-29]","accents and special characters corrected in recordNumber / standardized author names and accents corrected in recordedBy","E. Arévalo","Arévalo 234",""
"311","AMAZ_311","PreservedSpecimen","Collection",NA,"AMAZ","GENUS","Angiosperms","Croat, T.","Croat 61676","","NV","AMAZ2024",NA,"",-3.38333333333333,-73.0333333333333,"1986-07-25","change1: Corrected taxonRank (SPECIES→GENUS); scientificName simplified (Genus sp./spp. → Genus). | change2: Filled coordinateUncertaintyInMeters from decimal-place precision (conservative). | epi_taxo: acceptedName(match1); authorship_epig(match1); genus_from_scientificName; family_WFO; order_majorGroup_WCVP [2026-03-12] | CoordinateCleaner QA applied without sea test (validity, equal, zeros, capitals, centroids, gbif, institutions) [2026-03-29]","standardized author names and accents corrected in recordedBy","T. Croat","Croat 61676",""
"312","AMAZ_312","PreservedSpecimen","Collection",NA,"AMAZ","GENUS","Angiosperms","Croat, T.","Croat 61779","","NV","AMAZ2024",NA,"",-3.4,-72.8166666666667,"1986-07-25","change1: Corrected taxonRank (SPECIES→GENUS); scientificName simplified (Genus sp./spp. → Genus). | change2: Filled coordinateUncertaintyInMeters from decimal-place precision (conservative). | epi_taxo: acceptedName(match1); authorship_epig(match1); genus_from_scientificName; family_WFO; order_majorGroup_WCVP [2026-03-12] | CoordinateCleaner QA applied without sea test (validity, equal, zeros, capitals, centroids, gbif, institutions) [2026-03-29]","standardized author names and accents corrected in recordedBy","T. Croat","Croat 61779",""
"313","AMAZ_313","PreservedSpecimen","Collection",NA,"AMAZ","GENUS","Angiosperms","Croat, T.","Croat 61691","","NV","AMAZ2024",NA,"",-3.38333333333333,-73.0333333333333,"1986-07-25","change1: Corrected taxonRank (SPECIES→GENUS); scientificName simplified (Genus sp./spp. → Genus). | change2: Filled coordinateUncertaintyInMeters from decimal-place precision (conservative). | epi_taxo: acceptedName(match1); authorship_epig(match1); genus_from_scientificName; family_WFO; order_majorGroup_WCVP [2026-03-12] | CoordinateCleaner QA applied without sea test (validity, equal, zeros, capitals, centroids, gbif, institutions) [2026-03-29]","standardized author names and accents corrected in recordedBy","T. Croat","Croat 61691",""
"314","AMAZ_314","PreservedSpecimen","Collection",NA,"AMAZ","GENUS","Angiosperms","Croat, T.","Croat 61709","","NV","AMAZ2024",NA,"",-3.4,-72.8166666666667,"1986-07-25","change1: Corrected taxonRank (SPECIES→GENUS); scientificName simplified (Genus sp./spp. → Genus). | change2: Filled coordinateUncertaintyInMeters from decimal-place precision (conservative). | epi_taxo: acceptedName(match1); authorship_epig(match1); genus_from_scientificName; family_WFO; order_majorGroup_WCVP [2026-03-12] | CoordinateCleaner QA applied without sea test (validity, equal, zeros, capitals, centroids, gbif, institutions) [2026-03-29]","standardized author names and accents corrected in recordedBy","T. Croat","Croat 61709",""
"315","AMAZ_315","PreservedSpecimen","Collection",NA,"AMAZ","GENUS","Angiosperms","Croat, T.","Croat 61674","","NV","AMAZ2024",NA,"",-3.38333333333333,-73.0333333333333,"1986-07-25","change1: Corrected taxonRank (SPECIES→GENUS); scientificName simplified (Genus sp./spp. → Genus). | change2: Filled coordinateUncertaintyInMeters from decimal-place precision (conservative). | epi_taxo: acceptedName(match1); authorship_epig(match1); genus_from_scientificName; family_WFO; order_majorGroup_WCVP [2026-03-12] | CoordinateCleaner QA applied without sea test (validity, equal, zeros, capitals, centroids, gbif, institutions) [2026-03-29]","standardized author names and accents corrected in recordedBy","T. Croat","Croat 61674",""
"316","AMAZ_316","PreservedSpecimen","Collection",NA,"AMAZ","GENUS","Angiosperms","Croat, T.","Croat 61765","","NV","AMAZ2024",NA,"",-3.4,-72.8166666666667,"1986-07-25","change1: Corrected taxonRank (SPECIES→GENUS); scientificName simplified (Genus sp./spp. → Genus). | change2: Filled coordinateUncertaintyInMeters from decimal-place precision (conservative). | epi_taxo: acceptedName(match1); authorship_epig(match1); genus_from_scientificName; family_WFO; order_majorGroup_WCVP [2026-03-12] | CoordinateCleaner QA applied without sea test (validity, equal, zeros, capitals, centroids, gbif, institutions) [2026-03-29]","standardized author names and accents corrected in recordedBy","T. Croat","Croat 61765",""
"317","AMAZ_317","PreservedSpecimen","Collection",NA,"AMAZ","GENUS","Angiosperms","Croat, T.","Croat 61710","","NV","AMAZ2024",NA,"",-3.4,-72.8166666666667,"1986-07-25","change1: Corrected taxonRank (SPECIES→GENUS); scientificName simplified (Genus sp./spp. → Genus). | change2: Filled coordinateUncertaintyInMeters from decimal-place precision (conservative). | epi_taxo: acceptedName(match1); authorship_epig(match1); genus_from_scientificName; family_WFO; order_majorGroup_WCVP [2026-03-12] | CoordinateCleaner QA applied without sea test (validity, equal, zeros, capitals, centroids, gbif, institutions) [2026-03-29]","standardized author names and accents corrected in recordedBy","T. Croat","Croat 61710",""
"318","AMAZ_318","PreservedSpecimen","Collection",NA,"AMAZ","GENUS","Angiosperms","Croat, T.","Croat 61772","","NV","AMAZ2024",NA,"",-3.4,-72.8166666666667,"1986-07-25","change1: Corrected taxonRank (SPECIES→GENUS); scientificName simplified (Genus sp./spp. → Genus). | change2: Filled coordinateUncertaintyInMeters from decimal-place precision (conservative). | epi_taxo: acceptedName(match1); authorship_epig(match1); genus_from_scientificName; family_WFO; order_majorGroup_WCVP [2026-03-12] | CoordinateCleaner QA applied without sea test (validity, equal, zeros, capitals, centroids, gbif, institutions) [2026-03-29]","standardized author names and accents corrected in recordedBy","T. Croat","Croat 61772",""
"319","AMAZ_319","PreservedSpecimen","Collection",NA,"AMAZ","GENUS","Angiosperms","Croat, T.","Croat 61775","","NV","AMAZ2024",NA,"",-3.4,-72.8166666666667,"1986-07-25","change1: Corrected taxonRank (SPECIES→GENUS); scientificName simplified (Genus sp./spp. → Genus). | change2: Filled coordinateUncertaintyInMeters from decimal-place precision (conservative). | epi_taxo: acceptedName(match1); authorship_epig(match1); genus_from_scientificName; family_WFO; order_majorGroup_WCVP [2026-03-12] | CoordinateCleaner QA applied without sea test (validity, equal, zeros, capitals, centroids, gbif, institutions) [2026-03-29]","standardized author names and accents corrected in recordedBy","T. Croat","Croat 61775",""
"320","AMAZ_320","PreservedSpecimen","Collection",NA,"AMAZ","GENUS","Angiosperms","Croat, T.","Croat 61661","","NV","AMAZ2024",NA,"",-3.38333333333333,-73.0333333333333,"1986-07-25","change1: Corrected taxonRank (SPECIES→GENUS); scientificName simplified (Genus sp./spp. → Genus). | change2: Filled coordinateUncertaintyInMeters from decimal-place precision (conservative). | epi_taxo: acceptedName(match1); authorship_epig(match1); genus_from_scientificName; family_WFO; order_majorGroup_WCVP [2026-03-12] | CoordinateCleaner QA applied without sea test (validity, equal, zeros, capitals, centroids, gbif, institutions) [2026-03-29]","standardized author names and accents corrected in recordedBy","T. Croat","Croat 61661",""
"321","AMAZ_321","PreservedSpecimen","Collection",NA,"AMAZ","GENUS","Angiosperms","Croat, T.","Croat 61783","","NV","AMAZ2024",NA,"",-3.4,-72.8166666666667,"1986-07-25","change1: Corrected taxonRank (SPECIES→GENUS); scientificName simplified (Genus sp./spp. → Genus). | change2: Filled coordinateUncertaintyInMeters from decimal-place precision (conservative). | epi_taxo: acceptedName(match1); authorship_epig(match1); genus_from_scientificName; family_WFO; order_majorGroup_WCVP [2026-03-12] | CoordinateCleaner QA applied without sea test (validity, equal, zeros, capitals, centroids, gbif, institutions) [2026-03-29]","standardized author names and accents corrected in recordedBy","T. Croat","Croat 61783",""
"322","AMAZ_322","PreservedSpecimen","Collection",NA,"AMAZ","GENUS","Angiosperms","Croat, T.","Croat 61782","","NV","AMAZ2024",NA,"",-3.4,-72.8166666666667,"1986-07-25","change1: Corrected taxonRank (SPECIES→GENUS); scientificName simplified (Genus sp./spp. → Genus). | change2: Filled coordinateUncertaintyInMeters from decimal-place precision (conservative). | epi_taxo: acceptedName(match1); authorship_epig(match1); genus_from_scientificName; family_WFO; order_majorGroup_WCVP [2026-03-12] | CoordinateCleaner QA applied without sea test (validity, equal, zeros, capitals, centroids, gbif, institutions) [2026-03-29]","standardized author names and accents corrected in recordedBy","T. Croat","Croat 61782",""
"323","AMAZ_323","PreservedSpecimen","Collection",NA,"AMAZ","GENUS","Angiosperms","Vasquez, R.","Vasquez 7813","","NV","AMAZ2024",NA,"",-3.58333333333333,-73.25,"1986-08-10","change1: Corrected taxonRank (SPECIES→GENUS); scientificName simplified (Genus sp./spp. → Genus). | change2: Filled coordinateUncertaintyInMeters from decimal-place precision (conservative). | epi_taxo: acceptedName(match1); authorship_epig(match1); genus_from_scientificName; family_WFO; order_majorGroup_WCVP [2026-03-12] | CoordinateCleaner QA applied without sea test (validity, equal, zeros, capitals, centroids, gbif, institutions) [2026-03-29]","accents and special characters corrected in recordNumber / standardized author names and accents corrected in recordedBy","R. Vásquez","Vásquez 7813",""
"324","AMAZ_324","PreservedSpecimen","Collection",NA,"AMAZ","GENUS","Angiosperms","Ayala, F.","Ayala 5897","","NV","AMAZ2024",NA,"",NA,NA,"1987-07-03","change1: Corrected taxonRank (SPECIES→GENUS); scientificName simplified (Genus sp./spp. → Genus). | change2: Set (0,0) to NA (Null Island placeholder). | epi_taxo: acceptedName(match1); authorship_epig(match1); genus_from_scientificName; family_WFO; order_majorGroup_WCVP [2026-03-12] | CoordinateCleaner QA applied without sea test (validity, equal, zeros, capitals, centroids, gbif, institutions) [2026-03-29]","standardized author names and accents corrected in recordedBy","F. Ayala","Ayala 5897",""
"325","AMAZ_325","PreservedSpecimen","Collection",NA,"AMAZ","GENUS","Angiosperms","Ruiz, J.","Ruiz 150","Lingan-Ch, J.","NV","AMAZ2024",NA,"",NA,NA,"1981-05-20","change1: Corrected taxonRank (SPECIES→GENUS); scientificName simplified (Genus sp./spp. → Genus). | change2: Set (0,0) to NA (Null Island placeholder). | epi_taxo: acceptedName(match1); authorship_epig(match1); genus_from_scientificName; family_WFO; order_majorGroup_WCVP [2026-03-12] | CoordinateCleaner QA applied without sea test (validity, equal, zeros, capitals, centroids, gbif, institutions) [2026-03-29]","accents and special characters corrected in recordNumber / standardized author names and accents corrected in recordedBy","J. Ruíz","Ruíz 150","Lingan-Ch, J."
"326","AMAZ_326","PreservedSpecimen","Collection",NA,"AMAZ","GENUS","Angiosperms","Ayala, F.","Ayala 4355","","NV","AMAZ2024",NA,"",NA,NA,"1985-01-14","change1: Corrected taxonRank (SPECIES→GENUS); scientificName simplified (Genus sp./spp. → Genus). | change2: Set (0,0) to NA (Null Island placeholder). | epi_taxo: acceptedName(match1); authorship_epig(match1); genus_from_scientificName; family_WFO; order_majorGroup_WCVP [2026-03-12] | CoordinateCleaner QA applied without sea test (validity, equal, zeros, capitals, centroids, gbif, institutions) [2026-03-29]","standardized author names and accents corrected in recordedBy","F. Ayala","Ayala 4355",""
"327","AMAZ_327","PreservedSpecimen","Collection",NA,"AMAZ","GENUS","Angiosperms","Nunez, P.","Nuñez 1226","","NV","AMAZ2024",NA,"",NA,NA,"1988-07-20","change1: Corrected taxonRank (SPECIES→GENUS); scientificName simplified (Genus sp./spp. → Genus). | change2: Set (0,0) to NA (Null Island placeholder). | epi_taxo: acceptedName(match1); authorship_epig(match1); genus_from_scientificName; family_WFO; order_majorGroup_WCVP [2026-03-12] | CoordinateCleaner QA applied without sea test (validity, equal, zeros, capitals, centroids, gbif, institutions) [2026-03-29]","accents and special characters corrected in recordNumber / standardized author names and accents corrected in recordedBy","P. Núñez","Núñez 1226",""
"328","AMAZ_328","PreservedSpecimen","Collection",NA,"AMAZ","GENUS","Angiosperms","Nunez, P.","Nuñez 9451","","NV","AMAZ2024",NA,"",NA,NA,"1988-07-25","change1: Corrected taxonRank (SPECIES→GENUS); scientificName simplified (Genus sp./spp. → Genus). | change2: Set (0,0) to NA (Null Island placeholder). | epi_taxo: acceptedName(match1); authorship_epig(match1); genus_from_scientificName; family_WFO; order_majorGroup_WCVP [2026-03-12] | CoordinateCleaner QA applied without sea test (validity, equal, zeros, capitals, centroids, gbif, institutions) [2026-03-29]","accents and special characters corrected in recordNumber / standardized author names and accents corrected in recordedBy","P. Núñez","Núñez 9451",""
"329","AMAZ_329","PreservedSpecimen","Collection",NA,"AMAZ","GENUS","Angiosperms","Nunez, P.","Nuñez 9453","","NV","AMAZ2024",NA,"",NA,NA,"1988-07-25","change1: Corrected taxonRank (SPECIES→GENUS); scientificName simplified (Genus sp./spp. → Genus). | change2: Set (0,0) to NA (Null Island placeholder). | epi_taxo: acceptedName(match1); authorship_epig(match1); genus_from_scientificName; family_WFO; order_majorGroup_WCVP [2026-03-12] | CoordinateCleaner QA applied without sea test (validity, equal, zeros, capitals, centroids, gbif, institutions) [2026-03-29]","accents and special characters corrected in recordNumber / standardized author names and accents corrected in recordedBy","P. Núñez","Núñez 9453",""
"330","AMAZ_330","PreservedSpecimen","Collection",NA,"AMAZ","GENUS","Angiosperms","Gentry, A.","Gentry 29352","","NV","AMAZ2024",NA,"",-4.08333333333333,-72.9666666666667,"1980-08-01","change1: Corrected taxonRank (SPECIES→GENUS); scientificName simplified (Genus sp./spp. → Genus). | change2: Filled coordinateUncertaintyInMeters from decimal-place precision (conservative). | epi_taxo: acceptedName(match1); authorship_epig(match1); genus_from_scientificName; family_WFO; order_majorGroup_WCVP [2026-03-12] | CoordinateCleaner QA applied without sea test (validity, equal, zeros, capitals, centroids, gbif, institutions) [2026-03-29]","standardized author names and accents corrected in recordedBy","A. Gentry","Gentry 29352",""
"331","AMAZ_331","PreservedSpecimen","Collection",NA,"AMAZ","GENUS","Angiosperms","Smith, D.","Smith 8456","","NV","AMAZ2024",NA,"",-10.3,-75.1666666666667,"1984-09-13","change1: Corrected taxonRank (SPECIES→GENUS); scientificName simplified (Genus sp./spp. → Genus). | change2: Filled coordinateUncertaintyInMeters from decimal-place precision (conservative). | epi_taxo: acceptedName(match1); authorship_epig(match1); genus_from_scientificName; family_WFO; order_majorGroup_WCVP [2026-03-12] | CoordinateCleaner QA applied without sea test (validity, equal, zeros, capitals, centroids, gbif, institutions) [2026-03-29]","standardized author names and accents corrected in recordedBy","D. Smith","Smith 8456",""
"332","AMAZ_332","PreservedSpecimen","Collection",NA,"AMAZ","GENUS","Angiosperms","Campos, J.","Campos 4232","","NV","AMAZ2024",NA,"",-5.30833333333333,-78.7166666666667,"1997-07-21","change1: Corrected taxonRank (SPECIES→GENUS); scientificName simplified (Genus sp./spp. → Genus). | change2: Filled coordinateUncertaintyInMeters from decimal-place precision (conservative). | epi_taxo: acceptedName(match1); authorship_epig(match1); genus_from_scientificName; family_WFO; order_majorGroup_WCVP [2026-03-12] | CoordinateCleaner QA applied without sea test (validity, equal, zeros, capitals, centroids, gbif, institutions) [2026-03-29]","standardized author names and accents corrected in recordedBy","J. Campos","Campos 4232",""
"333","AMAZ_333","PreservedSpecimen","Collection",NA,"AMAZ","GENUS","Angiosperms","Campos, J.","Campos 3900","","NV","AMAZ2024",NA,"",-5.01666666666667,-78.95,"1997-05-17","change1: Corrected taxonRank (SPECIES→GENUS); scientificName simplified (Genus sp./spp. → Genus). | change2: Filled coordinateUncertaintyInMeters from decimal-place precision (conservative). | epi_taxo: acceptedName(match1); authorship_epig(match1); genus_from_scientificName; family_WFO; order_majorGroup_WCVP [2026-03-12] | CoordinateCleaner QA applied without sea test (validity, equal, zeros, capitals, centroids, gbif, institutions) [2026-03-29]","standardized author names and accents corrected in recordedBy","J. Campos","Campos 3900",""
"334","AMAZ_334","PreservedSpecimen","Collection",NA,"AMAZ","SPECIES","Angiosperms","Campos, J.","Campos 2936","Croat, T.B.","NV","AMAZ2024",1,"Philodendron sphalerum",NA,NA,"1996-07-13","change1: Set (0,0) to NA (Null Island placeholder). | epi_taxo: acceptedName(match1); authorship_epig(match1); genus_from_scientificName; family_WFO; order_majorGroup_WCVP [2026-03-12] | CoordinateCleaner QA applied without sea test (validity, equal, zeros, capitals, centroids, gbif, institutions) [2026-03-29]","standardized author names and accents corrected in recordedBy","J. Campos","Campos 2936","Croat, T.B."
"335","AMAZ_335","PreservedSpecimen","Collection",NA,"AMAZ","SPECIES","Angiosperms","Gentry, A.","Gentry 28952","Croat, T.B.","NV","AMAZ2024",1,"Philodendron venustum",-3.83333333333333,-73.5,"1980-07-22","change1: Filled coordinateUncertaintyInMeters from decimal-place precision (conservative). | epi_taxo: acceptedName(match1); authorship_epig(match1); genus_from_scientificName; family_WFO; order_majorGroup_WCVP [2026-03-12] | CoordinateCleaner QA applied without sea test (validity, equal, zeros, capitals, centroids, gbif, institutions) [2026-03-29]","standardized author names and accents corrected in recordedBy","A. Gentry","Gentry 28952","Croat, T.B."
"336","AMAZ_336","PreservedSpecimen","Collection",NA,"AMAZ","SPECIES","Angiosperms","Campos, J.","Campos 4253","Croat, T.B.","NV","AMAZ2024",1,"Philodendron verrucosum",-5.275,-78.7166666666667,"1997-07-22","change1: Filled coordinateUncertaintyInMeters from decimal-place precision (conservative). | epi_taxo: acceptedName(match1); authorship_epig(match1); genus_from_scientificName; family_WFO; order_majorGroup_WCVP [2026-03-12] | CoordinateCleaner QA applied without sea test (validity, equal, zeros, capitals, centroids, gbif, institutions) [2026-03-29]","standardized author names and accents corrected in recordedBy","J. Campos","Campos 4253","Croat, T.B."
"337","AMAZ_337","PreservedSpecimen","Collection",NA,"AMAZ","SPECIES","Angiosperms","Vasquez, R.","Vasquez 997","Croat, T.B.","NV","AMAZ2024",1,"Philodendron wittianum",-4.83333333333333,-73.75,"1980-12-09","change1: Filled coordinateUncertaintyInMeters from decimal-place precision (conservative). | epi_taxo: acceptedName(match1); authorship_epig(match1); genus_from_scientificName; family_WFO; order_majorGroup_WCVP [2026-03-12] | CoordinateCleaner QA applied without sea test (validity, equal, zeros, capitals, centroids, gbif, institutions) [2026-03-29]","accents and special characters corrected in recordNumber / standardized author names and accents corrected in recordedBy","R. Vásquez","Vásquez 997","Croat, T.B."
"338","AMAZ_338","PreservedSpecimen","Collection",NA,"AMAZ","SPECIES","Angiosperms","Smith, D.","Smith 2847","Croat, T.B.","NV","AMAZ2024",1,"Philodendron wittianum",-10.1833333333333,-75.25,"1982-11-29","change1: Filled coordinateUncertaintyInMeters from decimal-place precision (conservative). | epi_taxo: acceptedName(match1); authorship_epig(match1); genus_from_scientificName; family_WFO; order_majorGroup_WCVP [2026-03-12] | CoordinateCleaner QA applied without sea test (validity, equal, zeros, capitals, centroids, gbif, institutions) [2026-03-29]","standardized author names and accents corrected in recordedBy","D. Smith","Smith 2847","Croat, T.B."
"339","AMAZ_339","PreservedSpecimen","Collection",NA,"AMAZ","SPECIES","Angiosperms","Vasquez, R.","Vasquez 4668","Croat, T.B.","NV","AMAZ2024",1,"Philodendron wittianum",-3.5,-72.8333333333333,"1983-11-23","change1: Filled coordinateUncertaintyInMeters from decimal-place precision (conservative). | epi_taxo: acceptedName(match1); authorship_epig(match1); genus_from_scientificName; family_WFO; order_majorGroup_WCVP [2026-03-12] | CoordinateCleaner QA applied without sea test (validity, equal, zeros, capitals, centroids, gbif, institutions) [2026-03-29]","accents and special characters corrected in recordNumber / standardized author names and accents corrected in recordedBy","R. Vásquez","Vásquez 4668","Croat, T.B."
"340","AMAZ_340","PreservedSpecimen","Collection",NA,"AMAZ","SPECIES","Angiosperms","Smith, D.","Smith 3724","Croat, T.B.","NV","AMAZ2024",1,"Philodendron wittianum",-10.2,-75.2333333333333,"1983-04-19","change1: Filled coordinateUncertaintyInMeters from decimal-place precision (conservative). | epi_taxo: acceptedName(match1); authorship_epig(match1); genus_from_scientificName; family_WFO; order_majorGroup_WCVP [2026-03-12] | CoordinateCleaner QA applied without sea test (validity, equal, zeros, capitals, centroids, gbif, institutions) [2026-03-29]","standardized author names and accents corrected in recordedBy","D. Smith","Smith 3724","Croat, T.B."
"341","AMAZ_341","PreservedSpecimen","Collection",NA,"AMAZ","SPECIES","Angiosperms","Smith, D.","Smith 3698","Croat, T.B.","NV","AMAZ2024",1,"Philodendron wittianum",-10.2,-75.2333333333333,"1983-04-15","change1: Filled coordinateUncertaintyInMeters from decimal-place precision (conservative). | epi_taxo: acceptedName(match1); authorship_epig(match1); genus_from_scientificName; family_WFO; order_majorGroup_WCVP [2026-03-12] | CoordinateCleaner QA applied without sea test (validity, equal, zeros, capitals, centroids, gbif, institutions) [2026-03-29]","standardized author names and accents corrected in recordedBy","D. Smith","Smith 3698","Croat, T.B."
"342","AMAZ_342","PreservedSpecimen","Collection",NA,"AMAZ","SPECIES","Angiosperms","Vasquez, R.","Vasquez 495","Croat, T.B.","NV","AMAZ2024",1,"Philodendron wittianum",-3.5,-72.8333333333333,"1980-10-17","change1: Filled coordinateUncertaintyInMeters from decimal-place precision (conservative). | epi_taxo: acceptedName(match1); authorship_epig(match1); genus_from_scientificName; family_WFO; order_majorGroup_WCVP [2026-03-12] | CoordinateCleaner QA applied without sea test (validity, equal, zeros, capitals, centroids, gbif, institutions) [2026-03-29]","accents and special characters corrected in recordNumber / standardized author names and accents corrected in recordedBy","R. Vásquez","Vásquez 495","Croat, T.B."
"343","AMAZ_343","PreservedSpecimen","Collection",NA,"AMAZ","SPECIES","Angiosperms","Smith, D.","Smith 8451","Croat, T.B.","NV","AMAZ2024",1,"Philodendron wittianum",-10.3,-75.1666666666667,"1984-09-13","change1: Filled coordinateUncertaintyInMeters from decimal-place precision (conservative). | epi_taxo: acceptedName(match1); authorship_epig(match1); genus_from_scientificName; family_WFO; order_majorGroup_WCVP [2026-03-12] | CoordinateCleaner QA applied without sea test (validity, equal, zeros, capitals, centroids, gbif, institutions) [2026-03-29]","standardized author names and accents corrected in recordedBy","D. Smith","Smith 8451","Croat, T.B."
"344","AMAZ_344","PreservedSpecimen","Collection",NA,"AMAZ","SPECIES","Angiosperms","Smith, D.","Smith 2863","Croat, T.B.","NV","AMAZ2024",1,"Philodendron wurdackii",-10.1833333333333,-75.2166666666667,"1982-12-01","change1: Filled coordinateUncertaintyInMeters from decimal-place precision (conservative). | epi_taxo: acceptedName(match1); authorship_epig(match1); genus_from_scientificName; family_WFO; order_majorGroup_WCVP [2026-03-12] | CoordinateCleaner QA applied without sea test (validity, equal, zeros, capitals, centroids, gbif, institutions) [2026-03-29]","standardized author names and accents corrected in recordedBy","D. Smith","Smith 2863","Croat, T.B."
"345","AMAZ_345","PreservedSpecimen","Collection",NA,"AMAZ","SPECIES","Angiosperms","Vasquez, R.","Vasquez 16178","Croat, T.B.","NV","AMAZ2024",1,"Philodendron wurdackii",-3.33333333333333,-72.9166666666667,"1991-04-19","change1: Filled coordinateUncertaintyInMeters from decimal-place precision (conservative). | epi_taxo: acceptedName(match1); authorship_epig(match1); genus_from_scientificName; family_WFO; order_majorGroup_WCVP [2026-03-12] | CoordinateCleaner QA applied without sea test (validity, equal, zeros, capitals, centroids, gbif, institutions) [2026-03-29]","accents and special characters corrected in recordNumber / standardized author names and accents corrected in recordedBy","R. Vásquez","Vásquez 16178","Croat, T.B."
"346","AMAZ_346","PreservedSpecimen","Collection",NA,"AMAZ","SPECIES","Angiosperms","Ayala, F.","Ayala 2478","Croat, T.B.","H","AMAZ2024",1,"Rhodospatha brachypoda",NA,NA,"1979-12-13","change1: Set (0,0) to NA (Null Island placeholder). | epi_taxo: acceptedName(match1); authorship_epig(match1); genus_from_scientificName; family_WFO; order_majorGroup_WCVP [2026-03-12] | CoordinateCleaner QA applied without sea test (validity, equal, zeros, capitals, centroids, gbif, institutions) [2026-03-29]","standardized author names and accents corrected in recordedBy","F. Ayala","Ayala 2478","Croat, T.B."
"347","AMAZ_347","PreservedSpecimen","Collection",NA,"AMAZ","SPECIES","Angiosperms","Campos, J.","Campos 4167","Croat, T.B.","","AMAZ2024",3,"Rhodospatha wendlandii",-5.30833333333333,-78.7333333333333,"1997-07-18","change1: Filled coordinateUncertaintyInMeters from decimal-place precision (conservative). | epi_taxo: acceptedName(match1); authorship_epig(match1); genus_from_scientificName; family_WFO; order_majorGroup_WCVP [2026-03-12] | CoordinateCleaner QA applied without sea test (validity, equal, zeros, capitals, centroids, gbif, institutions) [2026-03-29]","standardized author names and accents corrected in recordedBy","J. Campos","Campos 4167","Croat, T.B."
"348","AMAZ_348","PreservedSpecimen","Collection",NA,"AMAZ","SPECIES","Angiosperms","Vasquez, R.","Vasquez 8625","Croat, T.B.","","AMAZ2024",0,"",-4.48333333333333,-73.5833333333333,"1986-12-13","change1: Trimmed whitespace in scientificName (and standardized blanks to NA) | change2: Trimmed whitespace in verbatimScientificName (and standardized blanks to NA) | change3: Filled coordinateUncertaintyInMeters from decimal-place precision (conservative). | epi_taxo: acceptedName(match1); authorship_epig(match1); genus_from_scientificName; family_WFO; order_majorGroup_WCVP [2026-03-12] | CoordinateCleaner QA applied without sea test (validity, equal, zeros, capitals, centroids, gbif, institutions) [2026-03-29]","accents and special characters corrected in recordNumber / standardized author names and accents corrected in recordedBy","R. Vásquez","Vásquez 8625","Croat, T.B."
"349","AMAZ_349","PreservedSpecimen","Collection",NA,"AMAZ","SPECIES","Angiosperms","Ayala, F.","Ayala 422","Croat, T.B.","","AMAZ2024",1,"Rhodospatha latifolia",NA,NA,"1973-09-04","change1: Set (0,0) to NA (Null Island placeholder). | epi_taxo: acceptedName(match1); authorship_epig(match1); genus_from_scientificName; family_WFO; order_majorGroup_WCVP [2026-03-12] | CoordinateCleaner QA applied without sea test (validity, equal, zeros, capitals, centroids, gbif, institutions) [2026-03-29]","standardized author names and accents corrected in recordedBy","F. Ayala","Ayala 422","Croat, T.B."
"350","AMAZ_350","PreservedSpecimen","Collection",NA,"AMAZ","SPECIES","Angiosperms","Vasquez, R.","Vasquez 4565","Croat, T.B.","H","AMAZ2024",1,"Rhodospatha latifolia",-2.91666666666667,-76.4166666666667,"1983-11-03","change1: Filled coordinateUncertaintyInMeters from decimal-place precision (conservative). | epi_taxo: acceptedName(match1); authorship_epig(match1); genus_from_scientificName; family_WFO; order_majorGroup_WCVP [2026-03-12] | CoordinateCleaner QA applied without sea test (validity, equal, zeros, capitals, centroids, gbif, institutions) [2026-03-29]","accents and special characters corrected in recordNumber / standardized author names and accents corrected in recordedBy","R. Vásquez","Vásquez 4565","Croat, T.B."
"351","AMAZ_351","PreservedSpecimen","Collection",NA,"AMAZ","SPECIES","Angiosperms","Vasquez, R.","Vasquez 7261","Croat, T.B.","H","AMAZ2024",1,"Rhodospatha latifolia",-4.33333333333333,-71.9166666666667,"1986-03-02","change1: Filled coordinateUncertaintyInMeters from decimal-place precision (conservative). | epi_taxo: acceptedName(match1); authorship_epig(match1); genus_from_scientificName; family_WFO; order_majorGroup_WCVP [2026-03-12] | CoordinateCleaner QA applied without sea test (validity, equal, zeros, capitals, centroids, gbif, institutions) [2026-03-29]","accents and special characters corrected in recordNumber / standardized author names and accents corrected in recordedBy","R. Vásquez","Vásquez 7261","Croat, T.B."
"352","AMAZ_352","PreservedSpecimen","Collection",NA,"AMAZ","SPECIES","Angiosperms","Vasquez, R.","Vasquez 3124","Croat, T.B.","H","AMAZ2024",1,"Rhodospatha latifolia",-2.91666666666667,-76.4166666666667,"1982-03-26","change1: Filled coordinateUncertaintyInMeters from decimal-place precision (conservative). | epi_taxo: acceptedName(match1); authorship_epig(match1); genus_from_scientificName; family_WFO; order_majorGroup_WCVP [2026-03-12] | CoordinateCleaner QA applied without sea test (validity, equal, zeros, capitals, centroids, gbif, institutions) [2026-03-29]","accents and special characters corrected in recordNumber / standardized author names and accents corrected in recordedBy","R. Vásquez","Vásquez 3124","Croat, T.B."
"353","AMAZ_353","PreservedSpecimen","Collection",NA,"AMAZ","SPECIES","Angiosperms","Gentry, A.","Gentry 29721","Croat, T.B.","H","AMAZ2024",3,"Heteropsis melinonii",-4.8,-76.4666666666667,"1980-08-15","change1: Trimmed whitespace in scientificName (and standardized blanks to NA) | change2: Trimmed whitespace in verbatimScientificName (and standardized blanks to NA) | change3: Filled coordinateUncertaintyInMeters from decimal-place precision (conservative). | epi_taxo: acceptedName(match1); authorship_epig(match1); genus_from_scientificName; family_WFO; order_majorGroup_WCVP [2026-03-12] | CoordinateCleaner QA applied without sea test (validity, equal, zeros, capitals, centroids, gbif, institutions) [2026-03-29]","standardized author names and accents corrected in recordedBy","A. Gentry","Gentry 29721","Croat, T.B."
"354","AMAZ_354","PreservedSpecimen","Collection",NA,"AMAZ","SPECIES","Angiosperms","Vasquez, R.","Vasquez 13667","Croat, T.B.","H","AMAZ2024",3,"Heteropsis melinonii",-3.8,-73.4166666666667,"1990-03-29","change1: Trimmed whitespace in scientificName (and standardized blanks to NA) | change2: Trimmed whitespace in verbatimScientificName (and standardized blanks to NA) | change3: Filled coordinateUncertaintyInMeters from decimal-place precision (conservative). | epi_taxo: acceptedName(match1); authorship_epig(match1); genus_from_scientificName; family_WFO; order_majorGroup_WCVP [2026-03-12] | CoordinateCleaner QA applied without sea test (validity, equal, zeros, capitals, centroids, gbif, institutions) [2026-03-29]","accents and special characters corrected in recordNumber / standardized author names and accents corrected in recordedBy","R. Vásquez","Vásquez 13667","Croat, T.B."
"355","AMAZ_355","PreservedSpecimen","Collection",NA,"AMAZ","GENUS","Angiosperms","Croat, T.","Croat 61781","","H","AMAZ2024",NA,"",-3.4,-72.8166666666667,"1986-07-25","change1: Corrected taxonRank (SPECIES→GENUS); scientificName simplified (Genus sp./spp. → Genus). | change2: Filled coordinateUncertaintyInMeters from decimal-place precision (conservative). | epi_taxo: acceptedName(match1); authorship_epig(match1); genus_from_scientificName; family_WFO; order_majorGroup_WCVP [2026-03-12] | CoordinateCleaner QA applied without sea test (validity, equal, zeros, capitals, centroids, gbif, institutions) [2026-03-29]","standardized author names and accents corrected in recordedBy","T. Croat","Croat 61781",""
"356","AMAZ_356","PreservedSpecimen","Collection",NA,"AMAZ","GENUS","Angiosperms","Croat, T.","Croat 61776","","H","AMAZ2024",NA,"",-3.4,-72.8166666666667,"1986-07-25","change1: Corrected taxonRank (SPECIES→GENUS); scientificName simplified (Genus sp./spp. → Genus). | change2: Filled coordinateUncertaintyInMeters from decimal-place precision (conservative). | epi_taxo: acceptedName(match1); authorship_epig(match1); genus_from_scientificName; family_WFO; order_majorGroup_WCVP [2026-03-12] | CoordinateCleaner QA applied without sea test (validity, equal, zeros, capitals, centroids, gbif, institutions) [2026-03-29]","standardized author names and accents corrected in recordedBy","T. Croat","Croat 61776",""
"357","AMAZ_357","PreservedSpecimen","Collection",NA,"AMAZ","SPECIES","Angiosperms","Revilla, J.","Revilla 826","Gomez, A.","H","AMAZ2024",1,"Stenospermation amomifolium",NA,NA,"1976-11-05","change1: Set (0,0) to NA (Null Island placeholder). | epi_taxo: acceptedName(match1); authorship_epig(match1); genus_from_scientificName; family_WFO; order_majorGroup_WCVP [2026-03-12] | CoordinateCleaner QA applied without sea test (validity, equal, zeros, capitals, centroids, gbif, institutions) [2026-03-29]","standardized author names and accents corrected in recordedBy","J. Revilla","Revilla 826","Gomez, A."
"358","AMAZ_358","PreservedSpecimen","Collection",NA,"AMAZ","SPECIES","Angiosperms","Vasquez, R.","Vasquez 69","Croat, T.B.","H","AMAZ2024",1,"Stenospermation amomifolium",-3.33333333333333,-72.6666666666667,"1980-04-01","change1: Filled coordinateUncertaintyInMeters from decimal-place precision (conservative). | epi_taxo: acceptedName(match1); authorship_epig(match1); genus_from_scientificName; family_WFO; order_majorGroup_WCVP [2026-03-12] | CoordinateCleaner QA applied without sea test (validity, equal, zeros, capitals, centroids, gbif, institutions) [2026-03-29]","accents and special characters corrected in recordNumber / standardized author names and accents corrected in recordedBy","R. Vásquez","Vásquez 69","Croat, T.B."
"359","AMAZ_359","PreservedSpecimen","Collection",NA,"AMAZ","SPECIES","Angiosperms","Wade, E.","Davis 820","Lingan-Ch, J.","H","AMAZ2024",1,"Stenospermation amomifolium",NA,NA,"1981-03-09","change1: Set (0,0) to NA (Null Island placeholder). | epi_taxo: acceptedName(match1); authorship_epig(match1); genus_from_scientificName; family_WFO; order_majorGroup_WCVP [2026-03-12] | CoordinateCleaner QA applied without sea test (validity, equal, zeros, capitals, centroids, gbif, institutions) [2026-03-29]","standardized author names and accents corrected in recordedBy","E. Wade Davis","Davis 820","Lingan-Ch, J."
"360","AMAZ_360","PreservedSpecimen","Collection",NA,"AMAZ","SPECIES","Angiosperms","Vasquez, R.","Vasquez 1117","Croat, T.B.","H","AMAZ2024",1,"Stenospermation amomifolium",-3.7,-72.8333333333333,"1980-12-22","change1: Trimmed whitespace in locality (and standardized blanks to NA) | change2: Filled coordinateUncertaintyInMeters from decimal-place precision (conservative). | epi_taxo: acceptedName(match1); authorship_epig(match1); genus_from_scientificName; family_WFO; order_majorGroup_WCVP [2026-03-12] | CoordinateCleaner QA applied without sea test (validity, equal, zeros, capitals, centroids, gbif, institutions) [2026-03-29]","accents and special characters corrected in recordNumber / standardized author names and accents corrected in recordedBy","R. Vásquez","Vásquez 1117","Croat, T.B."
"361","AMAZ_361","PreservedSpecimen","Collection",NA,"AMAZ","SPECIES","Angiosperms","Vasquez, R.","Vasquez 1227","Croat, T.B.","H","AMAZ2024",1,"Stenospermation amomifolium",-4.25,-73.1666666666667,"1981-01-24","change1: Filled coordinateUncertaintyInMeters from decimal-place precision (conservative). | epi_taxo: acceptedName(match1); authorship_epig(match1); genus_from_scientificName; family_WFO; order_majorGroup_WCVP [2026-03-12] | CoordinateCleaner QA applied without sea test (validity, equal, zeros, capitals, centroids, gbif, institutions) [2026-03-29]","accents and special characters corrected in recordNumber / standardized author names and accents corrected in recordedBy","R. Vásquez","Vásquez 1227","Croat, T.B."
"362","AMAZ_362","PreservedSpecimen","Collection",NA,"AMAZ","SPECIES","Angiosperms","Ayala, F.","Ayala 1420","Gomez, A.","H","AMAZ2024",1,"Stenospermation amomifolium",NA,NA,"1978-01-28","change1: Set (0,0) to NA (Null Island placeholder). | epi_taxo: acceptedName(match1); authorship_epig(match1); genus_from_scientificName; family_WFO; order_majorGroup_WCVP [2026-03-12] | CoordinateCleaner QA applied without sea test (validity, equal, zeros, capitals, centroids, gbif, institutions) [2026-03-29]","standardized author names and accents corrected in recordedBy","F. Ayala","Ayala 1420","Gomez, A."
"363","AMAZ_363","PreservedSpecimen","Collection",NA,"AMAZ","SPECIES","Angiosperms","Vasquez, R.","Vasquez 10606","Croat, T.B.","H","AMAZ2024",1,"Stenospermation amomifolium",-3.7,-72.8333333333333,"1988-05-13","change1: Filled coordinateUncertaintyInMeters from decimal-place precision (conservative). | epi_taxo: acceptedName(match1); authorship_epig(match1); genus_from_scientificName; family_WFO; order_majorGroup_WCVP [2026-03-12] | CoordinateCleaner QA applied without sea test (validity, equal, zeros, capitals, centroids, gbif, institutions) [2026-03-29]","accents and special characters corrected in recordNumber / standardized author names and accents corrected in recordedBy","R. Vásquez","Vásquez 10606","Croat, T.B."
"364","AMAZ_364","PreservedSpecimen","Collection",NA,"AMAZ","SPECIES","Angiosperms","Beltran, H.","Beltran 5689","","H","AMAZ2024",1,"Stenospermation amomifolium",-4.5148,-77.9008,"2003-04-09","change1: Filled coordinateUncertaintyInMeters from decimal-place precision (conservative). | epi_taxo: acceptedName(match1); authorship_epig(match1); genus_from_scientificName; family_WFO; order_majorGroup_WCVP [2026-03-12] | CoordinateCleaner QA applied without sea test (validity, equal, zeros, capitals, centroids, gbif, institutions) [2026-03-29]","accents and special characters corrected in recordNumber / standardized author names and accents corrected in recordedBy","H. Beltrán","Beltrán 5689",""
"365","AMAZ_365","PreservedSpecimen","Collection",NA,"AMAZ","SPECIES","Angiosperms","Vasquez, R.","Vasquez 21692","Croat, T.B.","H","AMAZ2024",3,"Stenospermation amomifolium",-5.05555555555556,-78.3397222222222,"1996-11-09","change1: Filled coordinateUncertaintyInMeters from decimal-place precision (conservative). | epi_taxo: acceptedName(match1); authorship_epig(match1); genus_from_scientificName; family_WFO; order_majorGroup_WCVP [2026-03-12] | CoordinateCleaner QA applied without sea test (validity, equal, zeros, capitals, centroids, gbif, institutions) [2026-03-29]","accents and special characters corrected in recordNumber / standardized author names and accents corrected in recordedBy","R. Vásquez","Vásquez 21692","Croat, T.B."
"366","AMAZ_366","PreservedSpecimen","Collection",NA,"AMAZ","GENUS","Angiosperms","Croat, T.","Croat 61678","","H","AMAZ2024",NA,"",-3.38333333333333,-73.0333333333333,"1986-07-25","change1: Corrected taxonRank (SPECIES→GENUS); scientificName simplified (Genus sp./spp. → Genus). | change2: Filled coordinateUncertaintyInMeters from decimal-place precision (conservative). | epi_taxo: acceptedName(match1); authorship_epig(match1); genus_from_scientificName; family_WFO; order_majorGroup_WCVP [2026-03-12] | CoordinateCleaner QA applied without sea test (validity, equal, zeros, capitals, centroids, gbif, institutions) [2026-03-29]","standardized author names and accents corrected in recordedBy","T. Croat","Croat 61678",""
"367","AMAZ_367","PreservedSpecimen","Collection",NA,"AMAZ","GENUS","Angiosperms","Croat, T.","Croat 61723","","H","AMAZ2024",NA,"",-3.4,-72.8166666666667,"1986-07-25","change1: Corrected taxonRank (SPECIES→GENUS); scientificName simplified (Genus sp./spp. → Genus). | change2: Filled coordinateUncertaintyInMeters from decimal-place precision (conservative). | epi_taxo: acceptedName(match1); authorship_epig(match1); genus_from_scientificName; family_WFO; order_majorGroup_WCVP [2026-03-12] | CoordinateCleaner QA applied without sea test (validity, equal, zeros, capitals, centroids, gbif, institutions) [2026-03-29]","standardized author names and accents corrected in recordedBy","T. Croat","Croat 61723",""
"368","AMAZ_368","PreservedSpecimen","Collection",NA,"AMAZ","GENUS","Angiosperms","Smith, D.","Smith 5998","","H","AMAZ2024",NA,"",-5.68333333333333,-77.65,"1984-02-17","change1: Corrected taxonRank (SPECIES→GENUS); scientificName simplified (Genus sp./spp. → Genus). | change2: Filled coordinateUncertaintyInMeters from decimal-place precision (conservative). | epi_taxo: acceptedName(match1); authorship_epig(match1); genus_from_scientificName; family_WFO; order_majorGroup_WCVP [2026-03-12] | CoordinateCleaner QA applied without sea test (validity, equal, zeros, capitals, centroids, gbif, institutions) [2026-03-29]","standardized author names and accents corrected in recordedBy","D. Smith","Smith 5998",""
"369","AMAZ_369","PreservedSpecimen","Collection",NA,"AMAZ","GENUS","Angiosperms","Gentry, A.","Gentry 41512","","H","AMAZ2024",NA,"",-11.25,-75.3333333333333,"1983-06-05","change1: Corrected taxonRank (SPECIES→GENUS); scientificName simplified (Genus sp./spp. → Genus). | change2: Filled coordinateUncertaintyInMeters from decimal-place precision (conservative). | epi_taxo: acceptedName(match1); authorship_epig(match1); genus_from_scientificName; family_WFO; order_majorGroup_WCVP [2026-03-12] | CoordinateCleaner QA applied without sea test (validity, equal, zeros, capitals, centroids, gbif, institutions) [2026-03-29]","standardized author names and accents corrected in recordedBy","A. Gentry","Gentry 41512",""
"370","AMAZ_370","PreservedSpecimen","Collection",NA,"AMAZ","GENUS","Angiosperms","Monteagudo, A.","Monteagudo 4385","","","AMAZ2024",NA,"",-10.5333333333333,-75.35,"2002-11-21","change1: Corrected taxonRank (SPECIES→GENUS); scientificName simplified (Genus sp./spp. → Genus). | change2: Filled coordinateUncertaintyInMeters from decimal-place precision (conservative). | epi_taxo: acceptedName(match1); authorship_epig(match1); genus_from_scientificName; family_WFO; order_majorGroup_WCVP [2026-03-12] | CoordinateCleaner QA applied without sea test (validity, equal, zeros, capitals, centroids, gbif, institutions) [2026-03-29]","standardized author names and accents corrected in recordedBy","A. Monteagudo","Monteagudo 4385",""
"371","AMAZ_371","PreservedSpecimen","Collection",NA,"AMAZ","SPECIES","Angiosperms","Vasquez, R.","Vasquez 20815","Croat, T.B.","","AMAZ2024",1,"Stenospermation ulei",-5.36666666666667,-78.5,"1996-05-13","change1: Filled coordinateUncertaintyInMeters from decimal-place precision (conservative). | epi_taxo: acceptedName(match1); authorship_epig(match1); genus_from_scientificName; family_WFO; order_majorGroup_WCVP [2026-03-12] | CoordinateCleaner QA applied without sea test (validity, equal, zeros, capitals, centroids, gbif, institutions) [2026-03-29]","accents and special characters corrected in recordNumber / standardized author names and accents corrected in recordedBy","R. Vásquez","Vásquez 20815","Croat, T.B."
"372","AMAZ_372","PreservedSpecimen","Collection",NA,"AMAZ","SPECIES","Angiosperms","Smith, D.","Smith 3734","Croat, T.B.","H","AMAZ2024",3,"Stenospermation ulei",-10.2,-75.2333333333333,"1983-04-14","change1: Trimmed whitespace in scientificName (and standardized blanks to NA) | change2: Trimmed whitespace in verbatimScientificName (and standardized blanks to NA) | change3: Filled coordinateUncertaintyInMeters from decimal-place precision (conservative). | epi_taxo: acceptedName(match1); authorship_epig(match1); genus_from_scientificName; family_WFO; order_majorGroup_WCVP [2026-03-12] | CoordinateCleaner QA applied without sea test (validity, equal, zeros, capitals, centroids, gbif, institutions) [2026-03-29]","standardized author names and accents corrected in recordedBy","D. Smith","Smith 3734","Croat, T.B."
"373","AMAZ_373","PreservedSpecimen","Collection",NA,"AMAZ","SPECIES","Angiosperms","Smith, D.","Smith 8480","Croat, T.B.","H","AMAZ2024",1,"Stenospermation zeacarpium",-10.5333333333333,-75.3833333333333,"1984-09-17","change1: Filled coordinateUncertaintyInMeters from decimal-place precision (conservative). | epi_taxo: acceptedName(match1); authorship_epig(match1); genus_from_scientificName; family_WFO; order_majorGroup_WCVP [2026-03-12] | CoordinateCleaner QA applied without sea test (validity, equal, zeros, capitals, centroids, gbif, institutions) [2026-03-29]","standardized author names and accents corrected in recordedBy","D. Smith","Smith 8480","Croat, T.B."
"374","AMAZ_374","PreservedSpecimen","Collection",NA,"AMAZ","SPECIES","Angiosperms","Lingan, J.","Lingan 365","Croat, T.B.","H","AMAZ2024",1,"Stenospermation zeacarpium",-10.55,-75.45,"2003-03-28","change1: Filled coordinateUncertaintyInMeters from decimal-place precision (conservative). | epi_taxo: acceptedName(match1); authorship_epig(match1); genus_from_scientificName; family_WFO; order_majorGroup_WCVP [2026-03-12] | CoordinateCleaner QA applied without sea test (validity, equal, zeros, capitals, centroids, gbif, institutions) [2026-03-29]","accents and special characters corrected in recordNumber / standardized author names and accents corrected in recordedBy","J. Lingán","Lingán 365","Croat, T.B."
"375","AMAZ_375","PreservedSpecimen","Collection",NA,"AMAZ","SPECIES","Angiosperms","Campos, J.","Campos 2822","Croat, T.B.","H","AMAZ2024",1,"Stenospermation zeacarpium",-5.21666666666667,-78.6666666666667,"1996-06-30","change1: Filled coordinateUncertaintyInMeters from decimal-place precision (conservative). | epi_taxo: acceptedName(match1); authorship_epig(match1); genus_from_scientificName; family_WFO; order_majorGroup_WCVP [2026-03-12] | CoordinateCleaner QA applied without sea test (validity, equal, zeros, capitals, centroids, gbif, institutions) [2026-03-29]","standardized author names and accents corrected in recordedBy","J. Campos","Campos 2822","Croat, T.B."
