"","occurrenceID","basisOfRecord","typeStatus","associatedReferences","institutionCode","taxonRank","collectionCode","recordedBy","recordNumber","identifiedBy","lifeForm","datasetID","matchCodeEpig","matchedNameEpig","decimalLatitude","decimalLongitude","eventDate","changes","discardReason","verbatimrecordedBy","verbatimidentifiedBy"
"1","HGOM2025_0001","PreservedSpecimen",NA,NA,"Herbario Facultad de Ciencias U.N.A.M.","GENUS",NA,"Reyes-Aguilar, F.","s/n","","E","HGOM2025",NA,"",21.02833333,-98.64194444,"2001-03-20","change1: Canonicalized scientificName to binomial and moved trailing authorship. | change2: Genus-only but taxonRank=SPECIES → moved genus token, set taxonRank=GENUS, cleared scientificName; kept original in verbatim. | change3: Filled coordinateUncertaintyInMeters from decimal-place precision (conservative). | epi_taxo: acceptedName(match1); authorship_epig(match1); genus_from_scientificName; family_WFO; order_majorGroup_WCVP [2026-03-11] | CoordinateCleaner QA applied without sea test (validity, equal, zeros, capitals, centroids, gbif, institutions) [2026-03-29]","standardized authors names in recordedBy","Reyes, Felipe Aguilar",""
"2","HGOM2025_0002","PreservedSpecimen",NA,NA,"HGOM- Herbario del Centro de Investigaciones Biologicas","SPECIES",NA,"Gutierrez-Lozano, M.","MGL 93","","E","HGOM2025",1,"Hymenophyllum ectocarpon",20.41388889,-98.24,"2013-07-10","change1: Filled coordinateUncertaintyInMeters from decimal-place precision (conservative). | epi_taxo: acceptedName(match1); authorship_epig(match1); genus_from_scientificName; family_WFO; order_majorGroup_WCVP [2026-03-11] | CoordinateCleaner QA applied without sea test (validity, equal, zeros, capitals, centroids, gbif, institutions) [2026-03-29]","standardized authors names in recordedBy","Gutierrez, Marisol Lozano",""
"3","HGOM2025_0003","PreservedSpecimen",NA,NA,"HGOM- Herbario del Centro de Investigaciones Biologicas","SPECIES",NA,"Serrano-Martinez, H.","HSM151","Serrano-Martinez, H.","E","HGOM2025",1,"Pleopeltis guttata",20.18681944,-98.71203056,"2009-05-22","change1: Filled coordinateUncertaintyInMeters from decimal-place precision (conservative). | epi_taxo: acceptedName(match1); authorship_epig(match1); genus_from_scientificName; family_WFO; order_majorGroup_WCVP [2026-03-11] | CoordinateCleaner QA applied without sea test (validity, equal, zeros, capitals, centroids, gbif, institutions) [2026-03-29]","standardized authors names in recordedBy / standardized authors names in identifiedBy","Serrano, Hector Martinez","Serrano, Hector Martinez"
"4","HGOM2025_0004","PreservedSpecimen",NA,NA,"HGOM- Herbario del Centro de Investigaciones Biologicas","SPECIES",NA,"Ramirez-Cruz, S.","211","Tejero-Diez, D.","E","HGOM2025",1,"Pleopeltis guttata",20.91086111,-99.328,"2006-03-18","change1: Filled coordinateUncertaintyInMeters from decimal-place precision (conservative). | epi_taxo: acceptedName(match1); authorship_epig(match1); genus_from_scientificName; family_WFO; order_majorGroup_WCVP [2026-03-11] | CoordinateCleaner QA applied without sea test (validity, equal, zeros, capitals, centroids, gbif, institutions) [2026-03-29]","standardized authors names in recordedBy / standardized authors names in identifiedBy","Ramirez, Said Cruz","Tejero, Daniel Diez"
"5","HGOM2025_0005","PreservedSpecimen",NA,NA,"HGOM- Herbario del Centro de Investigaciones Biologicas","SPECIES",NA,"Ramirez-Cruz, S.","207","Tejero-Diez, D.","E","HGOM2025",1,"Pleopeltis guttata",20.84038889,-99.317825,"2006-05-23","change1: Filled coordinateUncertaintyInMeters from decimal-place precision (conservative). | epi_taxo: acceptedName(match1); authorship_epig(match1); genus_from_scientificName; family_WFO; order_majorGroup_WCVP [2026-03-11] | CoordinateCleaner QA applied without sea test (validity, equal, zeros, capitals, centroids, gbif, institutions) [2026-03-29]","standardized authors names in recordedBy / standardized authors names in identifiedBy","Ramirez, Said Cruz","Tejero, Daniel Diez"
"6","HGOM2025_0006","PreservedSpecimen",NA,NA,"HGOM- Herbario del Centro de Investigaciones Biologicas","SPECIES",NA,"Ramirez-Cruz, S.","209","Tejero-Diez, D.","E","HGOM2025",1,"Pleopeltis guttata",20.88661111,-99.20308333,"2005-11-12","change1: Filled coordinateUncertaintyInMeters from decimal-place precision (conservative). | epi_taxo: acceptedName(match1); authorship_epig(match1); genus_from_scientificName; family_WFO; order_majorGroup_WCVP [2026-03-11] | CoordinateCleaner QA applied without sea test (validity, equal, zeros, capitals, centroids, gbif, institutions) [2026-03-29]","standardized authors names in recordedBy / standardized authors names in identifiedBy","Ramirez, Said Cruz","Tejero, Daniel Diez"
"7","HGOM2025_0007","PreservedSpecimen",NA,NA,"HGOM- Herbario del Centro de Investigaciones Biologicas","SPECIES",NA,"Sanchez-Gonzales, A.","ASG 4204","Perez-Atilano, Y.","E","HGOM2025",1,"Pleopeltis guttata",20.68166667,-99.14558333,"2010-09-11","change1: Filled coordinateUncertaintyInMeters from decimal-place precision (conservative). | epi_taxo: acceptedName(match1); authorship_epig(match1); genus_from_scientificName; family_WFO; order_majorGroup_WCVP [2026-03-11] | CoordinateCleaner QA applied without sea test (validity, equal, zeros, capitals, centroids, gbif, institutions) [2026-03-29]","standardized authors names in recordedBy / standardized authors names in identifiedBy","Sanchez, Arturo Gonzales","Perez, Yarely Atilano"
"8","HGOM2025_0008","PreservedSpecimen",NA,NA,"HGOM- Herbario del Centro de Investigaciones Biologicas","SPECIES",NA,"Hernandez-Alvarez, A.G.","AGHA 58","","E","HGOM2025",1,"Trichomanes capillaceum",20.98005556,-98.51641667,"2013-07-05","change1: Filled coordinateUncertaintyInMeters from decimal-place precision (conservative). | epi_taxo: acceptedName(match1); authorship_epig(match1); genus_from_scientificName; family_WFO; order_majorGroup_WCVP [2026-03-11] | CoordinateCleaner QA applied without sea test (validity, equal, zeros, capitals, centroids, gbif, institutions) [2026-03-29]","standardized authors names in recordedBy","Hernandez, Adriana G. Alvarez",""
"9","HGOM2025_0009","PreservedSpecimen",NA,NA,"HGOM- Herbario del Centro de Investigaciones Biologicas","SPECIES",NA,"Sanchez-Gonzales, A.","ASG 4436","Gutierrez-Lozano, M.","E","HGOM2025",1,"Trichomanes capillaceum",20.32716944,-98.24919444,"2011-11-13","change1: Filled coordinateUncertaintyInMeters from decimal-place precision (conservative). | epi_taxo: acceptedName(match1); authorship_epig(match1); genus_from_scientificName; family_WFO; order_majorGroup_WCVP [2026-03-11] | CoordinateCleaner QA applied without sea test (validity, equal, zeros, capitals, centroids, gbif, institutions) [2026-03-29]","standardized authors names in recordedBy / standardized authors names in identifiedBy","Sanchez, Arturo Gonzales","Gutierrez, Marisol Lozano"
"10","HGOM2025_0010","PreservedSpecimen",NA,NA,"HGOM- Herbario del Centro de Investigaciones Biologicas","SPECIES",NA,"Sanchez-Gonzales, A.","7","Perez-Perez, A.","E","HGOM2025",1,"Pleopeltis fallax",20.38469444,-98.19061111,"2008-12-02","change1: Canonicalized scientificName to binomial and moved trailing authorship. | change2: Fixed capitalization: ensured 'Genus epithet' with lowercase epithet. | change3: Filled coordinateUncertaintyInMeters from decimal-place precision (conservative). | epi_taxo: acceptedName(match1); authorship_epig(match1); genus_from_scientificName; family_WFO; order_majorGroup_WCVP [2026-03-11] | CoordinateCleaner QA applied without sea test (validity, equal, zeros, capitals, centroids, gbif, institutions) [2026-03-29]","standardized authors names in recordedBy / standardized authors names in identifiedBy","Sanchez, Arturo Gonzales","Perez, Arlen Perez"
"11","HGOM2025_0011","PreservedSpecimen",NA,NA,"HGOM- Herbario del Centro de Investigaciones Biologicas","SPECIES",NA,"Sanchez-Gonzales, A.","340","Perez-Perez, A.","E","HGOM2025",1,"Pleopeltis fallax",20.92027778,-98.63,"2008-10-10","change1: Canonicalized scientificName to binomial and moved trailing authorship. | change2: Fixed capitalization: ensured 'Genus epithet' with lowercase epithet. | change3: Filled coordinateUncertaintyInMeters from decimal-place precision (conservative). | epi_taxo: acceptedName(match1); authorship_epig(match1); genus_from_scientificName; family_WFO; order_majorGroup_WCVP [2026-03-11] | CoordinateCleaner QA applied without sea test (validity, equal, zeros, capitals, centroids, gbif, institutions) [2026-03-29]","standardized authors names in recordedBy / standardized authors names in identifiedBy","Sanchez, Arturo Gonzales","Perez, Arlen Perez"
"12","HGOM2025_0012","PreservedSpecimen",NA,NA,"HGOM- Herbario del Centro de Investigaciones Biologicas","SPECIES",NA,"Sanchez-Gonzales, A.","ASG 4411","","E","HGOM2025",1,"Grammitis leptostoma",20.70236111,-98.64572222,"2013-08-16","change1: Canonicalized scientificName to binomial and moved trailing authorship. | change2: Fixed capitalization: ensured 'Genus epithet' with lowercase epithet. | change3: Filled coordinateUncertaintyInMeters from decimal-place precision (conservative). | epi_taxo: acceptedName(match1); authorship_epig(match1); genus_from_scientificName; family_WFO; order_majorGroup_WCVP [2026-03-11] | CoordinateCleaner QA applied without sea test (validity, equal, zeros, capitals, centroids, gbif, institutions) [2026-03-29]","standardized authors names in recordedBy","Sanchez, Arturo Gonzales",""
"13","HGOM2025_0013","PreservedSpecimen",NA,NA,"HGOM- Herbario del Centro de Investigaciones Biologicas","SPECIES",NA,"Gutierrez-Lozano, M.","MGL 57","","E","HGOM2025",1,"Grammitis leptostoma",20.41388889,-98.24,"2013-06-08","change1: Canonicalized scientificName to binomial and moved trailing authorship. | change2: Fixed capitalization: ensured 'Genus epithet' with lowercase epithet. | change3: Filled coordinateUncertaintyInMeters from decimal-place precision (conservative). | epi_taxo: acceptedName(match1); authorship_epig(match1); genus_from_scientificName; family_WFO; order_majorGroup_WCVP [2026-03-11] | CoordinateCleaner QA applied without sea test (validity, equal, zeros, capitals, centroids, gbif, institutions) [2026-03-29]","standardized authors names in recordedBy","Gutierrez, Marisol Lozano",""
"14","HGOM2025_0014","PreservedSpecimen",NA,NA,"HGOM- Herbario del Centro de Investigaciones Biologicas","SPECIES",NA,"Sanchez-Gonzales, A.","138","Zuniga-Salvatierra, J.R.","E","HGOM2025",1,"Grammitis leptostoma",20.33175,-98.23127778,"2007-11-16","change1: Canonicalized scientificName to binomial and moved trailing authorship. | change2: Fixed capitalization: ensured 'Genus epithet' with lowercase epithet. | change3: Filled coordinateUncertaintyInMeters from decimal-place precision (conservative). | epi_taxo: acceptedName(match1); authorship_epig(match1); genus_from_scientificName; family_WFO; order_majorGroup_WCVP [2026-03-11] | CoordinateCleaner QA applied without sea test (validity, equal, zeros, capitals, centroids, gbif, institutions) [2026-03-29]","standardized authors names in recordedBy / standardized authors names in identifiedBy","Sanchez, Arturo Gonzales","Zuñiga, Jose Ramon Salvatierra"
"15","HGOM2025_0015","PreservedSpecimen",NA,NA,"HGOM- Herbario del Centro de Investigaciones Biologicas","SPECIES",NA,"Garrido-Jimenez, I.","13","Garrido-Jimenez, I.","E","HGOM2025",1,"Tillandsia deppeana",21.1017,-99.11648611,"2008-03-15","change1: Filled coordinateUncertaintyInMeters from decimal-place precision (conservative). | epi_taxo: acceptedName(match1); authorship_epig(match1); genus_from_scientificName; family_WFO; order_majorGroup_WCVP [2026-03-11] | CoordinateCleaner QA applied without sea test (validity, equal, zeros, capitals, centroids, gbif, institutions) [2026-03-29]","","Garrido-Jimenez, I.","Garrido-Jimenez, I."
"16","HGOM2025_0016","PreservedSpecimen",NA,NA,"HGOM- Herbario del Centro de Investigaciones Biologicas","SPECIES",NA,"Garrido-Jimenez, I.","14","Garrido-Jimenez, I.","E","HGOM2025",1,"Tillandsia deppeana",21.1017,-99.11648333,"2008-03-15","change1: Filled coordinateUncertaintyInMeters from decimal-place precision (conservative). | epi_taxo: acceptedName(match1); authorship_epig(match1); genus_from_scientificName; family_WFO; order_majorGroup_WCVP [2026-03-11] | CoordinateCleaner QA applied without sea test (validity, equal, zeros, capitals, centroids, gbif, institutions) [2026-03-29]","","Garrido-Jimenez, I.","Garrido-Jimenez, I."
"17","HGOM2025_0017","PreservedSpecimen",NA,NA,"HGOM- Herbario del Centro de Investigaciones Biologicas","SPECIES",NA,"Mendoza-Madrigal, G.","10","Hornung-Leoni, C.T.","E","HGOM2025",1,"Tillandsia deppeana",20.63344444,-98.56547222,"2010-05-12","change1: Filled coordinateUncertaintyInMeters from decimal-place precision (conservative). | epi_taxo: acceptedName(match1); authorship_epig(match1); genus_from_scientificName; family_WFO; order_majorGroup_WCVP [2026-03-11] | CoordinateCleaner QA applied without sea test (validity, equal, zeros, capitals, centroids, gbif, institutions) [2026-03-29]","standardized authors names in identifiedBy","Mendoza-Madrigal, G.","Hornung-Leoni, C. T."
"18","HGOM2025_0018","PreservedSpecimen",NA,NA,"HGOM- Herbario del Centro de Investigaciones Biologicas","SPECIES",NA,"Garrido-Jimenez, I.","12","Garrido-Jimenez, I.","E","HGOM2025",1,"Tillandsia deppeana",21.1017,-99.11648056,"2008-03-15","change1: Filled coordinateUncertaintyInMeters from decimal-place precision (conservative). | epi_taxo: acceptedName(match1); authorship_epig(match1); genus_from_scientificName; family_WFO; order_majorGroup_WCVP [2026-03-11] | CoordinateCleaner QA applied without sea test (validity, equal, zeros, capitals, centroids, gbif, institutions) [2026-03-29]","","Garrido-Jimenez, I.","Garrido-Jimenez, I."
"19","HGOM2025_0019","PreservedSpecimen",NA,NA,"HGOM- Herbario del Centro de Investigaciones Biologicas","SPECIES",NA,"Ramirez-Cruz, S.","197","Ramirez-Cruz, S.","E","HGOM2025",1,"Pleopeltis furfuracea",21.01133333,-99.31166667,"2005-11-26","change1: Filled coordinateUncertaintyInMeters from decimal-place precision (conservative). | epi_taxo: acceptedName(match1); authorship_epig(match1); genus_from_scientificName; family_WFO; order_majorGroup_WCVP [2026-03-11] | CoordinateCleaner QA applied without sea test (validity, equal, zeros, capitals, centroids, gbif, institutions) [2026-03-29]","standardized authors names in recordedBy / standardized authors names in identifiedBy","Ramirez, Said Cruz","Ramirez, Said Cruz"
"20","HGOM2025_0020","PreservedSpecimen",NA,NA,"HGOM- Herbario del Centro de Investigaciones Biologicas","SPECIES",NA,"Zuniga-Salvatierra, J.R.","258","Perez-Cervantes, A.","E","HGOM2025",1,"Pleopeltis furfuracea",20.90472222,-98.55694444,"2008-06-22","change1: Filled coordinateUncertaintyInMeters from decimal-place precision (conservative). | epi_taxo: acceptedName(match1); authorship_epig(match1); genus_from_scientificName; family_WFO; order_majorGroup_WCVP [2026-03-11] | CoordinateCleaner QA applied without sea test (validity, equal, zeros, capitals, centroids, gbif, institutions) [2026-03-29]","standardized authors names in recordedBy / standardized authors names in identifiedBy","Zuñiga, Jose Ramon Salvatierra","Perez, Arlen Cervantes"
"21","HGOM2025_0021","PreservedSpecimen",NA,NA,"HGOM- Herbario del Centro de Investigaciones Biologicas","SPECIES",NA,"","RLGV 4","Hernandez-Alvarez, A.G.","E","HGOM2025",1,"Pecluma ferruginea",20.40363889,-98.1315,"2013-08-30","change1: Filled coordinateUncertaintyInMeters from decimal-place precision (conservative). | epi_taxo: acceptedName(match1); authorship_epig(match1); genus_from_scientificName; family_WFO; order_majorGroup_WCVP [2026-03-11] | CoordinateCleaner QA applied without sea test (validity, equal, zeros, capitals, centroids, gbif, institutions) [2026-03-29]","standardized authors names in identifiedBy","","Hernandez, Adriana G. Alvarez"
"22","HGOM2025_0022","PreservedSpecimen",NA,NA,"HGOM- Herbario del Centro de Investigaciones Biologicas","SPECIES",NA,"Gutierrez-Lozano, M.","MGL 113","Gutierrez-Lozano, M.","E","HGOM2025",3,"Elaphoglossum minutum",20.633425,-98.59772222,"2013-09-28","change1: Filled coordinateUncertaintyInMeters from decimal-place precision (conservative). | epi_taxo: acceptedName(match1); authorship_epig(match1); genus_from_scientificName; family_WFO; order_majorGroup_WCVP [2026-03-11] | CoordinateCleaner QA applied without sea test (validity, equal, zeros, capitals, centroids, gbif, institutions) [2026-03-29]","standardized authors names in recordedBy / standardized authors names in identifiedBy","Gutierrez, Marisol Lozano","Gutierrez, Marisol Lozano"
"23","HGOM2025_0023","PreservedSpecimen",NA,NA,"HGOM- Herbario del Centro de Investigaciones Biologicas","VARIETAS",NA,"Ramirez-Cruz, S.","240","Ramirez-Cruz, S.","E","HGOM2025",2,"Pleopeltis minima",21.01133333,-99.31166667,"2005-11-26","change1: Filled coordinateUncertaintyInMeters from decimal-place precision (conservative). | epi_taxo: acceptedName(match1); authorship_epig(match1); genus_from_scientificName; family_WFO; order_majorGroup_WCVP [2026-03-11] | CoordinateCleaner QA applied without sea test (validity, equal, zeros, capitals, centroids, gbif, institutions) [2026-03-29]","standardized authors names in recordedBy / standardized authors names in identifiedBy","Ramirez, Said Cruz","Ramirez, Said Cruz"
"24","HGOM2025_0024","PreservedSpecimen",NA,NA,"HGOM- Herbario del Centro de Investigaciones Biologicas","VARIETAS",NA,"Ramirez-Cruz, S.","232","Ramirez-Cruz, S.","E","HGOM2025",2,"Pleopeltis minima",20.88319444,-99.25686111,"2006-07-20","change1: Filled coordinateUncertaintyInMeters from decimal-place precision (conservative). | epi_taxo: acceptedName(match1); authorship_epig(match1); genus_from_scientificName; family_WFO; order_majorGroup_WCVP [2026-03-11] | CoordinateCleaner QA applied without sea test (validity, equal, zeros, capitals, centroids, gbif, institutions) [2026-03-29]","standardized authors names in recordedBy / standardized authors names in identifiedBy","Ramirez, Said Cruz","Ramirez, Said Cruz"
"25","HGOM2025_0025","PreservedSpecimen",NA,NA,"HGOM- Herbario del Centro de Investigaciones Biologicas","VARIETAS",NA,"Ramirez-Cruz, S.","233","Ramirez-Cruz, S.","E","HGOM2025",2,"Pleopeltis minima",20.89838889,-99.23958333,"2006-05-31","change1: Filled coordinateUncertaintyInMeters from decimal-place precision (conservative). | epi_taxo: acceptedName(match1); authorship_epig(match1); genus_from_scientificName; family_WFO; order_majorGroup_WCVP [2026-03-11] | CoordinateCleaner QA applied without sea test (validity, equal, zeros, capitals, centroids, gbif, institutions) [2026-03-29]","standardized authors names in recordedBy / standardized authors names in identifiedBy","Ramirez, Said Cruz","Ramirez, Said Cruz"
"26","HGOM2025_0026","PreservedSpecimen",NA,NA,"HGOM- Herbario del Centro de Investigaciones Biologicas","VARIETAS",NA,"Sanchez-Gonzales, A.","43","Zuniga-Salvatierra, J.R.","E","HGOM2025",2,"Pleopeltis minima",20.3705,-98.22166667,"2008-04-18","change1: Filled coordinateUncertaintyInMeters from decimal-place precision (conservative). | epi_taxo: acceptedName(match1); authorship_epig(match1); genus_from_scientificName; family_WFO; order_majorGroup_WCVP [2026-03-11] | CoordinateCleaner QA applied without sea test (validity, equal, zeros, capitals, centroids, gbif, institutions) [2026-03-29]","standardized authors names in recordedBy / standardized authors names in identifiedBy","Sanchez, Arturo Gonzales","Zuñiga, Jose Ramon Salvatierra"
"27","HGOM2025_0027","PreservedSpecimen",NA,NA,"HGOM- Herbario del Centro de Investigaciones Biologicas","VARIETAS",NA,"Perez-Cervantes, A.","337","Perez-Cervantes, A.","E","HGOM2025",2,"Pleopeltis minima",20.92027778,-98.63,"2008-10-10","change1: Filled coordinateUncertaintyInMeters from decimal-place precision (conservative). | epi_taxo: acceptedName(match1); authorship_epig(match1); genus_from_scientificName; family_WFO; order_majorGroup_WCVP [2026-03-11] | CoordinateCleaner QA applied without sea test (validity, equal, zeros, capitals, centroids, gbif, institutions) [2026-03-29]","standardized authors names in recordedBy / standardized authors names in identifiedBy","Perez, Arlen Cervantes","Perez, Arlen Cervantes"
"28","HGOM2025_0028","PreservedSpecimen",NA,NA,"HGOM- Herbario del Centro de Investigaciones Biologicas","SPECIES",NA,"Sanchez-Gonzales, A.","ASG 4527","Gutierrez-Lozano, M.","E","HGOM2025",1,"Asplenium cuspidatum",20.633425,-98.59772222,"2013-04-13","change1: Filled coordinateUncertaintyInMeters from decimal-place precision (conservative). | epi_taxo: acceptedName(match1); authorship_epig(match1); genus_from_scientificName; family_WFO; order_majorGroup_WCVP [2026-03-11] | CoordinateCleaner QA applied without sea test (validity, equal, zeros, capitals, centroids, gbif, institutions) [2026-03-29]","standardized authors names in recordedBy / standardized authors names in identifiedBy","Sanchez, Arturo Gonzales","Gutierrez, Marisol Lozano"
"29","HGOM2025_0029","PreservedSpecimen",NA,NA,"HGOM- Herbario del Centro de Investigaciones Biologicas","SPECIES",NA,"Gutierrez-Lozano, M.","MGL 115","Gutierrez-Lozano, M.","E","HGOM2025",1,"Scoliosorus ensiformis",20.41388889,-98.24,"2013-11-18","change1: Filled coordinateUncertaintyInMeters from decimal-place precision (conservative). | epi_taxo: acceptedName(match1); authorship_epig(match1); genus_from_scientificName; family_WFO; order_majorGroup_WCVP [2026-03-11] | CoordinateCleaner QA applied without sea test (validity, equal, zeros, capitals, centroids, gbif, institutions) [2026-03-29]","standardized authors names in recordedBy / standardized authors names in identifiedBy","Gutierrez, Marisol Lozano","Gutierrez, Marisol Lozano"
"30","HGOM2025_0030","PreservedSpecimen",NA,NA,"HGOM- Herbario del Centro de Investigaciones Biologicas","SPECIES",NA,"Sanchez-Gonzales, A.","50","Zuniga-Salvatierra, J.R.","H","HGOM2025",1,"Lomariopsis mexicana",20.3705,-98.22166667,"2008-04-19","change1: Filled coordinateUncertaintyInMeters from decimal-place precision (conservative). | epi_taxo: acceptedName(match1); authorship_epig(match1); genus_from_scientificName; family_WFO; order_majorGroup_WCVP [2026-03-11] | CoordinateCleaner QA applied without sea test (validity, equal, zeros, capitals, centroids, gbif, institutions) [2026-03-29]","standardized authors names in recordedBy / standardized authors names in identifiedBy","Sanchez, Arturo Gonzales","Zuñiga, Jose Ramon Salvatierra"
"31","HGOM2025_0031","PreservedSpecimen",NA,NA,"HGOM- Herbario del Centro de Investigaciones Biologicas","SPECIES",NA,"Hernandez-Alvarez, A.G.","AGHA 127","Hernandez-Alvarez, A.G.","E","HGOM2025",1,"Grammitis pilosissima",20.36730556,-98.33130556,"2014-05-02","change1: Filled coordinateUncertaintyInMeters from decimal-place precision (conservative). | epi_taxo: acceptedName(match1); authorship_epig(match1); genus_from_scientificName; family_WFO; order_majorGroup_WCVP [2026-03-11] | CoordinateCleaner QA applied without sea test (validity, equal, zeros, capitals, centroids, gbif, institutions) [2026-03-29]","standardized authors names in recordedBy / standardized authors names in identifiedBy","Hernandez, Adriana G. Alvarez","Hernandez, Adriana G. Alvarez"
"32","HGOM2025_0032","PreservedSpecimen",NA,NA,"HGOM- Herbario del Centro de Investigaciones Biologicas","SPECIES",NA,"Sanchez-Gonzales, A.","ASG 4444","Sanchez-Gonzales, A.","E","HGOM2025",1,"Psilotum complanatum",20.41388889,-98.24,"2011-11-12","change1: Filled coordinateUncertaintyInMeters from decimal-place precision (conservative). | epi_taxo: acceptedName(match1); authorship_epig(match1); genus_from_scientificName; family_WFO; order_majorGroup_WCVP [2026-03-11] | CoordinateCleaner QA applied without sea test (validity, equal, zeros, capitals, centroids, gbif, institutions) [2026-03-29]","standardized authors names in recordedBy / standardized authors names in identifiedBy","Sanchez, Arturo Gonzales","Sanchez, Arturo Gonzales"
"33","HGOM2025_0033","PreservedSpecimen",NA,NA,"HGOM- Herbario del Centro de Investigaciones Biologicas","SPECIES",NA,"Sanchez-Gonzales, A.","228","Zuniga-Salvatierra, J.R.","E","HGOM2025",1,"Psilotum complanatum",20.33408333,-98.23980556,"2008-06-24","change1: Filled coordinateUncertaintyInMeters from decimal-place precision (conservative). | epi_taxo: acceptedName(match1); authorship_epig(match1); genus_from_scientificName; family_WFO; order_majorGroup_WCVP [2026-03-11] | CoordinateCleaner QA applied without sea test (validity, equal, zeros, capitals, centroids, gbif, institutions) [2026-03-29]","standardized authors names in recordedBy / standardized authors names in identifiedBy","Sanchez, Arturo Gonzales","Zuñiga, Jose Ramon Salvatierra"
"34","HGOM2025_0034","PreservedSpecimen",NA,NA,"HGOM- Herbario del Centro de Investigaciones Biologicas","SPECIES",NA,"Perez-Cervantes, A.","63","Sanchez-Gonzales, A.","E","HGOM2025",1,"Trichomanes radicans",20.46211111,-98.58258333,"2007-04-01","change1: Filled coordinateUncertaintyInMeters from decimal-place precision (conservative). | epi_taxo: acceptedName(match1); authorship_epig(match1); genus_from_scientificName; family_WFO; order_majorGroup_WCVP [2026-03-11] | CoordinateCleaner QA applied without sea test (validity, equal, zeros, capitals, centroids, gbif, institutions) [2026-03-29]","standardized authors names in recordedBy / standardized authors names in identifiedBy","Perez, Arlen Cervantes","Sanchez, Arturo Gonzales"
"35","HGOM2025_0035","PreservedSpecimen",NA,NA,"HGOM- Herbario del Centro de Investigaciones Biologicas","SPECIES",NA,"Gutierrez-Lozano, M.","MGL 107","Gutierrez-Lozano, M.","E","HGOM2025",1,"Trichomanes radicans",20.633425,-98.59772222,"2013-09-28","change1: Filled coordinateUncertaintyInMeters from decimal-place precision (conservative). | epi_taxo: acceptedName(match1); authorship_epig(match1); genus_from_scientificName; family_WFO; order_majorGroup_WCVP [2026-03-11] | CoordinateCleaner QA applied without sea test (validity, equal, zeros, capitals, centroids, gbif, institutions) [2026-03-29]","standardized authors names in recordedBy / standardized authors names in identifiedBy","Gutierrez, Marisol Lozano","Gutierrez, Marisol Lozano"
"36","HGOM2025_0036","PreservedSpecimen",NA,NA,"HGOM- Herbario del Centro de Investigaciones Biologicas","SPECIES",NA,"Hernandez-Alvarez, A.G.","AGHA 52","Hernandez-Alvarez, A.G.","E","HGOM2025",1,"Pecluma alfredii",20.98005556,-98.51641667,"2013-07-05","change1: Filled coordinateUncertaintyInMeters from decimal-place precision (conservative). | epi_taxo: acceptedName(match1); authorship_epig(match1); genus_from_scientificName; family_WFO; order_majorGroup_WCVP [2026-03-11] | CoordinateCleaner QA applied without sea test (validity, equal, zeros, capitals, centroids, gbif, institutions) [2026-03-29]","standardized authors names in recordedBy / standardized authors names in identifiedBy","Hernandez, Adriana G. Alvarez","Hernandez, Adriana G. Alvarez"
"37","HGOM2025_0037","PreservedSpecimen",NA,NA,"HGOM- Herbario del Centro de Investigaciones Biologicas","SPECIES",NA,"Hernandez-Alvarez, A.G.","AGHA 79","Sanchez-Gonzales, A.","E","HGOM2025",1,"Pecluma alfredii",20.70236111,-98.64572222,"2013-08-16","change1: Filled coordinateUncertaintyInMeters from decimal-place precision (conservative). | epi_taxo: acceptedName(match1); authorship_epig(match1); genus_from_scientificName; family_WFO; order_majorGroup_WCVP [2026-03-11] | CoordinateCleaner QA applied without sea test (validity, equal, zeros, capitals, centroids, gbif, institutions) [2026-03-29]","standardized authors names in recordedBy / standardized authors names in identifiedBy","Hernandez, Adriana G. Alvarez","Sanchez, Arturo Gonzales"
"38","HGOM2025_0038","PreservedSpecimen",NA,NA,"HGOM- Herbario del Centro de Investigaciones Biologicas","FORM",NA,"Ramirez-Cruz, S.","257","Ramirez-Cruz, S.","E","HGOM2025",2,"Pleopeltis conzattii",20.95544444,-99.33688889,"2006-01-28","change1: Corrected taxonRank (SPECIES→FORM); kept scientificName as-is. | change2: Filled coordinateUncertaintyInMeters from decimal-place precision (conservative). | epi_taxo: acceptedName(match1); authorship_epig(match1); genus_from_scientificName; family_WFO; order_majorGroup_WCVP [2026-03-11] | CoordinateCleaner QA applied without sea test (validity, equal, zeros, capitals, centroids, gbif, institutions) [2026-03-29]","standardized authors names in recordedBy / standardized authors names in identifiedBy","Ramirez, Said Cruz","Ramirez, Said Cruz"
"39","HGOM2025_0039","PreservedSpecimen",NA,NA,"HGOM- Herbario del Centro de Investigaciones Biologicas","SPECIES",NA,"Perez-Cervantes, A.","73","Zuniga-Salvatierra, J.R.","E","HGOM2025",1,"Pleopeltis mexicana",20.28144444,-98.27208333,"","change1: Filled coordinateUncertaintyInMeters from decimal-place precision (conservative). | epi_taxo: acceptedName(match1); authorship_epig(match1); genus_from_scientificName; family_WFO; order_majorGroup_WCVP [2026-03-11] | CoordinateCleaner QA applied without sea test (validity, equal, zeros, capitals, centroids, gbif, institutions) [2026-03-29]","standardized authors names in recordedBy / standardized authors names in identifiedBy","Perez, Arlen Cervantes","Zuñiga, Jose Ramon Salvatierra"
"40","HGOM2025_0040","PreservedSpecimen",NA,NA,"HGOM- Herbario del Centro de Investigaciones Biologicas","SPECIES",NA,"Ramirez-Cruz, S.","264","Sanchez-Gonzales, A.","E","HGOM2025",1,"Pleopeltis mexicana",20.91086111,-99.328,"2006-03-18","change1: Filled coordinateUncertaintyInMeters from decimal-place precision (conservative). | epi_taxo: acceptedName(match1); authorship_epig(match1); genus_from_scientificName; family_WFO; order_majorGroup_WCVP [2026-03-11] | CoordinateCleaner QA applied without sea test (validity, equal, zeros, capitals, centroids, gbif, institutions) [2026-03-29]","standardized authors names in recordedBy / standardized authors names in identifiedBy","Ramirez, Said Cruz","Sanchez, Arturo Gonzales"
"41","HGOM2025_0041","PreservedSpecimen",NA,NA,"HGOM- Herbario del Centro de Investigaciones Biologicas","SPECIES",NA,"Ramirez-Cruz, S.","256","Sanchez-Gonzales, A.","E","HGOM2025",1,"Pleopeltis mexicana",21.29586111,-99.21855556,"2005-10-29","change1: Filled coordinateUncertaintyInMeters from decimal-place precision (conservative). | epi_taxo: acceptedName(match1); authorship_epig(match1); genus_from_scientificName; family_WFO; order_majorGroup_WCVP [2026-03-11] | CoordinateCleaner QA applied without sea test (validity, equal, zeros, capitals, centroids, gbif, institutions) [2026-03-29]","standardized authors names in recordedBy / standardized authors names in identifiedBy","Ramirez, Said Cruz","Sanchez, Arturo Gonzales"
"42","HGOM2025_0042","PreservedSpecimen",NA,NA,"HGOM- Herbario del Centro de Investigaciones Biologicas","SPECIES",NA,"Sanchez-Gonzales, A.","ASG 4457","Gutierrez-Lozano, M.","E","HGOM2025",1,"Pleopeltis mexicana",20.41087222,-98.28116667,"2012-10-19","change1: Filled coordinateUncertaintyInMeters from decimal-place precision (conservative). | epi_taxo: acceptedName(match1); authorship_epig(match1); genus_from_scientificName; family_WFO; order_majorGroup_WCVP [2026-03-11] | CoordinateCleaner QA applied without sea test (validity, equal, zeros, capitals, centroids, gbif, institutions) [2026-03-29]","standardized authors names in recordedBy / standardized authors names in identifiedBy","Sanchez, Arturo Gonzales","Gutierrez, Marisol Lozano"
"43","HGOM2025_0043","PreservedSpecimen",NA,NA,"HGOM- Herbario del Centro de Investigaciones Biologicas","SPECIES",NA,"Ramirez-Cruz, S.","262","Sanchez-Gonzales, A.","E","HGOM2025",1,"Pleopeltis mexicana",20.80072222,-99.19186111,"2005-10-30","change1: Filled coordinateUncertaintyInMeters from decimal-place precision (conservative). | epi_taxo: acceptedName(match1); authorship_epig(match1); genus_from_scientificName; family_WFO; order_majorGroup_WCVP [2026-03-11] | CoordinateCleaner QA applied without sea test (validity, equal, zeros, capitals, centroids, gbif, institutions) [2026-03-29]","standardized authors names in recordedBy / standardized authors names in identifiedBy","Ramirez, Said Cruz","Sanchez, Arturo Gonzales"
"44","HGOM2025_0044","PreservedSpecimen",NA,NA,"HGOM- Herbario del Centro de Investigaciones Biologicas","SPECIES",NA,"Perez-Cervantes, A.","69","Perez-Cervantes, A.","E","HGOM2025",1,"Pleopeltis mexicana",20.62877778,-98.58258333,"2007-04-01","change1: Filled coordinateUncertaintyInMeters from decimal-place precision (conservative). | epi_taxo: acceptedName(match1); authorship_epig(match1); genus_from_scientificName; family_WFO; order_majorGroup_WCVP [2026-03-11] | CoordinateCleaner QA applied without sea test (validity, equal, zeros, capitals, centroids, gbif, institutions) [2026-03-29]","standardized authors names in recordedBy / standardized authors names in identifiedBy","Perez, Arlen Cervantes","Perez, Arlen Cervantes"
"45","HGOM2025_0045","PreservedSpecimen",NA,NA,"HGOM- Herbario del Centro de Investigaciones Biologicas","VARIETAS",NA,"Zuniga-Salvatierra, J.R.","246","Zuniga-Salvatierra, J.R.","E","HGOM2025",1,"Pleopeltis polylepis",20.33408333,-98.23980556,"2008-06-24","change1: Filled coordinateUncertaintyInMeters from decimal-place precision (conservative). | epi_taxo: acceptedName(match1); authorship_epig(match1); genus_from_scientificName; family_WFO; order_majorGroup_WCVP [2026-03-11] | CoordinateCleaner QA applied without sea test (validity, equal, zeros, capitals, centroids, gbif, institutions) [2026-03-29]","standardized authors names in recordedBy / standardized authors names in identifiedBy","Zuñiga, Jose Ramon Salvatierra","Zuñiga, Jose Ramon Salvatierra"
"46","HGOM2025_0046","PreservedSpecimen",NA,NA,"HGOM- Herbario del Centro de Investigaciones Biologicas","VARIETAS",NA,"Perez-Atilano, Y.","YPA 11","Sanchez-Gonzales, A.","E","HGOM2025",1,"Pleopeltis polylepis",20.30897222,-99.09725,"2012-01-04","change1: Filled coordinateUncertaintyInMeters from decimal-place precision (conservative). | epi_taxo: acceptedName(match1); authorship_epig(match1); genus_from_scientificName; family_WFO; order_majorGroup_WCVP [2026-03-11] | CoordinateCleaner QA applied without sea test (validity, equal, zeros, capitals, centroids, gbif, institutions) [2026-03-29]","standardized authors names in recordedBy / standardized authors names in identifiedBy","Perez, Yarely Atilano","Sanchez, Arturo Gonzales"
"47","HGOM2025_0047","PreservedSpecimen",NA,NA,"HGOM- Herbario del Centro de Investigaciones Biologicas","VARIETAS",NA,"Ramirez-Cruz, S.","270","Ramirez-Cruz, S.","E","HGOM2025",1,"Pleopeltis polylepis",20.84038889,-99.31797222,"2006-05-23","change1: Filled coordinateUncertaintyInMeters from decimal-place precision (conservative). | epi_taxo: acceptedName(match1); authorship_epig(match1); genus_from_scientificName; family_WFO; order_majorGroup_WCVP [2026-03-11] | CoordinateCleaner QA applied without sea test (validity, equal, zeros, capitals, centroids, gbif, institutions) [2026-03-29]","standardized authors names in recordedBy / standardized authors names in identifiedBy","Ramirez, Said Cruz","Ramirez, Said Cruz"
"48","HGOM2025_0048","PreservedSpecimen",NA,NA,"HGOM- Herbario del Centro de Investigaciones Biologicas","VARIETAS",NA,"Ramirez-Cruz, S.","277","Ramirez-Cruz, S.","E","HGOM2025",1,"Pleopeltis polylepis",20.89283333,-99.23958333,"2006-05-31","change1: Filled coordinateUncertaintyInMeters from decimal-place precision (conservative). | epi_taxo: acceptedName(match1); authorship_epig(match1); genus_from_scientificName; family_WFO; order_majorGroup_WCVP [2026-03-11] | CoordinateCleaner QA applied without sea test (validity, equal, zeros, capitals, centroids, gbif, institutions) [2026-03-29]","standardized authors names in recordedBy / standardized authors names in identifiedBy","Ramirez, Said Cruz","Ramirez, Said Cruz"
"49","HGOM2025_0049","PreservedSpecimen",NA,NA,"HGOM- Herbario del Centro de Investigaciones Biologicas","VARIETAS",NA,"Ramirez-Cruz, S.","269","Ramirez-Cruz, S.","E","HGOM2025",1,"Pleopeltis polylepis",20.81594444,-99.20863889,"2006-05-29","change1: Filled coordinateUncertaintyInMeters from decimal-place precision (conservative). | epi_taxo: acceptedName(match1); authorship_epig(match1); genus_from_scientificName; family_WFO; order_majorGroup_WCVP [2026-03-11] | CoordinateCleaner QA applied without sea test (validity, equal, zeros, capitals, centroids, gbif, institutions) [2026-03-29]","standardized authors names in recordedBy / standardized authors names in identifiedBy","Ramirez, Said Cruz","Ramirez, Said Cruz"
"50","HGOM2025_0050","PreservedSpecimen",NA,NA,"HGOM- Herbario del Centro de Investigaciones Biologicas","VARIETAS",NA,"Perez-Atilano, Y.","YPA 57","Perez-Atilano, Y.","E","HGOM2025",1,"Pleopeltis polylepis",20.22625,-98.85497222,"2011-08-19","change1: Filled coordinateUncertaintyInMeters from decimal-place precision (conservative). | epi_taxo: acceptedName(match1); authorship_epig(match1); genus_from_scientificName; family_WFO; order_majorGroup_WCVP [2026-03-11] | CoordinateCleaner QA applied without sea test (validity, equal, zeros, capitals, centroids, gbif, institutions) [2026-03-29]","standardized authors names in recordedBy / standardized authors names in identifiedBy","Perez, Yarely Atilano","Perez, Yarely Atilano"
"51","HGOM2025_0051","PreservedSpecimen",NA,NA,"HGOM- Herbario del Centro de Investigaciones Biologicas","VARIETAS",NA,"Perez-Atilano, Y.","YPA 14","Perez-Atilano, Y.","E","HGOM2025",1,"Pleopeltis polylepis",20.71827778,-99.12586111,"2010-10-23","change1: Filled coordinateUncertaintyInMeters from decimal-place precision (conservative). | epi_taxo: acceptedName(match1); authorship_epig(match1); genus_from_scientificName; family_WFO; order_majorGroup_WCVP [2026-03-11] | CoordinateCleaner QA applied without sea test (validity, equal, zeros, capitals, centroids, gbif, institutions) [2026-03-29]","standardized authors names in recordedBy / standardized authors names in identifiedBy","Perez, Yarely Atilano","Perez, Yarely Atilano"
"52","HGOM2025_0052","PreservedSpecimen",NA,NA,"HGOM- Herbario del Centro de Investigaciones Biologicas","VARIETAS",NA,"Sanchez-Gonzales, A.","ASG 4232","Sanchez-Gonzales, A.","E","HGOM2025",1,"Pleopeltis polylepis",20.67344444,-99.23780556,"2012-02-17","change1: Filled coordinateUncertaintyInMeters from decimal-place precision (conservative). | epi_taxo: acceptedName(match1); authorship_epig(match1); genus_from_scientificName; family_WFO; order_majorGroup_WCVP [2026-03-11] | CoordinateCleaner QA applied without sea test (validity, equal, zeros, capitals, centroids, gbif, institutions) [2026-03-29]","standardized authors names in recordedBy / standardized authors names in identifiedBy","Sanchez, Arturo Gonzales","Sanchez, Arturo Gonzales"
"53","HGOM2025_0053","PreservedSpecimen",NA,NA,"HGOM- Herbario del Centro de Investigaciones Biologicas","VARIETAS",NA,"Sanchez-Gonzales, A.","78","Zuniga-Salvatierra, J.R.","E","HGOM2025",1,"Pleopeltis polylepis",20.33175,-98.23127778,"2007-11-16","change1: Filled coordinateUncertaintyInMeters from decimal-place precision (conservative). | epi_taxo: acceptedName(match1); authorship_epig(match1); genus_from_scientificName; family_WFO; order_majorGroup_WCVP [2026-03-11] | CoordinateCleaner QA applied without sea test (validity, equal, zeros, capitals, centroids, gbif, institutions) [2026-03-29]","standardized authors names in recordedBy / standardized authors names in identifiedBy","Sanchez, Arturo Gonzales","Zuñiga, Jose Ramon Salvatierra"
"54","HGOM2025_0054","PreservedSpecimen",NA,NA,"HGOM- Herbario del Centro de Investigaciones Biologicas","VARIETAS",NA,"Sanchez-Gonzales, A.","ASG 4425","Sanchez-Gonzales, A.","E","HGOM2025",1,"Pleopeltis polylepis",20.36566667,-98.41383333,"2014-05-02","change1: Filled coordinateUncertaintyInMeters from decimal-place precision (conservative). | epi_taxo: acceptedName(match1); authorship_epig(match1); genus_from_scientificName; family_WFO; order_majorGroup_WCVP [2026-03-11] | CoordinateCleaner QA applied without sea test (validity, equal, zeros, capitals, centroids, gbif, institutions) [2026-03-29]","standardized authors names in recordedBy / standardized authors names in identifiedBy","Sanchez, Arturo Gonzales","Sanchez, Arturo Gonzales"
"55","HGOM2025_0055","PreservedSpecimen",NA,NA,"HGOM- Herbario del Centro de Investigaciones Biologicas","SPECIES",NA,"Sanchez-Gonzales, A.","34","Zuniga-Salvatierra, J.R.","E","HGOM2025",1,"Polypodium subpetiolatum",20.3705,-98.22166667,"2008-04-19","change1: Filled coordinateUncertaintyInMeters from decimal-place precision (conservative). | epi_taxo: acceptedName(match1); authorship_epig(match1); genus_from_scientificName; family_WFO; order_majorGroup_WCVP [2026-03-11] | CoordinateCleaner QA applied without sea test (validity, equal, zeros, capitals, centroids, gbif, institutions) [2026-03-29]","standardized authors names in recordedBy / standardized authors names in identifiedBy","Sanchez, Arturo Gonzales","Zuñiga, Jose Ramon Salvatierra"
"56","HGOM2025_0056","PreservedSpecimen",NA,NA,"HGOM- Herbario del Centro de Investigaciones Biologicas","SPECIES",NA,"Sanchez-Gonzales, A.","102","Zuniga-Salvatierra, J.R.","E","HGOM2025",1,"Pecluma hartwegiana",20.33175,-98.23127778,"2007-11-16","change1: Canonicalized scientificName to binomial and moved trailing authorship. | change2: Fixed capitalization: ensured 'Genus epithet' with lowercase epithet. | change3: Filled coordinateUncertaintyInMeters from decimal-place precision (conservative). | epi_taxo: acceptedName(match1); authorship_epig(match1); genus_from_scientificName; family_WFO; order_majorGroup_WCVP [2026-03-11] | CoordinateCleaner QA applied without sea test (validity, equal, zeros, capitals, centroids, gbif, institutions) [2026-03-29]","standardized authors names in recordedBy / standardized authors names in identifiedBy","Sanchez, Arturo Gonzales","Zuñiga, Jose Ramon Salvatierra"
"57","HGOM2025_0057","PreservedSpecimen",NA,NA,"HGOM- Herbario del Centro de Investigaciones Biologicas","SPECIES",NA,"Ramirez-Cruz, S.","304","Tejero-Diez, D.","E","HGOM2025",3,"Pecluma plumula",21.01133333,-99.31166667,"2005-11-26","change1: Filled coordinateUncertaintyInMeters from decimal-place precision (conservative). | epi_taxo: acceptedName(match1); authorship_epig(match1); genus_from_scientificName; family_WFO; order_majorGroup_WCVP [2026-03-11] | CoordinateCleaner QA applied without sea test (validity, equal, zeros, capitals, centroids, gbif, institutions) [2026-03-29]","standardized authors names in recordedBy / standardized authors names in identifiedBy","Ramirez, Said Cruz","Tejero, Daniel Díez"
"58","HGOM2025_0058","PreservedSpecimen",NA,NA,"HGOM- Herbario del Centro de Investigaciones Biologicas","SPECIES",NA,"Ramirez-Cruz, S.","303","Tejero-Diez, D.","E","HGOM2025",3,"Pecluma plumula",21.04844444,-99.09419444,"2005-11-26","change1: Filled coordinateUncertaintyInMeters from decimal-place precision (conservative). | epi_taxo: acceptedName(match1); authorship_epig(match1); genus_from_scientificName; family_WFO; order_majorGroup_WCVP [2026-03-11] | CoordinateCleaner QA applied without sea test (validity, equal, zeros, capitals, centroids, gbif, institutions) [2026-03-29]","standardized authors names in recordedBy / standardized authors names in identifiedBy","Ramirez, Said Cruz","Tejero, Daniel Díez"
"59","HGOM2025_0059","PreservedSpecimen",NA,NA,"HGOM- Herbario del Centro de Investigaciones Biologicas","SPECIES",NA,"Ramirez-Cruz, S.","305","Tejero-Diez, D.","E","HGOM2025",3,"Pecluma plumula",20.95544444,-99.33688889,"2006-01-28","change1: Filled coordinateUncertaintyInMeters from decimal-place precision (conservative). | epi_taxo: acceptedName(match1); authorship_epig(match1); genus_from_scientificName; family_WFO; order_majorGroup_WCVP [2026-03-11] | CoordinateCleaner QA applied without sea test (validity, equal, zeros, capitals, centroids, gbif, institutions) [2026-03-29]","standardized authors names in recordedBy / standardized authors names in identifiedBy","Ramirez, Said Cruz","Tejero, Daniel Díez"
"60","HGOM2025_0060","PreservedSpecimen",NA,NA,"HGOM- Herbario del Centro de Investigaciones Biologicas","SPECIES",NA,"Zuniga-Salvatierra, J.R.","299","Zuniga-Salvatierra, J.R.","E","HGOM2025",3,"Pecluma plumula",20.39441667,-98.20186111,"2008-12-02","change1: Filled coordinateUncertaintyInMeters from decimal-place precision (conservative). | epi_taxo: acceptedName(match1); authorship_epig(match1); genus_from_scientificName; family_WFO; order_majorGroup_WCVP [2026-03-11] | CoordinateCleaner QA applied without sea test (validity, equal, zeros, capitals, centroids, gbif, institutions) [2026-03-29]","standardized authors names in recordedBy / standardized authors names in identifiedBy","Zuñiga, Jose Ramon Salvatierra","Zuñiga, Jose Ramon Salvatierra"
"61","HGOM2025_0061","PreservedSpecimen",NA,NA,"HGOM- Herbario del Centro de Investigaciones Biologicas","SPECIES",NA,"Sanchez-Gonzales, A.","293","Zuniga-Salvatierra, J.R.","E","HGOM2025",3,"Pecluma plumula",20.39441667,-98.20186111,"2008-12-02","change1: Filled coordinateUncertaintyInMeters from decimal-place precision (conservative). | epi_taxo: acceptedName(match1); authorship_epig(match1); genus_from_scientificName; family_WFO; order_majorGroup_WCVP [2026-03-11] | CoordinateCleaner QA applied without sea test (validity, equal, zeros, capitals, centroids, gbif, institutions) [2026-03-29]","standardized authors names in recordedBy / standardized authors names in identifiedBy","Sanchez, Arturo Gonzales","Zuñiga, Jose Ramon Salvatierra"
"62","HGOM2025_0062","PreservedSpecimen",NA,NA,"HGOM- Herbario del Centro de Investigaciones Biologicas","SPECIES",NA,"Sanchez-Gonzales, A.","214","Zuniga-Salvatierra, J.R.","E","HGOM2025",1,"Pleopeltis villagranii",20.33408333,-98.23980556,"2008-06-24","change1: Filled coordinateUncertaintyInMeters from decimal-place precision (conservative). | epi_taxo: acceptedName(match1); authorship_epig(match1); genus_from_scientificName; family_WFO; order_majorGroup_WCVP [2026-03-11] | CoordinateCleaner QA applied without sea test (validity, equal, zeros, capitals, centroids, gbif, institutions) [2026-03-29]","standardized authors names in recordedBy / standardized authors names in identifiedBy","Sanchez, Arturo Gonzales","Zuñiga, Jose Ramon Salvatierra"
"63","HGOM2025_0063","PreservedSpecimen",NA,NA,"HGOM- Herbario del Centro de Investigaciones Biologicas","SPECIES",NA,"Sanchez-Gonzales, A.","E","Perez-Cervantes, A.","E","HGOM2025",1,"Pleopeltis villagranii",20.62877778,-98.58258333,"2007-04-01","change1: Filled coordinateUncertaintyInMeters from decimal-place precision (conservative). | epi_taxo: acceptedName(match1); authorship_epig(match1); genus_from_scientificName; family_WFO; order_majorGroup_WCVP [2026-03-11] | CoordinateCleaner QA applied without sea test (validity, equal, zeros, capitals, centroids, gbif, institutions) [2026-03-29]","standardized authors names in recordedBy / standardized authors names in identifiedBy","Sanchez, Arturo Gonzales","Perez, Arlen Cervantes"
"64","HGOM2025_0064","PreservedSpecimen",NA,NA,"HGOM- Herbario del Centro de Investigaciones Biologicas","VARIETAS",NA,"Sanchez-Gonzales, A.","291","Zuniga-Salvatierra, J.R.","E","HGOM2025",2,"Pleopeltis minima",20.39441667,-98.20186111,"2008-12-02","change1: Filled coordinateUncertaintyInMeters from decimal-place precision (conservative). | epi_taxo: acceptedName(match1); authorship_epig(match1); genus_from_scientificName; family_WFO; order_majorGroup_WCVP [2026-03-11] | CoordinateCleaner QA applied without sea test (validity, equal, zeros, capitals, centroids, gbif, institutions) [2026-03-29]","standardized authors names in recordedBy / standardized authors names in identifiedBy","Sanchez, Arturo Gonzales","Zuñiga, Jose Ramon Salvatierra"
"65","HGOM2025_0065","PreservedSpecimen",NA,NA,"HGOM- Herbario del Centro de Investigaciones Biologicas","VARIETAS",NA,"Perez-Cervantes, A.","270","Perez-Cervantes, A.","E","HGOM2025",2,"Pleopeltis minima",20.90472222,-98.55694444,"2008-06-22","change1: Filled coordinateUncertaintyInMeters from decimal-place precision (conservative). | epi_taxo: acceptedName(match1); authorship_epig(match1); genus_from_scientificName; family_WFO; order_majorGroup_WCVP [2026-03-11] | CoordinateCleaner QA applied without sea test (validity, equal, zeros, capitals, centroids, gbif, institutions) [2026-03-29]","standardized authors names in recordedBy / standardized authors names in identifiedBy","Perez, Arlen Cervantes","Perez, Arlen Cervantes"
"66","HGOM2025_0066","PreservedSpecimen",NA,NA,"HGOM- Herbario del Centro de Investigaciones Biologicas","GENUS",NA,"Hornung-Leoni, C.T.","1211","Hornung-Leoni, C.T.","E","HGOM2025",NA,"",21.16752778,-98.96213889,"2010-12-08","change1: Canonicalized scientificName to binomial and moved trailing authorship. | change2: Genus-only but taxonRank=SPECIES → moved genus token, set taxonRank=GENUS, cleared scientificName; kept original in verbatim. | change3: Filled coordinateUncertaintyInMeters from decimal-place precision (conservative). | epi_taxo: acceptedName(match1); authorship_epig(match1); genus_from_scientificName; family_WFO; order_majorGroup_WCVP [2026-03-11] | CoordinateCleaner QA applied without sea test (validity, equal, zeros, capitals, centroids, gbif, institutions) [2026-03-29]","standardized authors names in recordedBy / standardized authors names in identifiedBy","Hornung- Leoni, C. T.","Hornung- Leoni, C. T."
"67","HGOM2025_0067","PreservedSpecimen",NA,NA,"BPHM- Herbario del Area Academia de Biologia","GENUS",NA,"Roqueiro, M.","295","","E","HGOM2025",NA,"",20.41416667,-98.23916667,"2004-03-04","change1: Canonicalized scientificName to binomial and moved trailing authorship. | change2: Genus-only but taxonRank=SPECIES → moved genus token, set taxonRank=GENUS, cleared scientificName; kept original in verbatim. | change3: Filled coordinateUncertaintyInMeters from decimal-place precision (conservative). | epi_taxo: acceptedName(match1); authorship_epig(match1); genus_from_scientificName; family_WFO; order_majorGroup_WCVP [2026-03-11] | CoordinateCleaner QA applied without sea test (validity, equal, zeros, capitals, centroids, gbif, institutions) [2026-03-29]","standardized authors names in recordedBy","Roqueiro, Mariana",""
"68","HGOM2025_0068","PreservedSpecimen",NA,NA,"HGOM- Herbario del Centro de Investigaciones Biologicas","HYBRID",NA,"Perez-Cervantes, A.","435","Perez-Cervantes, A.","E","HGOM2025",NA,"",NA,NA,"2008-12-27","change1: Marked as HYBRID (scientificName preserved). | change2: Canonicalized scientificName to binomial and moved trailing authorship. | change3: Set (0,0) to NA (Null Island placeholder). | epi_taxo: acceptedName(match1); authorship_epig(match1); genus_from_scientificName; family_WFO; order_majorGroup_WCVP [2026-03-11] | CoordinateCleaner QA applied without sea test (validity, equal, zeros, capitals, centroids, gbif, institutions) [2026-03-29]","standardized authors names in recordedBy / standardized authors names in identifiedBy","Perez, Arlen Cervantes","Perez, Arlen Cervantes"
"69","HGOM2025_0069","PreservedSpecimen",NA,NA,"HGOM- Herbario del Centro de Investigaciones Biologicas","SPECIES",NA,"Gutierrez-Lozano, M.","MGL 48","Gutierrez-Lozano, M.","E","HGOM2025",1,"Hymenophyllum polyanthos",20.41388889,-98.24,"2013-06-08","change1: Filled coordinateUncertaintyInMeters from decimal-place precision (conservative). | epi_taxo: acceptedName(match1); authorship_epig(match1); genus_from_scientificName; family_WFO; order_majorGroup_WCVP [2026-03-11] | CoordinateCleaner QA applied without sea test (validity, equal, zeros, capitals, centroids, gbif, institutions) [2026-03-29]","standardized authors names in recordedBy / standardized authors names in identifiedBy","Gutierrez, Marisol Lozano","Gutierrez, Marisol Lozano"
"70","HGOM2025_0070","PreservedSpecimen",NA,NA,"HGOM- Herbario del Centro de Investigaciones Biologicas","SPECIES",NA,"Hernandez-Alvarez, A.G.","AGHA 86","Hernandez-Alvarez, A.G.","E","HGOM2025",1,"Pleopeltis astrolepis",20.40363889,-98.1315,"2013-08-30","change1: Filled coordinateUncertaintyInMeters from decimal-place precision (conservative). | epi_taxo: acceptedName(match1); authorship_epig(match1); genus_from_scientificName; family_WFO; order_majorGroup_WCVP [2026-03-11] | CoordinateCleaner QA applied without sea test (validity, equal, zeros, capitals, centroids, gbif, institutions) [2026-03-29]","standardized authors names in recordedBy / standardized authors names in identifiedBy","Hernandez, Adriana G. Alvarez","Hernandez, Adriana G. Alvarez"
"71","HGOM2025_0071","PreservedSpecimen",NA,NA,"HGOM- Herbario del Centro de Investigaciones Biologicas","SPECIES",NA,"Perez-Cervantes, A.","232","Zuniga-Salvatierra, J.R.","E","HGOM2025",1,"Grammitis anfractuosa",20.33408333,-98.23980556,"2008-06-24","change1: Filled coordinateUncertaintyInMeters from decimal-place precision (conservative). | epi_taxo: acceptedName(match1); authorship_epig(match1); genus_from_scientificName; family_WFO; order_majorGroup_WCVP [2026-03-11] | CoordinateCleaner QA applied without sea test (validity, equal, zeros, capitals, centroids, gbif, institutions) [2026-03-29]","standardized authors names in recordedBy / standardized authors names in identifiedBy","Perez, Arlen Cervantes","Zuñiga, Jose Ramon Salvatierra"
"72","HGOM2025_0072","PreservedSpecimen",NA,NA,"HGOM- Herbario del Centro de Investigaciones Biologicas","SPECIES",NA,"Hernandez-Alvarez, A.G.","AGHA 99","Hernandez-Alvarez, A.G.","E","HGOM2025",1,"Pleopeltis furfuracea",20.40363889,-98.1315,"2013-08-30","change1: Filled coordinateUncertaintyInMeters from decimal-place precision (conservative). | epi_taxo: acceptedName(match1); authorship_epig(match1); genus_from_scientificName; family_WFO; order_majorGroup_WCVP [2026-03-11] | CoordinateCleaner QA applied without sea test (validity, equal, zeros, capitals, centroids, gbif, institutions) [2026-03-29]","standardized authors names in recordedBy / standardized authors names in identifiedBy","Hernandez, Adriana G. Alvarez","Hernandez, Adriana G. Alvarez"
"73","HGOM2025_0073","PreservedSpecimen",NA,NA,"HGOM- Herbario del Centro de Investigaciones Biologicas","SPECIES",NA,"Sanchez-Gonzales, A.","301","Zuniga-Salvatierra, J.R.","E","HGOM2025",1,"Pleopeltis furfuracea",20.39441667,-98.20186111,"2008-12-02","change1: Filled coordinateUncertaintyInMeters from decimal-place precision (conservative). | epi_taxo: acceptedName(match1); authorship_epig(match1); genus_from_scientificName; family_WFO; order_majorGroup_WCVP [2026-03-11] | CoordinateCleaner QA applied without sea test (validity, equal, zeros, capitals, centroids, gbif, institutions) [2026-03-29]","standardized authors names in recordedBy / standardized authors names in identifiedBy","Sanchez, Arturo Gonzales","Zuñiga, Jose Ramon Salvatierra"
"74","HGOM2025_0074","PreservedSpecimen",NA,NA,"HGOM- Herbario del Centro de Investigaciones Biologicas","SPECIES",NA,"Ramirez-Cruz, S.","197","Ramirez-Cruz, S.","E","HGOM2025",1,"Pleopeltis furfuracea",21.01133333,-99.31166667,"2005-11-26","change1: Filled coordinateUncertaintyInMeters from decimal-place precision (conservative). | epi_taxo: acceptedName(match1); authorship_epig(match1); genus_from_scientificName; family_WFO; order_majorGroup_WCVP [2026-03-11] | CoordinateCleaner QA applied without sea test (validity, equal, zeros, capitals, centroids, gbif, institutions) [2026-03-29]","standardized authors names in recordedBy / standardized authors names in identifiedBy","Ramirez, Said Cruz","Ramirez, Said Cruz"
"75","HGOM2025_0075","PreservedSpecimen",NA,NA,"HGOM- Herbario del Centro de Investigaciones Biologicas","SPECIES",NA,"Sanchez-Gonzales, A.","ASG 4512","Gutierrez-Lozano, M.","E","HGOM2025",1,"Polypodium rhodopleuron",20.633425,-98.24,"2013-11-20","change1: Filled coordinateUncertaintyInMeters from decimal-place precision (conservative). | epi_taxo: acceptedName(match1); authorship_epig(match1); genus_from_scientificName; family_WFO; order_majorGroup_WCVP [2026-03-11] | CoordinateCleaner QA applied without sea test (validity, equal, zeros, capitals, centroids, gbif, institutions) [2026-03-29]","standardized authors names in recordedBy / standardized authors names in identifiedBy","Sanchez, Arturo Gonzales","Gutierrez, Marisol Lozano"
"76","HGOM2025_0076","PreservedSpecimen",NA,NA,"HGOM- Herbario del Centro de Investigaciones Biologicas","SPECIES",NA,"Perez-Cervantes, A.","215","Zuniga-Salvatierra, J.R.","E","HGOM2025",1,"Polypodium rhodopleuron",20.33408333,-98.23980556,"2008-06-24","change1: Filled coordinateUncertaintyInMeters from decimal-place precision (conservative). | epi_taxo: acceptedName(match1); authorship_epig(match1); genus_from_scientificName; family_WFO; order_majorGroup_WCVP [2026-03-11] | CoordinateCleaner QA applied without sea test (validity, equal, zeros, capitals, centroids, gbif, institutions) [2026-03-29]","standardized authors names in recordedBy / standardized authors names in identifiedBy","Perez, Arlen Cervantes","Zuñiga, Jose Ramon Salvatierra"
"77","HGOM2025_0077","PreservedSpecimen",NA,NA,"HGOM- Herbario del Centro de Investigaciones Biologicas","SPECIES",NA,"Zuniga-Salvatierra, J.R.","74","Perez-Cervantes, A.","E","HGOM2025",1,"Polypodium lepidotrichum",20.62877778,-98.58258333,"2007-04-01","change1: Filled coordinateUncertaintyInMeters from decimal-place precision (conservative). | epi_taxo: acceptedName(match1); authorship_epig(match1); genus_from_scientificName; family_WFO; order_majorGroup_WCVP [2026-03-11] | CoordinateCleaner QA applied without sea test (validity, equal, zeros, capitals, centroids, gbif, institutions) [2026-03-29]","standardized authors names in recordedBy / standardized authors names in identifiedBy","Zuñiga, Jose Ramon Salvatierra","Perez, Arlen Cervantes"
"78","HGOM2025_0078","PreservedSpecimen",NA,NA,"HGOM- Herbario del Centro de Investigaciones Biologicas","SPECIES",NA,"Gutierrez-Lozano, M.","62","Gutierrez-Lozano, M.","E","HGOM2025",1,"Polypodium lepidotrichum",20.41388889,-98.24,"2013-06-08","change1: Filled coordinateUncertaintyInMeters from decimal-place precision (conservative). | epi_taxo: acceptedName(match1); authorship_epig(match1); genus_from_scientificName; family_WFO; order_majorGroup_WCVP [2026-03-11] | CoordinateCleaner QA applied without sea test (validity, equal, zeros, capitals, centroids, gbif, institutions) [2026-03-29]","standardized authors names in recordedBy / standardized authors names in identifiedBy","Gutierrez, Marisol Lozano","Gutierrez, Marisol Lozano"
"79","HGOM2025_0079","PreservedSpecimen",NA,NA,"HGOM- Herbario del Centro de Investigaciones Biologicas","SPECIES",NA,"Ramirez-Cruz, S.","316","Ramirez-Cruz, S.","E","HGOM2025",1,"Polypodium lepidotrichum",20.96902778,-99.22108333,"2006-05-31","change1: Filled coordinateUncertaintyInMeters from decimal-place precision (conservative). | epi_taxo: acceptedName(match1); authorship_epig(match1); genus_from_scientificName; family_WFO; order_majorGroup_WCVP [2026-03-11] | CoordinateCleaner QA applied without sea test (validity, equal, zeros, capitals, centroids, gbif, institutions) [2026-03-29]","standardized authors names in recordedBy / standardized authors names in identifiedBy","Ramirez, Said Cruz","Ramirez, Said Cruz"
"80","HGOM2025_0080","PreservedSpecimen",NA,NA,"HGOM- Herbario del Centro de Investigaciones Biologicas","SPECIES",NA,"Sanchez-Gonzales, A.","296","Zuniga-Salvatierra, J.R.","E","HGOM2025",1,"Polypodium lepidotrichum",20.32277778,-98.21491667,"2008-06-15","change1: Filled coordinateUncertaintyInMeters from decimal-place precision (conservative). | epi_taxo: acceptedName(match1); authorship_epig(match1); genus_from_scientificName; family_WFO; order_majorGroup_WCVP [2026-03-11] | CoordinateCleaner QA applied without sea test (validity, equal, zeros, capitals, centroids, gbif, institutions) [2026-03-29]","standardized authors names in recordedBy / standardized authors names in identifiedBy","Sanchez, Arturo Gonzales","Zuñiga, Jose Ramon Salvatierra"
"81","HGOM2025_0081","PreservedSpecimen",NA,NA,"HGOM- Herbario del Centro de Investigaciones Biologicas","SPECIES",NA,"Perez-Cervantes, A.","84","Perez-Cervantes, A.","E","HGOM2025",1,"Polypodium lepidotrichum",21.16222222,-98.65555556,"2008-04-01","change1: Filled coordinateUncertaintyInMeters from decimal-place precision (conservative). | epi_taxo: acceptedName(match1); authorship_epig(match1); genus_from_scientificName; family_WFO; order_majorGroup_WCVP [2026-03-11] | CoordinateCleaner QA applied without sea test (validity, equal, zeros, capitals, centroids, gbif, institutions) [2026-03-29]","standardized authors names in recordedBy / standardized authors names in identifiedBy","Perez, Arlen Cervantes","Perez, Arlen Cervantes"
"82","HGOM2025_0082","PreservedSpecimen",NA,NA,"HGOM- Herbario del Centro de Investigaciones Biologicas","SPECIES",NA,"Perez-Cervantes, A.","86","Perez-Cervantes, A.","E","HGOM2025",1,"Campyloneurum crassifolium",21.16222222,-98.65555556,"2008-04-01","change1: Filled coordinateUncertaintyInMeters from decimal-place precision (conservative). | epi_taxo: acceptedName(match1); authorship_epig(match1); genus_from_scientificName; family_WFO; order_majorGroup_WCVP [2026-03-11] | CoordinateCleaner QA applied without sea test (validity, equal, zeros, capitals, centroids, gbif, institutions) [2026-03-29]","standardized authors names in recordedBy / standardized authors names in identifiedBy","Perez, Arlen Cervantes","Perez, Arlen Cervantes"
"83","HGOM2025_0083","PreservedSpecimen",NA,NA,"HGOM- Herbario del Centro de Investigaciones Biologicas","SPECIES",NA,"Hernandez-Alvarez, A.G.","62","Hernandez-Alvarez, A.G.","E","HGOM2025",3,"Elaphoglossum ciliatum",20.98005556,-98.51641667,"2013-07-05","change1: Filled coordinateUncertaintyInMeters from decimal-place precision (conservative). | epi_taxo: acceptedName(match1); authorship_epig(match1); genus_from_scientificName; family_WFO; order_majorGroup_WCVP [2026-03-11] | CoordinateCleaner QA applied without sea test (validity, equal, zeros, capitals, centroids, gbif, institutions) [2026-03-29]","standardized authors names in recordedBy / standardized authors names in identifiedBy","Hernandez, Adriana G. Alvarez","Hernandez, Adriana G. Alvarez"
"84","HGOM2025_0084","PreservedSpecimen",NA,NA,"HGOM- Herbario del Centro de Investigaciones Biologicas","SPECIES",NA,"Sanchez-Gonzales, A.","27","Sanchez-Gonzales, A.","E","HGOM2025",1,"Adiantum andicola",20.32716944,-98.24919444,"2013-04-12","change1: Filled coordinateUncertaintyInMeters from decimal-place precision (conservative). | epi_taxo: acceptedName(match1); authorship_epig(match1); genus_from_scientificName; family_WFO; order_majorGroup_WCVP [2026-03-11] | CoordinateCleaner QA applied without sea test (validity, equal, zeros, capitals, centroids, gbif, institutions) [2026-03-29]","standardized authors names in recordedBy / standardized authors names in identifiedBy","Sanchez, Arturo Gonzales","Sanchez, Arturo Gonzales"
"85","HGOM2025_0085","PreservedSpecimen",NA,NA,"HGOM- Herbario del Centro de Investigaciones Biologicas","SPECIES",NA,"Zuniga-Salvatierra, J.R.","102","Perez-Cervantes, A.","E","HGOM2025",1,"Phlebodium areolatum",21.06611111,-98.68305556,"2008-04-02","change1: Filled coordinateUncertaintyInMeters from decimal-place precision (conservative). | epi_taxo: acceptedName(match1); authorship_epig(match1); genus_from_scientificName; family_WFO; order_majorGroup_WCVP [2026-03-11] | CoordinateCleaner QA applied without sea test (validity, equal, zeros, capitals, centroids, gbif, institutions) [2026-03-29]","standardized authors names in recordedBy / standardized authors names in identifiedBy","Zuñiga, Jose Ramon Salvatierra","Perez, Arlen Cervantes"
"86","HGOM2025_0086","PreservedSpecimen",NA,NA,"HGOM- Herbario del Centro de Investigaciones Biologicas","SPECIES",NA,"Sanchez-Gonzales, A.","136","Zuniga-Salvatierra, J.R.","E","HGOM2025",1,"Phlebodium areolatum",20.3315,-98.23127778,"2007-11-16","change1: Filled coordinateUncertaintyInMeters from decimal-place precision (conservative). | epi_taxo: acceptedName(match1); authorship_epig(match1); genus_from_scientificName; family_WFO; order_majorGroup_WCVP [2026-03-11] | CoordinateCleaner QA applied without sea test (validity, equal, zeros, capitals, centroids, gbif, institutions) [2026-03-29]","standardized authors names in recordedBy / standardized authors names in identifiedBy","Sanchez, Arturo Gonzales","Zuñiga, Jose Ramon Salvatierra"
"87","HGOM2025_0087","PreservedSpecimen",NA,NA,"HGOM- Herbario del Centro de Investigaciones Biologicas","SPECIES",NA,"Ramirez-Cruz, S.","","Ramirez-Cruz, S.","E","HGOM2025",1,"Polypodium thyssanolepis",20.94416667,-99.21080556,"2006-05-31","change1: Filled coordinateUncertaintyInMeters from decimal-place precision (conservative). | epi_taxo: acceptedName(match1); authorship_epig(match1); genus_from_scientificName; family_WFO; order_majorGroup_WCVP [2026-03-11] | CoordinateCleaner QA applied without sea test (validity, equal, zeros, capitals, centroids, gbif, institutions) [2026-03-29]","standardized authors names in recordedBy / standardized authors names in identifiedBy","Ramirez, Said Cruz","Ramirez, Said Cruz"
"88","HGOM2025_0088","PreservedSpecimen",NA,NA,"HGOM- Herbario del Centro de Investigaciones Biologicas","SPECIES",NA,"Ramirez-Cruz, S.","251","Ramirez-Cruz, S.","E","HGOM2025",1,"Polypodium thyssanolepis",21.29586111,-99.21855556,"2006-05-31","change1: Filled coordinateUncertaintyInMeters from decimal-place precision (conservative). | epi_taxo: acceptedName(match1); authorship_epig(match1); genus_from_scientificName; family_WFO; order_majorGroup_WCVP [2026-03-11] | CoordinateCleaner QA applied without sea test (validity, equal, zeros, capitals, centroids, gbif, institutions) [2026-03-29]","standardized authors names in recordedBy / standardized authors names in identifiedBy","Ramirez, Said Cruz","Ramirez, Said Cruz"
"89","HGOM2025_0089","PreservedSpecimen",NA,NA,"HGOM- Herbario del Centro de Investigaciones Biologicas","SPECIES",NA,"Ramirez-Cruz, S.","248","Ramirez-Cruz, S.","E","HGOM2025",1,"Polypodium thyssanolepis",20.88319444,-99.25686111,"2006-07-20","change1: Filled coordinateUncertaintyInMeters from decimal-place precision (conservative). | epi_taxo: acceptedName(match1); authorship_epig(match1); genus_from_scientificName; family_WFO; order_majorGroup_WCVP [2026-03-11] | CoordinateCleaner QA applied without sea test (validity, equal, zeros, capitals, centroids, gbif, institutions) [2026-03-29]","standardized authors names in recordedBy / standardized authors names in identifiedBy","Ramirez, Said Cruz","Ramirez, Said Cruz"
"90","HGOM2025_0090","PreservedSpecimen",NA,NA,"HGOM- Herbario del Centro de Investigaciones Biologicas","SPECIES",NA,"Ramirez-Cruz, S.","212","Tejero-Diez, D.","E","HGOM2025",1,"Polypodium martensii",20.89522222,-99.20936111,"2005-12-01","change1: Filled coordinateUncertaintyInMeters from decimal-place precision (conservative). | epi_taxo: acceptedName(match1); authorship_epig(match1); genus_from_scientificName; family_WFO; order_majorGroup_WCVP [2026-03-11] | CoordinateCleaner QA applied without sea test (validity, equal, zeros, capitals, centroids, gbif, institutions) [2026-03-29]","standardized authors names in recordedBy / standardized authors names in identifiedBy","Ramirez, Said Cruz","Tejero, Daniel Díez"
"91","HGOM2025_0091","PreservedSpecimen",NA,NA,"HGOM- Herbario del Centro de Investigaciones Biologicas","SPECIES",NA,"Zuniga-Salvatierra, J.R.","61","Zuniga-Salvatierra, J.R.","E","HGOM2025",1,"Polypodium martensii",20.30961111,-98.26627778,"2007-03-31","change1: Filled coordinateUncertaintyInMeters from decimal-place precision (conservative). | epi_taxo: acceptedName(match1); authorship_epig(match1); genus_from_scientificName; family_WFO; order_majorGroup_WCVP [2026-03-11] | CoordinateCleaner QA applied without sea test (validity, equal, zeros, capitals, centroids, gbif, institutions) [2026-03-29]","standardized authors names in recordedBy / standardized authors names in identifiedBy","Zuñiga, Jose Ramon Salvatierra","Zuñiga, Jose Ramon Salvatierra"
"92","HGOM2025_0092","PreservedSpecimen",NA,NA,"HGOM- Herbario del Centro de Investigaciones Biologicas","SPECIES",NA,"Sanchez-Gonzales, A.","ASG 4225","Perez-Atilano, Y.","E","HGOM2025",1,"Polypodium martensii",20.66194444,-99.24638889,"2012-01-05","change1: Filled coordinateUncertaintyInMeters from decimal-place precision (conservative). | epi_taxo: acceptedName(match1); authorship_epig(match1); genus_from_scientificName; family_WFO; order_majorGroup_WCVP [2026-03-11] | CoordinateCleaner QA applied without sea test (validity, equal, zeros, capitals, centroids, gbif, institutions) [2026-03-29]","standardized authors names in recordedBy / standardized authors names in identifiedBy","Sanchez, Arturo Gonzales","Perez, Yarely Atilano"
"93","HGOM2025_0093","PreservedSpecimen",NA,NA,"HGOM- Herbario del Centro de Investigaciones Biologicas","SPECIES",NA,"Perez-Atilano, Y.","YPA 12","Perez-Atilano, Y.","E","HGOM2025",1,"Polypodium martensii",20.71827778,-99.12586111,"2010-10-23","change1: Filled coordinateUncertaintyInMeters from decimal-place precision (conservative). | epi_taxo: acceptedName(match1); authorship_epig(match1); genus_from_scientificName; family_WFO; order_majorGroup_WCVP [2026-03-11] | CoordinateCleaner QA applied without sea test (validity, equal, zeros, capitals, centroids, gbif, institutions) [2026-03-29]","standardized authors names in recordedBy / standardized authors names in identifiedBy","Perez, Yarely Atilano","Perez, Yarely Atilano"
"94","HGOM2025_0094","PreservedSpecimen",NA,NA,"HGOM- Herbario del Centro de Investigaciones Biologicas","SPECIES",NA,"Ramirez-Cruz, S.","212","Tejero-Diez, D.","E","HGOM2025",1,"Polypodium martensii",20.89522222,-99.20936111,"2005-12-01","change1: Filled coordinateUncertaintyInMeters from decimal-place precision (conservative). | epi_taxo: acceptedName(match1); authorship_epig(match1); genus_from_scientificName; family_WFO; order_majorGroup_WCVP [2026-03-11] | CoordinateCleaner QA applied without sea test (validity, equal, zeros, capitals, centroids, gbif, institutions) [2026-03-29]","standardized authors names in recordedBy / standardized authors names in identifiedBy","Ramirez, Said Cruz","Tejero, Daniel Díez"
"95","HGOM2025_0095","PreservedSpecimen",NA,NA,"HGOM- Herbario del Centro de Investigaciones Biologicas","SPECIES",NA,"Ramirez-Cruz, S.","216","Tejero-Diez, D.","E","HGOM2025",1,"Polypodium martensii",20.88002778,-99.1995,"2006-05-30","change1: Filled coordinateUncertaintyInMeters from decimal-place precision (conservative). | epi_taxo: acceptedName(match1); authorship_epig(match1); genus_from_scientificName; family_WFO; order_majorGroup_WCVP [2026-03-11] | CoordinateCleaner QA applied without sea test (validity, equal, zeros, capitals, centroids, gbif, institutions) [2026-03-29]","standardized authors names in recordedBy / standardized authors names in identifiedBy","Ramirez, Said Cruz","Tejero, Daniel Díez"
"96","HGOM2025_0096","PreservedSpecimen",NA,NA,"HGOM- Herbario del Centro de Investigaciones Biologicas","SPECIES",NA,"Sanchez-Gonzales, A.","327","Perez-Cervantes, A.","E","HGOM2025",1,"Pecluma longepinnulata",20.92027778,-98.63,"2008-10-10","change1: Filled coordinateUncertaintyInMeters from decimal-place precision (conservative). | epi_taxo: acceptedName(match1); authorship_epig(match1); genus_from_scientificName; family_WFO; order_majorGroup_WCVP [2026-03-11] | CoordinateCleaner QA applied without sea test (validity, equal, zeros, capitals, centroids, gbif, institutions) [2026-03-29]","standardized authors names in recordedBy / standardized authors names in identifiedBy","Sanchez, Arturo Gonzales","Perez, Arlen Cervantes"
"97","HGOM2025_0097","PreservedSpecimen",NA,NA,"HGOM- Herbario del Centro de Investigaciones Biologicas","SPECIES",NA,"Gutierrez-Lozano, M.","MGL 110","Gutierrez-Lozano, M.","E","HGOM2025",1,"Pecluma longepinnulata",20.633425,-98.24,"2013-09-28","change1: Filled coordinateUncertaintyInMeters from decimal-place precision (conservative). | epi_taxo: acceptedName(match1); authorship_epig(match1); genus_from_scientificName; family_WFO; order_majorGroup_WCVP [2026-03-11] | CoordinateCleaner QA applied without sea test (validity, equal, zeros, capitals, centroids, gbif, institutions) [2026-03-29]","standardized authors names in recordedBy / standardized authors names in identifiedBy","Gutierrez, Marisol Lozano","Gutierrez, Marisol Lozano"
"98","HGOM2025_0098","PreservedSpecimen",NA,NA,"HGOM- Herbario del Centro de Investigaciones Biologicas","SPECIES",NA,"Sanchez-Gonzales, A.","210","Zuniga-Salvatierra, J.R.","E","HGOM2025",1,"Pecluma longepinnulata",20.33408333,-98.23980556,"2008-06-14","change1: Filled coordinateUncertaintyInMeters from decimal-place precision (conservative). | epi_taxo: acceptedName(match1); authorship_epig(match1); genus_from_scientificName; family_WFO; order_majorGroup_WCVP [2026-03-11] | CoordinateCleaner QA applied without sea test (validity, equal, zeros, capitals, centroids, gbif, institutions) [2026-03-29]","standardized authors names in recordedBy / standardized authors names in identifiedBy","Sanchez, Arturo Gonzales","Zuñiga, Jose Ramon Salvatierra"
"99","HGOM2025_0099","PreservedSpecimen",NA,NA,"HGOM- Herbario del Centro de Investigaciones Biologicas","SPECIES",NA,"Perez-Cervantes, A.","52","Zuniga-Salvatierra, J.R.","E","HGOM2025",1,"Pecluma longepinnulata",20.39133333,-98.21013889,"2008-04-19","change1: Filled coordinateUncertaintyInMeters from decimal-place precision (conservative). | epi_taxo: acceptedName(match1); authorship_epig(match1); genus_from_scientificName; family_WFO; order_majorGroup_WCVP [2026-03-11] | CoordinateCleaner QA applied without sea test (validity, equal, zeros, capitals, centroids, gbif, institutions) [2026-03-29]","standardized authors names in recordedBy / standardized authors names in identifiedBy","Perez, Arlen Cervantes","Zuñiga, Jose Ramon Salvatierra"
"100","HGOM2025_0100","PreservedSpecimen",NA,NA,"HGOM- Herbario del Centro de Investigaciones Biologicas","SPECIES",NA,"Sanchez-Gonzales, A.","ASG 4458","Sanchez-Gonzales, A.","E","HGOM2025",1,"Polypodium plesiosorum",20.41388889,-98.24,"2011-11-12","change1: Filled coordinateUncertaintyInMeters from decimal-place precision (conservative). | epi_taxo: acceptedName(match1); authorship_epig(match1); genus_from_scientificName; family_WFO; order_majorGroup_WCVP [2026-03-11] | CoordinateCleaner QA applied without sea test (validity, equal, zeros, capitals, centroids, gbif, institutions) [2026-03-29]","standardized authors names in recordedBy / standardized authors names in identifiedBy","Sanchez, Arturo Gonzales","Sanchez, Arturo Gonzales"
"101","HGOM2025_0101","PreservedSpecimen",NA,NA,"HGOM- Herbario del Centro de Investigaciones Biologicas","SPECIES",NA,"","RGLV 6","Hernandez-Alvarez, A.G.","E","HGOM2025",1,"Polypodium plesiosorum",21.12708333,-99.141,"2014-01-24","change1: Filled coordinateUncertaintyInMeters from decimal-place precision (conservative). | epi_taxo: acceptedName(match1); authorship_epig(match1); genus_from_scientificName; family_WFO; order_majorGroup_WCVP [2026-03-11] | CoordinateCleaner QA applied without sea test (validity, equal, zeros, capitals, centroids, gbif, institutions) [2026-03-29]","standardized authors names in identifiedBy","","Hernandez, Adriana G. Alvarez"
"102","HGOM2025_0102","PreservedSpecimen",NA,NA,"HGOM- Herbario del Centro de Investigaciones Biologicas","SPECIES",NA,"Ramirez-Cruz, S.","221","Tejero-Diez, D.","E","HGOM2025",1,"Polypodium plesiosorum",20.88319444,-99.25686111,"2006-07-20","change1: Filled coordinateUncertaintyInMeters from decimal-place precision (conservative). | epi_taxo: acceptedName(match1); authorship_epig(match1); genus_from_scientificName; family_WFO; order_majorGroup_WCVP [2026-03-11] | CoordinateCleaner QA applied without sea test (validity, equal, zeros, capitals, centroids, gbif, institutions) [2026-03-29]","standardized authors names in recordedBy / standardized authors names in identifiedBy","Ramirez, Said Cruz","Tejero, Daniel Díez"
"103","HGOM2025_0103","PreservedSpecimen",NA,NA,"HGOM- Herbario del Centro de Investigaciones Biologicas","SPECIES",NA,"Ramirez-Cruz, S.","218","Tejero-Diez, D.","E","HGOM2025",1,"Polypodium plesiosorum",20.79744444,-99.17816667,"2005-12-28","change1: Filled coordinateUncertaintyInMeters from decimal-place precision (conservative). | epi_taxo: acceptedName(match1); authorship_epig(match1); genus_from_scientificName; family_WFO; order_majorGroup_WCVP [2026-03-11] | CoordinateCleaner QA applied without sea test (validity, equal, zeros, capitals, centroids, gbif, institutions) [2026-03-29]","standardized authors names in recordedBy / standardized authors names in identifiedBy","Ramirez, Said Cruz","Tejero, Daniel Díez"
"104","HGOM2025_0104","PreservedSpecimen",NA,NA,"HGOM- Herbario del Centro de Investigaciones Biologicas","SPECIES",NA,"Sanchez-Gonzales, A.","132","Zuniga-Salvatierra, J.R.","E","HGOM2025",1,"Polypodium plesiosorum",20.33175,-98.23127778,"2007-11-16","change1: Filled coordinateUncertaintyInMeters from decimal-place precision (conservative). | epi_taxo: acceptedName(match1); authorship_epig(match1); genus_from_scientificName; family_WFO; order_majorGroup_WCVP [2026-03-11] | CoordinateCleaner QA applied without sea test (validity, equal, zeros, capitals, centroids, gbif, institutions) [2026-03-29]","standardized authors names in recordedBy / standardized authors names in identifiedBy","Sanchez, Arturo Gonzales","Zuñiga, Jose Ramon Salvatierra"
"105","HGOM2025_0105","PreservedSpecimen",NA,NA,"HGOM- Herbario del Centro de Investigaciones Biologicas","SPECIES",NA,"Ramirez-Cruz, S.","189","Tejero-Diez, D.","E","HGOM2025",1,"Pleopeltis remota",20.79861111,-99.17702778,"2005-05-29","change1: Filled coordinateUncertaintyInMeters from decimal-place precision (conservative). | epi_taxo: acceptedName(match1); authorship_epig(match1); genus_from_scientificName; family_WFO; order_majorGroup_WCVP [2026-03-11] | CoordinateCleaner QA applied without sea test (validity, equal, zeros, capitals, centroids, gbif, institutions) [2026-03-29]","standardized authors names in recordedBy / standardized authors names in identifiedBy","Ramirez, Said Cruz","Tejero, Daniel Díez"
"106","HGOM2025_0106","PreservedSpecimen",NA,NA,"HGOM- Herbario del Centro de Investigaciones Biologicas","SPECIES",NA,"Ramirez-Cruz, S.","199","Tejero-Diez, D.","E","HGOM2025",1,"Pleopeltis remota",20.91086111,-99.328,"2006-03-18","change1: Filled coordinateUncertaintyInMeters from decimal-place precision (conservative). | epi_taxo: acceptedName(match1); authorship_epig(match1); genus_from_scientificName; family_WFO; order_majorGroup_WCVP [2026-03-11] | CoordinateCleaner QA applied without sea test (validity, equal, zeros, capitals, centroids, gbif, institutions) [2026-03-29]","standardized authors names in recordedBy / standardized authors names in identifiedBy","Ramirez, Said Cruz","Tejero, Daniel Díez"
"107","HGOM2025_0107","PreservedSpecimen",NA,NA,"HGOM- Herbario del Centro de Investigaciones Biologicas","SPECIES",NA,"Ramirez-Cruz, S.","200","Tejero-Diez, D.","E","HGOM2025",1,"Pleopeltis remota",20.89283333,-99.23958333,"2006-05-31","change1: Filled coordinateUncertaintyInMeters from decimal-place precision (conservative). | epi_taxo: acceptedName(match1); authorship_epig(match1); genus_from_scientificName; family_WFO; order_majorGroup_WCVP [2026-03-11] | CoordinateCleaner QA applied without sea test (validity, equal, zeros, capitals, centroids, gbif, institutions) [2026-03-29]","standardized authors names in recordedBy / standardized authors names in identifiedBy","Ramirez, Said Cruz","Tejero, Daniel Díez"
"108","HGOM2025_0108","PreservedSpecimen",NA,NA,"HGOM- Herbario del Centro de Investigaciones Biologicas","SPECIES",NA,"Sanchez-Gonzales, A.","281","Zuniga-Salvatierra, J.R.","E","HGOM2025",1,"Pleopeltis remota",20.32277778,-98.21491667,"2008-06-25","change1: Filled coordinateUncertaintyInMeters from decimal-place precision (conservative). | epi_taxo: acceptedName(match1); authorship_epig(match1); genus_from_scientificName; family_WFO; order_majorGroup_WCVP [2026-03-11] | CoordinateCleaner QA applied without sea test (validity, equal, zeros, capitals, centroids, gbif, institutions) [2026-03-29]","standardized authors names in recordedBy / standardized authors names in identifiedBy","Sanchez, Arturo Gonzales","Zuñiga, Jose Ramon Salvatierra"
"109","HGOM2025_0109","PreservedSpecimen",NA,NA,"HGOM- Herbario del Centro de Investigaciones Biologicas","SPECIES",NA,"Zuniga-Salvatierra, J.R.","281","Zuniga-Salvatierra, J.R.","E","HGOM2025",1,"Pleopeltis remota",20.32277778,-98.21491667,"2008-06-25","change1: Filled coordinateUncertaintyInMeters from decimal-place precision (conservative). | epi_taxo: acceptedName(match1); authorship_epig(match1); genus_from_scientificName; family_WFO; order_majorGroup_WCVP [2026-03-11] | CoordinateCleaner QA applied without sea test (validity, equal, zeros, capitals, centroids, gbif, institutions) [2026-03-29]","standardized authors names in recordedBy / standardized authors names in identifiedBy","Zuñiga, Jose Ramon Salvatierra","Zuñiga, Jose Ramon Salvatierra"
"110","HGOM2025_0110","PreservedSpecimen",NA,NA,"HGOM- Herbario del Centro de Investigaciones Biologicas","SPECIES",NA,"Perez-Cervantes, A.","67","Perez-Cervantes, A.","E","HGOM2025",1,"Pleopeltis remota",20.62877778,-98.58258333,"2007-04-01","change1: Filled coordinateUncertaintyInMeters from decimal-place precision (conservative). | epi_taxo: acceptedName(match1); authorship_epig(match1); genus_from_scientificName; family_WFO; order_majorGroup_WCVP [2026-03-11] | CoordinateCleaner QA applied without sea test (validity, equal, zeros, capitals, centroids, gbif, institutions) [2026-03-29]","standardized authors names in recordedBy / standardized authors names in identifiedBy","Perez, Arlen Cervantes","Perez, Arlen Cervantes"
"111","HGOM2025_0111","PreservedSpecimen",NA,NA,"HGOM- Herbario del Centro de Investigaciones Biologicas","SPECIES",NA,"Ramirez-Cruz, S.","201","Tejero-Diez, D.","E","HGOM2025",1,"Pleopeltis remota",20.80072222,-99.19186111,"2005-10-30","change1: Filled coordinateUncertaintyInMeters from decimal-place precision (conservative). | epi_taxo: acceptedName(match1); authorship_epig(match1); genus_from_scientificName; family_WFO; order_majorGroup_WCVP [2026-03-11] | CoordinateCleaner QA applied without sea test (validity, equal, zeros, capitals, centroids, gbif, institutions) [2026-03-29]","standardized authors names in recordedBy / standardized authors names in identifiedBy","Ramirez, Said Cruz","Tejero, Daniel Díez"
"112","HGOM2025_0113","PreservedSpecimen",NA,NA,"HGOM- Herbario del Centro de Investigaciones Biologicas","SPECIES",NA,"Perez-Atilano, Y.","YPA 11","Perez-Atilano, Y.","E","HGOM2025",1,"Pleopeltis remota",20.71827778,-99.12586111,"2010-10-23","change1: Filled coordinateUncertaintyInMeters from decimal-place precision (conservative). | epi_taxo: acceptedName(match1); authorship_epig(match1); genus_from_scientificName; family_WFO; order_majorGroup_WCVP [2026-03-11] | CoordinateCleaner QA applied without sea test (validity, equal, zeros, capitals, centroids, gbif, institutions) [2026-03-29]","standardized authors names in recordedBy / standardized authors names in identifiedBy","Perez, Yarely Atilano","Perez, Yarely Atilano"
"113","HGOM2025_0114","PreservedSpecimen",NA,NA,"HGOM- Herbario del Centro de Investigaciones Biologicas","SPECIES",NA,"Ramirez-Cruz, S.","187","Tejero-Diez, D.","E","HGOM2025",1,"Pleopeltis remota",20.79666667,-99.20186111,"2005-11-25","change1: Filled coordinateUncertaintyInMeters from decimal-place precision (conservative). | epi_taxo: acceptedName(match1); authorship_epig(match1); genus_from_scientificName; family_WFO; order_majorGroup_WCVP [2026-03-11] | CoordinateCleaner QA applied without sea test (validity, equal, zeros, capitals, centroids, gbif, institutions) [2026-03-29]","standardized authors names in recordedBy / standardized authors names in identifiedBy","Ramirez, Said Cruz","Tejero, Daniel Díez"
"114","HGOM2025_0115","PreservedSpecimen",NA,NA,"HGOM- Herbario del Centro de Investigaciones Biologicas","SPECIES",NA,"Ramirez-Cruz, S.","186","Tejero-Diez, D.","E","HGOM2025",1,"Pleopeltis remota",20.89005556,-99.23958333,"2006-05-31","change1: Filled coordinateUncertaintyInMeters from decimal-place precision (conservative). | epi_taxo: acceptedName(match1); authorship_epig(match1); genus_from_scientificName; family_WFO; order_majorGroup_WCVP [2026-03-11] | CoordinateCleaner QA applied without sea test (validity, equal, zeros, capitals, centroids, gbif, institutions) [2026-03-29]","standardized authors names in recordedBy / standardized authors names in identifiedBy","Ramirez, Said Cruz","Tejero, Daniel Díez"
"115","HGOM2025_0116","PreservedSpecimen",NA,NA,"HGOM- Herbario del Centro de Investigaciones Biologicas","SPECIES",NA,"Gutierrez-Lozano, M.","MGL 96","Sanchez-Gonzales, A.","E","HGOM2025",1,"Pecluma sursumcurrens",20.32716944,-98.24919444,"2013-08-23","change1: Filled coordinateUncertaintyInMeters from decimal-place precision (conservative). | epi_taxo: acceptedName(match1); authorship_epig(match1); genus_from_scientificName; family_WFO; order_majorGroup_WCVP [2026-03-11] | CoordinateCleaner QA applied without sea test (validity, equal, zeros, capitals, centroids, gbif, institutions) [2026-03-29]","standardized authors names in recordedBy / standardized authors names in identifiedBy","Gutierrez, Marisol Lozano","Sanchez, Arturo Gonzales"
"116","HGOM2025_0117","PreservedSpecimen",NA,NA,"HGOM- Herbario del Centro de Investigaciones Biologicas","SPECIES",NA,"Perez-Cervantes, A.","56","Perez-Cervantes, A.","E","HGOM2025",1,"Pecluma sursumcurrens",20.34633333,-98.36416667,"2008-04-01","change1: Filled coordinateUncertaintyInMeters from decimal-place precision (conservative). | epi_taxo: acceptedName(match1); authorship_epig(match1); genus_from_scientificName; family_WFO; order_majorGroup_WCVP [2026-03-11] | CoordinateCleaner QA applied without sea test (validity, equal, zeros, capitals, centroids, gbif, institutions) [2026-03-29]","standardized authors names in recordedBy / standardized authors names in identifiedBy","Perez, Arlen Cervantes","Perez, Arlen Cervantes"
"117","HGOM2025_0118","PreservedSpecimen",NA,NA,"HGOM- Herbario del Centro de Investigaciones Biologicas","SPECIES",NA,"Ramirez-Cruz, S.","194","Ramirez-Cruz, S.","E","HGOM2025",1,"Polypodium puberulum",20.95544444,-99.33688889,"2006-01-28","change1: Filled coordinateUncertaintyInMeters from decimal-place precision (conservative). | epi_taxo: acceptedName(match1); authorship_epig(match1); genus_from_scientificName; family_WFO; order_majorGroup_WCVP [2026-03-11] | CoordinateCleaner QA applied without sea test (validity, equal, zeros, capitals, centroids, gbif, institutions) [2026-03-29]","standardized authors names in recordedBy / standardized authors names in identifiedBy","Ramirez, Said Cruz","Ramirez, Said Cruz"
"118","HGOM2025_0119","PreservedSpecimen",NA,NA,"HGOM- Herbario del Centro de Investigaciones Biologicas","SPECIES",NA,"Sanchez-Gonzales, A.","ASG 4464","Sanchez-Gonzales, A.","E","HGOM2025",1,"Polypodium puberulum",20.41388889,-98.24,"2011-11-12","change1: Filled coordinateUncertaintyInMeters from decimal-place precision (conservative). | epi_taxo: acceptedName(match1); authorship_epig(match1); genus_from_scientificName; family_WFO; order_majorGroup_WCVP [2026-03-11] | CoordinateCleaner QA applied without sea test (validity, equal, zeros, capitals, centroids, gbif, institutions) [2026-03-29]","standardized authors names in recordedBy / standardized authors names in identifiedBy","Sanchez, Arturo Gonzales","Sanchez, Arturo Gonzales"
"119","HGOM2025_0120","PreservedSpecimen",NA,NA,"HGOM- Herbario del Centro de Investigaciones Biologicas","SPECIES",NA,"Ramirez-Cruz, S.","194","Ramirez-Cruz, S.","E","HGOM2025",1,"Polypodium puberulum",20.95544444,-99.33688889,"2006-01-28","change1: Filled coordinateUncertaintyInMeters from decimal-place precision (conservative). | epi_taxo: acceptedName(match1); authorship_epig(match1); genus_from_scientificName; family_WFO; order_majorGroup_WCVP [2026-03-11] | CoordinateCleaner QA applied without sea test (validity, equal, zeros, capitals, centroids, gbif, institutions) [2026-03-29]","standardized authors names in recordedBy / standardized authors names in identifiedBy","Ramirez, Said Cruz","Ramirez, Said Cruz"
"120","HGOM2025_0121","PreservedSpecimen",NA,NA,"HGOM- Herbario del Centro de Investigaciones Biologicas","SPECIES",NA,"Hernandez-Alvarez, A.G.","AGHA 112","Hernandez-Alvarez, A.G.","E","HGOM2025",1,"Pleopeltis plebeia",20.36566667,-98.41383333,"2014-05-02","change1: Filled coordinateUncertaintyInMeters from decimal-place precision (conservative). | epi_taxo: acceptedName(match1); authorship_epig(match1); genus_from_scientificName; family_WFO; order_majorGroup_WCVP [2026-03-11] | CoordinateCleaner QA applied without sea test (validity, equal, zeros, capitals, centroids, gbif, institutions) [2026-03-29]","standardized authors names in recordedBy / standardized authors names in identifiedBy","Hernandez, Adriana G. Alvarez","Hernandez, Adriana G. Alvarez"
"121","HGOM2025_0122","PreservedSpecimen",NA,NA,"HGOM- Herbario del Centro de Investigaciones Biologicas","FORM",NA,"Sanchez-Gonzales, A.","51","Perez-Cervantes, A.","E","HGOM2025",0,"",20.28144444,-98.27208333,"2007-03-31","change1: Corrected taxonRank (SPECIES→FORM); kept scientificName as-is. | change2: Filled coordinateUncertaintyInMeters from decimal-place precision (conservative). | epi_taxo: acceptedName(match1); authorship_epig(match1); genus_from_scientificName; family_WFO; order_majorGroup_WCVP [2026-03-11] | CoordinateCleaner QA applied without sea test (validity, equal, zeros, capitals, centroids, gbif, institutions) [2026-03-29]","standardized authors names in recordedBy / standardized authors names in identifiedBy","Sanchez, Arturo Gonzales","Perez, Arlen Cervantes"
"122","HGOM2025_0123","PreservedSpecimen",NA,NA,"HGOM- Herbario del Centro de Investigaciones Biologicas","VARIETAS",NA,"Perez-Atilano, Y.","YPA 143","Sanchez-Gonzales, A.","E","HGOM2025",1,"Pleopeltis polylepis",20.67047222,-99.23375,"2012-02-17","change1: Filled coordinateUncertaintyInMeters from decimal-place precision (conservative). | epi_taxo: acceptedName(match1); authorship_epig(match1); genus_from_scientificName; family_WFO; order_majorGroup_WCVP [2026-03-11] | CoordinateCleaner QA applied without sea test (validity, equal, zeros, capitals, centroids, gbif, institutions) [2026-03-29]","standardized authors names in recordedBy / standardized authors names in identifiedBy","Perez, Yarely Atilano","Sanchez, Arturo Gonzales"
"123","HGOM2025_0124","PreservedSpecimen",NA,NA,"HGOM- Herbario del Centro de Investigaciones Biologicas","VARIETAS",NA,"Ramirez-Cruz, S.","264","Sanchez-Gonzales, A.","E","HGOM2025",1,"Pleopeltis polylepis",20.91086111,-99.328,"2006-03-18","change1: Filled coordinateUncertaintyInMeters from decimal-place precision (conservative). | epi_taxo: acceptedName(match1); authorship_epig(match1); genus_from_scientificName; family_WFO; order_majorGroup_WCVP [2026-03-11] | CoordinateCleaner QA applied without sea test (validity, equal, zeros, capitals, centroids, gbif, institutions) [2026-03-29]","standardized authors names in recordedBy / standardized authors names in identifiedBy","Ramirez, Said Cruz","Sanchez, Arturo Gonzales"
"124","HGOM2025_0125","PreservedSpecimen",NA,NA,"HGOM- Herbario del Centro de Investigaciones Biologicas","SPECIES",NA,"Ramirez-Cruz, S.","293","Tejero-Diez, D.","E","HGOM2025",1,"Phlebodium areolatum",21.01133333,-99.31166667,"2005-11-26","change1: Filled coordinateUncertaintyInMeters from decimal-place precision (conservative). | epi_taxo: acceptedName(match1); authorship_epig(match1); genus_from_scientificName; family_WFO; order_majorGroup_WCVP [2026-03-11] | CoordinateCleaner QA applied without sea test (validity, equal, zeros, capitals, centroids, gbif, institutions) [2026-03-29]","standardized authors names in recordedBy / standardized authors names in identifiedBy","Ramirez, Said Cruz","Tejero, Daniel Díez"
"125","HGOM2025_0126","PreservedSpecimen",NA,NA,"HGOM- Herbario del Centro de Investigaciones Biologicas","SPECIES",NA,"Ramirez-Cruz, S.","297","Tejero-Diez, D.","E","HGOM2025",1,"Phlebodium areolatum",20.88661111,-99.20308333,"2005-11-12","change1: Filled coordinateUncertaintyInMeters from decimal-place precision (conservative). | epi_taxo: acceptedName(match1); authorship_epig(match1); genus_from_scientificName; family_WFO; order_majorGroup_WCVP [2026-03-11] | CoordinateCleaner QA applied without sea test (validity, equal, zeros, capitals, centroids, gbif, institutions) [2026-03-29]","standardized authors names in recordedBy / standardized authors names in identifiedBy","Ramirez, Said Cruz","Tejero, Daniel Díez"
"126","HGOM2025_0127","PreservedSpecimen",NA,NA,"HGOM- Herbario del Centro de Investigaciones Biologicas","SPECIES",NA,"Ramirez-Cruz, S.","292","Tejero-Diez, D.","E","HGOM2025",1,"Phlebodium areolatum",20.88319444,-99.25686111,"2006-07-20","change1: Filled coordinateUncertaintyInMeters from decimal-place precision (conservative). | epi_taxo: acceptedName(match1); authorship_epig(match1); genus_from_scientificName; family_WFO; order_majorGroup_WCVP [2026-03-11] | CoordinateCleaner QA applied without sea test (validity, equal, zeros, capitals, centroids, gbif, institutions) [2026-03-29]","standardized authors names in recordedBy / standardized authors names in identifiedBy","Ramirez, Said Cruz","Tejero, Daniel Díez"
"127","HGOM2025_0128","PreservedSpecimen",NA,NA,"HGOM- Herbario del Centro de Investigaciones Biologicas","SPECIES",NA,"Gutierrez-Lozano, M.","MGL 82","Sanchez-Gonzales, A.","E","HGOM2025",1,"Phlebodium areolatum",20.633425,-98.59772222,"2013-07-08","change1: Filled coordinateUncertaintyInMeters from decimal-place precision (conservative). | epi_taxo: acceptedName(match1); authorship_epig(match1); genus_from_scientificName; family_WFO; order_majorGroup_WCVP [2026-03-11] | CoordinateCleaner QA applied without sea test (validity, equal, zeros, capitals, centroids, gbif, institutions) [2026-03-29]","standardized authors names in recordedBy / standardized authors names in identifiedBy","Gutierrez, Marisol Lozano","Sanchez, Arturo Gonzales"
"128","HGOM2025_0129","PreservedSpecimen",NA,NA,"HGOM- Herbario del Centro de Investigaciones Biologicas","SPECIES",NA,"Ramirez-Cruz, S.","185","Ramirez-Cruz, S.","E","HGOM2025",1,"Polypodium fraternum",21.01133333,-99.31166667,"2005-11-26","change1: Filled coordinateUncertaintyInMeters from decimal-place precision (conservative). | epi_taxo: acceptedName(match1); authorship_epig(match1); genus_from_scientificName; family_WFO; order_majorGroup_WCVP [2026-03-11] | CoordinateCleaner QA applied without sea test (validity, equal, zeros, capitals, centroids, gbif, institutions) [2026-03-29]","standardized authors names in recordedBy / standardized authors names in identifiedBy","Ramirez, Said Cruz","Ramirez, Said Cruz"
"129","HGOM2025_0130","PreservedSpecimen",NA,NA,"HGOM- Herbario del Centro de Investigaciones Biologicas","VARIETAS",NA,"Ramirez-Cruz, S.","312","Tejero-Diez, D.","E","HGOM2025",1,"Pecluma alfredii",21.91086111,-99.328,"2006-03-18","change1: Canonicalized scientificName to binomial and moved trailing authorship. | change2: Filled coordinateUncertaintyInMeters from decimal-place precision (conservative). | epi_taxo: acceptedName(match1); authorship_epig(match1); genus_from_scientificName; family_WFO; order_majorGroup_WCVP [2026-03-11] | CoordinateCleaner QA applied without sea test (validity, equal, zeros, capitals, centroids, gbif, institutions) [2026-03-29]","standardized authors names in recordedBy / standardized authors names in identifiedBy","Ramirez, Said Cruz","Tejero, Daniel Díez"
"130","HGOM2025_0131","PreservedSpecimen",NA,NA,"HGOM- Herbario del Centro de Investigaciones Biologicas","VARIETAS",NA,"Ramirez-Cruz, S.","313","Tejero-Diez, D.","E","HGOM2025",1,"Pecluma alfredii",20.89283333,-99.23958333,"2006-03-31","change1: Canonicalized scientificName to binomial and moved trailing authorship. | change2: Filled coordinateUncertaintyInMeters from decimal-place precision (conservative). | epi_taxo: acceptedName(match1); authorship_epig(match1); genus_from_scientificName; family_WFO; order_majorGroup_WCVP [2026-03-11] | CoordinateCleaner QA applied without sea test (validity, equal, zeros, capitals, centroids, gbif, institutions) [2026-03-29]","standardized authors names in recordedBy / standardized authors names in identifiedBy","Ramirez, Said Cruz","Tejero, Daniel Díez"
"131","HGOM2025_0132","PreservedSpecimen",NA,NA,"HGOM- Herbario del Centro de Investigaciones Biologicas","VARIETAS",NA,"Ramirez-Cruz, S.","292","Tejero-Diez, D.","E","HGOM2025",1,"Pecluma alfredii",NA,NA,"2008-10-10","change1: Canonicalized scientificName to binomial and moved trailing authorship. | change2: Set (0,0) to NA (Null Island placeholder). | epi_taxo: acceptedName(match1); authorship_epig(match1); genus_from_scientificName; family_WFO; order_majorGroup_WCVP [2026-03-11] | CoordinateCleaner QA applied without sea test (validity, equal, zeros, capitals, centroids, gbif, institutions) [2026-03-29]","standardized authors names in recordedBy / standardized authors names in identifiedBy","Ramirez, Said Cruz","Tejero, Daniel Díez"
"132","HGOM2025_0133","PreservedSpecimen",NA,NA,"HGOM- Herbario del Centro de Investigaciones Biologicas","SPECIES",NA,"Sanchez-Gonzales, A.","ASG 4510","Sanchez-Gonzales, A.","E","HGOM2025",1,"Campyloneurum angustifolium",20.32716944,-98.24919444,"2013-08-23","change1: Filled coordinateUncertaintyInMeters from decimal-place precision (conservative). | epi_taxo: acceptedName(match1); authorship_epig(match1); genus_from_scientificName; family_WFO; order_majorGroup_WCVP [2026-03-11] | CoordinateCleaner QA applied without sea test (validity, equal, zeros, capitals, centroids, gbif, institutions) [2026-03-29]","standardized authors names in recordedBy / standardized authors names in identifiedBy","Sanchez, Arturo Gonzales","Sanchez, Arturo Gonzales"
"133","HGOM2025_0134","PreservedSpecimen",NA,NA,"HGOM- Herbario del Centro de Investigaciones Biologicas","SPECIES",NA,"Zuniga-Salvatierra, J.R.","133","Zuniga-Salvatierra, J.R.","E","HGOM2025",1,"Campyloneurum angustifolium",20.33408333,-98.23980556,"2008-06-24","change1: Filled coordinateUncertaintyInMeters from decimal-place precision (conservative). | epi_taxo: acceptedName(match1); authorship_epig(match1); genus_from_scientificName; family_WFO; order_majorGroup_WCVP [2026-03-11] | CoordinateCleaner QA applied without sea test (validity, equal, zeros, capitals, centroids, gbif, institutions) [2026-03-29]","standardized authors names in recordedBy / standardized authors names in identifiedBy","Zuñiga, Jose Ramon Salvatierra","Zuñiga, Jose Ramon Salvatierra"
"134","HGOM2025_0135","PreservedSpecimen",NA,NA,"HGOM- Herbario del Centro de Investigaciones Biologicas","SPECIES",NA,"Zuniga-Salvatierra, J.R.","8","Zuniga-Salvatierra, J.R.","E","HGOM2025",1,"Campyloneurum angustifolium",20.39341667,-98.22447222,"2008-04-18","change1: Filled coordinateUncertaintyInMeters from decimal-place precision (conservative). | epi_taxo: acceptedName(match1); authorship_epig(match1); genus_from_scientificName; family_WFO; order_majorGroup_WCVP [2026-03-11] | CoordinateCleaner QA applied without sea test (validity, equal, zeros, capitals, centroids, gbif, institutions) [2026-03-29]","standardized authors names in recordedBy / standardized authors names in identifiedBy","Zuñiga, Jose Ramon Salvatierra","Zuñiga, Jose Ramon Salvatierra"
"135","HGOM2025_0136","PreservedSpecimen",NA,NA,"HGOM- Herbario del Centro de Investigaciones Biologicas","SPECIES",NA,"Sanchez-Gonzales, A.","115","Zuniga-Salvatierra, J.R.","E","HGOM2025",1,"Asplenium sphaerosporum",20.33175,-98.23127778,"2007-11-16","change1: Filled coordinateUncertaintyInMeters from decimal-place precision (conservative). | epi_taxo: acceptedName(match1); authorship_epig(match1); genus_from_scientificName; family_WFO; order_majorGroup_WCVP [2026-03-11] | CoordinateCleaner QA applied without sea test (validity, equal, zeros, capitals, centroids, gbif, institutions) [2026-03-29]","standardized authors names in recordedBy / standardized authors names in identifiedBy","Sanchez, Arturo Gonzales","Zuñiga, Jose Ramon Salvatierra"
"136","HGOM2025_0137","PreservedSpecimen",NA,NA,"HGOM- Herbario del Centro de Investigaciones Biologicas","SPECIES",NA,"Gutierrez-Lozano, M.","MGL 114","Gutierrez-Lozano, M.","E","HGOM2025",3,"Elaphoglossum peltatum",20.41388889,-98.24,"2013-11-18","change1: Filled coordinateUncertaintyInMeters from decimal-place precision (conservative). | epi_taxo: acceptedName(match1); authorship_epig(match1); genus_from_scientificName; family_WFO; order_majorGroup_WCVP [2026-03-11] | CoordinateCleaner QA applied without sea test (validity, equal, zeros, capitals, centroids, gbif, institutions) [2026-03-29]","standardized authors names in recordedBy / standardized authors names in identifiedBy","Gutierrez, Marisol Lozano","Gutierrez, Marisol Lozano"
"137","HGOM2025_0138","PreservedSpecimen",NA,NA,"HGOM- Herbario del Centro de Investigaciones Biologicas","SPECIES",NA,"Zuniga-Salvatierra, J.R.","226","Zuniga-Salvatierra, J.R.","E","HGOM2025",1,"Campyloneurum amphostenon",20.33408333,-98.23980556,"2008-06-24","change1: Filled coordinateUncertaintyInMeters from decimal-place precision (conservative). | epi_taxo: acceptedName(match1); authorship_epig(match1); genus_from_scientificName; family_WFO; order_majorGroup_WCVP [2026-03-11] | CoordinateCleaner QA applied without sea test (validity, equal, zeros, capitals, centroids, gbif, institutions) [2026-03-29]","standardized authors names in recordedBy / standardized authors names in identifiedBy","Zuñiga, Jose Ramon Salvatierra","Zuñiga, Jose Ramon Salvatierra"
"138","HGOM2025_0139","PreservedSpecimen",NA,NA,"HGOM- Herbario del Centro de Investigaciones Biologicas","SPECIES",NA,"Zuniga-Salvatierra, J.R.","223","Zuniga-Salvatierra, J.R.","E","HGOM2025",1,"Campyloneurum amphostenon",20.33408333,-98.23980556,"2008-06-24","change1: Filled coordinateUncertaintyInMeters from decimal-place precision (conservative). | epi_taxo: acceptedName(match1); authorship_epig(match1); genus_from_scientificName; family_WFO; order_majorGroup_WCVP [2026-03-11] | CoordinateCleaner QA applied without sea test (validity, equal, zeros, capitals, centroids, gbif, institutions) [2026-03-29]","standardized authors names in recordedBy / standardized authors names in identifiedBy","Zuñiga, Jose Ramon Salvatierra","Zuñiga, Jose Ramon Salvatierra"
"139","HGOM2025_0140","PreservedSpecimen",NA,NA,"HGOM- Herbario del Centro de Investigaciones Biologicas","SPECIES",NA,"Gutierrez-Lozano, M.","MGL 55","Gutierrez-Lozano, M.","E","HGOM2025",1,"Campyloneurum amphostenon",20.41388889,-98.24,"2013-06-08","change1: Filled coordinateUncertaintyInMeters from decimal-place precision (conservative). | epi_taxo: acceptedName(match1); authorship_epig(match1); genus_from_scientificName; family_WFO; order_majorGroup_WCVP [2026-03-11] | CoordinateCleaner QA applied without sea test (validity, equal, zeros, capitals, centroids, gbif, institutions) [2026-03-29]","standardized authors names in recordedBy / standardized authors names in identifiedBy","Gutierrez, Marisol Lozano","Gutierrez, Marisol Lozano"
"140","HGOM2025_0141","PreservedSpecimen",NA,NA,"HGOM- Herbario del Centro de Investigaciones Biologicas","SPECIES",NA,"Perez-Cervantes, A.","137","Perez-Cervantes, A.","E","HGOM2025",1,"Pecluma dispersa",20.99638889,-98.56722222,"2008-02-11","change1: Filled coordinateUncertaintyInMeters from decimal-place precision (conservative). | epi_taxo: acceptedName(match1); authorship_epig(match1); genus_from_scientificName; family_WFO; order_majorGroup_WCVP [2026-03-11] | CoordinateCleaner QA applied without sea test (validity, equal, zeros, capitals, centroids, gbif, institutions) [2026-03-29]","standardized authors names in recordedBy / standardized authors names in identifiedBy","Perez, Arlen Cervantes","Perez, Arlen Cervantes"
"141","HGOM2025_0142","PreservedSpecimen",NA,NA,"HGOM- Herbario del Centro de Investigaciones Biologicas","SPECIES",NA,"Perez-Cervantes, A.","338","Perez-Cervantes, A.","E","HGOM2025",1,"Asplenium praemorsum",20.92027778,-98.63,"2008-10-10","change1: Filled coordinateUncertaintyInMeters from decimal-place precision (conservative). | epi_taxo: acceptedName(match1); authorship_epig(match1); genus_from_scientificName; family_WFO; order_majorGroup_WCVP [2026-03-11] | CoordinateCleaner QA applied without sea test (validity, equal, zeros, capitals, centroids, gbif, institutions) [2026-03-29]","standardized authors names in recordedBy / standardized authors names in identifiedBy","Perez, Arlen Cervantes","Perez, Arlen Cervantes"
"142","HGOM2025_0143","PreservedSpecimen",NA,NA,"HGOM- Herbario del Centro de Investigaciones Biologicas","SPECIES",NA,"Sanchez-Gonzales, A.","ASG 4520","Sanchez-Gonzales, A.","E","HGOM2025",1,"Hymenophyllum crispum",20.41388889,-98.24,"2014-04-05","change1: Filled coordinateUncertaintyInMeters from decimal-place precision (conservative). | epi_taxo: acceptedName(match1); authorship_epig(match1); genus_from_scientificName; family_WFO; order_majorGroup_WCVP [2026-03-11] | CoordinateCleaner QA applied without sea test (validity, equal, zeros, capitals, centroids, gbif, institutions) [2026-03-29]","standardized authors names in recordedBy / standardized authors names in identifiedBy","Sanchez, Arturo Gonzales","Sanchez, Arturo Gonzales"
"143","HGOM2025_0144","PreservedSpecimen",NA,NA,"HGOM- Herbario del Centro de Investigaciones Biologicas","VARIETAS",NA,"Ramirez-Cruz, S.","193","Tejero-Diez, D.","E","HGOM2025",1,"Polypodium arcanum",20.95544444,-99.33333333,"2006-01-28","change1: Filled coordinateUncertaintyInMeters from decimal-place precision (conservative). | epi_taxo: acceptedName(match1); authorship_epig(match1); genus_from_scientificName; family_WFO; order_majorGroup_WCVP [2026-03-11] | CoordinateCleaner QA applied without sea test (validity, equal, zeros, capitals, centroids, gbif, institutions) [2026-03-29]","standardized authors names in recordedBy / standardized authors names in identifiedBy","Ramirez, Said Cruz","Tejero, Daniel Díez"
"144","HGOM2025_0145","PreservedSpecimen",NA,NA,"HGOM- Herbario del Centro de Investigaciones Biologicas","VARIETAS",NA,"Ramirez-Cruz, S.","192","Tejero-Diez, D.","E","HGOM2025",1,"Polypodium arcanum",21.01133333,-99.31166667,"2005-11-26","change1: Filled coordinateUncertaintyInMeters from decimal-place precision (conservative). | epi_taxo: acceptedName(match1); authorship_epig(match1); genus_from_scientificName; family_WFO; order_majorGroup_WCVP [2026-03-11] | CoordinateCleaner QA applied without sea test (validity, equal, zeros, capitals, centroids, gbif, institutions) [2026-03-29]","standardized authors names in recordedBy / standardized authors names in identifiedBy","Ramirez, Said Cruz","Tejero, Daniel Díez"
"145","HGOM2025_0146","PreservedSpecimen",NA,NA,"HGOM- Herbario del Centro de Investigaciones Biologicas","SPECIES",NA,"Perez-Cervantes, A.","17","Zuniga-Salvatierra, J.R.","E","HGOM2025",1,"Pleopeltis crassinervata",20.3545,-98.22052778,"2008-04-18","change1: Filled coordinateUncertaintyInMeters from decimal-place precision (conservative). | epi_taxo: acceptedName(match1); authorship_epig(match1); genus_from_scientificName; family_WFO; order_majorGroup_WCVP [2026-03-11] | CoordinateCleaner QA applied without sea test (validity, equal, zeros, capitals, centroids, gbif, institutions) [2026-03-29]","standardized authors names in recordedBy / standardized authors names in identifiedBy","Perez, Arlen Cervantes","Zuñiga, Jose Ramon Salvatierra"
"146","HGOM2025_0147","PreservedSpecimen",NA,NA,"HGOM- Herbario del Centro de Investigaciones Biologicas","SPECIES",NA,"Ramirez-Cruz, S.","260","Sanchez-Gonzales, A.","E","HGOM2025",1,"Pleopeltis crassinervata",21.01133333,-99.31166667,"2005-11-26","change1: Filled coordinateUncertaintyInMeters from decimal-place precision (conservative). | epi_taxo: acceptedName(match1); authorship_epig(match1); genus_from_scientificName; family_WFO; order_majorGroup_WCVP [2026-03-11] | CoordinateCleaner QA applied without sea test (validity, equal, zeros, capitals, centroids, gbif, institutions) [2026-03-29]","standardized authors names in recordedBy / standardized authors names in identifiedBy","Ramirez, Said Cruz","Sanchez, Arturo Gonzales"
"147","HGOM2025_0148","PreservedSpecimen",NA,NA,"HGOM- Herbario del Centro de Investigaciones Biologicas","SPECIES",NA,"Perez-Cervantes, A.","283","Zuniga-Salvatierra, J.R.","E","HGOM2025",1,"Pleopeltis crassinervata",NA,NA,"2008-10-10","change1: Set (0,0) to NA (Null Island placeholder). | epi_taxo: acceptedName(match1); authorship_epig(match1); genus_from_scientificName; family_WFO; order_majorGroup_WCVP [2026-03-11] | CoordinateCleaner QA applied without sea test (validity, equal, zeros, capitals, centroids, gbif, institutions) [2026-03-29]","standardized authors names in recordedBy / standardized authors names in identifiedBy","Perez, Arlen Cervantes","Zuñiga, Jose Ramon Salvatierra"
"148","HGOM2025_0149","PreservedSpecimen",NA,NA,"HGOM- Herbario del Centro de Investigaciones Biologicas","SPECIES",NA,"Perez-Atilano, Y.","YPA 155","Perez-Atilano, Y.","E","HGOM2025",1,"Pleopeltis madrensis",20.22611111,-98.85472222,"2012-02-17","change1: Filled coordinateUncertaintyInMeters from decimal-place precision (conservative). | epi_taxo: acceptedName(match1); authorship_epig(match1); genus_from_scientificName; family_WFO; order_majorGroup_WCVP [2026-03-11] | CoordinateCleaner QA applied without sea test (validity, equal, zeros, capitals, centroids, gbif, institutions) [2026-03-29]","standardized authors names in recordedBy / standardized authors names in identifiedBy","Perez, Yarely Atilano","Perez, Yarely Atilano"
"149","HGOM2025_0150","PreservedSpecimen",NA,NA,"HGOM- Herbario del Centro de Investigaciones Biologicas","SPECIES",NA,"Gutierrez-Lozano, M.","MGL 102","Sanchez-Gonzales, A.","E","HGOM2025",3,"Elaphoglossum lancifolium",20.32716944,-98.24919444,"2013-08-23","change1: Filled coordinateUncertaintyInMeters from decimal-place precision (conservative). | epi_taxo: acceptedName(match1); authorship_epig(match1); genus_from_scientificName; family_WFO; order_majorGroup_WCVP [2026-03-11] | CoordinateCleaner QA applied without sea test (validity, equal, zeros, capitals, centroids, gbif, institutions) [2026-03-29]","standardized authors names in recordedBy / standardized authors names in identifiedBy","Gutierrez, Marisol Lozano","Sanchez, Arturo Gonzales"
"150","HGOM2025_0151","PreservedSpecimen",NA,NA,"HGOM- Herbario del Centro de Investigaciones Biologicas","SPECIES",NA,"Zuniga-Salvatierra, J.R.","261","Zuniga-Salvatierra, J.R.","E","HGOM2025",3,"Elaphoglossum lancifolium",20.32277778,-98.21491667,"2008-06-25","change1: Filled coordinateUncertaintyInMeters from decimal-place precision (conservative). | epi_taxo: acceptedName(match1); authorship_epig(match1); genus_from_scientificName; family_WFO; order_majorGroup_WCVP [2026-03-11] | CoordinateCleaner QA applied without sea test (validity, equal, zeros, capitals, centroids, gbif, institutions) [2026-03-29]","standardized authors names in recordedBy / standardized authors names in identifiedBy","Zuñiga, Jose Ramon Salvatierra","Zuñiga, Jose Ramon Salvatierra"
"151","HGOM2025_0152","PreservedSpecimen",NA,NA,"HGOM- Herbario del Centro de Investigaciones Biologicas","SPECIES",NA,"Zuniga-Salvatierra, J.R.","206","Zuniga-Salvatierra, J.R.","E","HGOM2025",3,"Elaphoglossum lancifolium",20.33408333,-98.23980556,"2008-06-24","change1: Filled coordinateUncertaintyInMeters from decimal-place precision (conservative). | epi_taxo: acceptedName(match1); authorship_epig(match1); genus_from_scientificName; family_WFO; order_majorGroup_WCVP [2026-03-11] | CoordinateCleaner QA applied without sea test (validity, equal, zeros, capitals, centroids, gbif, institutions) [2026-03-29]","standardized authors names in recordedBy / standardized authors names in identifiedBy","Zuñiga, Jose Ramon Salvatierra","Zuñiga, Jose Ramon Salvatierra"
"152","HGOM2025_0153","PreservedSpecimen",NA,NA,"HGOM- Herbario del Centro de Investigaciones Biologicas","SPECIES",NA,"Ramirez-Cruz, S.","322","Tejero-Diez, D.","E","HGOM2025",3,"Elaphoglossum lancifolium",20.89283333,-99.23958333,"2006-05-31","change1: Filled coordinateUncertaintyInMeters from decimal-place precision (conservative). | epi_taxo: acceptedName(match1); authorship_epig(match1); genus_from_scientificName; family_WFO; order_majorGroup_WCVP [2026-03-11] | CoordinateCleaner QA applied without sea test (validity, equal, zeros, capitals, centroids, gbif, institutions) [2026-03-29]","standardized authors names in recordedBy / standardized authors names in identifiedBy","Ramirez, Said Cruz","Tejero, Daniel Díez"
"153","HGOM2025_0154","PreservedSpecimen",NA,NA,"HGOM- Herbario del Centro de Investigaciones Biologicas","SPECIES",NA,"Perez-Cervantes, A.","307","Perez-Cervantes, A.","E","HGOM2025",1,"Vittaria bradeorum",NA,NA,"2008-10-10","change1: Set (0,0) to NA (Null Island placeholder). | epi_taxo: acceptedName(match1); authorship_epig(match1); genus_from_scientificName; family_WFO; order_majorGroup_WCVP [2026-03-11] | CoordinateCleaner QA applied without sea test (validity, equal, zeros, capitals, centroids, gbif, institutions) [2026-03-29]","standardized authors names in recordedBy / standardized authors names in identifiedBy","Perez, Arlen Cervantes","Perez, Arlen Cervantes"
"154","HGOM2025_0155","PreservedSpecimen",NA,NA,"HGOM- Herbario del Centro de Investigaciones Biologicas","SPECIES",NA,"Hernandez-Alvarez, A.G.","AGHA 85","Hernandez-Alvarez, A.G.","E","HGOM2025",1,"Campyloneurum phyllitidis",20.40363889,-98.1315,"2013-08-30","change1: Filled coordinateUncertaintyInMeters from decimal-place precision (conservative). | epi_taxo: acceptedName(match1); authorship_epig(match1); genus_from_scientificName; family_WFO; order_majorGroup_WCVP [2026-03-11] | CoordinateCleaner QA applied without sea test (validity, equal, zeros, capitals, centroids, gbif, institutions) [2026-03-29]","standardized authors names in recordedBy / standardized authors names in identifiedBy","Hernandez, Adriana G. Alvarez","Hernandez, Adriana G. Alvarez"
"155","HGOM2025_0156","PreservedSpecimen",NA,NA,"HGOM- Herbario del Centro de Investigaciones Biologicas","SPECIES",NA,"Zuniga-Salvatierra, J.R.","6","Zuniga-Salvatierra, J.R.","E","HGOM2025",1,"Campyloneurum phyllitidis",20.39341667,-98.22447222,"2008-04-18","change1: Filled coordinateUncertaintyInMeters from decimal-place precision (conservative). | epi_taxo: acceptedName(match1); authorship_epig(match1); genus_from_scientificName; family_WFO; order_majorGroup_WCVP [2026-03-11] | CoordinateCleaner QA applied without sea test (validity, equal, zeros, capitals, centroids, gbif, institutions) [2026-03-29]","standardized authors names in recordedBy / standardized authors names in identifiedBy","Zuñiga, Jose Ramon Salvatierra","Zuñiga, Jose Ramon Salvatierra"
"156","HGOM2025_0157","PreservedSpecimen",NA,NA,"HGOM- Herbario del Centro de Investigaciones Biologicas","SPECIES",NA,"Sanchez-Gonzales, A.","37","Zuniga-Salvatierra, J.R.","E","HGOM2025",1,"Campyloneurum phyllitidis",20.3705,-98.22166667,"2008-04-19","change1: Filled coordinateUncertaintyInMeters from decimal-place precision (conservative). | epi_taxo: acceptedName(match1); authorship_epig(match1); genus_from_scientificName; family_WFO; order_majorGroup_WCVP [2026-03-11] | CoordinateCleaner QA applied without sea test (validity, equal, zeros, capitals, centroids, gbif, institutions) [2026-03-29]","standardized authors names in recordedBy / standardized authors names in identifiedBy","Sanchez, Arturo Gonzales","Zuñiga, Jose Ramon Salvatierra"
"157","HGOM2025_0158","PreservedSpecimen",NA,NA,"HGOM- Herbario del Centro de Investigaciones Biologicas","SPECIES",NA,"Gutierrez-Lozano, M.","MGL 92","Sanchez-Gonzales, A.","E","HGOM2025",1,"Trichomanes reptans",20.41388889,-98.24,"2013-07-10","change1: Filled coordinateUncertaintyInMeters from decimal-place precision (conservative). | epi_taxo: acceptedName(match1); authorship_epig(match1); genus_from_scientificName; family_WFO; order_majorGroup_WCVP [2026-03-11] | CoordinateCleaner QA applied without sea test (validity, equal, zeros, capitals, centroids, gbif, institutions) [2026-03-29]","standardized authors names in recordedBy / standardized authors names in identifiedBy","Gutierrez, Marisol Lozano","Sanchez, Arturo Gonzales"
