"","occurrenceID","basisOfRecord","typeStatus","associatedReferences","institutionCode","taxonRank","collectionCode","recordedBy","recordNumber","identifiedBy","lifeForm","habitat","datasetID","matchCodeEpig","matchedNameEpig","decimalLatitude","decimalLongitude","eventDate","changes","discardReason","verbatimtaxonRank","verbatimlifeForm","verbatimrecordedBy"
"1","CPUN2025_0001","PreservedSpecimen","",NA,"CPUN","SPECIES",NA,"Sanchez-Vega, I.M. | Dillon, M.O.","8518",NA,"Herb",NA,"CPUN2025",1,"Anthurium atropurpureum",-6.033333333,-77.05,"1996-11-05","change1: Parsed DMS/DDM latitude → decimal degrees. | change2: Parsed DMS/DDM longitude → decimal degrees. | change3: Corrected longitude sign for Western Hemisphere (made negative). | change4: Filled coordinateUncertaintyInMeters from decimal-place precision (conservative). | change5: Corrected latitude sign for Southern Hemisphere (validated by country polygon). | epi_taxo: acceptedName(match1); authorship_epig(match1); genus_from_scientificName; family_WFO; order_majorGroup_WCVP [2026-03-11] | CoordinateCleaner QA applied without sea test (validity, equal, zeros, capitals, centroids, gbif, institutions) [2026-04-14] | Corrected elevation values >5000 m by dividing by 10 (assumed digit inflation error) [2026-04-14]","standardize taxonRank column to uppercase / standardized author names in recordedBy","species","Herb","I. Sánchez Vega M.O. Dillon"
"2","CPUN2025_0002","PreservedSpecimen","",NA,"CPUN","SPECIES",NA,"Sanchez-Vega, I.M. | Dillon, M.O.","8129",NA,"Herb",NA,"CPUN2025",1,"Anthurium breviscapum",NA,NA,"1995-07-19","epi_taxo: acceptedName(match1); authorship_epig(match1); genus_from_scientificName; family_WFO; order_majorGroup_WCVP [2026-03-11] | CoordinateCleaner QA applied without sea test (validity, equal, zeros, capitals, centroids, gbif, institutions) [2026-04-14] | Corrected elevation values >5000 m by dividing by 10 (assumed digit inflation error) [2026-04-14]","standardize taxonRank column to uppercase / standardized author names in recordedBy","species","Herb","I. Sánchez vega M.O. Dillon"
"3","CPUN2025_0003","PreservedSpecimen","",NA,"CPUN","SPECIES",NA,"Sanchez-Vega, I.M. | Dillon, M.O.","8119",NA,"E",NA,"CPUN2025",1,"Anthurium breviscapum",NA,NA,"1995-07-18","epi_taxo: acceptedName(match1); authorship_epig(match1); genus_from_scientificName; family_WFO; order_majorGroup_WCVP [2026-03-11] | CoordinateCleaner QA applied without sea test (validity, equal, zeros, capitals, centroids, gbif, institutions) [2026-04-14] | Corrected elevation values >5000 m by dividing by 10 (assumed digit inflation error) [2026-04-14]","standardize taxonRank column to uppercase / standardized author names in recordedBy","species","E","I. Sánchez Vega M.O. Dillon"
"4","CPUN2025_0004","PreservedSpecimen","",NA,"CPUN","SPECIES",NA,"Portal-V, L. | Perez-P, B.","126",NA,"",NA,"CPUN2025",1,"Anthurium breviscapum",754786,-9307260,"2005-10-15","change1: Corrected longitude sign for Western Hemisphere (made negative). | change2: Filled coordinateUncertaintyInMeters from decimal-place precision (conservative). | epi_taxo: acceptedName(match1); authorship_epig(match1); genus_from_scientificName; family_WFO; order_majorGroup_WCVP [2026-03-11] | CoordinateCleaner QA applied without sea test (validity, equal, zeros, capitals, centroids, gbif, institutions) [2026-04-14] | Corrected elevation values >5000 m by dividing by 10 (assumed digit inflation error) [2026-04-14]","standardize taxonRank column to uppercase / standardized author names in recordedBy","species","","L. Portal V. B. Pérez P."
"5","CPUN2025_0005","PreservedSpecimen","",NA,"CPUN","SPECIES",NA,"Sanchez-Vega, I.M. | Dillon, M.O.","8572",NA,"",NA,"CPUN2025",1,"Anthurium clavigerum",-5.7,-77.4,"1996-11-09","change1: Parsed DMS/DDM latitude → decimal degrees. | change2: Parsed DMS/DDM longitude → decimal degrees. | change3: Corrected longitude sign for Western Hemisphere (made negative). | change4: Filled coordinateUncertaintyInMeters from decimal-place precision (conservative). | change5: Corrected latitude sign for Southern Hemisphere (validated by country polygon). | epi_taxo: acceptedName(match1); authorship_epig(match1); genus_from_scientificName; family_WFO; order_majorGroup_WCVP [2026-03-11] | CoordinateCleaner QA applied without sea test (validity, equal, zeros, capitals, centroids, gbif, institutions) [2026-04-14] | Corrected elevation values >5000 m by dividing by 10 (assumed digit inflation error) [2026-04-14]","standardize taxonRank column to uppercase / standardized author names in recordedBy","species","","I. Sánchez Vega M.O. Dillon"
"6","CPUN2025_0006","PreservedSpecimen","",NA,"CPUN","SPECIES",NA,"Sanchez-Vega, I.M. | Iberico-Vela, G. | Dieguez, R.","9817",NA,"E",NA,"CPUN2025",1,"Anthurium clavigerum",-6,-77.3,"1999-06-21","change1: Parsed DMS/DDM latitude → decimal degrees. | change2: Parsed DMS/DDM longitude → decimal degrees. | change3: Corrected longitude sign for Western Hemisphere (made negative). | change4: Filled coordinateUncertaintyInMeters from decimal-place precision (conservative). | change5: Corrected latitude sign for Southern Hemisphere (validated by country polygon). | epi_taxo: acceptedName(match1); authorship_epig(match1); genus_from_scientificName; family_WFO; order_majorGroup_WCVP [2026-03-11] | CoordinateCleaner QA applied without sea test (validity, equal, zeros, capitals, centroids, gbif, institutions) [2026-04-14] | Corrected elevation values >5000 m by dividing by 10 (assumed digit inflation error) [2026-04-14]","standardize taxonRank column to uppercase / standardized author names in recordedBy","species","E","I. Sánchez Vega G. Iberico Vela R. Diéguez"
"7","CPUN2025_0007","PreservedSpecimen","",NA,"CPUN","SPECIES",NA,"Sanchez-Vega, I.M. | Dillon, M.O.","8059",NA,"E",NA,"CPUN2025",1,"Anthurium clavigerum",NA,NA,"1995-07-15","epi_taxo: acceptedName(match1); authorship_epig(match1); genus_from_scientificName; family_WFO; order_majorGroup_WCVP [2026-03-11] | CoordinateCleaner QA applied without sea test (validity, equal, zeros, capitals, centroids, gbif, institutions) [2026-04-14] | Corrected elevation values >5000 m by dividing by 10 (assumed digit inflation error) [2026-04-14]","standardize taxonRank column to uppercase / standardized author names in recordedBy","species","E","I. Sánchez Vega M.O. Dillon"
"8","CPUN2025_0008","PreservedSpecimen","",NA,"CPUN","SPECIES",NA,"Cabanillas-Soriano, J.M.","269",NA,"E",NA,"CPUN2025",1,"Anthurium coripatense",NA,NA,"1986-07-22","epi_taxo: acceptedName(match1); authorship_epig(match1); genus_from_scientificName; family_WFO; order_majorGroup_WCVP [2026-03-11] | CoordinateCleaner QA applied without sea test (validity, equal, zeros, capitals, centroids, gbif, institutions) [2026-04-14] | Corrected elevation values >5000 m by dividing by 10 (assumed digit inflation error) [2026-04-14]","standardize taxonRank column to uppercase / standardized author names in recordedBy","species","E","J. Cabanillas S."
"9","CPUN2025_0009","PreservedSpecimen","",NA,"CPUN","SPECIES",NA,"Sanchez-Vega, I.M. | Dillon, M.O.","8415",NA,"E",NA,"CPUN2025",1,"Anthurium coripatense",-5.9,-77.35,"1996-11-01","change1: Parsed DMS/DDM latitude → decimal degrees. | change2: Parsed DMS/DDM longitude → decimal degrees. | change3: Corrected longitude sign for Western Hemisphere (made negative). | change4: Filled coordinateUncertaintyInMeters from decimal-place precision (conservative). | change5: Corrected latitude sign for Southern Hemisphere (validated by country polygon). | epi_taxo: acceptedName(match1); authorship_epig(match1); genus_from_scientificName; family_WFO; order_majorGroup_WCVP [2026-03-11] | CoordinateCleaner QA applied without sea test (validity, equal, zeros, capitals, centroids, gbif, institutions) [2026-04-14] | Corrected elevation values >5000 m by dividing by 10 (assumed digit inflation error) [2026-04-14]","standardize taxonRank column to uppercase / standardized author names in recordedBy","species","E","I. Sánchez Vega M.O. Dillon"
"10","CPUN2025_0010","PreservedSpecimen","",NA,"CPUN","SPECIES",NA,"Dillon, M.O. | Sanchez-Vega, I.M. | Sanchez-Montoya, M.","6329",NA,"Herb",NA,"CPUN2025",1,"Anthurium coripatense",-6.490277778,-78.62361111,"1993-04-17","change1: Parsed DMS/DDM latitude → decimal degrees. | change2: Parsed DMS/DDM longitude → decimal degrees. | change3: Corrected longitude sign for Western Hemisphere (made negative). | change4: Filled coordinateUncertaintyInMeters from decimal-place precision (conservative). | change5: Corrected latitude sign for Southern Hemisphere (validated by country polygon). | epi_taxo: acceptedName(match1); authorship_epig(match1); genus_from_scientificName; family_WFO; order_majorGroup_WCVP [2026-03-11] | CoordinateCleaner QA applied without sea test (validity, equal, zeros, capitals, centroids, gbif, institutions) [2026-04-14] | Corrected elevation values >5000 m by dividing by 10 (assumed digit inflation error) [2026-04-14]","standardize taxonRank column to uppercase / standardized author names in recordedBy","species","Herb","M.O. Dillon I. Sánchez V. M. Sánchez M."
"11","CPUN2025_0011","PreservedSpecimen","",NA,"CPUN","SPECIES",NA,"Dillon, M.O. | Sanchez-Vega, I.M. | Sanchez-Montoya, M.","6434",NA,"Herb",NA,"CPUN2025",1,"Anthurium coripatense",-6.406388889,-79.02194444,"1993-04-20","change1: Parsed DMS/DDM latitude → decimal degrees. | change2: Parsed DMS/DDM longitude → decimal degrees. | change3: Corrected longitude sign for Western Hemisphere (made negative). | change4: Filled coordinateUncertaintyInMeters from decimal-place precision (conservative). | change5: Corrected latitude sign for Southern Hemisphere (validated by country polygon). | epi_taxo: acceptedName(match1); authorship_epig(match1); genus_from_scientificName; family_WFO; order_majorGroup_WCVP [2026-03-11] | CoordinateCleaner QA applied without sea test (validity, equal, zeros, capitals, centroids, gbif, institutions) [2026-04-14] | Corrected elevation values >5000 m by dividing by 10 (assumed digit inflation error) [2026-04-14]","standardize taxonRank column to uppercase / standardized author names in recordedBy","species","Herb","M.O. Dillon I. Sánchez V. M. Sánchez M."
"12","CPUN2025_0012","PreservedSpecimen","",NA,"CPUN","SPECIES",NA,"Dillon, M.O. | Sanchez-Vega, I.M. | Guevara-Barreto, J.","6151",NA,"E",NA,"CPUN2025",1,"Anthurium coripatense",-6.2,-78.76666667,"1990-11-04","change1: Parsed DMS/DDM latitude → decimal degrees. | change2: Parsed DMS/DDM longitude → decimal degrees. | change3: Corrected longitude sign for Western Hemisphere (made negative). | change4: Filled coordinateUncertaintyInMeters from decimal-place precision (conservative). | change5: Corrected latitude sign for Southern Hemisphere (validated by country polygon). | epi_taxo: acceptedName(match1); authorship_epig(match1); genus_from_scientificName; family_WFO; order_majorGroup_WCVP [2026-03-11] | CoordinateCleaner QA applied without sea test (validity, equal, zeros, capitals, centroids, gbif, institutions) [2026-04-14] | Corrected elevation values >5000 m by dividing by 10 (assumed digit inflation error) [2026-04-14]","standardize taxonRank column to uppercase / standardized author names in recordedBy","species","E","M.O. Dillon I. Sánchez V. J. Guevara B."
"13","CPUN2025_0013","PreservedSpecimen","",NA,"CPUN","SPECIES",NA,"Sanchez-Vega, J.G. | Ruiz-Vigo, W. | Cabanillas-Soriano, J.M. | Lopez, A.","2192",NA,"Herb",NA,"CPUN2025",1,"Anthurium coripatense",NA,NA,"1978-08-04","epi_taxo: acceptedName(match1); authorship_epig(match1); genus_from_scientificName; family_WFO; order_majorGroup_WCVP [2026-03-11] | CoordinateCleaner QA applied without sea test (validity, equal, zeros, capitals, centroids, gbif, institutions) [2026-04-14] | Corrected elevation values >5000 m by dividing by 10 (assumed digit inflation error) [2026-04-14]","standardize taxonRank column to uppercase / standardized author names in recordedBy","species","Herb","J. Sánchez Vega W. Ruiz Vigo J. Cabanillas S. A. López"
"14","CPUN2025_0014","PreservedSpecimen","",NA,"CPUN","SPECIES",NA,"Sanchez-Vega, I.M.","6571",NA,"E",NA,"CPUN2025",1,"Anthurium coripatense",NA,NA,"1993-07-21","epi_taxo: acceptedName(match1); authorship_epig(match1); genus_from_scientificName; family_WFO; order_majorGroup_WCVP [2026-03-11] | CoordinateCleaner QA applied without sea test (validity, equal, zeros, capitals, centroids, gbif, institutions) [2026-04-14] | Corrected elevation values >5000 m by dividing by 10 (assumed digit inflation error) [2026-04-14]","standardize taxonRank column to uppercase / standardized author names in recordedBy","species","E","I. Sánchez Vega"
"15","CPUN2025_0015","PreservedSpecimen","",NA,"CPUN","SPECIES",NA,"Dillon, M.O. | Sanchez-Vega, I.M.","6288",NA,"Herb",NA,"CPUN2025",1,"Anthurium coripatense",-5.4,-79.6,"1991-07-21","change1: Parsed DMS/DDM latitude → decimal degrees. | change2: Parsed DMS/DDM longitude → decimal degrees. | change3: Corrected longitude sign for Western Hemisphere (made negative). | change4: Filled coordinateUncertaintyInMeters from decimal-place precision (conservative). | change5: Corrected latitude sign for Southern Hemisphere (validated by country polygon). | epi_taxo: acceptedName(match1); authorship_epig(match1); genus_from_scientificName; family_WFO; order_majorGroup_WCVP [2026-03-11] | CoordinateCleaner QA applied without sea test (validity, equal, zeros, capitals, centroids, gbif, institutions) [2026-04-14] | Corrected elevation values >5000 m by dividing by 10 (assumed digit inflation error) [2026-04-14]","standardize taxonRank column to uppercase / standardized author names in recordedBy","species","Herb","M.O. Dillon I. Sánchez V."
"16","CPUN2025_0016","PreservedSpecimen","",NA,"CPUN","SPECIES",NA,"Vargas-Chuquilin, P.","S/N",NA,"",NA,"CPUN2025",1,"Anthurium coripatense",NA,NA,"2004-09-16","epi_taxo: acceptedName(match1); authorship_epig(match1); genus_from_scientificName; family_WFO; order_majorGroup_WCVP [2026-03-11] | CoordinateCleaner QA applied without sea test (validity, equal, zeros, capitals, centroids, gbif, institutions) [2026-04-14] | Corrected elevation values >5000 m by dividing by 10 (assumed digit inflation error) [2026-04-14]","standardize taxonRank column to uppercase / standardized author names in recordedBy","species","","P. Vargas Ch."
"17","CPUN2025_0017","PreservedSpecimen","",NA,"CPUN","SPECIES",NA,"Sanchez-Vega, I.M. | Sagastegui-Alva, A. | Guevara-Barreto, J.","5870",NA,"Herb",NA,"CPUN2025",1,"Anthurium dombeyanum",NA,NA,"1991-11-02","epi_taxo: acceptedName(match1); authorship_epig(match1); genus_from_scientificName; family_WFO; order_majorGroup_WCVP [2026-03-11] | CoordinateCleaner QA applied without sea test (validity, equal, zeros, capitals, centroids, gbif, institutions) [2026-04-14] | Corrected elevation values >5000 m by dividing by 10 (assumed digit inflation error) [2026-04-14]","standardize taxonRank column to uppercase / standardized author names in recordedBy","species","Herb","I. Sánchez Vega A. Sagástegui J. Guevara"
"18","CPUN2025_0018","PreservedSpecimen","",NA,"CPUN","SPECIES",NA,"Sanchez-Vega, I.M.","4479",NA,"Herb",NA,"CPUN2025",1,"Anthurium dombeyanum",NA,NA,"1987-10-12","epi_taxo: acceptedName(match1); authorship_epig(match1); genus_from_scientificName; family_WFO; order_majorGroup_WCVP [2026-03-11] | CoordinateCleaner QA applied without sea test (validity, equal, zeros, capitals, centroids, gbif, institutions) [2026-04-14] | Corrected elevation values >5000 m by dividing by 10 (assumed digit inflation error) [2026-04-14]","standardize taxonRank column to uppercase / standardized author names in recordedBy","species","Herb","I. Sánchez Vega"
"19","CPUN2025_0019","PreservedSpecimen","",NA,"CPUN","SPECIES",NA,"Sanchez-Vega, I.M. | Ruiz-Vigo, W. | Cabanillas, J. | Aldave, A.","1172",NA,"Herb",NA,"CPUN2025",1,"Anthurium dombeyanum",NA,NA,"1978-08-03","epi_taxo: acceptedName(match1); authorship_epig(match1); genus_from_scientificName; family_WFO; order_majorGroup_WCVP [2026-03-11] | CoordinateCleaner QA applied without sea test (validity, equal, zeros, capitals, centroids, gbif, institutions) [2026-04-14] | Corrected elevation values >5000 m by dividing by 10 (assumed digit inflation error) [2026-04-14]","standardize taxonRank column to uppercase / standardized author names in recordedBy","species","Herb","J. Sánchez Vega W. Ruiz Vigo J. Cabanillas Dr. Aldave"
"20","CPUN2025_0020","PreservedSpecimen","",NA,"CPUN","SPECIES",NA,"Sanchez-Vega, I.M. | Flores, W. | Leiva-Gonzalez, S.","5653",NA,"",NA,"CPUN2025",1,"Anthurium dombeyanum",NA,NA,"1991-02-02","epi_taxo: acceptedName(match1); authorship_epig(match1); genus_from_scientificName; family_WFO; order_majorGroup_WCVP [2026-03-11] | CoordinateCleaner QA applied without sea test (validity, equal, zeros, capitals, centroids, gbif, institutions) [2026-04-14] | Corrected elevation values >5000 m by dividing by 10 (assumed digit inflation error) [2026-04-14]","standardize taxonRank column to uppercase / standardized author names in recordedBy","species","","I. Sánchez Vega W. Flores S. Leiva G."
"21","CPUN2025_0021","PreservedSpecimen","",NA,"CPUN","SPECIES",NA,"Sanchez-Vega, I.M. | Miranda-Leiva, A.","6307",NA,"E",NA,"CPUN2025",1,"Anthurium hamiltonii",NA,NA,"1992-06-24","epi_taxo: acceptedName(match1); authorship_epig(match1); genus_from_scientificName; family_WFO; order_majorGroup_WCVP [2026-03-11] | CoordinateCleaner QA applied without sea test (validity, equal, zeros, capitals, centroids, gbif, institutions) [2026-04-14] | Corrected elevation values >5000 m by dividing by 10 (assumed digit inflation error) [2026-04-14]","standardize taxonRank column to uppercase / standardized author names in recordedBy","species","E","I. Sánchez Vega A. Miranda"
"22","CPUN2025_0022","PreservedSpecimen","",NA,"CPUN","SPECIES",NA,"Galan, A. | Montoya-Q, J. | Linares, E.","3758",NA,"Herb",NA,"CPUN2025",1,"Anthurium hamiltonii",729929,-9404872,"2014-05-29","change1: Corrected longitude sign for Western Hemisphere (made negative). | change2: Filled coordinateUncertaintyInMeters from decimal-place precision (conservative). | epi_taxo: acceptedName(match1); authorship_epig(match1); genus_from_scientificName; family_WFO; order_majorGroup_WCVP [2026-03-11] | CoordinateCleaner QA applied without sea test (validity, equal, zeros, capitals, centroids, gbif, institutions) [2026-04-14] | Corrected elevation values >5000 m by dividing by 10 (assumed digit inflation error) [2026-04-14]","standardize taxonRank column to uppercase / standardized author names in recordedBy","species","Herb","A. Galán J. Montoya Q. E. Linares"
"23","CPUN2025_0023","PreservedSpecimen","",NA,"CPUN","SPECIES",NA,"Sanchez-Vega, I.M. | Dillon, M.O. | Zapata-Cruz, M.","9493",NA,"E",NA,"CPUN2025",1,"Anthurium scandens",-5.65,-77.63333333,"1998-06-24","change1: Parsed DMS/DDM latitude → decimal degrees. | change2: Parsed DMS/DDM longitude → decimal degrees. | change3: Corrected longitude sign for Western Hemisphere (made negative). | change4: Filled coordinateUncertaintyInMeters from decimal-place precision (conservative). | change5: Corrected latitude sign for Southern Hemisphere (validated by country polygon). | epi_taxo: acceptedName(match1); authorship_epig(match1); genus_from_scientificName; family_WFO; order_majorGroup_WCVP [2026-03-11] | CoordinateCleaner QA applied without sea test (validity, equal, zeros, capitals, centroids, gbif, institutions) [2026-04-14] | Corrected elevation values >5000 m by dividing by 10 (assumed digit inflation error) [2026-04-14]","standardize taxonRank column to uppercase / standardized author names in recordedBy","species","E","I. Sánchez Vega M.O. Dillon M. Zapata"
"24","CPUN2025_0024","PreservedSpecimen","",NA,"CPUN","SPECIES",NA,"Sanchez-Vega, I.M. | Dillon, M.O.","8553",NA,"E",NA,"CPUN2025",1,"Anthurium triphyllum",-5.85,-77.4,"1996-11-06","change1: Parsed DMS/DDM latitude → decimal degrees. | change2: Parsed DMS/DDM longitude → decimal degrees. | change3: Corrected longitude sign for Western Hemisphere (made negative). | change4: Filled coordinateUncertaintyInMeters from decimal-place precision (conservative). | change5: Corrected latitude sign for Southern Hemisphere (validated by country polygon). | epi_taxo: acceptedName(match1); authorship_epig(match1); genus_from_scientificName; family_WFO; order_majorGroup_WCVP [2026-03-11] | CoordinateCleaner QA applied without sea test (validity, equal, zeros, capitals, centroids, gbif, institutions) [2026-04-14] | Corrected elevation values >5000 m by dividing by 10 (assumed digit inflation error) [2026-04-14]","standardize taxonRank column to uppercase / standardized author names in recordedBy","species","E","I. Sánchez Vega M.O. Dillon"
"25","CPUN2025_0025","PreservedSpecimen","",NA,"CPUN","SPECIES",NA,"Sanchez-Vega, I.M. | Dillon, M.O.","8097",NA,"E",NA,"CPUN2025",3,"Philodendron ernestii",NA,NA,"1995-07-17","epi_taxo: acceptedName(match1); authorship_epig(match1); genus_from_scientificName; family_WFO; order_majorGroup_WCVP [2026-03-11] | CoordinateCleaner QA applied without sea test (validity, equal, zeros, capitals, centroids, gbif, institutions) [2026-04-14] | Corrected elevation values >5000 m by dividing by 10 (assumed digit inflation error) [2026-04-14]","standardize taxonRank column to uppercase / standardized author names in recordedBy","species","E","I. Sánchez Vega M.O. Dillon"
"26","CPUN2025_0026","PreservedSpecimen","",NA,"CPUN","SPECIES",NA,"Sanchez-Vega, I.M. | Cabanillas-Soriano, J.M.","3876",NA,"E",NA,"CPUN2025",3,"Philodendron ernestii",NA,NA,"1985-10-18","epi_taxo: acceptedName(match1); authorship_epig(match1); genus_from_scientificName; family_WFO; order_majorGroup_WCVP [2026-03-11] | CoordinateCleaner QA applied without sea test (validity, equal, zeros, capitals, centroids, gbif, institutions) [2026-04-14] | Corrected elevation values >5000 m by dividing by 10 (assumed digit inflation error) [2026-04-14]","standardize taxonRank column to uppercase / standardized author names in recordedBy","species","E","I. Sánchez Vega J. Cabanillas S."
"27","CPUN2025_0027","PreservedSpecimen","",NA,"CPUN","SPECIES",NA,"Cabanillas-Soriano, J.M.","756",NA,"",NA,"CPUN2025",3,"Begonia heracleifolia",-6.517222222,-78.42611111,"1993-07-21","change1: Parsed DMS/DDM latitude → decimal degrees. | change2: Parsed DMS/DDM longitude → decimal degrees. | change3: Corrected longitude sign for Western Hemisphere (made negative). | change4: Filled coordinateUncertaintyInMeters from decimal-place precision (conservative). | change5: Corrected latitude sign for Southern Hemisphere (validated by country polygon). | epi_taxo: acceptedName(match1); authorship_epig(match1); genus_from_scientificName; family_WFO; order_majorGroup_WCVP [2026-03-11] | CoordinateCleaner QA applied without sea test (validity, equal, zeros, capitals, centroids, gbif, institutions) [2026-04-14] | Corrected elevation values >5000 m by dividing by 10 (assumed digit inflation error) [2026-04-14]","standardize taxonRank column to uppercase / standardized author names in recordedBy","species","","José M. Cabanillas Soriano"
"28","CPUN2025_0028","PreservedSpecimen","",NA,"CPUN","SPECIES",NA,"Sanchez-Vega, I.M. | Briones, A.","5800",NA,"",NA,"CPUN2025",3,"Begonia heracleifolia",NA,NA,"1991-09-14","epi_taxo: acceptedName(match1); authorship_epig(match1); genus_from_scientificName; family_WFO; order_majorGroup_WCVP [2026-03-11] | CoordinateCleaner QA applied without sea test (validity, equal, zeros, capitals, centroids, gbif, institutions) [2026-04-14] | Corrected elevation values >5000 m by dividing by 10 (assumed digit inflation error) [2026-04-14]","standardize taxonRank column to uppercase / standardized author names in recordedBy","species","","I. Sánchez Vega A. Briones"
"29","CPUN2025_0029","PreservedSpecimen","",NA,"CPUN","SPECIES",NA,"Dillon, M.O. | Sanchez-Vega, I.M. | Sanchez-Montoya, M.","6330",NA,"Herb",NA,"CPUN2025",3,"Begonia heracleifolia",-6.490277778,-78.62361111,"1993-04-17","change1: Parsed DMS/DDM latitude → decimal degrees. | change2: Parsed DMS/DDM longitude → decimal degrees. | change3: Corrected longitude sign for Western Hemisphere (made negative). | change4: Filled coordinateUncertaintyInMeters from decimal-place precision (conservative). | change5: Corrected latitude sign for Southern Hemisphere (validated by country polygon). | epi_taxo: acceptedName(match1); authorship_epig(match1); genus_from_scientificName; family_WFO; order_majorGroup_WCVP [2026-03-11] | CoordinateCleaner QA applied without sea test (validity, equal, zeros, capitals, centroids, gbif, institutions) [2026-04-14] | Corrected elevation values >5000 m by dividing by 10 (assumed digit inflation error) [2026-04-14]","standardize taxonRank column to uppercase / standardized author names in recordedBy","species","Herb","M.O. Dillon I. Sánchez Vega M. Sánchez Montoya"
"30","CPUN2025_0030","PreservedSpecimen","",NA,"CPUN","SPECIES",NA,"Sanchez-Vega, I.M. | Dillon, M.O.","8592",NA,"",NA,"CPUN2025",1,"Begonia glabra",-5.7,-77.4,"1996-11-09","change1: Standardized decimalLatitude string → numeric (comma/whitespace normalized). | change2: Parsed DMS/DDM latitude → decimal degrees. | change3: Parsed DMS/DDM longitude → decimal degrees. | change4: Corrected longitude sign for Western Hemisphere (made negative). | change5: Filled coordinateUncertaintyInMeters from decimal-place precision (conservative). | change6: Corrected latitude sign for Southern Hemisphere (validated by country polygon). | epi_taxo: acceptedName(match1); authorship_epig(match1); genus_from_scientificName; family_WFO; order_majorGroup_WCVP [2026-03-11] | CoordinateCleaner QA applied without sea test (validity, equal, zeros, capitals, centroids, gbif, institutions) [2026-04-14] | Corrected elevation values >5000 m by dividing by 10 (assumed digit inflation error) [2026-04-14]","standardize taxonRank column to uppercase / standardized author names in recordedBy","species","","I. Sánchez Vega M.O. Dillon"
"31","CPUN2025_0031","PreservedSpecimen","",NA,"CPUN","SPECIES",NA,"Sanchez-Vega, I.M. | Dillon, M.O.","8386",NA,"Herb",NA,"CPUN2025",1,"Begonia glabra",-5.9,-77.35,"1996-11-01","change1: Standardized decimalLatitude string → numeric (comma/whitespace normalized). | change2: Parsed DMS/DDM latitude → decimal degrees. | change3: Parsed DMS/DDM longitude → decimal degrees. | change4: Corrected longitude sign for Western Hemisphere (made negative). | change5: Filled coordinateUncertaintyInMeters from decimal-place precision (conservative). | change6: Corrected latitude sign for Southern Hemisphere (validated by country polygon). | epi_taxo: acceptedName(match1); authorship_epig(match1); genus_from_scientificName; family_WFO; order_majorGroup_WCVP [2026-03-11] | CoordinateCleaner QA applied without sea test (validity, equal, zeros, capitals, centroids, gbif, institutions) [2026-04-14] | Corrected elevation values >5000 m by dividing by 10 (assumed digit inflation error) [2026-04-14]","standardize taxonRank column to uppercase / standardized author names in recordedBy","species","Herb","I. Sánchez Vega M.O. Dillon"
"32","CPUN2025_0032","PreservedSpecimen","",NA,"CPUN","SPECIES",NA,"Sanchez-Vega, I.M. | Dillon, M.O.","8071",NA,"Herb",NA,"CPUN2025",1,"Begonia glabra",NA,NA,"1995-07-16","epi_taxo: acceptedName(match1); authorship_epig(match1); genus_from_scientificName; family_WFO; order_majorGroup_WCVP [2026-03-11] | CoordinateCleaner QA applied without sea test (validity, equal, zeros, capitals, centroids, gbif, institutions) [2026-04-14] | Corrected elevation values >5000 m by dividing by 10 (assumed digit inflation error) [2026-04-14]","standardize taxonRank column to uppercase / standardized author names in recordedBy","species","Herb","I. Sánchez Vega M.O. Dillon"
"33","CPUN2025_0033","PreservedSpecimen","",NA,"CPUN","SPECIES",NA,"Sanchez-Vega, I.M.","4423",NA,"E",NA,"CPUN2025",1,"Guzmania morreniana",NA,NA,"1987-05-08","epi_taxo: acceptedName(match1); authorship_epig(match1); genus_from_scientificName; family_WFO; order_majorGroup_WCVP [2026-03-11] | CoordinateCleaner QA applied without sea test (validity, equal, zeros, capitals, centroids, gbif, institutions) [2026-04-14] | Corrected elevation values >5000 m by dividing by 10 (assumed digit inflation error) [2026-04-14]","standardize taxonRank column to uppercase / standardized author names in recordedBy","species","E","I. Sánchez Vega"
"34","CPUN2025_0034","PreservedSpecimen","",NA,"CPUN","SPECIES",NA,"Sanchez-Vega, I.M. | Dillon, M.O. | Zapata-Cruz, M.","9350",NA,"E",NA,"CPUN2025",1,"Guzmania retusa",-5.633333333,-77.61666667,"1998-06-16","change1: Standardized decimalLongitude string → numeric (comma/whitespace normalized). | change2: Parsed DMS/DDM latitude → decimal degrees. | change3: Parsed DMS/DDM longitude → decimal degrees. | change4: Corrected longitude sign for Western Hemisphere (made negative). | change5: Filled coordinateUncertaintyInMeters from decimal-place precision (conservative). | change6: Corrected latitude sign for Southern Hemisphere (validated by country polygon). | epi_taxo: acceptedName(match1); authorship_epig(match1); genus_from_scientificName; family_WFO; order_majorGroup_WCVP [2026-03-11] | CoordinateCleaner QA applied without sea test (validity, equal, zeros, capitals, centroids, gbif, institutions) [2026-04-14] | Corrected elevation values >5000 m by dividing by 10 (assumed digit inflation error) [2026-04-14]","standardize taxonRank column to uppercase / standardized author names in recordedBy","species","E","I. Sánchez Vega M.O. Dillon M. Zapata"
"35","CPUN2025_0035","PreservedSpecimen","",NA,"CPUN","SPECIES",NA,"Sanchez-Vega, I.M. | Marcelo-Pena, L. | Diaz-Miranda, W.","12616",NA,"",NA,"CPUN2025",3,"Pitcairnia heterophylla",NA,NA,"2004-03-26","epi_taxo: acceptedName(match1); authorship_epig(match1); genus_from_scientificName; family_WFO; order_majorGroup_WCVP [2026-03-11] | CoordinateCleaner QA applied without sea test (validity, equal, zeros, capitals, centroids, gbif, institutions) [2026-04-14] | Corrected elevation values >5000 m by dividing by 10 (assumed digit inflation error) [2026-04-14]","standardize taxonRank column to uppercase / standardized author names in recordedBy","species","","I. Sánchez Vega L. Marcelo Peña Wi. Díaz Miranda"
"36","CPUN2025_0036","PreservedSpecimen","",NA,"CPUN","SPECIES",NA,"Sanchez-Vega, J.G.","219",NA,"Herb",NA,"CPUN2025",0,"",NA,NA,"1987-02-21","epi_taxo: acceptedName(match1); authorship_epig(match1); genus_from_scientificName; family_WFO; order_majorGroup_WCVP [2026-03-11] | CoordinateCleaner QA applied without sea test (validity, equal, zeros, capitals, centroids, gbif, institutions) [2026-04-14] | Corrected elevation values >5000 m by dividing by 10 (assumed digit inflation error) [2026-04-14]","standardize taxonRank column to uppercase / standardized author names in recordedBy","species","Herb","J. G. Sánchez V."
"37","CPUN2025_0037","PreservedSpecimen","",NA,"CPUN","SPECIES",NA,"Sanchez-Vega, J.G. | Ruiz-Vigo, W. | Cabanillas-Soriano, J.M.","2237",NA,"Herb",NA,"CPUN2025",0,"",NA,NA,"1978-08-05","epi_taxo: acceptedName(match1); authorship_epig(match1); genus_from_scientificName; family_WFO; order_majorGroup_WCVP [2026-03-11] | CoordinateCleaner QA applied without sea test (validity, equal, zeros, capitals, centroids, gbif, institutions) [2026-04-14] | Corrected elevation values >5000 m by dividing by 10 (assumed digit inflation error) [2026-04-14]","standardize taxonRank column to uppercase / standardized author names in recordedBy","species","Herb","J. G. Sánchez V. W. Ruiz Vigo J. Cabanillas"
"38","CPUN2025_0038","PreservedSpecimen","",NA,"CPUN","SPECIES",NA,"Sanchez-Vega, I.M.","2323",NA,"Shrub",NA,"CPUN2025",0,"",NA,NA,"1980-06-19","epi_taxo: acceptedName(match1); authorship_epig(match1); genus_from_scientificName; family_WFO; order_majorGroup_WCVP [2026-03-11] | CoordinateCleaner QA applied without sea test (validity, equal, zeros, capitals, centroids, gbif, institutions) [2026-04-14] | Corrected elevation values >5000 m by dividing by 10 (assumed digit inflation error) [2026-04-14]","standardize taxonRank column to uppercase / converted lifeForm values to english equivalents / standardized author names in recordedBy","species","Arbusto","I. Sánchez Vega"
"39","CPUN2025_0039","PreservedSpecimen","",NA,"CPUN","SPECIES",NA,"Cabanillas-Soriano, J.M.","1000",NA,"",NA,"CPUN2025",0,"",NA,NA,"1996-10-10","epi_taxo: acceptedName(match1); authorship_epig(match1); genus_from_scientificName; family_WFO; order_majorGroup_WCVP [2026-03-11] | CoordinateCleaner QA applied without sea test (validity, equal, zeros, capitals, centroids, gbif, institutions) [2026-04-14] | Corrected elevation values >5000 m by dividing by 10 (assumed digit inflation error) [2026-04-14]","standardize taxonRank column to uppercase / standardized author names in recordedBy","species","","J. Cabanillas S."
"40","CPUN2025_0040","PreservedSpecimen","",NA,"CPUN","SPECIES",NA,"Sanchez-Vega, I.M. | Diaz-Miranda, W.","12529",NA,"",NA,"CPUN2025",0,"",7.024722222,NA,"2004-01-16","change1: Parsed DMS/DDM latitude → decimal degrees. | change2: Filled coordinateUncertaintyInMeters from decimal-place precision (conservative). | epi_taxo: acceptedName(match1); authorship_epig(match1); genus_from_scientificName; family_WFO; order_majorGroup_WCVP [2026-03-11] | CoordinateCleaner QA applied without sea test (validity, equal, zeros, capitals, centroids, gbif, institutions) [2026-04-14] | Corrected elevation values >5000 m by dividing by 10 (assumed digit inflation error) [2026-04-14]","standardize taxonRank column to uppercase / standardized author names in recordedBy","species","","I. Sánchez Vega W. Díaz Miranda"
"41","CPUN2025_0041","PreservedSpecimen","",NA,"CPUN","SPECIES",NA,"Garcia-Llatas, L.","9628",NA,"",NA,"CPUN2025",0,"",NA,NA,"2013-02-22","epi_taxo: acceptedName(match1); authorship_epig(match1); genus_from_scientificName; family_WFO; order_majorGroup_WCVP [2026-03-11] | CoordinateCleaner QA applied without sea test (validity, equal, zeros, capitals, centroids, gbif, institutions) [2026-04-14] | Corrected elevation values >5000 m by dividing by 10 (assumed digit inflation error) [2026-04-14]","standardize taxonRank column to uppercase / standardized author names in recordedBy","species","","L. García Llatas"
"42","CPUN2025_0042","PreservedSpecimen","",NA,"CPUN","SPECIES",NA,"Sanchez-Vega, I.M. | Ruiz-Vigo, W.M. Malpica R.","924",NA,"",NA,"CPUN2025",0,"",NA,NA,"1972-05-06","epi_taxo: acceptedName(match1); authorship_epig(match1); genus_from_scientificName; family_WFO; order_majorGroup_WCVP [2026-03-11] | CoordinateCleaner QA applied without sea test (validity, equal, zeros, capitals, centroids, gbif, institutions) [2026-04-14] | Corrected elevation values >5000 m by dividing by 10 (assumed digit inflation error) [2026-04-14]","standardize taxonRank column to uppercase / standardized author names in recordedBy","species","","I. Sánchez Vega W. Ruiz Vigo M. Malpica R."
"43","CPUN2025_0043","PreservedSpecimen","",NA,"CPUN","SPECIES",NA,"Sanchez-Vega, I.M.","3814",NA,"E",NA,"CPUN2025",1,"Racinaea diffusa",NA,NA,"1985-05-01","epi_taxo: acceptedName(match1); authorship_epig(match1); genus_from_scientificName; family_WFO; order_majorGroup_WCVP [2026-03-11] | CoordinateCleaner QA applied without sea test (validity, equal, zeros, capitals, centroids, gbif, institutions) [2026-04-14] | Corrected elevation values >5000 m by dividing by 10 (assumed digit inflation error) [2026-04-14]","standardize taxonRank column to uppercase / standardized author names in recordedBy","species","E","I. Sánchez Vega"
"44","CPUN2025_0044","PreservedSpecimen","",NA,"CPUN","SPECIES",NA,"Sanchez-Vega, I.M.","67",NA,"E",NA,"CPUN2025",1,"Racinaea diffusa",NA,NA,"1965-05-23","epi_taxo: acceptedName(match1); authorship_epig(match1); genus_from_scientificName; family_WFO; order_majorGroup_WCVP [2026-03-11] | CoordinateCleaner QA applied without sea test (validity, equal, zeros, capitals, centroids, gbif, institutions) [2026-04-14] | Corrected elevation values >5000 m by dividing by 10 (assumed digit inflation error) [2026-04-14]","standardize taxonRank column to uppercase / standardized author names in recordedBy","species","E","I. Sánchez V."
"45","CPUN2025_0045","PreservedSpecimen","",NA,"CPUN","SPECIES",NA,"Sanchez-Vega, I.M.","3864",NA,"E",NA,"CPUN2025",1,"Racinaea multiflora",NA,NA,"1985-07-13","epi_taxo: acceptedName(match1); authorship_epig(match1); genus_from_scientificName; family_WFO; order_majorGroup_WCVP [2026-03-11] | CoordinateCleaner QA applied without sea test (validity, equal, zeros, capitals, centroids, gbif, institutions) [2026-04-14] | Corrected elevation values >5000 m by dividing by 10 (assumed digit inflation error) [2026-04-14]","standardize taxonRank column to uppercase / standardized author names in recordedBy","species","E","I. Sánchez Vega"
"46","CPUN2025_0046","PreservedSpecimen","",NA,"CPUN","SPECIES",NA,"Sanchez-Vega, I.M. | Montoya-Q, J. | Cueva-R, R.","14010",NA,"E",NA,"CPUN2025",1,"Tillandsia cacticola",779274,-9203960,"2009-08-27","change1: Corrected longitude sign for Western Hemisphere (made negative). | change2: Filled coordinateUncertaintyInMeters from decimal-place precision (conservative). | epi_taxo: acceptedName(match1); authorship_epig(match1); genus_from_scientificName; family_WFO; order_majorGroup_WCVP [2026-03-11] | CoordinateCleaner QA applied without sea test (validity, equal, zeros, capitals, centroids, gbif, institutions) [2026-04-14] | Corrected elevation values >5000 m by dividing by 10 (assumed digit inflation error) [2026-04-14]","standardize taxonRank column to uppercase / standardized author names in recordedBy","species","E","I. Sánchez Vega J. Montoya Q. R. Cueva R."
"47","CPUN2025_0047","PreservedSpecimen","",NA,"CPUN","SPECIES",NA,"Sanchez-Vega, I.M.","26",NA,"E",NA,"CPUN2025",1,"Tillandsia cacticola",NA,NA,"1964-10-17","epi_taxo: acceptedName(match1); authorship_epig(match1); genus_from_scientificName; family_WFO; order_majorGroup_WCVP [2026-03-11] | CoordinateCleaner QA applied without sea test (validity, equal, zeros, capitals, centroids, gbif, institutions) [2026-04-14] | Corrected elevation values >5000 m by dividing by 10 (assumed digit inflation error) [2026-04-14]","standardize taxonRank column to uppercase / standardized author names in recordedBy","species","E","I. Sánchez V."
"48","CPUN2025_0048","PreservedSpecimen","",NA,"CPUN","SPECIES",NA,"Sanchez-Vega, I.M. | Becerra-T, S.","122",NA,"E",NA,"CPUN2025",1,"Tillandsia cacticola",NA,NA,"1965-10-05","epi_taxo: acceptedName(match1); authorship_epig(match1); genus_from_scientificName; family_WFO; order_majorGroup_WCVP [2026-03-11] | CoordinateCleaner QA applied without sea test (validity, equal, zeros, capitals, centroids, gbif, institutions) [2026-04-14] | Corrected elevation values >5000 m by dividing by 10 (assumed digit inflation error) [2026-04-14]","standardize taxonRank column to uppercase / standardized author names in recordedBy","species","E","I. Sánchez V S. Becerra T."
"49","CPUN2025_0049","PreservedSpecimen","",NA,"CPUN","SPECIES",NA,"Sanchez-Vega, I.M. | Sanchez-M, R.","14972",NA,"E",NA,"CPUN2025",1,"Tillandsia capillaris",NA,NA,"2013-04-28","epi_taxo: acceptedName(match1); authorship_epig(match1); genus_from_scientificName; family_WFO; order_majorGroup_WCVP [2026-03-11] | CoordinateCleaner QA applied without sea test (validity, equal, zeros, capitals, centroids, gbif, institutions) [2026-04-14] | Corrected elevation values >5000 m by dividing by 10 (assumed digit inflation error) [2026-04-14]","standardize taxonRank column to uppercase / standardized author names in recordedBy","species","E","I. Sánchez Vega Raquel Sánchez M."
"50","CPUN2025_0050","PreservedSpecimen","",NA,"CPUN","SPECIES",NA,"Sanchez-Vega, I.M. | Becerra-T, S.","120",NA,"E",NA,"CPUN2025",1,"Tillandsia capillaris",NA,NA,"1965-10-05","epi_taxo: acceptedName(match1); authorship_epig(match1); genus_from_scientificName; family_WFO; order_majorGroup_WCVP [2026-03-11] | CoordinateCleaner QA applied without sea test (validity, equal, zeros, capitals, centroids, gbif, institutions) [2026-04-14] | Corrected elevation values >5000 m by dividing by 10 (assumed digit inflation error) [2026-04-14]","standardize taxonRank column to uppercase / standardized author names in recordedBy","species","E","I. Sánchez V. S. Becerra T."
"51","CPUN2025_0051","PreservedSpecimen","",NA,"CPUN","SPECIES",NA,"Sanchez-Vega, I.M.","826",NA,"E",NA,"CPUN2025",1,"Tillandsia cerrateana",NA,NA,"1971-09-04","epi_taxo: acceptedName(match1); authorship_epig(match1); genus_from_scientificName; family_WFO; order_majorGroup_WCVP [2026-03-11] | CoordinateCleaner QA applied without sea test (validity, equal, zeros, capitals, centroids, gbif, institutions) [2026-04-14] | Corrected elevation values >5000 m by dividing by 10 (assumed digit inflation error) [2026-04-14]","standardize taxonRank column to uppercase / standardized author names in recordedBy","species","E","I. Sánchez Vega"
"52","CPUN2025_0052","PreservedSpecimen","",NA,"CPUN","SPECIES",NA,"Iberico-Vela, G. | Davila-E, Luis. | Chavez-Santa Cruz, A.","856",NA,"E",NA,"CPUN2025",1,"Tillandsia complanata",7331647,-9246230,"2004-07-24","change1: Corrected longitude sign for Western Hemisphere (made negative). | change2: Filled coordinateUncertaintyInMeters from decimal-place precision (conservative). | epi_taxo: acceptedName(match1); authorship_epig(match1); genus_from_scientificName; family_WFO; order_majorGroup_WCVP [2026-03-11] | CoordinateCleaner QA applied without sea test (validity, equal, zeros, capitals, centroids, gbif, institutions) [2026-04-14] | Corrected elevation values >5000 m by dividing by 10 (assumed digit inflation error) [2026-04-14]","standardize taxonRank column to uppercase / standardized author names in recordedBy","species","E","G. Iberico Vela Luis Dávila E. A. Chávez Sta. Cruz."
"53","CPUN2025_0053","PreservedSpecimen","",NA,"CPUN","SPECIES",NA,"Sanchez-Vega, I.M.","4411",NA,"E",NA,"CPUN2025",1,"Tillandsia complanata",NA,NA,"1987-05-08","epi_taxo: acceptedName(match1); authorship_epig(match1); genus_from_scientificName; family_WFO; order_majorGroup_WCVP [2026-03-11] | CoordinateCleaner QA applied without sea test (validity, equal, zeros, capitals, centroids, gbif, institutions) [2026-04-14] | Corrected elevation values >5000 m by dividing by 10 (assumed digit inflation error) [2026-04-14]","standardize taxonRank column to uppercase / standardized author names in recordedBy","species","E","I. Sánchez Vega"
"54","CPUN2025_0054","PreservedSpecimen","",NA,"CPUN","SPECIES",NA,"Sanchez-Vega, I.M.","4850",NA,"Herb",NA,"CPUN2025",1,"Tillandsia disticha",NA,NA,"1988-06-23","epi_taxo: acceptedName(match1); authorship_epig(match1); genus_from_scientificName; family_WFO; order_majorGroup_WCVP [2026-03-11] | CoordinateCleaner QA applied without sea test (validity, equal, zeros, capitals, centroids, gbif, institutions) [2026-04-14] | Corrected elevation values >5000 m by dividing by 10 (assumed digit inflation error) [2026-04-14]","standardize taxonRank column to uppercase / standardized author names in recordedBy","species","Herb","I. Sanchez Vega"
"55","CPUN2025_0055","PreservedSpecimen","",NA,"CPUN","SPECIES",NA,"Dillon, M.O. | Sanchez-Vega, I.M.","6313",NA,"E",NA,"CPUN2025",1,"Tillandsia disticha",-5.4,-79.6,"1991-07-22","change1: Parsed DMS/DDM latitude → decimal degrees. | change2: Parsed DMS/DDM longitude → decimal degrees. | change3: Corrected longitude sign for Western Hemisphere (made negative). | change4: Filled coordinateUncertaintyInMeters from decimal-place precision (conservative). | change5: Corrected latitude sign for Southern Hemisphere (validated by country polygon). | epi_taxo: acceptedName(match1); authorship_epig(match1); genus_from_scientificName; family_WFO; order_majorGroup_WCVP [2026-03-11] | CoordinateCleaner QA applied without sea test (validity, equal, zeros, capitals, centroids, gbif, institutions) [2026-04-14] | Corrected elevation values >5000 m by dividing by 10 (assumed digit inflation error) [2026-04-14]","standardize taxonRank column to uppercase / standardized author names in recordedBy","species","E","M.O. Dillon I. Sánchez V."
"56","CPUN2025_0056","PreservedSpecimen","",NA,"CPUN","SPECIES",NA,"Sanchez-Vega, I.M. | Sanchez-Vega, J.G. | Cabanillas-Soriano, J.M.","4004",NA,"E",NA,"CPUN2025",1,"Tillandsia floribunda",NA,NA,"1983-06-07","epi_taxo: acceptedName(match1); authorship_epig(match1); genus_from_scientificName; family_WFO; order_majorGroup_WCVP [2026-03-11] | CoordinateCleaner QA applied without sea test (validity, equal, zeros, capitals, centroids, gbif, institutions) [2026-04-14] | Corrected elevation values >5000 m by dividing by 10 (assumed digit inflation error) [2026-04-14]","standardize taxonRank column to uppercase / standardized author names in recordedBy","species","E","I. Sánchez V. J. Sánchez Vega J. Cabanillas"
"57","CPUN2025_0057","PreservedSpecimen","",NA,"CPUN","SPECIES",NA,"Smith, D.N. | Buddensiek, M. | Valencia, R.","11710",NA,"Lithophyte",NA,"CPUN2025",1,"Tillandsia humilis",-9.316666667,-77.46666667,"1985-10-04","change1: Parsed DMS/DDM latitude → decimal degrees. | change2: Parsed DMS/DDM longitude → decimal degrees. | change3: Corrected longitude sign for Western Hemisphere (made negative). | change4: Filled coordinateUncertaintyInMeters from decimal-place precision (conservative). | change5: Corrected latitude sign for Southern Hemisphere (validated by country polygon). | epi_taxo: acceptedName(match1); authorship_epig(match1); genus_from_scientificName; family_WFO; order_majorGroup_WCVP [2026-03-11] | CoordinateCleaner QA applied without sea test (validity, equal, zeros, capitals, centroids, gbif, institutions) [2026-04-14] | Corrected elevation values >5000 m by dividing by 10 (assumed digit inflation error) [2026-04-14]","standardize taxonRank column to uppercase / standardized author names in recordedBy","species","Lithophyte","D.N. Smith M. Buddensiek R. Valencia"
"58","CPUN2025_0058","PreservedSpecimen","",NA,"CPUN","SPECIES",NA,"Sanchez-Vega, I.M.","3859",NA,"Herb",NA,"CPUN2025",1,"Tillandsia humilis",NA,NA,"1985-06-02","epi_taxo: acceptedName(match1); authorship_epig(match1); genus_from_scientificName; family_WFO; order_majorGroup_WCVP [2026-03-11] | CoordinateCleaner QA applied without sea test (validity, equal, zeros, capitals, centroids, gbif, institutions) [2026-04-14] | Corrected elevation values >5000 m by dividing by 10 (assumed digit inflation error) [2026-04-14]","standardize taxonRank column to uppercase / standardized author names in recordedBy","species","Herb","I. Sánchez Vega"
"59","CPUN2025_0059","PreservedSpecimen","",NA,"CPUN","SPECIES",NA,"Sanchez-Vega, I.M.","3834",NA,"Herb",NA,"CPUN2025",1,"Tillandsia humilis",NA,NA,"1985-05-11","epi_taxo: acceptedName(match1); authorship_epig(match1); genus_from_scientificName; family_WFO; order_majorGroup_WCVP [2026-03-11] | CoordinateCleaner QA applied without sea test (validity, equal, zeros, capitals, centroids, gbif, institutions) [2026-04-14] | Corrected elevation values >5000 m by dividing by 10 (assumed digit inflation error) [2026-04-14]","standardize taxonRank column to uppercase / standardized author names in recordedBy","species","Herb","I. Sanchez Vega"
"60","CPUN2025_0060","PreservedSpecimen","",NA,"CPUN","SPECIES",NA,"Sanchez-Vega, I.M.","3666",NA,"E",NA,"CPUN2025",1,"Tillandsia humilis",NA,NA,"1985-01-27","epi_taxo: acceptedName(match1); authorship_epig(match1); genus_from_scientificName; family_WFO; order_majorGroup_WCVP [2026-03-11] | CoordinateCleaner QA applied without sea test (validity, equal, zeros, capitals, centroids, gbif, institutions) [2026-04-14] | Corrected elevation values >5000 m by dividing by 10 (assumed digit inflation error) [2026-04-14]","standardize taxonRank column to uppercase / standardized author names in recordedBy","species","E","I. sánchez Vega"
"61","CPUN2025_0061","PreservedSpecimen","",NA,"CPUN","SPECIES",NA,"Sanchez-Vega, I.M. | Sanchez-V, J.","1540",NA,"E",NA,"CPUN2025",1,"Tillandsia humilis",NA,NA,"1975-06-10","epi_taxo: acceptedName(match1); authorship_epig(match1); genus_from_scientificName; family_WFO; order_majorGroup_WCVP [2026-03-11] | CoordinateCleaner QA applied without sea test (validity, equal, zeros, capitals, centroids, gbif, institutions) [2026-04-14] | Corrected elevation values >5000 m by dividing by 10 (assumed digit inflation error) [2026-04-14]","standardize taxonRank column to uppercase / standardized author names in recordedBy","species","E","I. Sánchez Vega J. Sánchez V."
"62","CPUN2025_0062","PreservedSpecimen","",NA,"CPUN","SPECIES",NA,"Sanchez-Vega, I.M.","218",NA,"Herb",NA,"CPUN2025",1,"Tillandsia humilis",NA,NA,"1966-04-26","epi_taxo: acceptedName(match1); authorship_epig(match1); genus_from_scientificName; family_WFO; order_majorGroup_WCVP [2026-03-11] | CoordinateCleaner QA applied without sea test (validity, equal, zeros, capitals, centroids, gbif, institutions) [2026-04-14] | Corrected elevation values >5000 m by dividing by 10 (assumed digit inflation error) [2026-04-14]","standardize taxonRank column to uppercase / standardized author names in recordedBy","species","Herb","I. Sánchez Vega"
"63","CPUN2025_0063","PreservedSpecimen","",NA,"CPUN","SPECIES",NA,"Smith, D.N. | Valencia, R. | Gonzales, A.","10448",NA,"E",NA,"CPUN2025",1,"Tillandsia ionochroma",-9,-77.56666667,"1985-04-19","change1: Parsed DMS/DDM latitude → decimal degrees. | change2: Parsed DMS/DDM longitude → decimal degrees. | change3: Corrected longitude sign for Western Hemisphere (made negative). | change4: Filled coordinateUncertaintyInMeters from decimal-place precision (conservative). | change5: Corrected latitude sign for Southern Hemisphere (validated by country polygon). | epi_taxo: acceptedName(match1); authorship_epig(match1); genus_from_scientificName; family_WFO; order_majorGroup_WCVP [2026-03-11] | CoordinateCleaner QA applied without sea test (validity, equal, zeros, capitals, centroids, gbif, institutions) [2026-04-14] | Corrected elevation values >5000 m by dividing by 10 (assumed digit inflation error) [2026-04-14]","standardize taxonRank column to uppercase / standardized author names in recordedBy","species","E","D. N. Smith R. Valencia Alfredo Gonzales"
"64","CPUN2025_0064","PreservedSpecimen","",NA,"CPUN","SPECIES",NA,"Sanchez-Vega, I.M.","3815",NA,"E",NA,"CPUN2025",1,"Tillandsia latifolia",NA,NA,"1985-05-01","epi_taxo: acceptedName(match1); authorship_epig(match1); genus_from_scientificName; family_WFO; order_majorGroup_WCVP [2026-03-11] | CoordinateCleaner QA applied without sea test (validity, equal, zeros, capitals, centroids, gbif, institutions) [2026-04-14] | Corrected elevation values >5000 m by dividing by 10 (assumed digit inflation error) [2026-04-14]","standardize taxonRank column to uppercase / standardized author names in recordedBy","species","E","I. Sánchez Vega"
"65","CPUN2025_0065","PreservedSpecimen","",NA,"CPUN","SPECIES",NA,"Sanchez-Vega, I.M.","3863",NA,"Herb",NA,"CPUN2025",1,"Tillandsia latifolia",NA,NA,"1985-07-05","epi_taxo: acceptedName(match1); authorship_epig(match1); genus_from_scientificName; family_WFO; order_majorGroup_WCVP [2026-03-11] | CoordinateCleaner QA applied without sea test (validity, equal, zeros, capitals, centroids, gbif, institutions) [2026-04-14] | Corrected elevation values >5000 m by dividing by 10 (assumed digit inflation error) [2026-04-14]","standardize taxonRank column to uppercase / standardized author names in recordedBy","species","Herb","I. Sanchez Vega"
"66","CPUN2025_0066","PreservedSpecimen","",NA,"CPUN","SPECIES",NA,"Sanchez-Vega, I.M.","230",NA,"E",NA,"CPUN2025",1,"Tillandsia latifolia",NA,NA,"1966-06-06","epi_taxo: acceptedName(match1); authorship_epig(match1); genus_from_scientificName; family_WFO; order_majorGroup_WCVP [2026-03-11] | CoordinateCleaner QA applied without sea test (validity, equal, zeros, capitals, centroids, gbif, institutions) [2026-04-14] | Corrected elevation values >5000 m by dividing by 10 (assumed digit inflation error) [2026-04-14]","standardize taxonRank column to uppercase / standardized author names in recordedBy","species","E","I. Sánchez Vega"
"67","CPUN2025_0067","PreservedSpecimen","",NA,"CPUN","SPECIES",NA,"Sanchez-Vega, I.M.","68",NA,"E",NA,"CPUN2025",1,"Tillandsia latifolia",NA,NA,"1965-05-23","epi_taxo: acceptedName(match1); authorship_epig(match1); genus_from_scientificName; family_WFO; order_majorGroup_WCVP [2026-03-11] | CoordinateCleaner QA applied without sea test (validity, equal, zeros, capitals, centroids, gbif, institutions) [2026-04-14] | Corrected elevation values >5000 m by dividing by 10 (assumed digit inflation error) [2026-04-14]","standardize taxonRank column to uppercase / standardized author names in recordedBy","species","E","I. Sánchez V."
"68","CPUN2025_0068","PreservedSpecimen","",NA,"CPUN","SPECIES",NA,"Dillon, M.O. | Sanchez-Vega, I.M.","6314",NA,"E",NA,"CPUN2025",1,"Racinaea multiflora",-5.4,-79.6,"1991-07-22","change1: Parsed DMS/DDM latitude → decimal degrees. | change2: Parsed DMS/DDM longitude → decimal degrees. | change3: Corrected longitude sign for Western Hemisphere (made negative). | change4: Filled coordinateUncertaintyInMeters from decimal-place precision (conservative). | change5: Corrected latitude sign for Southern Hemisphere (validated by country polygon). | epi_taxo: acceptedName(match1); authorship_epig(match1); genus_from_scientificName; family_WFO; order_majorGroup_WCVP [2026-03-11] | CoordinateCleaner QA applied without sea test (validity, equal, zeros, capitals, centroids, gbif, institutions) [2026-04-14] | Corrected elevation values >5000 m by dividing by 10 (assumed digit inflation error) [2026-04-14]","standardize taxonRank column to uppercase / standardized author names in recordedBy","species","E","M.O. Dillon I. Sánchez V."
"69","CPUN2025_0069","PreservedSpecimen","",NA,"CPUN","SPECIES",NA,"Sanchez-Vega, I.M.","29",NA,"Herb",NA,"CPUN2025",1,"Racinaea multiflora",NA,NA,"1964-08-15","epi_taxo: acceptedName(match1); authorship_epig(match1); genus_from_scientificName; family_WFO; order_majorGroup_WCVP [2026-03-11] | CoordinateCleaner QA applied without sea test (validity, equal, zeros, capitals, centroids, gbif, institutions) [2026-04-14] | Corrected elevation values >5000 m by dividing by 10 (assumed digit inflation error) [2026-04-14]","standardize taxonRank column to uppercase / standardized author names in recordedBy","species","Herb","I. Sánchez V."
"70","CPUN2025_0070","PreservedSpecimen","",NA,"CPUN","SPECIES",NA,"Sanchez-Vega, I.M.","3870",NA,"E",NA,"CPUN2025",1,"Racinaea multiflora",NA,NA,"1985-07-13","epi_taxo: acceptedName(match1); authorship_epig(match1); genus_from_scientificName; family_WFO; order_majorGroup_WCVP [2026-03-11] | CoordinateCleaner QA applied without sea test (validity, equal, zeros, capitals, centroids, gbif, institutions) [2026-04-14] | Corrected elevation values >5000 m by dividing by 10 (assumed digit inflation error) [2026-04-14]","standardize taxonRank column to uppercase / standardized author names in recordedBy","species","E","I. Sánchez Vega"
"71","CPUN2025_0071","PreservedSpecimen","",NA,"CPUN","SPECIES",NA,"Sanchez-Vega, J.G.","522",NA,"E",NA,"CPUN2025",1,"Tillandsia sagasteguii",NA,NA,"1989-06-10","epi_taxo: acceptedName(match1); authorship_epig(match1); genus_from_scientificName; family_WFO; order_majorGroup_WCVP [2026-03-11] | CoordinateCleaner QA applied without sea test (validity, equal, zeros, capitals, centroids, gbif, institutions) [2026-04-14] | Corrected elevation values >5000 m by dividing by 10 (assumed digit inflation error) [2026-04-14]","standardize taxonRank column to uppercase / standardized author names in recordedBy","species","E","J. Sánchez Vega"
"72","CPUN2025_0072","PreservedSpecimen","",NA,"CPUN","SPECIES",NA,"Sanchez-Vega, J.G.","764",NA,"E",NA,"CPUN2025",1,"Tillandsia sagasteguii",NA,NA,"1993-06-20","epi_taxo: acceptedName(match1); authorship_epig(match1); genus_from_scientificName; family_WFO; order_majorGroup_WCVP [2026-03-11] | CoordinateCleaner QA applied without sea test (validity, equal, zeros, capitals, centroids, gbif, institutions) [2026-04-14] | Corrected elevation values >5000 m by dividing by 10 (assumed digit inflation error) [2026-04-14]","standardize taxonRank column to uppercase / standardized author names in recordedBy","species","E","J. Sánchez Vega"
"73","CPUN2025_0073","PreservedSpecimen","",NA,"CPUN","SPECIES",NA,"Sanchez-Vega, I.M. | Cordova, A.","12436",NA,"E",NA,"CPUN2025",1,"Tillandsia stenoura",NA,NA,"2003-10-28","epi_taxo: acceptedName(match1); authorship_epig(match1); genus_from_scientificName; family_WFO; order_majorGroup_WCVP [2026-03-11] | CoordinateCleaner QA applied without sea test (validity, equal, zeros, capitals, centroids, gbif, institutions) [2026-04-14] | Corrected elevation values >5000 m by dividing by 10 (assumed digit inflation error) [2026-04-14]","standardize taxonRank column to uppercase / standardized author names in recordedBy","species","E","I. Sánchez Vega Alonso Córdova"
"74","CPUN2025_0074","PreservedSpecimen","",NA,"CPUN","SPECIES",NA,"Sanchez-Vega, I.M.","4178",NA,"E",NA,"CPUN2025",1,"Tillandsia stenoura",NA,NA,"1986-10-19","epi_taxo: acceptedName(match1); authorship_epig(match1); genus_from_scientificName; family_WFO; order_majorGroup_WCVP [2026-03-11] | CoordinateCleaner QA applied without sea test (validity, equal, zeros, capitals, centroids, gbif, institutions) [2026-04-14] | Corrected elevation values >5000 m by dividing by 10 (assumed digit inflation error) [2026-04-14]","standardize taxonRank column to uppercase / standardized author names in recordedBy","species","E","I. Sánchez Vega."
"75","CPUN2025_0075","PreservedSpecimen","",NA,"CPUN","SPECIES",NA,"Sanchez-Vega, I.M. | Sanchez-Montoya, M.","11079",NA,"E",NA,"CPUN2025",1,"Tillandsia straminea",NA,NA,"2001-10-07","epi_taxo: acceptedName(match1); authorship_epig(match1); genus_from_scientificName; family_WFO; order_majorGroup_WCVP [2026-03-11] | CoordinateCleaner QA applied without sea test (validity, equal, zeros, capitals, centroids, gbif, institutions) [2026-04-14] | Corrected elevation values >5000 m by dividing by 10 (assumed digit inflation error) [2026-04-14]","standardize taxonRank column to uppercase / standardized author names in recordedBy","species","E","I. Sánchez Vega M. Sánchez Montoya"
"76","CPUN2025_0076","PreservedSpecimen","",NA,"CPUN","SPECIES",NA,"Sanchez-Vega, I.M. | Diaz-Miranda, W.","11694",NA,"E",NA,"CPUN2025",1,"Tillandsia straminea",NA,NA,"2002-09-26","epi_taxo: acceptedName(match1); authorship_epig(match1); genus_from_scientificName; family_WFO; order_majorGroup_WCVP [2026-03-11] | CoordinateCleaner QA applied without sea test (validity, equal, zeros, capitals, centroids, gbif, institutions) [2026-04-14] | Corrected elevation values >5000 m by dividing by 10 (assumed digit inflation error) [2026-04-14]","standardize taxonRank column to uppercase / standardized author names in recordedBy","species","E","I. Sánchez Vega W. Díaz Miranda"
"77","CPUN2025_0077","PreservedSpecimen","",NA,"CPUN","SPECIES",NA,"Sanchez-Vega, I.M. | Sanchez-Montoya, M. | Miranda-Leiva, A.","11671",NA,"E",NA,"CPUN2025",1,"Tillandsia straminea",-5.688611111,-79.25194444,"2002-09-02","change1: Parsed DMS/DDM latitude → decimal degrees. | change2: Parsed DMS/DDM longitude → decimal degrees. | change3: Corrected longitude sign for Western Hemisphere (made negative). | change4: Filled coordinateUncertaintyInMeters from decimal-place precision (conservative). | change5: Corrected latitude sign for Southern Hemisphere (validated by country polygon). | epi_taxo: acceptedName(match1); authorship_epig(match1); genus_from_scientificName; family_WFO; order_majorGroup_WCVP [2026-03-11] | CoordinateCleaner QA applied without sea test (validity, equal, zeros, capitals, centroids, gbif, institutions) [2026-04-14] | Corrected elevation values >5000 m by dividing by 10 (assumed digit inflation error) [2026-04-14]","standardize taxonRank column to uppercase / standardized author names in recordedBy","species","E","I. Sánchez Vega M Sánchez M. A. Miranda L."
"78","CPUN2025_0078","PreservedSpecimen","",NA,"CPUN","SPECIES",NA,"Sanchez-Vega, I.M. | Sagastegui-Alva, A.","4438",NA,"Herb",NA,"CPUN2025",1,"Tillandsia tovarensis",NA,NA,"1987-06-26","epi_taxo: acceptedName(match1); authorship_epig(match1); genus_from_scientificName; family_WFO; order_majorGroup_WCVP [2026-03-11] | CoordinateCleaner QA applied without sea test (validity, equal, zeros, capitals, centroids, gbif, institutions) [2026-04-14] | Corrected elevation values >5000 m by dividing by 10 (assumed digit inflation error) [2026-04-14]","standardize taxonRank column to uppercase / standardized author names in recordedBy","species","Herb","I. Sánchez Vega A. Sagástegui Alva"
"79","CPUN2025_0079","PreservedSpecimen","",NA,"CPUN","SPECIES",NA,"Sanchez-Vega, I.M. | Dillon, M.O.","9075",NA,"E",NA,"CPUN2025",1,"Tillandsia tovarensis",-6.4,-77.93333333,"1997-07-01","change1: Parsed DMS/DDM latitude → decimal degrees. | change2: Parsed DMS/DDM longitude → decimal degrees. | change3: Corrected longitude sign for Western Hemisphere (made negative). | change4: Filled coordinateUncertaintyInMeters from decimal-place precision (conservative). | change5: Corrected latitude sign for Southern Hemisphere (validated by country polygon). | epi_taxo: acceptedName(match1); authorship_epig(match1); genus_from_scientificName; family_WFO; order_majorGroup_WCVP [2026-03-11] | CoordinateCleaner QA applied without sea test (validity, equal, zeros, capitals, centroids, gbif, institutions) [2026-04-14] | Corrected elevation values >5000 m by dividing by 10 (assumed digit inflation error) [2026-04-14]","standardize taxonRank column to uppercase / standardized author names in recordedBy","species","E","I. Sánchez Vega M.O. Dillon"
"80","CPUN2025_0080","PreservedSpecimen","",NA,"CPUN","SPECIES",NA,"Sanchez-Vega, I.M. | Orozco, O.","10278",NA,"E",NA,"CPUN2025",1,"Tillandsia tovarensis",NA,NA,"2000-10-10","epi_taxo: acceptedName(match1); authorship_epig(match1); genus_from_scientificName; family_WFO; order_majorGroup_WCVP [2026-03-11] | CoordinateCleaner QA applied without sea test (validity, equal, zeros, capitals, centroids, gbif, institutions) [2026-04-14] | Corrected elevation values >5000 m by dividing by 10 (assumed digit inflation error) [2026-04-14]","standardize taxonRank column to uppercase / standardized author names in recordedBy","species","E","I. Sánchez Vega Olga Orozco"
"81","CPUN2025_0081","PreservedSpecimen","",NA,"CPUN","SPECIES",NA,"Sanchez-Vega, I.M.","4403",NA,"E",NA,"CPUN2025",1,"Tillandsia tovarensis",NA,NA,"1977-05-08","epi_taxo: acceptedName(match1); authorship_epig(match1); genus_from_scientificName; family_WFO; order_majorGroup_WCVP [2026-03-11] | CoordinateCleaner QA applied without sea test (validity, equal, zeros, capitals, centroids, gbif, institutions) [2026-04-14] | Corrected elevation values >5000 m by dividing by 10 (assumed digit inflation error) [2026-04-14]","standardize taxonRank column to uppercase / standardized author names in recordedBy","species","E","I. Sánchez Vega."
"82","CPUN2025_0082","PreservedSpecimen","",NA,"CPUN","SPECIES",NA,"Cabanillas-Soriano, J.M. | Bazan-Palomino, W.","1696",NA,"E",NA,"CPUN2025",1,"Tillandsia usneoides",NA,NA,"2004-05-29","epi_taxo: acceptedName(match1); authorship_epig(match1); genus_from_scientificName; family_WFO; order_majorGroup_WCVP [2026-03-11] | CoordinateCleaner QA applied without sea test (validity, equal, zeros, capitals, centroids, gbif, institutions) [2026-04-14] | Corrected elevation values >5000 m by dividing by 10 (assumed digit inflation error) [2026-04-14]","standardize taxonRank column to uppercase / standardized author names in recordedBy","species","E","M. Cabanillas Soriano William Bazán P."
"83","CPUN2025_0083","PreservedSpecimen","",NA,"CPUN","SPECIES",NA,"Sanchez-Vega, I.M. | Dillon, M.O.","9071",NA,"Herb",NA,"CPUN2025",1,"Tillandsia usneoides",-6.1,-77.85,"1997-06-30","change1: Parsed DMS/DDM latitude → decimal degrees. | change2: Parsed DMS/DDM longitude → decimal degrees. | change3: Corrected longitude sign for Western Hemisphere (made negative). | change4: Filled coordinateUncertaintyInMeters from decimal-place precision (conservative). | change5: Corrected latitude sign for Southern Hemisphere (validated by country polygon). | epi_taxo: acceptedName(match1); authorship_epig(match1); genus_from_scientificName; family_WFO; order_majorGroup_WCVP [2026-03-11] | CoordinateCleaner QA applied without sea test (validity, equal, zeros, capitals, centroids, gbif, institutions) [2026-04-14] | Corrected elevation values >5000 m by dividing by 10 (assumed digit inflation error) [2026-04-14]","standardize taxonRank column to uppercase / standardized author names in recordedBy","species","Herb","I. Sánchez Vega M.O. Dillon"
"84","CPUN2025_0084","PreservedSpecimen","",NA,"CPUN","SPECIES",NA,"Iberico-Vela, G. | Davila-E, Luis. | Chavez-Santa Cruz, A.","1006",NA,"Herb",NA,"CPUN2025",1,"Tillandsia usneoides",731483,-9247341,"2004-10-18","change1: Corrected longitude sign for Western Hemisphere (made negative). | change2: Filled coordinateUncertaintyInMeters from decimal-place precision (conservative). | epi_taxo: acceptedName(match1); authorship_epig(match1); genus_from_scientificName; family_WFO; order_majorGroup_WCVP [2026-03-11] | CoordinateCleaner QA applied without sea test (validity, equal, zeros, capitals, centroids, gbif, institutions) [2026-04-14] | Corrected elevation values >5000 m by dividing by 10 (assumed digit inflation error) [2026-04-14]","standardize taxonRank column to uppercase / standardized author names in recordedBy","species","Herb","G. Iberico Vela Luis Dávila E. A. Chávez Sta. Cruz."
"85","CPUN2025_0085","PreservedSpecimen","",NA,"CPUN","GENUS",NA,"Sanchez-Vega, I.M. | Ruiz-Vigo, W. | Sanchez-Vega, J.G.","1938",NA,"",NA,"CPUN2025",NA,"",NA,NA,"1976-10-22","change1: Genus placeholder (sp./spp.): moved to 'genus', set taxonRank=GENUS, cleared scientificName; kept original in verbatim. | epi_taxo: acceptedName(match1); authorship_epig(match1); genus_from_scientificName; family_WFO; order_majorGroup_WCVP [2026-03-11] | CoordinateCleaner QA applied without sea test (validity, equal, zeros, capitals, centroids, gbif, institutions) [2026-04-14] | Corrected elevation values >5000 m by dividing by 10 (assumed digit inflation error) [2026-04-14]","standardized author names in recordedBy","GENUS","","I. Sánchez Vega W. Ruiz Vigo J. Sánchez Vega"
"86","CPUN2025_0086","PreservedSpecimen","",NA,"CPUN","GENUS",NA,"Sanchez-Vega, I.M. | Sanchez-Vega, J.G.","1906",NA,"",NA,"CPUN2025",NA,"",NA,NA,"1976-06-10","change1: Genus placeholder (sp./spp.): moved to 'genus', set taxonRank=GENUS, cleared scientificName; kept original in verbatim. | epi_taxo: acceptedName(match1); authorship_epig(match1); genus_from_scientificName; family_WFO; order_majorGroup_WCVP [2026-03-11] | CoordinateCleaner QA applied without sea test (validity, equal, zeros, capitals, centroids, gbif, institutions) [2026-04-14] | Corrected elevation values >5000 m by dividing by 10 (assumed digit inflation error) [2026-04-14]","standardized author names in recordedBy","GENUS","","I. Sánchez Vega J. Sánchez Vega"
"87","CPUN2025_0087","PreservedSpecimen","",NA,"CPUN","GENUS",NA,"Sanchez-Vega, I.M.","3660",NA,"E",NA,"CPUN2025",NA,"",NA,NA,"1985-01-27","change1: Genus placeholder (sp./spp.): moved to 'genus', set taxonRank=GENUS, cleared scientificName; kept original in verbatim. | epi_taxo: acceptedName(match1); authorship_epig(match1); genus_from_scientificName; family_WFO; order_majorGroup_WCVP [2026-03-11] | CoordinateCleaner QA applied without sea test (validity, equal, zeros, capitals, centroids, gbif, institutions) [2026-04-14] | Corrected elevation values >5000 m by dividing by 10 (assumed digit inflation error) [2026-04-14]","standardized author names in recordedBy","GENUS","E","I. Sánchez Vega"
"88","CPUN2025_0088","PreservedSpecimen","",NA,"CPUN","GENUS",NA,"Sanchez-Vega, I.M.","4451",NA,"E",NA,"CPUN2025",NA,"",NA,NA,"1987-08-23","change1: Genus placeholder (sp./spp.): moved to 'genus', set taxonRank=GENUS, cleared scientificName; kept original in verbatim. | epi_taxo: acceptedName(match1); authorship_epig(match1); genus_from_scientificName; family_WFO; order_majorGroup_WCVP [2026-03-11] | CoordinateCleaner QA applied without sea test (validity, equal, zeros, capitals, centroids, gbif, institutions) [2026-04-14] | Corrected elevation values >5000 m by dividing by 10 (assumed digit inflation error) [2026-04-14]","standardized author names in recordedBy","GENUS","E","I. Sánchez Vega"
"89","CPUN2025_0089","PreservedSpecimen","",NA,"CPUN","GENUS",NA,"Sanchez-Vega, I.M.","166",NA,"E",NA,"CPUN2025",NA,"",NA,NA,"1965-10-22","change1: Genus placeholder (sp./spp.): moved to 'genus', set taxonRank=GENUS, cleared scientificName; kept original in verbatim. | epi_taxo: acceptedName(match1); authorship_epig(match1); genus_from_scientificName; family_WFO; order_majorGroup_WCVP [2026-03-11] | CoordinateCleaner QA applied without sea test (validity, equal, zeros, capitals, centroids, gbif, institutions) [2026-04-14] | Corrected elevation values >5000 m by dividing by 10 (assumed digit inflation error) [2026-04-14]","standardized author names in recordedBy","GENUS","E","I. Sánchez Vega"
"90","CPUN2025_0090","PreservedSpecimen","",NA,"CPUN","GENUS",NA,"Sanchez-Vega, I.M. | Revilla-Ch, B.","250",NA,"Herb",NA,"CPUN2025",NA,"",NA,NA,"1966-07-04","change1: Genus placeholder (sp./spp.): moved to 'genus', set taxonRank=GENUS, cleared scientificName; kept original in verbatim. | epi_taxo: acceptedName(match1); authorship_epig(match1); genus_from_scientificName; family_WFO; order_majorGroup_WCVP [2026-03-11] | CoordinateCleaner QA applied without sea test (validity, equal, zeros, capitals, centroids, gbif, institutions) [2026-04-14] | Corrected elevation values >5000 m by dividing by 10 (assumed digit inflation error) [2026-04-14]","standardized author names in recordedBy","GENUS","Herb","I. Sánchez V. B. Revilla Ch."
"91","CPUN2025_0091","PreservedSpecimen","",NA,"CPUN","GENUS",NA,"Sanchez-Vega, I.M.","3655",NA,"Herb",NA,"CPUN2025",NA,"",NA,NA,"1985-01-26","change1: Genus placeholder (sp./spp.): moved to 'genus', set taxonRank=GENUS, cleared scientificName; kept original in verbatim. | epi_taxo: acceptedName(match1); authorship_epig(match1); genus_from_scientificName; family_WFO; order_majorGroup_WCVP [2026-03-11] | CoordinateCleaner QA applied without sea test (validity, equal, zeros, capitals, centroids, gbif, institutions) [2026-04-14] | Corrected elevation values >5000 m by dividing by 10 (assumed digit inflation error) [2026-04-14]","standardized author names in recordedBy","GENUS","Herb","I. Sánchez Vega"
"92","CPUN2025_0092","PreservedSpecimen","",NA,"CPUN","GENUS",NA,"Sanchez-Vega, I.M.","58",NA,"Herb",NA,"CPUN2025",NA,"",NA,NA,"1965-03-07","change1: Genus placeholder (sp./spp.): moved to 'genus', set taxonRank=GENUS, cleared scientificName; kept original in verbatim. | epi_taxo: acceptedName(match1); authorship_epig(match1); genus_from_scientificName; family_WFO; order_majorGroup_WCVP [2026-03-11] | CoordinateCleaner QA applied without sea test (validity, equal, zeros, capitals, centroids, gbif, institutions) [2026-04-14] | Corrected elevation values >5000 m by dividing by 10 (assumed digit inflation error) [2026-04-14]","standardized author names in recordedBy","GENUS","Herb","I. Sánchez V."
"93","CPUN2025_0093","PreservedSpecimen","",NA,"CPUN","GENUS",NA,"Sanchez-Vega, I.M. | Becerra-T, S.","121",NA,"Herb",NA,"CPUN2025",NA,"",NA,NA,"1965-10-05","change1: Genus placeholder (sp./spp.): moved to 'genus', set taxonRank=GENUS, cleared scientificName; kept original in verbatim. | epi_taxo: acceptedName(match1); authorship_epig(match1); genus_from_scientificName; family_WFO; order_majorGroup_WCVP [2026-03-11] | CoordinateCleaner QA applied without sea test (validity, equal, zeros, capitals, centroids, gbif, institutions) [2026-04-14] | Corrected elevation values >5000 m by dividing by 10 (assumed digit inflation error) [2026-04-14]","standardized author names in recordedBy","GENUS","Herb","I. Sánchez V. S. Becerra T."
"94","CPUN2025_0094","PreservedSpecimen","",NA,"CPUN","GENUS",NA,"Iberico-Vela, G. | Davila-E, Luis. | Chavez-Santa Cruz, A.","819",NA,"Herb",NA,"CPUN2025",NA,"",NA,NA,"2004-07-04","change1: Genus placeholder (sp./spp.): moved to 'genus', set taxonRank=GENUS, cleared scientificName; kept original in verbatim. | epi_taxo: acceptedName(match1); authorship_epig(match1); genus_from_scientificName; family_WFO; order_majorGroup_WCVP [2026-03-11] | CoordinateCleaner QA applied without sea test (validity, equal, zeros, capitals, centroids, gbif, institutions) [2026-04-14] | Corrected elevation values >5000 m by dividing by 10 (assumed digit inflation error) [2026-04-14]","standardized author names in recordedBy","GENUS","Herb","Gustavo Iberico Vela Luis Dávila E. A. Chávez Sta. Cruz."
"95","CPUN2025_0095","PreservedSpecimen","",NA,"CPUN","GENUS",NA,"Sanchez-Vega, J.G.","512",NA,"E",NA,"CPUN2025",NA,"",NA,NA,"1989-06-10","change1: Genus placeholder (sp./spp.): moved to 'genus', set taxonRank=GENUS, cleared scientificName; kept original in verbatim. | epi_taxo: acceptedName(match1); authorship_epig(match1); genus_from_scientificName; family_WFO; order_majorGroup_WCVP [2026-03-11] | CoordinateCleaner QA applied without sea test (validity, equal, zeros, capitals, centroids, gbif, institutions) [2026-04-14] | Corrected elevation values >5000 m by dividing by 10 (assumed digit inflation error) [2026-04-14]","standardized author names in recordedBy","GENUS","E","J. Sánchez Vega"
"96","CPUN2025_0096","PreservedSpecimen","",NA,"CPUN","GENUS",NA,"Sanchez-Vega, I.M.","4851",NA,"Herb",NA,"CPUN2025",NA,"",NA,NA,"1988-06-23","change1: Genus placeholder (sp./spp.): moved to 'genus', set taxonRank=GENUS, cleared scientificName; kept original in verbatim. | epi_taxo: acceptedName(match1); authorship_epig(match1); genus_from_scientificName; family_WFO; order_majorGroup_WCVP [2026-03-11] | CoordinateCleaner QA applied without sea test (validity, equal, zeros, capitals, centroids, gbif, institutions) [2026-04-14] | Corrected elevation values >5000 m by dividing by 10 (assumed digit inflation error) [2026-04-14]","standardized author names in recordedBy","GENUS","Herb","I. Sánchez Vega"
"97","CPUN2025_0097","PreservedSpecimen","",NA,"CPUN","GENUS",NA,"Sanchez-Vega, I.M. | Miranda-Leiva, A.","6291",NA,"E",NA,"CPUN2025",NA,"",NA,NA,"1992-06-24","change1: Genus placeholder (sp./spp.): moved to 'genus', set taxonRank=GENUS, cleared scientificName; kept original in verbatim. | epi_taxo: acceptedName(match1); authorship_epig(match1); genus_from_scientificName; family_WFO; order_majorGroup_WCVP [2026-03-11] | CoordinateCleaner QA applied without sea test (validity, equal, zeros, capitals, centroids, gbif, institutions) [2026-04-14] | Corrected elevation values >5000 m by dividing by 10 (assumed digit inflation error) [2026-04-14]","standardized author names in recordedBy","GENUS","E","I. Sánchez Vega A. Miranda"
"98","CPUN2025_0098","PreservedSpecimen","",NA,"CPUN","GENUS",NA,"Sanchez-Vega, I.M. | Sagastegui-Alva, A. | Guevara-Barreto, J.","5959",NA,"E",NA,"CPUN2025",NA,"",NA,NA,"1991-11-03","change1: Genus placeholder (sp./spp.): moved to 'genus', set taxonRank=GENUS, cleared scientificName; kept original in verbatim. | epi_taxo: acceptedName(match1); authorship_epig(match1); genus_from_scientificName; family_WFO; order_majorGroup_WCVP [2026-03-11] | CoordinateCleaner QA applied without sea test (validity, equal, zeros, capitals, centroids, gbif, institutions) [2026-04-14] | Corrected elevation values >5000 m by dividing by 10 (assumed digit inflation error) [2026-04-14]","standardized author names in recordedBy","GENUS","E","I. Sánchez Vega A. Sagástegui A. J. Guevara"
"99","CPUN2025_0099","PreservedSpecimen","",NA,"CPUN","GENUS",NA,"Sanchez-Vega, I.M.","27",NA,"E",NA,"CPUN2025",NA,"",NA,NA,"1964-10-17","change1: Genus placeholder (sp./spp.): moved to 'genus', set taxonRank=GENUS, cleared scientificName; kept original in verbatim. | epi_taxo: acceptedName(match1); authorship_epig(match1); genus_from_scientificName; family_WFO; order_majorGroup_WCVP [2026-03-11] | CoordinateCleaner QA applied without sea test (validity, equal, zeros, capitals, centroids, gbif, institutions) [2026-04-14] | Corrected elevation values >5000 m by dividing by 10 (assumed digit inflation error) [2026-04-14]","standardized author names in recordedBy","GENUS","E","I. Sánchez V."
"100","CPUN2025_0100","PreservedSpecimen","",NA,"CPUN","GENUS",NA,"Llatas-Quiroz, S.","5296",NA,"",NA,"CPUN2025",NA,"",NA,NA,"2006-06-10","change1: Genus placeholder (sp./spp.): moved to 'genus', set taxonRank=GENUS, cleared scientificName; kept original in verbatim. | epi_taxo: acceptedName(match1); authorship_epig(match1); genus_from_scientificName; family_WFO; order_majorGroup_WCVP [2026-03-11] | CoordinateCleaner QA applied without sea test (validity, equal, zeros, capitals, centroids, gbif, institutions) [2026-04-14] | Corrected elevation values >5000 m by dividing by 10 (assumed digit inflation error) [2026-04-14]","standardized author names in recordedBy","GENUS","","S. Llatas Quiroz"
"101","CPUN2025_0101","PreservedSpecimen","",NA,"CPUN","GENUS",NA,"Garcia-P, Jose","1440",NA,"E",NA,"CPUN2025",NA,"",NA,NA,"1981-03-15","change1: Genus placeholder (sp./spp.): moved to 'genus', set taxonRank=GENUS, cleared scientificName; kept original in verbatim. | epi_taxo: acceptedName(match1); authorship_epig(match1); genus_from_scientificName; family_WFO; order_majorGroup_WCVP [2026-03-11] | CoordinateCleaner QA applied without sea test (validity, equal, zeros, capitals, centroids, gbif, institutions) [2026-04-14] | Corrected elevation values >5000 m by dividing by 10 (assumed digit inflation error) [2026-04-14]","standardized author names in recordedBy","GENUS","E","José García P."
"102","CPUN2025_0102","PreservedSpecimen","",NA,"CPUN","GENUS",NA,"Sanchez-Vega, I.M. | Sagastegui-Alva, A. | Guevara-Barreto, J.","6028",NA,"E",NA,"CPUN2025",NA,"",NA,NA,"1991-11-04","change1: Genus placeholder (sp./spp.): moved to 'genus', set taxonRank=GENUS, cleared scientificName; kept original in verbatim. | epi_taxo: acceptedName(match1); authorship_epig(match1); genus_from_scientificName; family_WFO; order_majorGroup_WCVP [2026-03-11] | CoordinateCleaner QA applied without sea test (validity, equal, zeros, capitals, centroids, gbif, institutions) [2026-04-14] | Corrected elevation values >5000 m by dividing by 10 (assumed digit inflation error) [2026-04-14]","standardized author names in recordedBy","GENUS","E","I. Sánchez Vega A. Sagástegui J. Guevara"
"103","CPUN2025_0103","PreservedSpecimen","",NA,"CPUN","GENUS",NA,"Sanchez-Vega, I.M.","4191",NA,"E",NA,"CPUN2025",NA,"",NA,NA,"1986-12-28","change1: Genus placeholder (sp./spp.): moved to 'genus', set taxonRank=GENUS, cleared scientificName; kept original in verbatim. | epi_taxo: acceptedName(match1); authorship_epig(match1); genus_from_scientificName; family_WFO; order_majorGroup_WCVP [2026-03-11] | CoordinateCleaner QA applied without sea test (validity, equal, zeros, capitals, centroids, gbif, institutions) [2026-04-14] | Corrected elevation values >5000 m by dividing by 10 (assumed digit inflation error) [2026-04-14]","standardized author names in recordedBy","GENUS","E","I. Sánchez Vega"
"104","CPUN2025_0104","PreservedSpecimen","",NA,"CPUN","GENUS",NA,"Sanchez-Vega, I.M.","4784",NA,"E",NA,"CPUN2025",NA,"",NA,NA,"1988-05-28","change1: Genus placeholder (sp./spp.): moved to 'genus', set taxonRank=GENUS, cleared scientificName; kept original in verbatim. | epi_taxo: acceptedName(match1); authorship_epig(match1); genus_from_scientificName; family_WFO; order_majorGroup_WCVP [2026-03-11] | CoordinateCleaner QA applied without sea test (validity, equal, zeros, capitals, centroids, gbif, institutions) [2026-04-14] | Corrected elevation values >5000 m by dividing by 10 (assumed digit inflation error) [2026-04-14]","standardized author names in recordedBy","GENUS","E","I. Sánchez Vega"
"105","CPUN2025_0105","PreservedSpecimen","",NA,"CPUN","GENUS",NA,"Sanchez-Vega, I.M. | Vargas-Chuquilin, P.","12701",NA,"E",NA,"CPUN2025",NA,"",NA,NA,"2004-09-30","change1: Genus placeholder (sp./spp.): moved to 'genus', set taxonRank=GENUS, cleared scientificName; kept original in verbatim. | epi_taxo: acceptedName(match1); authorship_epig(match1); genus_from_scientificName; family_WFO; order_majorGroup_WCVP [2026-03-11] | CoordinateCleaner QA applied without sea test (validity, equal, zeros, capitals, centroids, gbif, institutions) [2026-04-14] | Corrected elevation values >5000 m by dividing by 10 (assumed digit inflation error) [2026-04-14]","standardized author names in recordedBy","GENUS","E","I. Sánchez Vega Peter Vargas Chuquilín"
"106","CPUN2025_0106","PreservedSpecimen","",NA,"CPUN","GENUS",NA,"Sanchez-Vega, I.M.","4177",NA,"E",NA,"CPUN2025",NA,"",NA,NA,"1986-10-19","change1: Genus placeholder (sp./spp.): moved to 'genus', set taxonRank=GENUS, cleared scientificName; kept original in verbatim. | epi_taxo: acceptedName(match1); authorship_epig(match1); genus_from_scientificName; family_WFO; order_majorGroup_WCVP [2026-03-11] | CoordinateCleaner QA applied without sea test (validity, equal, zeros, capitals, centroids, gbif, institutions) [2026-04-14] | Corrected elevation values >5000 m by dividing by 10 (assumed digit inflation error) [2026-04-14]","standardized author names in recordedBy","GENUS","E","I. Sánchez Vega"
"107","CPUN2025_0107","PreservedSpecimen","",NA,"CPUN","GENUS",NA,"Sanchez-Vega, I.M.","5064",NA,"E",NA,"CPUN2025",NA,"",NA,NA,"1989-11-18","change1: Genus placeholder (sp./spp.): moved to 'genus', set taxonRank=GENUS, cleared scientificName; kept original in verbatim. | epi_taxo: acceptedName(match1); authorship_epig(match1); genus_from_scientificName; family_WFO; order_majorGroup_WCVP [2026-03-11] | CoordinateCleaner QA applied without sea test (validity, equal, zeros, capitals, centroids, gbif, institutions) [2026-04-14] | Corrected elevation values >5000 m by dividing by 10 (assumed digit inflation error) [2026-04-14]","standardized author names in recordedBy","GENUS","E","I. Sánchez V."
"108","CPUN2025_0108","PreservedSpecimen","",NA,"CPUN","GENUS",NA,"Sanchez-Vega, I.M.","3899",NA,"E",NA,"CPUN2025",NA,"",NA,NA,"1985-11-04","change1: Genus placeholder (sp./spp.): moved to 'genus', set taxonRank=GENUS, cleared scientificName; kept original in verbatim. | epi_taxo: acceptedName(match1); authorship_epig(match1); genus_from_scientificName; family_WFO; order_majorGroup_WCVP [2026-03-11] | CoordinateCleaner QA applied without sea test (validity, equal, zeros, capitals, centroids, gbif, institutions) [2026-04-14] | Corrected elevation values >5000 m by dividing by 10 (assumed digit inflation error) [2026-04-14]","standardized author names in recordedBy","GENUS","E","I. Sánchez Vega."
"109","CPUN2025_0109","PreservedSpecimen","",NA,"CPUN","GENUS",NA,"Sanchez-Vega, J.G. | Zarpan-Arias, L.","638",NA,"E",NA,"CPUN2025",NA,"",NA,NA,"1993-06-12","change1: Genus placeholder (sp./spp.): moved to 'genus', set taxonRank=GENUS, cleared scientificName; kept original in verbatim. | epi_taxo: acceptedName(match1); authorship_epig(match1); genus_from_scientificName; family_WFO; order_majorGroup_WCVP [2026-03-11] | CoordinateCleaner QA applied without sea test (validity, equal, zeros, capitals, centroids, gbif, institutions) [2026-04-14] | Corrected elevation values >5000 m by dividing by 10 (assumed digit inflation error) [2026-04-14]","standardized author names in recordedBy","GENUS","E","J. Sánchez Vega Luisa Zarpán Arias"
"110","CPUN2025_0110","PreservedSpecimen","",NA,"CPUN","GENUS",NA,"Sanchez-Vega, J.G.","505",NA,"E",NA,"CPUN2025",NA,"",NA,NA,"1989-06-10","change1: Genus placeholder (sp./spp.): moved to 'genus', set taxonRank=GENUS, cleared scientificName; kept original in verbatim. | epi_taxo: acceptedName(match1); authorship_epig(match1); genus_from_scientificName; family_WFO; order_majorGroup_WCVP [2026-03-11] | CoordinateCleaner QA applied without sea test (validity, equal, zeros, capitals, centroids, gbif, institutions) [2026-04-14] | Corrected elevation values >5000 m by dividing by 10 (assumed digit inflation error) [2026-04-14]","standardized author names in recordedBy","GENUS","E","J. Sánchez Vega."
"111","CPUN2025_0111","PreservedSpecimen","",NA,"CPUN","SPECIES",NA,"Sanchez-Vega, I.M. | Dillon, M.O.","8495",NA,"E",NA,"CPUN2025",1,"Epiphyllum phyllanthus",-6.033333333,-77.05,"1996-11-05","change1: Parsed DMS/DDM latitude → decimal degrees. | change2: Parsed DMS/DDM longitude → decimal degrees. | change3: Corrected longitude sign for Western Hemisphere (made negative). | change4: Filled coordinateUncertaintyInMeters from decimal-place precision (conservative). | change5: Corrected latitude sign for Southern Hemisphere (validated by country polygon). | epi_taxo: acceptedName(match1); authorship_epig(match1); genus_from_scientificName; family_WFO; order_majorGroup_WCVP [2026-03-11] | CoordinateCleaner QA applied without sea test (validity, equal, zeros, capitals, centroids, gbif, institutions) [2026-04-14] | Corrected elevation values >5000 m by dividing by 10 (assumed digit inflation error) [2026-04-14]","standardize taxonRank column to uppercase / standardized author names in recordedBy","species","E","I. Sánchez Vega M.O. Dillon"
"112","CPUN2025_0112","PreservedSpecimen","",NA,"CPUN","SPECIES",NA,"Sanchez-Vega, I.M. | Dillon, M.O. | Iberico-Vela, G.","11230",NA,"E",NA,"CPUN2025",1,"Epiphyllum phyllanthus",-6.016666667,-77.06666667,"2001-11-15","change1: Parsed DMS/DDM latitude → decimal degrees. | change2: Parsed DMS/DDM longitude → decimal degrees. | change3: Corrected longitude sign for Western Hemisphere (made negative). | change4: Filled coordinateUncertaintyInMeters from decimal-place precision (conservative). | change5: Corrected latitude sign for Southern Hemisphere (validated by country polygon). | epi_taxo: acceptedName(match1); authorship_epig(match1); genus_from_scientificName; family_WFO; order_majorGroup_WCVP [2026-03-11] | CoordinateCleaner QA applied without sea test (validity, equal, zeros, capitals, centroids, gbif, institutions) [2026-04-14] | Corrected elevation values >5000 m by dividing by 10 (assumed digit inflation error) [2026-04-14]","standardize taxonRank column to uppercase / standardized author names in recordedBy","species","E","I. Sánchez Vega M.O. Dillon G. Iberico Vela"
"113","CPUN2025_0113","PreservedSpecimen","",NA,"CPUN","SPECIES",NA,"Sanchez-Vega, I.M.","3931",NA,"E",NA,"CPUN2025",1,"Rhipsalis baccifera",-5.646388889,-78.73555556,"1986-02-20","change1: Parsed DMS/DDM latitude → decimal degrees. | change2: Parsed DMS/DDM longitude → decimal degrees. | change3: Corrected longitude sign for Western Hemisphere (made negative). | change4: Filled coordinateUncertaintyInMeters from decimal-place precision (conservative). | change5: Corrected latitude sign for Southern Hemisphere (validated by country polygon). | epi_taxo: acceptedName(match1); authorship_epig(match1); genus_from_scientificName; family_WFO; order_majorGroup_WCVP [2026-03-11] | CoordinateCleaner QA applied without sea test (validity, equal, zeros, capitals, centroids, gbif, institutions) [2026-04-14] | Corrected elevation values >5000 m by dividing by 10 (assumed digit inflation error) [2026-04-14]","standardize taxonRank column to uppercase / standardized author names in recordedBy","species","E","I. Sánchez Vega"
"114","CPUN2025_0114","PreservedSpecimen","",NA,"CPUN","SPECIES",NA,"Cortes, M.E.","522",NA,"",NA,"CPUN2025",1,"Rhipsalis baccifera",NA,NA,"1982-10-11","epi_taxo: acceptedName(match1); authorship_epig(match1); genus_from_scientificName; family_WFO; order_majorGroup_WCVP [2026-03-11] | CoordinateCleaner QA applied without sea test (validity, equal, zeros, capitals, centroids, gbif, institutions) [2026-04-14] | Corrected elevation values >5000 m by dividing by 10 (assumed digit inflation error) [2026-04-14]","standardize taxonRank column to uppercase / standardized author names in recordedBy","species","","M. E. Cortés"
"115","CPUN2025_0115","PreservedSpecimen","",NA,"CPUN","SPECIES",NA,"Sanchez-Vega, I.M.","4560",NA,"Herb",NA,"CPUN2025",1,"Rhipsalis micrantha",-6.338055556,-78.72555556,"1987-10-16","change1: Parsed DMS/DDM latitude → decimal degrees. | change2: Parsed DMS/DDM longitude → decimal degrees. | change3: Corrected longitude sign for Western Hemisphere (made negative). | change4: Filled coordinateUncertaintyInMeters from decimal-place precision (conservative). | change5: Corrected latitude sign for Southern Hemisphere (validated by country polygon). | epi_taxo: acceptedName(match1); authorship_epig(match1); genus_from_scientificName; family_WFO; order_majorGroup_WCVP [2026-03-11] | CoordinateCleaner QA applied without sea test (validity, equal, zeros, capitals, centroids, gbif, institutions) [2026-04-14] | Corrected elevation values >5000 m by dividing by 10 (assumed digit inflation error) [2026-04-14]","standardize taxonRank column to uppercase / standardized author names in recordedBy","species","Herb","I. Sánchez Vega"
"116","CPUN2025_0116","PreservedSpecimen","",NA,"CPUN","SPECIES",NA,"Sanchez-Vega, I.M. | Sagastegui-Alva, A. | Guevara-Barreto, J.","5910",NA,"Tree",NA,"CPUN2025",1,"Clusia pseudomangle",-6.290555556,-78.69583333,"1991-11-02","change1: Parsed DMS/DDM latitude → decimal degrees. | change2: Parsed DMS/DDM longitude → decimal degrees. | change3: Corrected longitude sign for Western Hemisphere (made negative). | change4: Filled coordinateUncertaintyInMeters from decimal-place precision (conservative). | change5: Corrected latitude sign for Southern Hemisphere (validated by country polygon). | epi_taxo: acceptedName(match1); authorship_epig(match1); genus_from_scientificName; family_WFO; order_majorGroup_WCVP [2026-03-11] | CoordinateCleaner QA applied without sea test (validity, equal, zeros, capitals, centroids, gbif, institutions) [2026-04-14] | Corrected elevation values >5000 m by dividing by 10 (assumed digit inflation error) [2026-04-14]","standardize taxonRank column to uppercase / converted lifeForm values to english equivalents / standardized author names in recordedBy","species","Árbol","I. Sánchez Vega A. Sagástegui A. J. Guevara Barreto"
"117","CPUN2025_0117","PreservedSpecimen","",NA,"CPUN","SPECIES",NA,"Sanchez-Vega, I.M.","4596",NA,"Tree",NA,"CPUN2025",3,"Clusia triflora",-6.43,-79.02416667,"1987-10-18","change1: Parsed DMS/DDM latitude → decimal degrees. | change2: Parsed DMS/DDM longitude → decimal degrees. | change3: Corrected longitude sign for Western Hemisphere (made negative). | change4: Filled coordinateUncertaintyInMeters from decimal-place precision (conservative). | change5: Corrected latitude sign for Southern Hemisphere (validated by country polygon). | epi_taxo: acceptedName(match1); authorship_epig(match1); genus_from_scientificName; family_WFO; order_majorGroup_WCVP [2026-03-11] | CoordinateCleaner QA applied without sea test (validity, equal, zeros, capitals, centroids, gbif, institutions) [2026-04-14] | Corrected elevation values >5000 m by dividing by 10 (assumed digit inflation error) [2026-04-14]","standardize taxonRank column to uppercase / converted lifeForm values to english equivalents / standardized author names in recordedBy","species","Árbol","I. Sánchez Vega"
"118","CPUN2025_0118","PreservedSpecimen","",NA,"CPUN","SPECIES",NA,"Luteyn, J.L. | Sanchez-Vega, I.M. | Zapata-Cruz, M.","15521",NA,"Herb",NA,"CPUN2025",1,"Cavendishia bracteata",-5.687222222,-77.63277778,"2002-07-07","change1: Parsed DMS/DDM latitude → decimal degrees. | change2: Parsed DMS/DDM longitude → decimal degrees. | change3: Corrected longitude sign for Western Hemisphere (made negative). | change4: Filled coordinateUncertaintyInMeters from decimal-place precision (conservative). | change5: Corrected latitude sign for Southern Hemisphere (validated by country polygon). | epi_taxo: acceptedName(match1); authorship_epig(match1); genus_from_scientificName; family_WFO; order_majorGroup_WCVP [2026-03-11] | CoordinateCleaner QA applied without sea test (validity, equal, zeros, capitals, centroids, gbif, institutions) [2026-04-14] | Corrected elevation values >5000 m by dividing by 10 (assumed digit inflation error) [2026-04-14]","standardize taxonRank column to uppercase / standardized author names in recordedBy","species","Herb","James L. Luteyn I. Sánchez Vega M. Zapata Cruz"
"119","CPUN2025_0119","PreservedSpecimen","",NA,"CPUN","SPECIES",NA,"Luteyn, J.L. | Sanchez-Vega, I.M. | Zapata-Cruz, M.","15510",NA,"Herb",NA,"CPUN2025",1,"Cavendishia bracteata",-5.707777778,-77.83388889,"2002-07-06","change1: Parsed DMS/DDM latitude → decimal degrees. | change2: Parsed DMS/DDM longitude → decimal degrees. | change3: Corrected longitude sign for Western Hemisphere (made negative). | change4: Filled coordinateUncertaintyInMeters from decimal-place precision (conservative). | change5: Corrected latitude sign for Southern Hemisphere (validated by country polygon). | epi_taxo: acceptedName(match1); authorship_epig(match1); genus_from_scientificName; family_WFO; order_majorGroup_WCVP [2026-03-11] | CoordinateCleaner QA applied without sea test (validity, equal, zeros, capitals, centroids, gbif, institutions) [2026-04-14] | Corrected elevation values >5000 m by dividing by 10 (assumed digit inflation error) [2026-04-14]","standardize taxonRank column to uppercase / standardized author names in recordedBy","species","Herb","James L. Luteyn I. Sánchez Vega M. Zapata Cruz"
"120","CPUN2025_0120","PreservedSpecimen","",NA,"CPUN","SPECIES",NA,"Luteyn, J.L. | Sanchez-Vega, I.M. | Zapata-Cruz, M.","15504",NA,"Herb",NA,"CPUN2025",1,"Cavendishia bracteata",-5.763055556,-77.88527778,"2002-07-05","change1: Parsed DMS/DDM latitude → decimal degrees. | change2: Parsed DMS/DDM longitude → decimal degrees. | change3: Corrected longitude sign for Western Hemisphere (made negative). | change4: Filled coordinateUncertaintyInMeters from decimal-place precision (conservative). | change5: Corrected latitude sign for Southern Hemisphere (validated by country polygon). | epi_taxo: acceptedName(match1); authorship_epig(match1); genus_from_scientificName; family_WFO; order_majorGroup_WCVP [2026-03-11] | CoordinateCleaner QA applied without sea test (validity, equal, zeros, capitals, centroids, gbif, institutions) [2026-04-14] | Corrected elevation values >5000 m by dividing by 10 (assumed digit inflation error) [2026-04-14]","standardize taxonRank column to uppercase / standardized author names in recordedBy","species","Herb","James L. Luteyn I. Sánchez Vega M. Zapata Cruz"
"121","CPUN2025_0121","PreservedSpecimen","",NA,"CPUN","SPECIES",NA,"Sanchez-Vega, I.M. | Zapata-Cruz, M. | Iberico-Vela, G. | Dieguez, R.","10018",NA,"Shrub",NA,"CPUN2025",1,"Cavendishia bracteata",-5.783333333,-77.88333333,"1999-07-09","change1: Parsed DMS/DDM latitude → decimal degrees. | change2: Parsed DMS/DDM longitude → decimal degrees. | change3: Corrected longitude sign for Western Hemisphere (made negative). | change4: Filled coordinateUncertaintyInMeters from decimal-place precision (conservative). | change5: Corrected latitude sign for Southern Hemisphere (validated by country polygon). | epi_taxo: acceptedName(match1); authorship_epig(match1); genus_from_scientificName; family_WFO; order_majorGroup_WCVP [2026-03-11] | CoordinateCleaner QA applied without sea test (validity, equal, zeros, capitals, centroids, gbif, institutions) [2026-04-14] | Corrected elevation values >5000 m by dividing by 10 (assumed digit inflation error) [2026-04-14]","standardize taxonRank column to uppercase / converted lifeForm values to english equivalents / standardized author names in recordedBy","species","Arbusto","I. Sánchez Vega M. Zapata Cruz G. Iberico Vela R. Diéguez"
"122","CPUN2025_0122","PreservedSpecimen","",NA,"CPUN","SPECIES",NA,"Sanchez-Vega, I.M. | Zapata-Cruz, M. | Iberico-Vela, G. | Dieguez, R.","10025",NA,"Shrub",NA,"CPUN2025",1,"Cavendishia bracteata",-5.783333333,-77.88333333,"1999-07-09","change1: Parsed DMS/DDM latitude → decimal degrees. | change2: Parsed DMS/DDM longitude → decimal degrees. | change3: Corrected longitude sign for Western Hemisphere (made negative). | change4: Filled coordinateUncertaintyInMeters from decimal-place precision (conservative). | change5: Corrected latitude sign for Southern Hemisphere (validated by country polygon). | epi_taxo: acceptedName(match1); authorship_epig(match1); genus_from_scientificName; family_WFO; order_majorGroup_WCVP [2026-03-11] | CoordinateCleaner QA applied without sea test (validity, equal, zeros, capitals, centroids, gbif, institutions) [2026-04-14] | Corrected elevation values >5000 m by dividing by 10 (assumed digit inflation error) [2026-04-14]","standardize taxonRank column to uppercase / converted lifeForm values to english equivalents / standardized author names in recordedBy","species","Arbusto","I. Sánchez Vega M. Zapata Cruz G. Iberico Vela R. Diéguez"
"123","CPUN2025_0123","PreservedSpecimen","",NA,"CPUN","SPECIES",NA,"Sanchez-Vega, J.G. | Ruiz-Vigo, W. | Cabanillas-Soriano, J.M. | Lopez, A.","2182",NA,"Shrub",NA,"CPUN2025",1,"Cavendishia bracteata",-6.218333333,-77.83861111,"1978-08-04","change1: Parsed DMS/DDM latitude → decimal degrees. | change2: Parsed DMS/DDM longitude → decimal degrees. | change3: Corrected longitude sign for Western Hemisphere (made negative). | change4: Filled coordinateUncertaintyInMeters from decimal-place precision (conservative). | change5: Corrected latitude sign for Southern Hemisphere (validated by country polygon). | epi_taxo: acceptedName(match1); authorship_epig(match1); genus_from_scientificName; family_WFO; order_majorGroup_WCVP [2026-03-11] | CoordinateCleaner QA applied without sea test (validity, equal, zeros, capitals, centroids, gbif, institutions) [2026-04-14] | Corrected elevation values >5000 m by dividing by 10 (assumed digit inflation error) [2026-04-14]","standardize taxonRank column to uppercase / converted lifeForm values to english equivalents / standardized author names in recordedBy","species","Arbusto","José G. Sánchez Vega W. Ruíz Vigo J. Cabanillas S. A. López"
"124","CPUN2025_0124","PreservedSpecimen","",NA,"CPUN","SPECIES",NA,"Sanchez-Vega, J.G. | Ruiz-Vigo, W. | Cabanillas-Soriano, J.M. | Lopez, A.","1159",NA,"Shrub",NA,"CPUN2025",1,"Cavendishia bracteata",-6.7475,-77.87888889,"1978-08-03","change1: Parsed DMS/DDM latitude → decimal degrees. | change2: Parsed DMS/DDM longitude → decimal degrees. | change3: Corrected longitude sign for Western Hemisphere (made negative). | change4: Filled coordinateUncertaintyInMeters from decimal-place precision (conservative). | change5: Corrected latitude sign for Southern Hemisphere (validated by country polygon). | epi_taxo: acceptedName(match1); authorship_epig(match1); genus_from_scientificName; family_WFO; order_majorGroup_WCVP [2026-03-11] | CoordinateCleaner QA applied without sea test (validity, equal, zeros, capitals, centroids, gbif, institutions) [2026-04-14] | Corrected elevation values >5000 m by dividing by 10 (assumed digit inflation error) [2026-04-14]","standardize taxonRank column to uppercase / converted lifeForm values to english equivalents / standardized author names in recordedBy","species","Arbusto","José G. Sánchez Vega W. Ruíz Vigo J. Cabanillas S. A. López"
"125","CPUN2025_0125","PreservedSpecimen","",NA,"CPUN","SPECIES",NA,"Sanchez-Vega, I.M. | Briones, A.","5775",NA,"Shrub",NA,"CPUN2025",1,"Cavendishia bracteata",-6.761666667,-78.805,"1991-09-13","change1: Parsed DMS/DDM latitude → decimal degrees. | change2: Parsed DMS/DDM longitude → decimal degrees. | change3: Corrected longitude sign for Western Hemisphere (made negative). | change4: Filled coordinateUncertaintyInMeters from decimal-place precision (conservative). | change5: Corrected latitude sign for Southern Hemisphere (validated by country polygon). | epi_taxo: acceptedName(match1); authorship_epig(match1); genus_from_scientificName; family_WFO; order_majorGroup_WCVP [2026-03-11] | CoordinateCleaner QA applied without sea test (validity, equal, zeros, capitals, centroids, gbif, institutions) [2026-04-14] | Corrected elevation values >5000 m by dividing by 10 (assumed digit inflation error) [2026-04-14]","standardize taxonRank column to uppercase / converted lifeForm values to english equivalents / standardized author names in recordedBy","species","Arbusto","I. Sánchez Vega A. Briones"
"126","CPUN2025_0126","PreservedSpecimen","",NA,"CPUN","SPECIES",NA,"Cabanillas-Soriano, J.M.","1130",NA,"Shrub",NA,"CPUN2025",1,"Cavendishia bracteata",-6.903888889,-78.16888889,"1997-11-01","change1: Parsed DMS/DDM latitude → decimal degrees. | change2: Parsed DMS/DDM longitude → decimal degrees. | change3: Corrected longitude sign for Western Hemisphere (made negative). | change4: Filled coordinateUncertaintyInMeters from decimal-place precision (conservative). | change5: Corrected latitude sign for Southern Hemisphere (validated by country polygon). | epi_taxo: acceptedName(match1); authorship_epig(match1); genus_from_scientificName; family_WFO; order_majorGroup_WCVP [2026-03-11] | CoordinateCleaner QA applied without sea test (validity, equal, zeros, capitals, centroids, gbif, institutions) [2026-04-14] | Corrected elevation values >5000 m by dividing by 10 (assumed digit inflation error) [2026-04-14]","standardize taxonRank column to uppercase / converted lifeForm values to english equivalents / standardized author names in recordedBy","species","Arbusto","J. Cabanillas Soriano"
"127","CPUN2025_0127","PreservedSpecimen","",NA,"CPUN","SPECIES",NA,"Sanchez-Vega, I.M. | Ruiz-Vigo, W.","1825",NA,"Shrub",NA,"CPUN2025",1,"Cavendishia bracteata",-6.904722222,-78.16916667,"1976-05-23","change1: Parsed DMS/DDM latitude → decimal degrees. | change2: Parsed DMS/DDM longitude → decimal degrees. | change3: Corrected longitude sign for Western Hemisphere (made negative). | change4: Filled coordinateUncertaintyInMeters from decimal-place precision (conservative). | change5: Corrected latitude sign for Southern Hemisphere (validated by country polygon). | epi_taxo: acceptedName(match1); authorship_epig(match1); genus_from_scientificName; family_WFO; order_majorGroup_WCVP [2026-03-11] | CoordinateCleaner QA applied without sea test (validity, equal, zeros, capitals, centroids, gbif, institutions) [2026-04-14] | Corrected elevation values >5000 m by dividing by 10 (assumed digit inflation error) [2026-04-14]","standardize taxonRank column to uppercase / converted lifeForm values to english equivalents / standardized author names in recordedBy","species","Arbusto","I. Sánchez Vega W. Ruíz Vigo"
"128","CPUN2025_0128","PreservedSpecimen","",NA,"CPUN","SPECIES",NA,"Sanchez-Vega, I.M.","3983",NA,"Shrub",NA,"CPUN2025",1,"Cavendishia bracteata",-6.948333333,-78.14361111,"1986-02-25","change1: Parsed DMS/DDM latitude → decimal degrees. | change2: Parsed DMS/DDM longitude → decimal degrees. | change3: Corrected longitude sign for Western Hemisphere (made negative). | change4: Filled coordinateUncertaintyInMeters from decimal-place precision (conservative). | change5: Corrected latitude sign for Southern Hemisphere (validated by country polygon). | epi_taxo: acceptedName(match1); authorship_epig(match1); genus_from_scientificName; family_WFO; order_majorGroup_WCVP [2026-03-11] | CoordinateCleaner QA applied without sea test (validity, equal, zeros, capitals, centroids, gbif, institutions) [2026-04-14] | Corrected elevation values >5000 m by dividing by 10 (assumed digit inflation error) [2026-04-14]","standardize taxonRank column to uppercase / converted lifeForm values to english equivalents / standardized author names in recordedBy","species","Arbusto","I. Sánchez Vega"
"129","CPUN2025_0129","PreservedSpecimen","",NA,"CPUN","SPECIES",NA,"Sanchez-Vega, J.G.","813",NA,"Shrub",NA,"CPUN2025",1,"Cavendishia bracteata",-6.508333333,-78.43416667,"1993-07-20","change1: Parsed DMS/DDM latitude → decimal degrees. | change2: Parsed DMS/DDM longitude → decimal degrees. | change3: Corrected longitude sign for Western Hemisphere (made negative). | change4: Filled coordinateUncertaintyInMeters from decimal-place precision (conservative). | change5: Corrected latitude sign for Southern Hemisphere (validated by country polygon). | epi_taxo: acceptedName(match1); authorship_epig(match1); genus_from_scientificName; family_WFO; order_majorGroup_WCVP [2026-03-11] | CoordinateCleaner QA applied without sea test (validity, equal, zeros, capitals, centroids, gbif, institutions) [2026-04-14] | Corrected elevation values >5000 m by dividing by 10 (assumed digit inflation error) [2026-04-14]","standardize taxonRank column to uppercase / converted lifeForm values to english equivalents / standardized author names in recordedBy","species","Arbusto","José G. Sánchez Vega"
"130","CPUN2025_0130","PreservedSpecimen","",NA,"CPUN","SPECIES",NA,"Sanchez-Vega, I.M. | Miranda-Leiva, A.","6245",NA,"Shrub",NA,"CPUN2025",1,"Cavendishia bracteata",-6.261944444,-78.69555556,"1992-06-21","change1: Parsed DMS/DDM latitude → decimal degrees. | change2: Parsed DMS/DDM longitude → decimal degrees. | change3: Corrected longitude sign for Western Hemisphere (made negative). | change4: Filled coordinateUncertaintyInMeters from decimal-place precision (conservative). | change5: Corrected latitude sign for Southern Hemisphere (validated by country polygon). | epi_taxo: acceptedName(match1); authorship_epig(match1); genus_from_scientificName; family_WFO; order_majorGroup_WCVP [2026-03-11] | CoordinateCleaner QA applied without sea test (validity, equal, zeros, capitals, centroids, gbif, institutions) [2026-04-14] | Corrected elevation values >5000 m by dividing by 10 (assumed digit inflation error) [2026-04-14]","standardize taxonRank column to uppercase / converted lifeForm values to english equivalents / standardized author names in recordedBy","species","Arbusto","I. Sánchez Vega A. Miranda Leiva"
"131","CPUN2025_0131","PreservedSpecimen","",NA,"CPUN","SPECIES",NA,"Sanchez-Vega, J.G.","334",NA,"Shrub",NA,"CPUN2025",1,"Cavendishia bracteata",-6.291111111,-78.69416667,"1987-10-15","change1: Parsed DMS/DDM latitude → decimal degrees. | change2: Parsed DMS/DDM longitude → decimal degrees. | change3: Corrected longitude sign for Western Hemisphere (made negative). | change4: Filled coordinateUncertaintyInMeters from decimal-place precision (conservative). | change5: Corrected latitude sign for Southern Hemisphere (validated by country polygon). | epi_taxo: acceptedName(match1); authorship_epig(match1); genus_from_scientificName; family_WFO; order_majorGroup_WCVP [2026-03-11] | CoordinateCleaner QA applied without sea test (validity, equal, zeros, capitals, centroids, gbif, institutions) [2026-04-14] | Corrected elevation values >5000 m by dividing by 10 (assumed digit inflation error) [2026-04-14]","standardize taxonRank column to uppercase / converted lifeForm values to english equivalents / standardized author names in recordedBy","species","Arbusto","José G. Sánchez Vega"
"132","CPUN2025_0132","PreservedSpecimen","",NA,"CPUN","SPECIES",NA,"Cabanillas-Soriano, J.M.","777",NA,"",NA,"CPUN2025",1,"Cavendishia bracteata",-6.469722222,-78.41916667,"1993-07-22","change1: Parsed DMS/DDM latitude → decimal degrees. | change2: Parsed DMS/DDM longitude → decimal degrees. | change3: Corrected longitude sign for Western Hemisphere (made negative). | change4: Filled coordinateUncertaintyInMeters from decimal-place precision (conservative). | change5: Corrected latitude sign for Southern Hemisphere (validated by country polygon). | epi_taxo: acceptedName(match1); authorship_epig(match1); genus_from_scientificName; family_WFO; order_majorGroup_WCVP [2026-03-11] | CoordinateCleaner QA applied without sea test (validity, equal, zeros, capitals, centroids, gbif, institutions) [2026-04-14] | Corrected elevation values >5000 m by dividing by 10 (assumed digit inflation error) [2026-04-14]","standardize taxonRank column to uppercase / standardized author names in recordedBy","species","","J. Cabanillas Soriano"
"133","CPUN2025_0133","PreservedSpecimen","",NA,"CPUN","SPECIES",NA,"Dillon, M.O. | Sanchez-Vega, I.M. | Sanchez-Montoya, M.","6395",NA,"",NA,"CPUN2025",1,"Cavendishia bracteata",-6.492777778,-78.62111111,"1993-04-18","change1: Parsed DMS/DDM latitude → decimal degrees. | change2: Parsed DMS/DDM longitude → decimal degrees. | change3: Corrected longitude sign for Western Hemisphere (made negative). | change4: Filled coordinateUncertaintyInMeters from decimal-place precision (conservative). | change5: Corrected latitude sign for Southern Hemisphere (validated by country polygon). | epi_taxo: acceptedName(match1); authorship_epig(match1); genus_from_scientificName; family_WFO; order_majorGroup_WCVP [2026-03-11] | CoordinateCleaner QA applied without sea test (validity, equal, zeros, capitals, centroids, gbif, institutions) [2026-04-14] | Corrected elevation values >5000 m by dividing by 10 (assumed digit inflation error) [2026-04-14]","standardize taxonRank column to uppercase / standardized author names in recordedBy","species","","M.O. Dillon I. Sánchez Vega M. Sánchez Montoya"
"134","CPUN2025_0134","PreservedSpecimen","",NA,"CPUN","SPECIES",NA,"Sanchez-Vega, I.M. | Sanchez-Montoya, M.","10986",NA,"Shrub",NA,"CPUN2025",1,"Cavendishia bracteata",NA,-77.91861111,"2001-10-05","change1: Parsed DMS/DDM longitude → decimal degrees. | change2: Corrected longitude sign for Western Hemisphere (made negative). | epi_taxo: acceptedName(match1); authorship_epig(match1); genus_from_scientificName; family_WFO; order_majorGroup_WCVP [2026-03-11] | CoordinateCleaner QA applied without sea test (validity, equal, zeros, capitals, centroids, gbif, institutions) [2026-04-14] | Corrected elevation values >5000 m by dividing by 10 (assumed digit inflation error) [2026-04-14]","standardize taxonRank column to uppercase / converted lifeForm values to english equivalents / standardized author names in recordedBy","species","Arbusto","I. Sánchez Vega M. Sánchez Montoya"
"135","CPUN2025_0135","PreservedSpecimen","",NA,"CPUN","SPECIES",NA,"Sanchez-Vega, I.M.","611",NA,"Shrub",NA,"CPUN2025",1,"Cavendishia bracteata",-6.938888889,-78.13555556,"1970-07-29","change1: Parsed DMS/DDM latitude → decimal degrees. | change2: Parsed DMS/DDM longitude → decimal degrees. | change3: Corrected longitude sign for Western Hemisphere (made negative). | change4: Filled coordinateUncertaintyInMeters from decimal-place precision (conservative). | change5: Corrected latitude sign for Southern Hemisphere (validated by country polygon). | epi_taxo: acceptedName(match1); authorship_epig(match1); genus_from_scientificName; family_WFO; order_majorGroup_WCVP [2026-03-11] | CoordinateCleaner QA applied without sea test (validity, equal, zeros, capitals, centroids, gbif, institutions) [2026-04-14] | Corrected elevation values >5000 m by dividing by 10 (assumed digit inflation error) [2026-04-14]","standardize taxonRank column to uppercase / converted lifeForm values to english equivalents / standardized author names in recordedBy","species","Arbusto","I. Sánchez Vega"
"136","CPUN2025_0136","PreservedSpecimen","",NA,"CPUN","SPECIES",NA,"Sanchez-Vega, I.M. | Dillon, M.O.","8025",NA,"Shrub",NA,"CPUN2025",1,"Cavendishia bracteata",-7.270277778,-78.62861111,"1995-07-14","change1: Parsed DMS/DDM latitude → decimal degrees. | change2: Parsed DMS/DDM longitude → decimal degrees. | change3: Corrected longitude sign for Western Hemisphere (made negative). | change4: Filled coordinateUncertaintyInMeters from decimal-place precision (conservative). | change5: Corrected latitude sign for Southern Hemisphere (validated by country polygon). | epi_taxo: acceptedName(match1); authorship_epig(match1); genus_from_scientificName; family_WFO; order_majorGroup_WCVP [2026-03-11] | CoordinateCleaner QA applied without sea test (validity, equal, zeros, capitals, centroids, gbif, institutions) [2026-04-14] | Corrected elevation values >5000 m by dividing by 10 (assumed digit inflation error) [2026-04-14]","standardize taxonRank column to uppercase / converted lifeForm values to english equivalents / standardized author names in recordedBy","species","Arbusto","I. Sánchez Vega M.O. Dillon"
"137","CPUN2025_0137","PreservedSpecimen","",NA,"CPUN","SPECIES",NA,"Sanchez-Vega, I.M. | Dillon, M.O. | Zapata-Cruz, M.","9488",NA,"Shrub",NA,"CPUN2025",1,"Cavendishia pubescens",-5.65,-77.63333333,"1998-06-24","change1: Parsed DMS/DDM latitude → decimal degrees. | change2: Parsed DMS/DDM longitude → decimal degrees. | change3: Corrected longitude sign for Western Hemisphere (made negative). | change4: Filled coordinateUncertaintyInMeters from decimal-place precision (conservative). | change5: Corrected latitude sign for Southern Hemisphere (validated by country polygon). | epi_taxo: acceptedName(match1); authorship_epig(match1); genus_from_scientificName; family_WFO; order_majorGroup_WCVP [2026-03-11] | CoordinateCleaner QA applied without sea test (validity, equal, zeros, capitals, centroids, gbif, institutions) [2026-04-14] | Corrected elevation values >5000 m by dividing by 10 (assumed digit inflation error) [2026-04-14]","standardize taxonRank column to uppercase / converted lifeForm values to english equivalents / standardized author names in recordedBy","species","Arbusto","I. Sánchez Vega M.O. Dillon M. Zapata Cruz"
"138","CPUN2025_0138","PreservedSpecimen","",NA,"CPUN","SPECIES",NA,"Sanchez-Vega, I.M.","2636",NA,"Shrub",NA,"CPUN2025",1,"Cavendishia pubescens",-5.676666667,-77.775,"1981-06-22","change1: Parsed DMS/DDM latitude → decimal degrees. | change2: Parsed DMS/DDM longitude → decimal degrees. | change3: Corrected longitude sign for Western Hemisphere (made negative). | change4: Filled coordinateUncertaintyInMeters from decimal-place precision (conservative). | change5: Corrected latitude sign for Southern Hemisphere (validated by country polygon). | epi_taxo: acceptedName(match1); authorship_epig(match1); genus_from_scientificName; family_WFO; order_majorGroup_WCVP [2026-03-11] | CoordinateCleaner QA applied without sea test (validity, equal, zeros, capitals, centroids, gbif, institutions) [2026-04-14] | Corrected elevation values >5000 m by dividing by 10 (assumed digit inflation error) [2026-04-14]","standardize taxonRank column to uppercase / converted lifeForm values to english equivalents / standardized author names in recordedBy","species","Arbusto","I. Sánchez Vega"
"139","CPUN2025_0139","PreservedSpecimen","",NA,"CPUN","SPECIES",NA,"Luteyn, J.L. | Sanchez-Vega, I.M. | Zapata-Cruz, M.","15532",NA,"Herb",NA,"CPUN2025",3,"Ceratostema calycinum",-5.375,-79.56666667,"2002-07-13","change1: Parsed DMS/DDM latitude → decimal degrees. | change2: Parsed DMS/DDM longitude → decimal degrees. | change3: Corrected longitude sign for Western Hemisphere (made negative). | change4: Filled coordinateUncertaintyInMeters from decimal-place precision (conservative). | change5: Corrected latitude sign for Southern Hemisphere (validated by country polygon). | epi_taxo: acceptedName(match1); authorship_epig(match1); genus_from_scientificName; family_WFO; order_majorGroup_WCVP [2026-03-11] | CoordinateCleaner QA applied without sea test (validity, equal, zeros, capitals, centroids, gbif, institutions) [2026-04-14] | Corrected elevation values >5000 m by dividing by 10 (assumed digit inflation error) [2026-04-14]","standardize taxonRank column to uppercase / standardized author names in recordedBy","species","Herb","James L. Luteyn I. Sánchez Vega M. Zapata Cruz"
"140","CPUN2025_0140","PreservedSpecimen","",NA,"CPUN","SPECIES",NA,"Sanchez-Vega, I.M. | Dillon, M.O.","8031",NA,"Shrub",NA,"CPUN2025",1,"Disterigma microphyllum",-6.1175,-77.36416667,"1995-07-14","change1: Parsed DMS/DDM latitude → decimal degrees. | change2: Parsed DMS/DDM longitude → decimal degrees. | change3: Corrected longitude sign for Western Hemisphere (made negative). | change4: Filled coordinateUncertaintyInMeters from decimal-place precision (conservative). | change5: Corrected latitude sign for Southern Hemisphere (validated by country polygon). | epi_taxo: acceptedName(match1); authorship_epig(match1); genus_from_scientificName; family_WFO; order_majorGroup_WCVP [2026-03-11] | CoordinateCleaner QA applied without sea test (validity, equal, zeros, capitals, centroids, gbif, institutions) [2026-04-14] | Corrected elevation values >5000 m by dividing by 10 (assumed digit inflation error) [2026-04-14]","standardize taxonRank column to uppercase / converted lifeForm values to english equivalents / standardized author names in recordedBy","species","Arbusto","I. Sánchez Vega M.O. Dillon"
"141","CPUN2025_0141","PreservedSpecimen","",NA,"CPUN","SPECIES",NA,"Marcelo-Pena, L. | Millan-Tapia, J. | Cueva-R, A.","1129",NA,"Shrub",NA,"CPUN2025",1,"Macleania rupestris",-5.683333333,-79.25,"2003-10-02","change1: Parsed DMS/DDM latitude → decimal degrees. | change2: Parsed DMS/DDM longitude → decimal degrees. | change3: Corrected longitude sign for Western Hemisphere (made negative). | change4: Filled coordinateUncertaintyInMeters from decimal-place precision (conservative). | change5: Corrected latitude sign for Southern Hemisphere (validated by country polygon). | epi_taxo: acceptedName(match1); authorship_epig(match1); genus_from_scientificName; family_WFO; order_majorGroup_WCVP [2026-03-11] | CoordinateCleaner QA applied without sea test (validity, equal, zeros, capitals, centroids, gbif, institutions) [2026-04-14] | Corrected elevation values >5000 m by dividing by 10 (assumed digit inflation error) [2026-04-14]","standardize taxonRank column to uppercase / converted lifeForm values to english equivalents / standardized author names in recordedBy","species","Arbusto","L. Marcelo Peña José Millán Tapia Abraham Cueva R."
"142","CPUN2025_0142","PreservedSpecimen","",NA,"CPUN","SPECIES",NA,"Sanchez-Vega, J.G.","349",NA,"NV",NA,"CPUN2025",1,"Macleania rupestris",-6.364722222,-78.79138889,"1987-10-16","change1: Parsed DMS/DDM latitude → decimal degrees. | change2: Parsed DMS/DDM longitude → decimal degrees. | change3: Corrected longitude sign for Western Hemisphere (made negative). | change4: Filled coordinateUncertaintyInMeters from decimal-place precision (conservative). | change5: Corrected latitude sign for Southern Hemisphere (validated by country polygon). | epi_taxo: acceptedName(match1); authorship_epig(match1); genus_from_scientificName; family_WFO; order_majorGroup_WCVP [2026-03-11] | CoordinateCleaner QA applied without sea test (validity, equal, zeros, capitals, centroids, gbif, institutions) [2026-04-14] | Corrected elevation values >5000 m by dividing by 10 (assumed digit inflation error) [2026-04-14]","standardize taxonRank column to uppercase / standardized author names in recordedBy","species","NV","José G. Sánchez Vega"
"143","CPUN2025_0143","PreservedSpecimen","",NA,"CPUN","SPECIES",NA,"Sanchez-Vega, I.M.","4549",NA,"Shrub",NA,"CPUN2025",1,"Macleania rupestris",-6.2725,-78.68722222,"1987-10-15","change1: Parsed DMS/DDM latitude → decimal degrees. | change2: Parsed DMS/DDM longitude → decimal degrees. | change3: Corrected longitude sign for Western Hemisphere (made negative). | change4: Filled coordinateUncertaintyInMeters from decimal-place precision (conservative). | change5: Corrected latitude sign for Southern Hemisphere (validated by country polygon). | epi_taxo: acceptedName(match1); authorship_epig(match1); genus_from_scientificName; family_WFO; order_majorGroup_WCVP [2026-03-11] | CoordinateCleaner QA applied without sea test (validity, equal, zeros, capitals, centroids, gbif, institutions) [2026-04-14] | Corrected elevation values >5000 m by dividing by 10 (assumed digit inflation error) [2026-04-14]","standardize taxonRank column to uppercase / converted lifeForm values to english equivalents / standardized author names in recordedBy","species","Arbusto","I. Sánchez Vega"
"144","CPUN2025_0144","PreservedSpecimen","",NA,"CPUN","SPECIES",NA,"Iberico-Vela, G. | Davila-E, L.","614",NA,"Shrub",NA,"CPUN2025",3,"Macleania rupestris",NA,NA,"2004-06-05","epi_taxo: acceptedName(match1); authorship_epig(match1); genus_from_scientificName; family_WFO; order_majorGroup_WCVP [2026-03-11] | CoordinateCleaner QA applied without sea test (validity, equal, zeros, capitals, centroids, gbif, institutions) [2026-04-14] | Corrected elevation values >5000 m by dividing by 10 (assumed digit inflation error) [2026-04-14]","standardize taxonRank column to uppercase / converted lifeForm values to english equivalents / standardized author names in recordedBy","species","Arbusto","Gustavo Iberico Vela Luis Dávila E."
"145","CPUN2025_0145","PreservedSpecimen","",NA,"CPUN","SPECIES",NA,"Sanchez-Vega, I.M. | Sanchez-Montoya, M. | Miranda-Leiva, A.","11666",NA,"Shrub",NA,"CPUN2025",3,"Macleania rupestris",-5.688611111,-79.25194444,"2002-09-02","change1: Parsed DMS/DDM latitude → decimal degrees. | change2: Parsed DMS/DDM longitude → decimal degrees. | change3: Corrected longitude sign for Western Hemisphere (made negative). | change4: Filled coordinateUncertaintyInMeters from decimal-place precision (conservative). | change5: Corrected latitude sign for Southern Hemisphere (validated by country polygon). | epi_taxo: acceptedName(match1); authorship_epig(match1); genus_from_scientificName; family_WFO; order_majorGroup_WCVP [2026-03-11] | CoordinateCleaner QA applied without sea test (validity, equal, zeros, capitals, centroids, gbif, institutions) [2026-04-14] | Corrected elevation values >5000 m by dividing by 10 (assumed digit inflation error) [2026-04-14]","standardize taxonRank column to uppercase / converted lifeForm values to english equivalents / standardized author names in recordedBy","species","Arbusto","I. Sánchez Vega M. Sánchez Montoya A. Miranda L."
"146","CPUN2025_0146","PreservedSpecimen","",NA,"CPUN","SPECIES",NA,"Sanchez-Vega, I.M. | Luteyn, J.L. | Zapata-Cruz, M.","15513",NA,"E",NA,"CPUN2025",3,"Macleania rupestris",-5.682222222,-77.77861111,"2002-07-06","change1: Parsed DMS/DDM latitude → decimal degrees. | change2: Parsed DMS/DDM longitude → decimal degrees. | change3: Corrected longitude sign for Western Hemisphere (made negative). | change4: Filled coordinateUncertaintyInMeters from decimal-place precision (conservative). | change5: Corrected latitude sign for Southern Hemisphere (validated by country polygon). | epi_taxo: acceptedName(match1); authorship_epig(match1); genus_from_scientificName; family_WFO; order_majorGroup_WCVP [2026-03-11] | CoordinateCleaner QA applied without sea test (validity, equal, zeros, capitals, centroids, gbif, institutions) [2026-04-14] | Corrected elevation values >5000 m by dividing by 10 (assumed digit inflation error) [2026-04-14]","standardize taxonRank column to uppercase / standardized author names in recordedBy","species","E","I. Sánchez Vega James L. Luteyn M. Zapata Cruz"
"147","CPUN2025_0147","PreservedSpecimen","",NA,"CPUN","SPECIES",NA,"Luteyn, J.L. | Sanchez-Vega, I.M. | Zapata-Cruz, M.","15515",NA,"Herb",NA,"CPUN2025",1,"Orthaea abbreviata",-5.682222222,-77.77861111,"2002-07-06","change1: Parsed DMS/DDM latitude → decimal degrees. | change2: Parsed DMS/DDM longitude → decimal degrees. | change3: Corrected longitude sign for Western Hemisphere (made negative). | change4: Filled coordinateUncertaintyInMeters from decimal-place precision (conservative). | change5: Corrected latitude sign for Southern Hemisphere (validated by country polygon). | epi_taxo: acceptedName(match1); authorship_epig(match1); genus_from_scientificName; family_WFO; order_majorGroup_WCVP [2026-03-11] | CoordinateCleaner QA applied without sea test (validity, equal, zeros, capitals, centroids, gbif, institutions) [2026-04-14] | Corrected elevation values >5000 m by dividing by 10 (assumed digit inflation error) [2026-04-14]","standardize taxonRank column to uppercase / standardized author names in recordedBy","species","Herb","James L. Luteyn I. Sánchez Vega M. Zapata Cruz"
"148","CPUN2025_0148","PreservedSpecimen","",NA,"CPUN","SPECIES",NA,"Luteyn, J.L. | Sanchez-Vega, I.M. | Zapata-Cruz, M.","15524",NA,"Herb",NA,"CPUN2025",1,"Orthaea abbreviata",-5.683055556,-77.77361111,"2002-07-08","change1: Parsed DMS/DDM latitude → decimal degrees. | change2: Parsed DMS/DDM longitude → decimal degrees. | change3: Corrected longitude sign for Western Hemisphere (made negative). | change4: Filled coordinateUncertaintyInMeters from decimal-place precision (conservative). | change5: Corrected latitude sign for Southern Hemisphere (validated by country polygon). | epi_taxo: acceptedName(match1); authorship_epig(match1); genus_from_scientificName; family_WFO; order_majorGroup_WCVP [2026-03-11] | CoordinateCleaner QA applied without sea test (validity, equal, zeros, capitals, centroids, gbif, institutions) [2026-04-14] | Corrected elevation values >5000 m by dividing by 10 (assumed digit inflation error) [2026-04-14]","standardize taxonRank column to uppercase / standardized author names in recordedBy","species","Herb","James L. Luteyn I. Sánchez Vega M. Zapata Cruz"
"149","CPUN2025_0149","PreservedSpecimen","",NA,"CPUN","SPECIES",NA,"Sanchez-Vega, I.M. | Sagastegui-Alva, A. | Guevara-Barreto, J.","6035",NA,"Shrub",NA,"CPUN2025",3,"Psammisia chionantha",-6.218611111,-78.73611111,"1991-11-04","change1: Parsed DMS/DDM latitude → decimal degrees. | change2: Parsed DMS/DDM longitude → decimal degrees. | change3: Corrected longitude sign for Western Hemisphere (made negative). | change4: Filled coordinateUncertaintyInMeters from decimal-place precision (conservative). | change5: Corrected latitude sign for Southern Hemisphere (validated by country polygon). | epi_taxo: acceptedName(match1); authorship_epig(match1); genus_from_scientificName; family_WFO; order_majorGroup_WCVP [2026-03-11] | CoordinateCleaner QA applied without sea test (validity, equal, zeros, capitals, centroids, gbif, institutions) [2026-04-14] | Corrected elevation values >5000 m by dividing by 10 (assumed digit inflation error) [2026-04-14]","standardize taxonRank column to uppercase / converted lifeForm values to english equivalents / standardized author names in recordedBy","species","Arbusto","I. Sánchez Vega A. Sagástegui Alva J. Guevara Barreto"
"150","CPUN2025_0150","PreservedSpecimen","",NA,"CPUN","SPECIES",NA,"Sanchez-Vega, I.M.","4902",NA,"Shrub",NA,"CPUN2025",3,"Psammisia chionantha",-6.374444444,-78.81694444,"1989-06-26","change1: Parsed DMS/DDM latitude → decimal degrees. | change2: Parsed DMS/DDM longitude → decimal degrees. | change3: Corrected longitude sign for Western Hemisphere (made negative). | change4: Filled coordinateUncertaintyInMeters from decimal-place precision (conservative). | change5: Corrected latitude sign for Southern Hemisphere (validated by country polygon). | epi_taxo: acceptedName(match1); authorship_epig(match1); genus_from_scientificName; family_WFO; order_majorGroup_WCVP [2026-03-11] | CoordinateCleaner QA applied without sea test (validity, equal, zeros, capitals, centroids, gbif, institutions) [2026-04-14] | Corrected elevation values >5000 m by dividing by 10 (assumed digit inflation error) [2026-04-14]","standardize taxonRank column to uppercase / converted lifeForm values to english equivalents / standardized author names in recordedBy","species","Arbusto","I. Sánchez Vega"
"151","CPUN2025_0151","PreservedSpecimen","",NA,"CPUN","SPECIES",NA,"Luteyn, J.L. | Sanchez-Vega, I.M. | Zapata-Cruz, M.","15508",NA,"Herb",NA,"CPUN2025",1,"Psammisia guianensis",-5.696666667,-77.86361111,"2002-07-06","change1: Parsed DMS/DDM latitude → decimal degrees. | change2: Parsed DMS/DDM longitude → decimal degrees. | change3: Corrected longitude sign for Western Hemisphere (made negative). | change4: Filled coordinateUncertaintyInMeters from decimal-place precision (conservative). | change5: Corrected latitude sign for Southern Hemisphere (validated by country polygon). | epi_taxo: acceptedName(match1); authorship_epig(match1); genus_from_scientificName; family_WFO; order_majorGroup_WCVP [2026-03-11] | CoordinateCleaner QA applied without sea test (validity, equal, zeros, capitals, centroids, gbif, institutions) [2026-04-14] | Corrected elevation values >5000 m by dividing by 10 (assumed digit inflation error) [2026-04-14]","standardize taxonRank column to uppercase / standardized author names in recordedBy","species","Herb","James L. Luteyn I. Sánchez Vega M. Zapata Cruz"
"152","CPUN2025_0152","PreservedSpecimen","",NA,"CPUN","SPECIES",NA,"Luteyn, J.L. | Sanchez-Vega, I.M. | Zapata-Cruz, M.","15506",NA,"Herb",NA,"CPUN2025",1,"Psammisia guianensis",-5.763055556,-77.88527778,"2002-07-05","change1: Parsed DMS/DDM latitude → decimal degrees. | change2: Parsed DMS/DDM longitude → decimal degrees. | change3: Corrected longitude sign for Western Hemisphere (made negative). | change4: Filled coordinateUncertaintyInMeters from decimal-place precision (conservative). | change5: Corrected latitude sign for Southern Hemisphere (validated by country polygon). | epi_taxo: acceptedName(match1); authorship_epig(match1); genus_from_scientificName; family_WFO; order_majorGroup_WCVP [2026-03-11] | CoordinateCleaner QA applied without sea test (validity, equal, zeros, capitals, centroids, gbif, institutions) [2026-04-14] | Corrected elevation values >5000 m by dividing by 10 (assumed digit inflation error) [2026-04-14]","standardize taxonRank column to uppercase / standardized author names in recordedBy","species","Herb","James L. Luteyn I. Sánchez Vega M. Zapata Cruz"
"153","CPUN2025_0153","PreservedSpecimen","",NA,"CPUN","SPECIES",NA,"Luteyn, J.L. | Sanchez-Vega, I.M. | Zapata-Cruz, M.","15489",NA,"Herb",NA,"CPUN2025",1,"Psammisia guianensis",-6.315,-77.73305556,"2002-07-04","change1: Parsed DMS/DDM latitude → decimal degrees. | change2: Parsed DMS/DDM longitude → decimal degrees. | change3: Corrected longitude sign for Western Hemisphere (made negative). | change4: Filled coordinateUncertaintyInMeters from decimal-place precision (conservative). | change5: Corrected latitude sign for Southern Hemisphere (validated by country polygon). | epi_taxo: acceptedName(match1); authorship_epig(match1); genus_from_scientificName; family_WFO; order_majorGroup_WCVP [2026-03-11] | CoordinateCleaner QA applied without sea test (validity, equal, zeros, capitals, centroids, gbif, institutions) [2026-04-14] | Corrected elevation values >5000 m by dividing by 10 (assumed digit inflation error) [2026-04-14]","standardize taxonRank column to uppercase / standardized author names in recordedBy","species","Herb","James L. Luteyn I. Sánchez Vega M. Zapata Cruz"
"154","CPUN2025_0154","PreservedSpecimen","",NA,"CPUN","SPECIES",NA,"Sanchez-Vega, I.M. | Zapata-Cruz, M. | Iberico-Vela, G. | Dieguez, R.","10036",NA,"",NA,"CPUN2025",1,"Semiramisia speciosa",-5.683333333,-77.78333333,"1999-07-11","change1: Parsed DMS/DDM latitude → decimal degrees. | change2: Parsed DMS/DDM longitude → decimal degrees. | change3: Corrected longitude sign for Western Hemisphere (made negative). | change4: Filled coordinateUncertaintyInMeters from decimal-place precision (conservative). | change5: Corrected latitude sign for Southern Hemisphere (validated by country polygon). | epi_taxo: acceptedName(match1); authorship_epig(match1); genus_from_scientificName; family_WFO; order_majorGroup_WCVP [2026-03-11] | CoordinateCleaner QA applied without sea test (validity, equal, zeros, capitals, centroids, gbif, institutions) [2026-04-14] | Corrected elevation values >5000 m by dividing by 10 (assumed digit inflation error) [2026-04-14]","standardize taxonRank column to uppercase / standardized author names in recordedBy","species","","I. Sánchez Vega M. Zapata Cruz G. Iberico Vela R. Diéguez"
"155","CPUN2025_0155","PreservedSpecimen","",NA,"CPUN","SPECIES",NA,"Young, K.","1326",NA,"",NA,"CPUN2025",1,"Thibaudia floribunda",NA,NA,"1985-07-25","epi_taxo: acceptedName(match1); authorship_epig(match1); genus_from_scientificName; family_WFO; order_majorGroup_WCVP [2026-03-11] | CoordinateCleaner QA applied without sea test (validity, equal, zeros, capitals, centroids, gbif, institutions) [2026-04-14] | Corrected elevation values >5000 m by dividing by 10 (assumed digit inflation error) [2026-04-14]","standardize taxonRank column to uppercase / standardized author names in recordedBy","species","","Ken Young"
"156","CPUN2025_0156","PreservedSpecimen","",NA,"CPUN","GENUS",NA,"Sanchez-Vega, I.M.","12666",NA,"",NA,"CPUN2025",NA,"",NA,-79.72388889,"2004-08-30","change1: Genus placeholder (sp./spp.): moved to 'genus', set taxonRank=GENUS, cleared scientificName; kept original in verbatim. | change2: Standardized decimalLatitude string → numeric (comma/whitespace normalized). | change3: Parsed DMS/DDM longitude → decimal degrees. | change4: Corrected longitude sign for Western Hemisphere (made negative). | epi_taxo: acceptedName(match1); authorship_epig(match1); genus_from_scientificName; family_WFO; order_majorGroup_WCVP [2026-03-11] | CoordinateCleaner QA applied without sea test (validity, equal, zeros, capitals, centroids, gbif, institutions) [2026-04-14] | Corrected elevation values >5000 m by dividing by 10 (assumed digit inflation error) [2026-04-14]","standardized author names in recordedBy","GENUS","","Isidoro Manuel Sánchez Vega"
"157","CPUN2025_0157","PreservedSpecimen","",NA,"CPUN","GENUS",NA,"Luteyn, J.L. | Sanchez-Vega, I.M. | Zapata-Cruz, M.","15500",NA,"Herb",NA,"CPUN2025",NA,"",-6.210555556,-77.68194444,"2002-07-04","change1: Genus placeholder (sp./spp.): moved to 'genus', set taxonRank=GENUS, cleared scientificName; kept original in verbatim. | change2: Parsed DMS/DDM latitude → decimal degrees. | change3: Parsed DMS/DDM longitude → decimal degrees. | change4: Corrected longitude sign for Western Hemisphere (made negative). | change5: Filled coordinateUncertaintyInMeters from decimal-place precision (conservative). | change6: Corrected latitude sign for Southern Hemisphere (validated by country polygon). | epi_taxo: acceptedName(match1); authorship_epig(match1); genus_from_scientificName; family_WFO; order_majorGroup_WCVP [2026-03-11] | CoordinateCleaner QA applied without sea test (validity, equal, zeros, capitals, centroids, gbif, institutions) [2026-04-14] | Corrected elevation values >5000 m by dividing by 10 (assumed digit inflation error) [2026-04-14]","standardized author names in recordedBy","GENUS","Herb","James L. Luteyn Isidoro Manuel Sánchez Vega M. Zapata Cruz"
"158","CPUN2025_0158","PreservedSpecimen","",NA,"CPUN","GENUS",NA,"Luteyn, J.L. | Sanchez-Vega, I.M. | Zapata-Cruz, M.","15501",NA,"Herb",NA,"CPUN2025",NA,"",-6.210555556,-77.68194444,"2002-07-04","change1: Genus placeholder (sp./spp.): moved to 'genus', set taxonRank=GENUS, cleared scientificName; kept original in verbatim. | change2: Parsed DMS/DDM latitude → decimal degrees. | change3: Parsed DMS/DDM longitude → decimal degrees. | change4: Corrected longitude sign for Western Hemisphere (made negative). | change5: Filled coordinateUncertaintyInMeters from decimal-place precision (conservative). | change6: Corrected latitude sign for Southern Hemisphere (validated by country polygon). | epi_taxo: acceptedName(match1); authorship_epig(match1); genus_from_scientificName; family_WFO; order_majorGroup_WCVP [2026-03-11] | CoordinateCleaner QA applied without sea test (validity, equal, zeros, capitals, centroids, gbif, institutions) [2026-04-14] | Corrected elevation values >5000 m by dividing by 10 (assumed digit inflation error) [2026-04-14]","standardized author names in recordedBy","GENUS","Herb","James L. Luteyn Isidoro Manuel Sánchez Vega M. Zapata Cruz"
"159","CPUN2025_0159","PreservedSpecimen","",NA,"CPUN","GENUS",NA,"Luteyn, J.L. | Sanchez-Vega, I.M. | Zapata-Cruz, M.","15487",NA,"Herb",NA,"CPUN2025",NA,"",-6.724722222,-77.82555556,"2002-07-03","change1: Genus placeholder (sp./spp.): moved to 'genus', set taxonRank=GENUS, cleared scientificName; kept original in verbatim. | change2: Parsed DMS/DDM latitude → decimal degrees. | change3: Parsed DMS/DDM longitude → decimal degrees. | change4: Corrected longitude sign for Western Hemisphere (made negative). | change5: Filled coordinateUncertaintyInMeters from decimal-place precision (conservative). | change6: Corrected latitude sign for Southern Hemisphere (validated by country polygon). | epi_taxo: acceptedName(match1); authorship_epig(match1); genus_from_scientificName; family_WFO; order_majorGroup_WCVP [2026-03-11] | CoordinateCleaner QA applied without sea test (validity, equal, zeros, capitals, centroids, gbif, institutions) [2026-04-14] | Corrected elevation values >5000 m by dividing by 10 (assumed digit inflation error) [2026-04-14]","standardized author names in recordedBy","GENUS","Herb","James L. Luteyn Isidoro Manuel Sánchez Vega M. Zapata Cruz"
"160","CPUN2025_0160","PreservedSpecimen","",NA,"CPUN","GENUS",NA,"Luteyn, J.L. | Sanchez-Vega, I.M. | Zapata-Cruz, M.","15494",NA,"",NA,"CPUN2025",NA,"",-6.315,-77.73305556,"2002-07-04","change1: Genus placeholder (sp./spp.): moved to 'genus', set taxonRank=GENUS, cleared scientificName; kept original in verbatim. | change2: Parsed DMS/DDM latitude → decimal degrees. | change3: Parsed DMS/DDM longitude → decimal degrees. | change4: Corrected longitude sign for Western Hemisphere (made negative). | change5: Filled coordinateUncertaintyInMeters from decimal-place precision (conservative). | change6: Corrected latitude sign for Southern Hemisphere (validated by country polygon). | epi_taxo: acceptedName(match1); authorship_epig(match1); genus_from_scientificName; family_WFO; order_majorGroup_WCVP [2026-03-11] | CoordinateCleaner QA applied without sea test (validity, equal, zeros, capitals, centroids, gbif, institutions) [2026-04-14] | Corrected elevation values >5000 m by dividing by 10 (assumed digit inflation error) [2026-04-14]","standardized author names in recordedBy","GENUS","","James L. Luteyn Isidoro Manuel Sánchez Vega M. Zapata Cruz"
"161","CPUN2025_0161","PreservedSpecimen","",NA,"CPUN","GENUS",NA,"Quipuscoa-S, V. | Sagastegui-A, A. | Leiva-M, S. | Bejarano, C.","1171",NA,"Shrub",NA,"CPUN2025",NA,"",NA,NA,"1998-08-14","change1: Genus placeholder (sp./spp.): moved to 'genus', set taxonRank=GENUS, cleared scientificName; kept original in verbatim. | change2: Standardized decimalLatitude string → numeric (comma/whitespace normalized). | change3: Standardized decimalLongitude string → numeric (comma/whitespace normalized). | epi_taxo: acceptedName(match1); authorship_epig(match1); genus_from_scientificName; family_WFO; order_majorGroup_WCVP [2026-03-11] | CoordinateCleaner QA applied without sea test (validity, equal, zeros, capitals, centroids, gbif, institutions) [2026-04-14] | Corrected elevation values >5000 m by dividing by 10 (assumed digit inflation error) [2026-04-14]","converted lifeForm values to english equivalents / standardized author names in recordedBy","GENUS","Arbusto","V. Quipuscoa S. A. Sagástegui A. S. Leiva M. Bejarano C."
"162","CPUN2025_0162","PreservedSpecimen","",NA,"CPUN","SPECIES",NA,"Sanchez-Vega, I.M. | Dillon, M.O.","8653",NA,"",NA,"CPUN2025",1,"Alloplectus hispidus",-5.8,-77.35,"1996-11-13","change1: Standardized decimalLatitude string → numeric (comma/whitespace normalized). | change2: Standardized decimalLongitude string → numeric (comma/whitespace normalized). | change3: Parsed DMS/DDM latitude → decimal degrees. | change4: Parsed DMS/DDM longitude → decimal degrees. | change5: Corrected longitude sign for Western Hemisphere (made negative). | change6: Filled coordinateUncertaintyInMeters from decimal-place precision (conservative). | change7: Corrected latitude sign for Southern Hemisphere (validated by country polygon). | epi_taxo: acceptedName(match1); authorship_epig(match1); genus_from_scientificName; family_WFO; order_majorGroup_WCVP [2026-03-11] | CoordinateCleaner QA applied without sea test (validity, equal, zeros, capitals, centroids, gbif, institutions) [2026-04-14] | Corrected elevation values >5000 m by dividing by 10 (assumed digit inflation error) [2026-04-14]","standardize taxonRank column to uppercase / standardized author names in recordedBy","species","","I. Sánchez Vega M.O. Dillon"
"163","CPUN2025_0163","PreservedSpecimen","",NA,"CPUN","SPECIES",NA,"Sanchez-Vega, I.M. | Dillon, M.O.","8477",NA,"E",NA,"CPUN2025",1,"Alloplectus hispidus",-5.9,-77.38333333,"1996-11-03","change1: Standardized decimalLatitude string → numeric (comma/whitespace normalized). | change2: Standardized decimalLongitude string → numeric (comma/whitespace normalized). | change3: Parsed DMS/DDM latitude → decimal degrees. | change4: Parsed DMS/DDM longitude → decimal degrees. | change5: Corrected longitude sign for Western Hemisphere (made negative). | change6: Filled coordinateUncertaintyInMeters from decimal-place precision (conservative). | change7: Corrected latitude sign for Southern Hemisphere (validated by country polygon). | epi_taxo: acceptedName(match1); authorship_epig(match1); genus_from_scientificName; family_WFO; order_majorGroup_WCVP [2026-03-11] | CoordinateCleaner QA applied without sea test (validity, equal, zeros, capitals, centroids, gbif, institutions) [2026-04-14] | Corrected elevation values >5000 m by dividing by 10 (assumed digit inflation error) [2026-04-14]","standardize taxonRank column to uppercase / standardized author names in recordedBy","species","E","I. Sánchez Vega M.O. Dillon"
"164","CPUN2025_0164","PreservedSpecimen","",NA,"CPUN","SPECIES",NA,"Sanchez-Vega, I.M. | Sagastegui-Alva, A. | Guevara-Barreto, J.","5962",NA,"Shrub",NA,"CPUN2025",1,"Alloplectus hispidus",NA,NA,"1991-11-02","epi_taxo: acceptedName(match1); authorship_epig(match1); genus_from_scientificName; family_WFO; order_majorGroup_WCVP [2026-03-11] | CoordinateCleaner QA applied without sea test (validity, equal, zeros, capitals, centroids, gbif, institutions) [2026-04-14] | Corrected elevation values >5000 m by dividing by 10 (assumed digit inflation error) [2026-04-14]","standardize taxonRank column to uppercase / converted lifeForm values to english equivalents / standardized author names in recordedBy","species","Arbusto","I. Sánchez Vega A. Sagástegui A. J. Guevara Barreto"
"165","CPUN2025_0165","PreservedSpecimen","",NA,"CPUN","SPECIES",NA,"Sanchez-Vega, I.M.","4511",NA,"Shrub",NA,"CPUN2025",1,"Alloplectus hispidus",NA,NA,"1987-10-13","epi_taxo: acceptedName(match1); authorship_epig(match1); genus_from_scientificName; family_WFO; order_majorGroup_WCVP [2026-03-11] | CoordinateCleaner QA applied without sea test (validity, equal, zeros, capitals, centroids, gbif, institutions) [2026-04-14] | Corrected elevation values >5000 m by dividing by 10 (assumed digit inflation error) [2026-04-14]","standardize taxonRank column to uppercase / converted lifeForm values to english equivalents / standardized author names in recordedBy","species","Arbusto","I. Sánchez Vega"
"166","CPUN2025_0166","PreservedSpecimen","",NA,"CPUN","SPECIES",NA,"Dillon, M.O. | Sanchez-Vega, I.M. | Sanchez-Montoya, M.","6438",NA,"",NA,"CPUN2025",3,"Columnea nervosa",-6.406388889,-79.02194444,"1993-04-20","change1: Parsed DMS/DDM latitude → decimal degrees. | change2: Parsed DMS/DDM longitude → decimal degrees. | change3: Corrected longitude sign for Western Hemisphere (made negative). | change4: Filled coordinateUncertaintyInMeters from decimal-place precision (conservative). | change5: Corrected latitude sign for Southern Hemisphere (validated by country polygon). | epi_taxo: acceptedName(match1); authorship_epig(match1); genus_from_scientificName; family_WFO; order_majorGroup_WCVP [2026-03-11] | CoordinateCleaner QA applied without sea test (validity, equal, zeros, capitals, centroids, gbif, institutions) [2026-04-14] | Corrected elevation values >5000 m by dividing by 10 (assumed digit inflation error) [2026-04-14]","standardize taxonRank column to uppercase / standardized author names in recordedBy","species","","M.O. Dillon I. Sánchez Vega M. Sánchez Montoya"
"167","CPUN2025_0167","PreservedSpecimen","",NA,"CPUN","SPECIES",NA,"Sanchez-Vega, I.M. | Dillon, M.O. | Zapata-Cruz, M.","9603",NA,"Shrub",NA,"CPUN2025",3,"Columnea nervosa",-6.133333333,-77.3,"1998-07-02","change1: Parsed DMS/DDM latitude → decimal degrees. | change2: Parsed DMS/DDM longitude → decimal degrees. | change3: Corrected longitude sign for Western Hemisphere (made negative). | change4: Filled coordinateUncertaintyInMeters from decimal-place precision (conservative). | change5: Corrected latitude sign for Southern Hemisphere (validated by country polygon). | epi_taxo: acceptedName(match1); authorship_epig(match1); genus_from_scientificName; family_WFO; order_majorGroup_WCVP [2026-03-11] | CoordinateCleaner QA applied without sea test (validity, equal, zeros, capitals, centroids, gbif, institutions) [2026-04-14] | Corrected elevation values >5000 m by dividing by 10 (assumed digit inflation error) [2026-04-14]","standardize taxonRank column to uppercase / converted lifeForm values to english equivalents / standardized author names in recordedBy","species","Arbusto","I. Sánchez Vega M.O. Dillon M. Zapata Cruz"
"168","CPUN2025_0168","PreservedSpecimen","",NA,"CPUN","SPECIES",NA,"Sanchez-Vega, I.M. | Dillon, M.O.","8952",NA,"Herb",NA,"CPUN2025",1,"Columnea ericae",-5.633333333,-77.61666667,"1997-06-19","change1: Parsed DMS/DDM latitude → decimal degrees. | change2: Parsed DMS/DDM longitude → decimal degrees. | change3: Corrected longitude sign for Western Hemisphere (made negative). | change4: Filled coordinateUncertaintyInMeters from decimal-place precision (conservative). | change5: Corrected latitude sign for Southern Hemisphere (validated by country polygon). | epi_taxo: acceptedName(match1); authorship_epig(match1); genus_from_scientificName; family_WFO; order_majorGroup_WCVP [2026-03-11] | CoordinateCleaner QA applied without sea test (validity, equal, zeros, capitals, centroids, gbif, institutions) [2026-04-14] | Corrected elevation values >5000 m by dividing by 10 (assumed digit inflation error) [2026-04-14]","standardize taxonRank column to uppercase / standardized author names in recordedBy","species","Herb","I. Sánchez Vega M.O. Dillon"
"169","CPUN2025_0169","PreservedSpecimen","",NA,"CPUN","SPECIES",NA,"Sanchez-Vega, J.G.","5480",NA,"Shrub",NA,"CPUN2025",1,"Columnea ericae",NA,NA,"1980-06-16","epi_taxo: acceptedName(match1); authorship_epig(match1); genus_from_scientificName; family_WFO; order_majorGroup_WCVP [2026-03-11] | CoordinateCleaner QA applied without sea test (validity, equal, zeros, capitals, centroids, gbif, institutions) [2026-04-14] | Corrected elevation values >5000 m by dividing by 10 (assumed digit inflation error) [2026-04-14]","standardize taxonRank column to uppercase / converted lifeForm values to english equivalents / standardized author names in recordedBy","species","Arbusto","José G. Sánchez Vega"
"170","CPUN2025_0170","PreservedSpecimen","",NA,"CPUN","SPECIES",NA,"Sanchez-Vega, I.M. | Dillon, M.O.","8040",NA,"Shrub",NA,"CPUN2025",1,"Columnea inaequilatera",-5.998055556,-77.28722222,"1995-07-15","change1: Parsed DMS/DDM latitude → decimal degrees. | change2: Parsed DMS/DDM longitude → decimal degrees. | change3: Corrected longitude sign for Western Hemisphere (made negative). | change4: Filled coordinateUncertaintyInMeters from decimal-place precision (conservative). | change5: Corrected latitude sign for Southern Hemisphere (validated by country polygon). | epi_taxo: acceptedName(match1); authorship_epig(match1); genus_from_scientificName; family_WFO; order_majorGroup_WCVP [2026-03-11] | CoordinateCleaner QA applied without sea test (validity, equal, zeros, capitals, centroids, gbif, institutions) [2026-04-14] | Corrected elevation values >5000 m by dividing by 10 (assumed digit inflation error) [2026-04-14]","standardize taxonRank column to uppercase / converted lifeForm values to english equivalents / standardized author names in recordedBy","species","Arbusto","I. Sánchez Vega M.O. Dillon"
"171","CPUN2025_0171","PreservedSpecimen","",NA,"CPUN","SPECIES",NA,"Sanchez-Vega, I.M. | Dillon, M.O.","9023",NA,"Herb",NA,"CPUN2025",1,"Columnea orientandina",-5.666666667,-77.7,"1997-06-25","change1: Parsed DMS/DDM latitude → decimal degrees. | change2: Parsed DMS/DDM longitude → decimal degrees. | change3: Corrected longitude sign for Western Hemisphere (made negative). | change4: Filled coordinateUncertaintyInMeters from decimal-place precision (conservative). | change5: Corrected latitude sign for Southern Hemisphere (validated by country polygon). | epi_taxo: acceptedName(match1); authorship_epig(match1); genus_from_scientificName; family_WFO; order_majorGroup_WCVP [2026-03-11] | CoordinateCleaner QA applied without sea test (validity, equal, zeros, capitals, centroids, gbif, institutions) [2026-04-14] | Corrected elevation values >5000 m by dividing by 10 (assumed digit inflation error) [2026-04-14]","standardize taxonRank column to uppercase / standardized author names in recordedBy","species","Herb","I. Sánchez Vega M.O. Dillon"
"172","CPUN2025_0172","PreservedSpecimen","",NA,"CPUN","SPECIES",NA,"Sanchez-Vega, I.M. | Dillon, M.O.","8567",NA,"Herb",NA,"CPUN2025",3,"Kohleria tigridia",-5.7,-77.4,"1996-11-09","change1: Parsed DMS/DDM latitude → decimal degrees. | change2: Parsed DMS/DDM longitude → decimal degrees. | change3: Corrected longitude sign for Western Hemisphere (made negative). | change4: Filled coordinateUncertaintyInMeters from decimal-place precision (conservative). | change5: Corrected latitude sign for Southern Hemisphere (validated by country polygon). | epi_taxo: acceptedName(match1); authorship_epig(match1); genus_from_scientificName; family_WFO; order_majorGroup_WCVP [2026-03-11] | CoordinateCleaner QA applied without sea test (validity, equal, zeros, capitals, centroids, gbif, institutions) [2026-04-14] | Corrected elevation values >5000 m by dividing by 10 (assumed digit inflation error) [2026-04-14]","standardize taxonRank column to uppercase / standardized author names in recordedBy","species","Herb","I. Sánchez Vega M.O. Dillon"
"173","CPUN2025_0173","PreservedSpecimen","",NA,"CPUN","SPECIES",NA,"Sanchez-Vega, I.M. | Dillon, M.O.","8466",NA,"NV",NA,"CPUN2025",1,"Drymonia coccinea",-5.9,-77.38333333,"1996-11-03","change1: Standardized decimalLatitude string → numeric (comma/whitespace normalized). | change2: Standardized decimalLongitude string → numeric (comma/whitespace normalized). | change3: Parsed DMS/DDM latitude → decimal degrees. | change4: Parsed DMS/DDM longitude → decimal degrees. | change5: Corrected longitude sign for Western Hemisphere (made negative). | change6: Filled coordinateUncertaintyInMeters from decimal-place precision (conservative). | change7: Corrected latitude sign for Southern Hemisphere (validated by country polygon). | epi_taxo: acceptedName(match1); authorship_epig(match1); genus_from_scientificName; family_WFO; order_majorGroup_WCVP [2026-03-11] | CoordinateCleaner QA applied without sea test (validity, equal, zeros, capitals, centroids, gbif, institutions) [2026-04-14] | Corrected elevation values >5000 m by dividing by 10 (assumed digit inflation error) [2026-04-14]","standardize taxonRank column to uppercase / standardized author names in recordedBy","species","NV","I. Sánchez Vega M.O. Dillon"
"174","CPUN2025_0174","PreservedSpecimen","",NA,"CPUN","SPECIES",NA,"Sanchez-Vega, I.M. | Dillon, M.O.","8984",NA,"E",NA,"CPUN2025",1,"Drymonia coccinea",-5.666666667,-77.61666667,"1997-06-20","change1: Parsed DMS/DDM latitude → decimal degrees. | change2: Parsed DMS/DDM longitude → decimal degrees. | change3: Corrected longitude sign for Western Hemisphere (made negative). | change4: Filled coordinateUncertaintyInMeters from decimal-place precision (conservative). | change5: Corrected latitude sign for Southern Hemisphere (validated by country polygon). | epi_taxo: acceptedName(match1); authorship_epig(match1); genus_from_scientificName; family_WFO; order_majorGroup_WCVP [2026-03-11] | CoordinateCleaner QA applied without sea test (validity, equal, zeros, capitals, centroids, gbif, institutions) [2026-04-14] | Corrected elevation values >5000 m by dividing by 10 (assumed digit inflation error) [2026-04-14]","standardize taxonRank column to uppercase / standardized author names in recordedBy","species","E","I. Sánchez Vega M.O. Dillon"
"175","CPUN2025_0175","PreservedSpecimen","",NA,"CPUN","SPECIES",NA,"Sanchez-Vega, I.M. | Dillon, M.O. | Zapata-Cruz, M.","9400",NA,"E",NA,"CPUN2025",1,"Drymonia coccinea",-5.633333333,-77.61666667,"1998-06-17","change1: Parsed DMS/DDM latitude → decimal degrees. | change2: Parsed DMS/DDM longitude → decimal degrees. | change3: Corrected longitude sign for Western Hemisphere (made negative). | change4: Filled coordinateUncertaintyInMeters from decimal-place precision (conservative). | change5: Corrected latitude sign for Southern Hemisphere (validated by country polygon). | epi_taxo: acceptedName(match1); authorship_epig(match1); genus_from_scientificName; family_WFO; order_majorGroup_WCVP [2026-03-11] | CoordinateCleaner QA applied without sea test (validity, equal, zeros, capitals, centroids, gbif, institutions) [2026-04-14] | Corrected elevation values >5000 m by dividing by 10 (assumed digit inflation error) [2026-04-14]","standardize taxonRank column to uppercase / standardized author names in recordedBy","species","E","I. Sánchez Vega M.O. Dillon M. Zapata"
"176","CPUN2025_0176","PreservedSpecimen","",NA,"CPUN","SPECIES",NA,"Sanchez-Vega, I.M. | Zapata-Cruz, M. | Iberico-Vela, G. | Dieguez, R.","9841",NA,"E",NA,"CPUN2025",1,"Drymonia coccinea",-6,-77.3,"1999-06-22","change1: Parsed DMS/DDM latitude → decimal degrees. | change2: Parsed DMS/DDM longitude → decimal degrees. | change3: Corrected longitude sign for Western Hemisphere (made negative). | change4: Filled coordinateUncertaintyInMeters from decimal-place precision (conservative). | change5: Corrected latitude sign for Southern Hemisphere (validated by country polygon). | epi_taxo: acceptedName(match1); authorship_epig(match1); genus_from_scientificName; family_WFO; order_majorGroup_WCVP [2026-03-11] | CoordinateCleaner QA applied without sea test (validity, equal, zeros, capitals, centroids, gbif, institutions) [2026-04-14] | Corrected elevation values >5000 m by dividing by 10 (assumed digit inflation error) [2026-04-14]","standardize taxonRank column to uppercase / standardized author names in recordedBy","species","E","I. Sánchez Vega M. Zapata G. Iberico Vela R. Diéguez"
"177","CPUN2025_0177","PreservedSpecimen","",NA,"CPUN","SPECIES",NA,"Sanchez-Vega, I.M. | Dillon, M.O.","8307",NA,"",NA,"CPUN2025",1,"Drymonia coccinea",-6.083333333,-77.26666667,"1996-10-26","change1: Parsed DMS/DDM latitude → decimal degrees. | change2: Parsed DMS/DDM longitude → decimal degrees. | change3: Corrected longitude sign for Western Hemisphere (made negative). | change4: Filled coordinateUncertaintyInMeters from decimal-place precision (conservative). | change5: Corrected latitude sign for Southern Hemisphere (validated by country polygon). | epi_taxo: acceptedName(match1); authorship_epig(match1); genus_from_scientificName; family_WFO; order_majorGroup_WCVP [2026-03-11] | CoordinateCleaner QA applied without sea test (validity, equal, zeros, capitals, centroids, gbif, institutions) [2026-04-14] | Corrected elevation values >5000 m by dividing by 10 (assumed digit inflation error) [2026-04-14]","standardize taxonRank column to uppercase / standardized author names in recordedBy","species","","I. Sánchez Vega M.O. Dillon"
"178","CPUN2025_0178","PreservedSpecimen","",NA,"CPUN","SPECIES",NA,"Sanchez-Vega, I.M. | Dillon, M.O.","8557",NA,"Herb",NA,"CPUN2025",3,"Drymonia macrophylla",-5.85,-77.4,"1996-11-06","change1: Parsed DMS/DDM latitude → decimal degrees. | change2: Parsed DMS/DDM longitude → decimal degrees. | change3: Corrected longitude sign for Western Hemisphere (made negative). | change4: Filled coordinateUncertaintyInMeters from decimal-place precision (conservative). | change5: Corrected latitude sign for Southern Hemisphere (validated by country polygon). | epi_taxo: acceptedName(match1); authorship_epig(match1); genus_from_scientificName; family_WFO; order_majorGroup_WCVP [2026-03-11] | CoordinateCleaner QA applied without sea test (validity, equal, zeros, capitals, centroids, gbif, institutions) [2026-04-14] | Corrected elevation values >5000 m by dividing by 10 (assumed digit inflation error) [2026-04-14]","standardize taxonRank column to uppercase / standardized author names in recordedBy","species","Herb","I. Sánchez Vega M.O. Dillon"
"179","CPUN2025_0179","PreservedSpecimen","",NA,"CPUN","SPECIES",NA,"Sanchez-Vega, I.M. | Zapata-Cruz, M. | Iberico-Vela, G. | Dieguez, R.","9872",NA,"",NA,"CPUN2025",1,"Drymonia semicordata",-6.133333333,-77.3,"1999-06-24","change1: Parsed DMS/DDM latitude → decimal degrees. | change2: Parsed DMS/DDM longitude → decimal degrees. | change3: Corrected longitude sign for Western Hemisphere (made negative). | change4: Filled coordinateUncertaintyInMeters from decimal-place precision (conservative). | change5: Corrected latitude sign for Southern Hemisphere (validated by country polygon). | epi_taxo: acceptedName(match1); authorship_epig(match1); genus_from_scientificName; family_WFO; order_majorGroup_WCVP [2026-03-11] | CoordinateCleaner QA applied without sea test (validity, equal, zeros, capitals, centroids, gbif, institutions) [2026-04-14] | Corrected elevation values >5000 m by dividing by 10 (assumed digit inflation error) [2026-04-14]","standardize taxonRank column to uppercase / standardized author names in recordedBy","species","","I. Sánchez Vega M. Zapata G. Iberico Vela R. Diéguez"
"180","CPUN2025_0180","PreservedSpecimen","",NA,"CPUN","SPECIES",NA,"Sanchez-Vega, I.M. | Dillon, M.O.","8555",NA,"",NA,"CPUN2025",1,"Drymonia semicordata",-5.85,-77.4,"1996-11-06","change1: Parsed DMS/DDM latitude → decimal degrees. | change2: Parsed DMS/DDM longitude → decimal degrees. | change3: Corrected longitude sign for Western Hemisphere (made negative). | change4: Filled coordinateUncertaintyInMeters from decimal-place precision (conservative). | change5: Corrected latitude sign for Southern Hemisphere (validated by country polygon). | epi_taxo: acceptedName(match1); authorship_epig(match1); genus_from_scientificName; family_WFO; order_majorGroup_WCVP [2026-03-11] | CoordinateCleaner QA applied without sea test (validity, equal, zeros, capitals, centroids, gbif, institutions) [2026-04-14] | Corrected elevation values >5000 m by dividing by 10 (assumed digit inflation error) [2026-04-14]","standardize taxonRank column to uppercase / standardized author names in recordedBy","species","","I. Sánchez Vega M.O. Dillon"
"181","CPUN2025_0181","PreservedSpecimen","",NA,"CPUN","SPECIES",NA,"Sanchez-Vega, I.M. | Dillon, M.O.","9001",NA,"Herb",NA,"CPUN2025",3,"Drymonia serrulata",-5.683333333,-77.63333333,"1997-06-24","change1: Parsed DMS/DDM latitude → decimal degrees. | change2: Parsed DMS/DDM longitude → decimal degrees. | change3: Corrected longitude sign for Western Hemisphere (made negative). | change4: Filled coordinateUncertaintyInMeters from decimal-place precision (conservative). | change5: Corrected latitude sign for Southern Hemisphere (validated by country polygon). | epi_taxo: acceptedName(match1); authorship_epig(match1); genus_from_scientificName; family_WFO; order_majorGroup_WCVP [2026-03-11] | CoordinateCleaner QA applied without sea test (validity, equal, zeros, capitals, centroids, gbif, institutions) [2026-04-14] | Corrected elevation values >5000 m by dividing by 10 (assumed digit inflation error) [2026-04-14]","standardize taxonRank column to uppercase / standardized author names in recordedBy","species","Herb","I. Sánchez Vega M.O. Dillon"
"182","CPUN2025_0182","PreservedSpecimen","",NA,"CPUN","SPECIES",NA,"Sanchez-Vega, I.M. | Dillon, M.O. | Zapata-Cruz, M.","9616",NA,"",NA,"CPUN2025",0,"",-6.133333333,-77.3,"1998-07-02","change1: Parsed DMS/DDM latitude → decimal degrees. | change2: Parsed DMS/DDM longitude → decimal degrees. | change3: Corrected longitude sign for Western Hemisphere (made negative). | change4: Filled coordinateUncertaintyInMeters from decimal-place precision (conservative). | change5: Corrected latitude sign for Southern Hemisphere (validated by country polygon). | epi_taxo: acceptedName(match1); authorship_epig(match1); genus_from_scientificName; family_WFO; order_majorGroup_WCVP [2026-03-11] | CoordinateCleaner QA applied without sea test (validity, equal, zeros, capitals, centroids, gbif, institutions) [2026-04-14] | Corrected elevation values >5000 m by dividing by 10 (assumed digit inflation error) [2026-04-14]","standardize taxonRank column to uppercase / standardized author names in recordedBy","species","","I. Sánchez Vega M.O. Dillon M. Zapata"
"183","CPUN2025_0183","PreservedSpecimen","",NA,"CPUN","SPECIES",NA,"Sanchez-Vega, I.M. | Dillon, M.O.","8050",NA,"",NA,"CPUN2025",1,"Paradrymonia ciliosa",-5.998055556,-77.28722222,"1995-07-15","change1: Parsed DMS/DDM latitude → decimal degrees. | change2: Parsed DMS/DDM longitude → decimal degrees. | change3: Corrected longitude sign for Western Hemisphere (made negative). | change4: Filled coordinateUncertaintyInMeters from decimal-place precision (conservative). | change5: Corrected latitude sign for Southern Hemisphere (validated by country polygon). | epi_taxo: acceptedName(match1); authorship_epig(match1); genus_from_scientificName; family_WFO; order_majorGroup_WCVP [2026-03-11] | CoordinateCleaner QA applied without sea test (validity, equal, zeros, capitals, centroids, gbif, institutions) [2026-04-14] | Corrected elevation values >5000 m by dividing by 10 (assumed digit inflation error) [2026-04-14]","standardize taxonRank column to uppercase / standardized author names in recordedBy","species","","I. Sánchez Vega M.O. Dillon"
"184","CPUN2025_0184","PreservedSpecimen","",NA,"CPUN","SPECIES",NA,"Sanchez-Vega, I.M. | Zapata-Cruz, M. | Iberico-Vela, G. | Dieguez, R.","9966",NA,"",NA,"CPUN2025",3,"Hydrangea chinensis",-5.666666667,-77.71666667,"1999-07-01","change1: Standardized decimalLatitude string → numeric (comma/whitespace normalized). | change2: Standardized decimalLongitude string → numeric (comma/whitespace normalized). | change3: Parsed DMS/DDM latitude → decimal degrees. | change4: Parsed DMS/DDM longitude → decimal degrees. | change5: Corrected longitude sign for Western Hemisphere (made negative). | change6: Filled coordinateUncertaintyInMeters from decimal-place precision (conservative). | change7: Corrected latitude sign for Southern Hemisphere (validated by country polygon). | epi_taxo: acceptedName(match1); authorship_epig(match1); genus_from_scientificName; family_WFO; order_majorGroup_WCVP [2026-03-11] | CoordinateCleaner QA applied without sea test (validity, equal, zeros, capitals, centroids, gbif, institutions) [2026-04-14] | Corrected elevation values >5000 m by dividing by 10 (assumed digit inflation error) [2026-04-14]","standardize taxonRank column to uppercase / standardized author names in recordedBy","species","","I. Sánchez Vega M. Zapata Cruz G. Iberico Vela R. Diéguez"
"185","CPUN2025_0185","PreservedSpecimen","",NA,"CPUN","SPECIES",NA,"Sanchez-Vega, I.M. | Zapata-Cruz, M. | Iberico-Vela, G. | Dieguez, R.","10031",NA,"",NA,"CPUN2025",3,"Hydrangea chinensis",-5.683333333,-77.78333333,"1999-07-11","change1: Standardized decimalLatitude string → numeric (comma/whitespace normalized). | change2: Standardized decimalLongitude string → numeric (comma/whitespace normalized). | change3: Parsed DMS/DDM latitude → decimal degrees. | change4: Parsed DMS/DDM longitude → decimal degrees. | change5: Corrected longitude sign for Western Hemisphere (made negative). | change6: Filled coordinateUncertaintyInMeters from decimal-place precision (conservative). | change7: Corrected latitude sign for Southern Hemisphere (validated by country polygon). | epi_taxo: acceptedName(match1); authorship_epig(match1); genus_from_scientificName; family_WFO; order_majorGroup_WCVP [2026-03-11] | CoordinateCleaner QA applied without sea test (validity, equal, zeros, capitals, centroids, gbif, institutions) [2026-04-14] | Corrected elevation values >5000 m by dividing by 10 (assumed digit inflation error) [2026-04-14]","standardize taxonRank column to uppercase / standardized author names in recordedBy","species","","I. Sánchez Vega M. Zapata Cruz G. Iberico Vela R. Diéguez"
"186","CPUN2025_0186","PreservedSpecimen","",NA,"CPUN","SPECIES",NA,"Sanchez-Vega, I.M. | Miranda-Leiva, A.","6329",NA,"Shrub",NA,"CPUN2025",3,"Hydrangea chinensis",-6.240833333,-78.72861111,"1992-06-25","change1: Parsed DMS/DDM latitude → decimal degrees. | change2: Parsed DMS/DDM longitude → decimal degrees. | change3: Corrected longitude sign for Western Hemisphere (made negative). | change4: Filled coordinateUncertaintyInMeters from decimal-place precision (conservative). | change5: Corrected latitude sign for Southern Hemisphere (validated by country polygon). | epi_taxo: acceptedName(match1); authorship_epig(match1); genus_from_scientificName; family_WFO; order_majorGroup_WCVP [2026-03-11] | CoordinateCleaner QA applied without sea test (validity, equal, zeros, capitals, centroids, gbif, institutions) [2026-04-14] | Corrected elevation values >5000 m by dividing by 10 (assumed digit inflation error) [2026-04-14]","standardize taxonRank column to uppercase / converted lifeForm values to english equivalents / standardized author names in recordedBy","species","Arbusto","I. Sánchez Vega A. Miranda Leiva"
"187","CPUN2025_0187","PreservedSpecimen","",NA,"CPUN","SPECIES",NA,"Sanchez-Vega, I.M. | Sagastegui-Alva, A. | Guevara-Barreto, J.","5947",NA,"Shrub",NA,"CPUN2025",3,"Hydrangea chinensis",-6.2725,-78.68722222,"1991-11-03","change1: Parsed DMS/DDM latitude → decimal degrees. | change2: Parsed DMS/DDM longitude → decimal degrees. | change3: Corrected longitude sign for Western Hemisphere (made negative). | change4: Filled coordinateUncertaintyInMeters from decimal-place precision (conservative). | change5: Corrected latitude sign for Southern Hemisphere (validated by country polygon). | epi_taxo: acceptedName(match1); authorship_epig(match1); genus_from_scientificName; family_WFO; order_majorGroup_WCVP [2026-03-11] | CoordinateCleaner QA applied without sea test (validity, equal, zeros, capitals, centroids, gbif, institutions) [2026-04-14] | Corrected elevation values >5000 m by dividing by 10 (assumed digit inflation error) [2026-04-14]","standardize taxonRank column to uppercase / converted lifeForm values to english equivalents / standardized author names in recordedBy","species","Arbusto","I. Sánchez Vega A. Sagástegui A. J. Guevara Barreto"
"188","CPUN2025_0188","PreservedSpecimen","",NA,"CPUN","SPECIES",NA,"Sanchez-Vega, I.M. | Dillon, M.O. | Zapata-Cruz, M.","9469",NA,"",NA,"CPUN2025",1,"Blakea hirsutissima",-5.65,-77.63333333,"1998-06-24","change1: Parsed DMS/DDM latitude → decimal degrees. | change2: Parsed DMS/DDM longitude → decimal degrees. | change3: Corrected longitude sign for Western Hemisphere (made negative). | change4: Filled coordinateUncertaintyInMeters from decimal-place precision (conservative). | change5: Corrected latitude sign for Southern Hemisphere (validated by country polygon). | epi_taxo: acceptedName(match1); authorship_epig(match1); genus_from_scientificName; family_WFO; order_majorGroup_WCVP [2026-03-11] | CoordinateCleaner QA applied without sea test (validity, equal, zeros, capitals, centroids, gbif, institutions) [2026-04-14] | Corrected elevation values >5000 m by dividing by 10 (assumed digit inflation error) [2026-04-14]","standardize taxonRank column to uppercase / standardized author names in recordedBy","species","","I. Sánchez Vega M. O. Dillon M. Zapata Cruz"
"189","CPUN2025_0189","PreservedSpecimen","",NA,"CPUN","SPECIES",NA,"Sanchez-Vega, I.M. | Dillon, M.O.","8114",NA,"",NA,"CPUN2025",1,"Blakea ovalis",NA,NA,"1995-07-18","change1: Trimmed whitespace in scientificName (and standardized blanks to NA) | change2: Trimmed whitespace in verbatimScientificName (and standardized blanks to NA) | epi_taxo: acceptedName(match1); authorship_epig(match1); genus_from_scientificName; family_WFO; order_majorGroup_WCVP [2026-03-11] | CoordinateCleaner QA applied without sea test (validity, equal, zeros, capitals, centroids, gbif, institutions) [2026-04-14] | Corrected elevation values >5000 m by dividing by 10 (assumed digit inflation error) [2026-04-14]","standardize taxonRank column to uppercase / standardized author names in recordedBy","species","","I. Sánchez Vega M. O. Dillon"
"190","CPUN2025_0190","PreservedSpecimen","",NA,"CPUN","SPECIES",NA,"Sanchez-Vega, I.M. | Zapata-Cruz, M. | Iberico-Vela, G. | Dieguez, R.","9956",NA,"Shrub",NA,"CPUN2025",1,"Blakea repens",-5.666666667,-77.71666667,"1999-07-01","change1: Parsed DMS/DDM latitude → decimal degrees. | change2: Parsed DMS/DDM longitude → decimal degrees. | change3: Corrected longitude sign for Western Hemisphere (made negative). | change4: Filled coordinateUncertaintyInMeters from decimal-place precision (conservative). | change5: Corrected latitude sign for Southern Hemisphere (validated by country polygon). | epi_taxo: acceptedName(match1); authorship_epig(match1); genus_from_scientificName; family_WFO; order_majorGroup_WCVP [2026-03-11] | CoordinateCleaner QA applied without sea test (validity, equal, zeros, capitals, centroids, gbif, institutions) [2026-04-14] | Corrected elevation values >5000 m by dividing by 10 (assumed digit inflation error) [2026-04-14]","standardize taxonRank column to uppercase / converted lifeForm values to english equivalents / standardized author names in recordedBy","species","Arbusto","I. Sánchez Vega M. Zapata Cruz G. Iberico Vela R. Diéguez"
"191","CPUN2025_0191","PreservedSpecimen","",NA,"CPUN","SPECIES",NA,"Sanchez-Vega, I.M. | Dillon, M.O.","8079",NA,"Shrub",NA,"CPUN2025",1,"Blakea repens",NA,NA,"1995-07-16","change1: Trimmed whitespace in scientificName (and standardized blanks to NA) | change2: Trimmed whitespace in verbatimScientificName (and standardized blanks to NA) | epi_taxo: acceptedName(match1); authorship_epig(match1); genus_from_scientificName; family_WFO; order_majorGroup_WCVP [2026-03-11] | CoordinateCleaner QA applied without sea test (validity, equal, zeros, capitals, centroids, gbif, institutions) [2026-04-14] | Corrected elevation values >5000 m by dividing by 10 (assumed digit inflation error) [2026-04-14]","standardize taxonRank column to uppercase / converted lifeForm values to english equivalents / standardized author names in recordedBy","species","Arbusto","I. Sánchez Vega M. O. Dillon"
"192","CPUN2025_0192","PreservedSpecimen","",NA,"CPUN","SPECIES",NA,"Sanchez-Vega, I.M. | Zapata-Cruz, M.","9126",NA,"E",NA,"CPUN2025",1,"Blakea repens",-6.083333333,-77.26666667,"1997-07-07","change1: Parsed DMS/DDM latitude → decimal degrees. | change2: Parsed DMS/DDM longitude → decimal degrees. | change3: Corrected longitude sign for Western Hemisphere (made negative). | change4: Filled coordinateUncertaintyInMeters from decimal-place precision (conservative). | change5: Corrected latitude sign for Southern Hemisphere (validated by country polygon). | epi_taxo: acceptedName(match1); authorship_epig(match1); genus_from_scientificName; family_WFO; order_majorGroup_WCVP [2026-03-11] | CoordinateCleaner QA applied without sea test (validity, equal, zeros, capitals, centroids, gbif, institutions) [2026-04-14] | Corrected elevation values >5000 m by dividing by 10 (assumed digit inflation error) [2026-04-14]","standardize taxonRank column to uppercase / standardized author names in recordedBy","species","E","I. Sánchez Vega M. Zapata"
"193","CPUN2025_0193","PreservedSpecimen","",NA,"CPUN","SPECIES",NA,"Sanchez-Vega, I.M. | Dillon, M.O. | Zapata-Cruz, M.","9613",NA,"Tree",NA,"CPUN2025",1,"Blakea repens",-6.133333333,-77.3,"1998-07-02","change1: Parsed DMS/DDM latitude → decimal degrees. | change2: Parsed DMS/DDM longitude → decimal degrees. | change3: Corrected longitude sign for Western Hemisphere (made negative). | change4: Filled coordinateUncertaintyInMeters from decimal-place precision (conservative). | change5: Corrected latitude sign for Southern Hemisphere (validated by country polygon). | epi_taxo: acceptedName(match1); authorship_epig(match1); genus_from_scientificName; family_WFO; order_majorGroup_WCVP [2026-03-11] | CoordinateCleaner QA applied without sea test (validity, equal, zeros, capitals, centroids, gbif, institutions) [2026-04-14] | Corrected elevation values >5000 m by dividing by 10 (assumed digit inflation error) [2026-04-14]","standardize taxonRank column to uppercase / converted lifeForm values to english equivalents / standardized author names in recordedBy","species","Árbol","I. Sánchez Vega M. O. Dillon M. Zapata"
"194","CPUN2025_0194","PreservedSpecimen","",NA,"CPUN","SPECIES",NA,"Sanchez-Vega, I.M. | Dillon, M.O.","9003",NA,"Tree",NA,"CPUN2025",1,"Blakea repens",-5.683333333,-77.63333333,"1997-06-24","change1: Parsed DMS/DDM latitude → decimal degrees. | change2: Parsed DMS/DDM longitude → decimal degrees. | change3: Corrected longitude sign for Western Hemisphere (made negative). | change4: Filled coordinateUncertaintyInMeters from decimal-place precision (conservative). | change5: Corrected latitude sign for Southern Hemisphere (validated by country polygon). | epi_taxo: acceptedName(match1); authorship_epig(match1); genus_from_scientificName; family_WFO; order_majorGroup_WCVP [2026-03-11] | CoordinateCleaner QA applied without sea test (validity, equal, zeros, capitals, centroids, gbif, institutions) [2026-04-14] | Corrected elevation values >5000 m by dividing by 10 (assumed digit inflation error) [2026-04-14]","standardize taxonRank column to uppercase / converted lifeForm values to english equivalents / standardized author names in recordedBy","species","Árbol","I. Sánchez Vega M. O. Dillon"
"195","CPUN2025_0195","PreservedSpecimen","",NA,"CPUN","SPECIES",NA,"Sanchez-Vega, I.M. | Dillon, M.O. | Zapata-Cruz, M.","9555",NA,"Tree",NA,"CPUN2025",1,"Blakea spruceana",-6.166666667,-77.31666667,"1998-06-30","change1: Parsed DMS/DDM latitude → decimal degrees. | change2: Parsed DMS/DDM longitude → decimal degrees. | change3: Corrected longitude sign for Western Hemisphere (made negative). | change4: Filled coordinateUncertaintyInMeters from decimal-place precision (conservative). | change5: Corrected latitude sign for Southern Hemisphere (validated by country polygon). | epi_taxo: acceptedName(match1); authorship_epig(match1); genus_from_scientificName; family_WFO; order_majorGroup_WCVP [2026-03-11] | CoordinateCleaner QA applied without sea test (validity, equal, zeros, capitals, centroids, gbif, institutions) [2026-04-14] | Corrected elevation values >5000 m by dividing by 10 (assumed digit inflation error) [2026-04-14]","standardize taxonRank column to uppercase / converted lifeForm values to english equivalents / standardized author names in recordedBy","species","Árbol","I. Sánchez Vega M. O. Dillon M. Zapata"
"196","CPUN2025_0196","PreservedSpecimen","",NA,"CPUN","SPECIES",NA,"Sanchez-Vega, I.M. | Dillon, M.O.","8072",NA,"Tree",NA,"CPUN2025",1,"Blakea spruceana",NA,NA,"1995-07-16","epi_taxo: acceptedName(match1); authorship_epig(match1); genus_from_scientificName; family_WFO; order_majorGroup_WCVP [2026-03-11] | CoordinateCleaner QA applied without sea test (validity, equal, zeros, capitals, centroids, gbif, institutions) [2026-04-14] | Corrected elevation values >5000 m by dividing by 10 (assumed digit inflation error) [2026-04-14]","standardize taxonRank column to uppercase / converted lifeForm values to english equivalents / standardized author names in recordedBy","species","Árbol","I. Sánchez Vega M. O. Dillon"
"197","CPUN2025_0197","PreservedSpecimen","",NA,"CPUN","SPECIES",NA,"Sanchez-Vega, I.M. | Dillon, M.O.","8299",NA,"Tree",NA,"CPUN2025",1,"Blakea spruceana",-6.083333333,-77.26666667,"1996-10-26","change1: Parsed DMS/DDM latitude → decimal degrees. | change2: Parsed DMS/DDM longitude → decimal degrees. | change3: Corrected longitude sign for Western Hemisphere (made negative). | change4: Filled coordinateUncertaintyInMeters from decimal-place precision (conservative). | change5: Corrected latitude sign for Southern Hemisphere (validated by country polygon). | epi_taxo: acceptedName(match1); authorship_epig(match1); genus_from_scientificName; family_WFO; order_majorGroup_WCVP [2026-03-11] | CoordinateCleaner QA applied without sea test (validity, equal, zeros, capitals, centroids, gbif, institutions) [2026-04-14] | Corrected elevation values >5000 m by dividing by 10 (assumed digit inflation error) [2026-04-14]","standardize taxonRank column to uppercase / converted lifeForm values to english equivalents / standardized author names in recordedBy","species","Árbol","I. Sánchez Vega M. O. Dillon"
"198","CPUN2025_0198","PreservedSpecimen","",NA,"CPUN","SPECIES",NA,"Sanchez-Vega, I.M. | Zapata-Cruz, M. | Iberico-Vela, G. | Dieguez, R.","9917",NA,"Tree",NA,"CPUN2025",1,"Blakea spruceana",-5.666666667,-77.63333333,"1999-06-29","change1: Parsed DMS/DDM latitude → decimal degrees. | change2: Parsed DMS/DDM longitude → decimal degrees. | change3: Corrected longitude sign for Western Hemisphere (made negative). | change4: Filled coordinateUncertaintyInMeters from decimal-place precision (conservative). | change5: Corrected latitude sign for Southern Hemisphere (validated by country polygon). | epi_taxo: acceptedName(match1); authorship_epig(match1); genus_from_scientificName; family_WFO; order_majorGroup_WCVP [2026-03-11] | CoordinateCleaner QA applied without sea test (validity, equal, zeros, capitals, centroids, gbif, institutions) [2026-04-14] | Corrected elevation values >5000 m by dividing by 10 (assumed digit inflation error) [2026-04-14]","standardize taxonRank column to uppercase / converted lifeForm values to english equivalents / standardized author names in recordedBy","species","Árbol","I. Sánchez Vega M. Zapata G. Iberico Vela R. Diéguez"
"199","CPUN2025_0199","PreservedSpecimen","",NA,"CPUN","SPECIES",NA,"Sanchez-Vega, I.M. | Dillon, M.O. | Zapata-Cruz, M.","9536",NA,"Tree",NA,"CPUN2025",1,"Blakea spruceana",-6.116666667,-77.28333333,"1998-06-29","change1: Parsed DMS/DDM latitude → decimal degrees. | change2: Parsed DMS/DDM longitude → decimal degrees. | change3: Corrected longitude sign for Western Hemisphere (made negative). | change4: Filled coordinateUncertaintyInMeters from decimal-place precision (conservative). | change5: Corrected latitude sign for Southern Hemisphere (validated by country polygon). | epi_taxo: acceptedName(match1); authorship_epig(match1); genus_from_scientificName; family_WFO; order_majorGroup_WCVP [2026-03-11] | CoordinateCleaner QA applied without sea test (validity, equal, zeros, capitals, centroids, gbif, institutions) [2026-04-14] | Corrected elevation values >5000 m by dividing by 10 (assumed digit inflation error) [2026-04-14]","standardize taxonRank column to uppercase / converted lifeForm values to english equivalents / standardized author names in recordedBy","species","Árbol","I. Sánchez Vega M. O. Dillon M. Zapata"
"200","CPUN2025_0200","PreservedSpecimen","",NA,"CPUN","SPECIES",NA,"Sanchez-Vega, I.M. | Dillon, M.O. | Zapata-Cruz, M.","10210",NA,"Shrub",NA,"CPUN2025",1,"Blakea spruceana",NA,-77.65,"2000-05-19","change1: Parsed DMS/DDM longitude → decimal degrees. | change2: Corrected longitude sign for Western Hemisphere (made negative). | epi_taxo: acceptedName(match1); authorship_epig(match1); genus_from_scientificName; family_WFO; order_majorGroup_WCVP [2026-03-11] | CoordinateCleaner QA applied without sea test (validity, equal, zeros, capitals, centroids, gbif, institutions) [2026-04-14] | Corrected elevation values >5000 m by dividing by 10 (assumed digit inflation error) [2026-04-14]","standardize taxonRank column to uppercase / converted lifeForm values to english equivalents / standardized author names in recordedBy","species","Arbusto","I. Sánchez Vega M. O. Dillon M. Zapata"
"201","CPUN2025_0201","PreservedSpecimen","",NA,"CPUN","SPECIES",NA,"Sanchez-Vega, I.M. | Dillon, M.O. | Zapata-Cruz, M.","10208",NA,"Shrub",NA,"CPUN2025",1,"Blakea spruceana",NA,-77.65,"2000-05-19","change1: Parsed DMS/DDM longitude → decimal degrees. | change2: Corrected longitude sign for Western Hemisphere (made negative). | epi_taxo: acceptedName(match1); authorship_epig(match1); genus_from_scientificName; family_WFO; order_majorGroup_WCVP [2026-03-11] | CoordinateCleaner QA applied without sea test (validity, equal, zeros, capitals, centroids, gbif, institutions) [2026-04-14] | Corrected elevation values >5000 m by dividing by 10 (assumed digit inflation error) [2026-04-14]","standardize taxonRank column to uppercase / converted lifeForm values to english equivalents / standardized author names in recordedBy","species","Arbusto","I. Sánchez Vega M. O. Dillon M. Zapata"
"202","CPUN2025_0202","PreservedSpecimen","",NA,"CPUN","SPECIES",NA,"Cotton, E. | Gustafsson, M.","1879",NA,"",NA,"CPUN2025",1,"Blakea spruceana",-5.666666667,-77.63333333,"2002-07-08","change1: Parsed DMS/DDM latitude → decimal degrees. | change2: Parsed DMS/DDM longitude → decimal degrees. | change3: Corrected longitude sign for Western Hemisphere (made negative). | change4: Filled coordinateUncertaintyInMeters from decimal-place precision (conservative). | change5: Corrected latitude sign for Southern Hemisphere (validated by country polygon). | epi_taxo: acceptedName(match1); authorship_epig(match1); genus_from_scientificName; family_WFO; order_majorGroup_WCVP [2026-03-11] | CoordinateCleaner QA applied without sea test (validity, equal, zeros, capitals, centroids, gbif, institutions) [2026-04-14] | Corrected elevation values >5000 m by dividing by 10 (assumed digit inflation error) [2026-04-14]","standardize taxonRank column to uppercase / standardized author names in recordedBy","species","","Elvira Cotton Mats Gustafsson"
"203","CPUN2025_0203","PreservedSpecimen","",NA,"CPUN","SPECIES",NA,"Sanchez-Vega, I.M. | Dillon, M.O. | Zapata-Cruz, M.","9485",NA,"Shrub",NA,"CPUN2025",1,"Blakea standleyana",-5.65,-77.63333333,"1998-06-24","change1: Parsed DMS/DDM latitude → decimal degrees. | change2: Parsed DMS/DDM longitude → decimal degrees. | change3: Corrected longitude sign for Western Hemisphere (made negative). | change4: Filled coordinateUncertaintyInMeters from decimal-place precision (conservative). | change5: Corrected latitude sign for Southern Hemisphere (validated by country polygon). | epi_taxo: acceptedName(match1); authorship_epig(match1); genus_from_scientificName; family_WFO; order_majorGroup_WCVP [2026-03-11] | CoordinateCleaner QA applied without sea test (validity, equal, zeros, capitals, centroids, gbif, institutions) [2026-04-14] | Corrected elevation values >5000 m by dividing by 10 (assumed digit inflation error) [2026-04-14]","standardize taxonRank column to uppercase / converted lifeForm values to english equivalents / standardized author names in recordedBy","species","Arbusto","I. Sánchez Vega M. O. Dillon M. Zapata"
"204","CPUN2025_0204","PreservedSpecimen","",NA,"CPUN","SPECIES",NA,"Sanchez-Vega, I.M. | Dillon, M.O.","8966",NA,"Herb",NA,"CPUN2025",1,"Monolena primuliflora",-5.633333333,-77.61666667,"1997-06-20","change1: Parsed DMS/DDM latitude → decimal degrees. | change2: Parsed DMS/DDM longitude → decimal degrees. | change3: Corrected longitude sign for Western Hemisphere (made negative). | change4: Filled coordinateUncertaintyInMeters from decimal-place precision (conservative). | change5: Corrected latitude sign for Southern Hemisphere (validated by country polygon). | epi_taxo: acceptedName(match1); authorship_epig(match1); genus_from_scientificName; family_WFO; order_majorGroup_WCVP [2026-03-11] | CoordinateCleaner QA applied without sea test (validity, equal, zeros, capitals, centroids, gbif, institutions) [2026-04-14] | Corrected elevation values >5000 m by dividing by 10 (assumed digit inflation error) [2026-04-14]","standardize taxonRank column to uppercase / standardized author names in recordedBy","species","Herb","I. Sánchez Vega M.O. Dillon"
"205","CPUN2025_0205","PreservedSpecimen","",NA,"CPUN","SPECIES",NA,"Sanchez-Vega, I.M. | Dillon, M.O. | Zapata-Cruz, M.","9516",NA,"Tree",NA,"CPUN2025",1,"Blakea multiflora",-5.65,-77.65,"1998-06-25","change1: Parsed DMS/DDM latitude → decimal degrees. | change2: Parsed DMS/DDM longitude → decimal degrees. | change3: Corrected longitude sign for Western Hemisphere (made negative). | change4: Filled coordinateUncertaintyInMeters from decimal-place precision (conservative). | change5: Corrected latitude sign for Southern Hemisphere (validated by country polygon). | epi_taxo: acceptedName(match1); authorship_epig(match1); genus_from_scientificName; family_WFO; order_majorGroup_WCVP [2026-03-11] | CoordinateCleaner QA applied without sea test (validity, equal, zeros, capitals, centroids, gbif, institutions) [2026-04-14] | Corrected elevation values >5000 m by dividing by 10 (assumed digit inflation error) [2026-04-14]","standardize taxonRank column to uppercase / converted lifeForm values to english equivalents / standardized author names in recordedBy","species","Árbol","I. Sánchez Vega M. O. Dillon M. Zapata"
"206","CPUN2025_0206","PreservedSpecimen","",NA,"CPUN","SPECIES",NA,"Cotton, E. | Gustafsson, M.","1888",NA,"",NA,"CPUN2025",1,"Blakea multiflora",-5.716666667,-77.66666667,"2002-07-08","change1: Parsed DMS/DDM latitude → decimal degrees. | change2: Parsed DMS/DDM longitude → decimal degrees. | change3: Corrected longitude sign for Western Hemisphere (made negative). | change4: Filled coordinateUncertaintyInMeters from decimal-place precision (conservative). | change5: Corrected latitude sign for Southern Hemisphere (validated by country polygon). | epi_taxo: acceptedName(match1); authorship_epig(match1); genus_from_scientificName; family_WFO; order_majorGroup_WCVP [2026-03-11] | CoordinateCleaner QA applied without sea test (validity, equal, zeros, capitals, centroids, gbif, institutions) [2026-04-14] | Corrected elevation values >5000 m by dividing by 10 (assumed digit inflation error) [2026-04-14]","standardize taxonRank column to uppercase / standardized author names in recordedBy","species","","Elvira Cotton Mats Gustafsson"
"207","CPUN2025_0207","PreservedSpecimen","",NA,"CPUN","SPECIES",NA,"Sanchez-Vega, I.M. | Dillon, M.O.","9050",NA,"Tree",NA,"CPUN2025",1,"Blakea multiflora",-5.666666667,-77.7,"1997-06-26","change1: Parsed DMS/DDM latitude → decimal degrees. | change2: Parsed DMS/DDM longitude → decimal degrees. | change3: Corrected longitude sign for Western Hemisphere (made negative). | change4: Filled coordinateUncertaintyInMeters from decimal-place precision (conservative). | change5: Corrected latitude sign for Southern Hemisphere (validated by country polygon). | epi_taxo: acceptedName(match1); authorship_epig(match1); genus_from_scientificName; family_WFO; order_majorGroup_WCVP [2026-03-11] | CoordinateCleaner QA applied without sea test (validity, equal, zeros, capitals, centroids, gbif, institutions) [2026-04-14] | Corrected elevation values >5000 m by dividing by 10 (assumed digit inflation error) [2026-04-14]","standardize taxonRank column to uppercase / converted lifeForm values to english equivalents / standardized author names in recordedBy","species","Árbol","I. Sánchez Vega M. O. Dillon"
"208","CPUN2025_0208","PreservedSpecimen","",NA,"CPUN","SPECIES",NA,"Arostegui-Vargas, A.","23",NA,"Tree",NA,"CPUN2025",1,"Ficus americana",NA,NA,"1962-01-11","epi_taxo: acceptedName(match1); authorship_epig(match1); genus_from_scientificName; family_WFO; order_majorGroup_WCVP [2026-03-11] | CoordinateCleaner QA applied without sea test (validity, equal, zeros, capitals, centroids, gbif, institutions) [2026-04-14] | Corrected elevation values >5000 m by dividing by 10 (assumed digit inflation error) [2026-04-14]","standardize taxonRank column to uppercase / converted lifeForm values to english equivalents / standardized author names in recordedBy","species","Árbol","Antonio Aróstegui Vargas"
"209","CPUN2025_0209","PreservedSpecimen","",NA,"CPUN","SPECIES",NA,"Guerra-Lu, J.","12",NA,"Tree",NA,"CPUN2025",1,"Ficus caballina",NA,NA,"1996-11-18","epi_taxo: acceptedName(match1); authorship_epig(match1); genus_from_scientificName; family_WFO; order_majorGroup_WCVP [2026-03-11] | CoordinateCleaner QA applied without sea test (validity, equal, zeros, capitals, centroids, gbif, institutions) [2026-04-14] | Corrected elevation values >5000 m by dividing by 10 (assumed digit inflation error) [2026-04-14]","standardize taxonRank column to uppercase / converted lifeForm values to english equivalents / standardized author names in recordedBy","species","Árbol","José Guerra Lu"
"210","CPUN2025_0210","PreservedSpecimen","",NA,"CPUN","SPECIES",NA,"Sanchez-Vega, I.M.","4903",NA,"Tree",NA,"CPUN2025",1,"Ficus cuatrecasasiana",-6.374444444,-78.81694444,"1989-06-26","change1: Parsed DMS/DDM latitude → decimal degrees. | change2: Parsed DMS/DDM longitude → decimal degrees. | change3: Corrected longitude sign for Western Hemisphere (made negative). | change4: Filled coordinateUncertaintyInMeters from decimal-place precision (conservative). | change5: Corrected latitude sign for Southern Hemisphere (validated by country polygon). | epi_taxo: acceptedName(match1); authorship_epig(match1); genus_from_scientificName; family_WFO; order_majorGroup_WCVP [2026-03-11] | CoordinateCleaner QA applied without sea test (validity, equal, zeros, capitals, centroids, gbif, institutions) [2026-04-14] | Corrected elevation values >5000 m by dividing by 10 (assumed digit inflation error) [2026-04-14]","standardize taxonRank column to uppercase / converted lifeForm values to english equivalents / standardized author names in recordedBy","species","Árbol","Isidoro Manuel Sánchez Vega"
"211","CPUN2025_0211","PreservedSpecimen","",NA,"CPUN","SPECIES",NA,"Sanchez-Vega, I.M. | Dillon, M.O. | Zapata-Cruz, M.","9431",NA,"Tree",NA,"CPUN2025",1,"Ficus eximia",-5.633333333,-77.6,"1998-06-18","change1: Parsed DMS/DDM latitude → decimal degrees. | change2: Parsed DMS/DDM longitude → decimal degrees. | change3: Corrected longitude sign for Western Hemisphere (made negative). | change4: Filled coordinateUncertaintyInMeters from decimal-place precision (conservative). | change5: Corrected latitude sign for Southern Hemisphere (validated by country polygon). | epi_taxo: acceptedName(match1); authorship_epig(match1); genus_from_scientificName; family_WFO; order_majorGroup_WCVP [2026-03-11] | CoordinateCleaner QA applied without sea test (validity, equal, zeros, capitals, centroids, gbif, institutions) [2026-04-14] | Corrected elevation values >5000 m by dividing by 10 (assumed digit inflation error) [2026-04-14]","standardize taxonRank column to uppercase / converted lifeForm values to english equivalents / standardized author names in recordedBy","species","Árbol","Isidoro Manuel Sánchez Vega M. O. Dillon M. Zapata"
"212","CPUN2025_0212","PreservedSpecimen","",NA,"CPUN","SPECIES",NA,"Cabanillas-Soriano, J.M. | Bazan-Zurita, H.","1078",NA,"Tree",NA,"CPUN2025",1,"Ficus eximia",NA,NA,"1997-09-20","epi_taxo: acceptedName(match1); authorship_epig(match1); genus_from_scientificName; family_WFO; order_majorGroup_WCVP [2026-03-11] | CoordinateCleaner QA applied without sea test (validity, equal, zeros, capitals, centroids, gbif, institutions) [2026-04-14] | Corrected elevation values >5000 m by dividing by 10 (assumed digit inflation error) [2026-04-14]","standardize taxonRank column to uppercase / converted lifeForm values to english equivalents / standardized author names in recordedBy","species","Árbol","Manuel Cabanillas Soriano H. Bazán Zurita"
"213","CPUN2025_0213","PreservedSpecimen","",NA,"CPUN","SPECIES",NA,"Sanchez-Vega, I.M. | Zapata-Cruz, M. | Dieguez, R. | Iberico-Vela, G.","9921",NA,"Tree",NA,"CPUN2025",3,"Ficus mariae",-5.666666667,-77.63333333,"1999-06-29","change1: Parsed DMS/DDM latitude → decimal degrees. | change2: Parsed DMS/DDM longitude → decimal degrees. | change3: Corrected longitude sign for Western Hemisphere (made negative). | change4: Filled coordinateUncertaintyInMeters from decimal-place precision (conservative). | change5: Corrected latitude sign for Southern Hemisphere (validated by country polygon). | epi_taxo: acceptedName(match1); authorship_epig(match1); genus_from_scientificName; family_WFO; order_majorGroup_WCVP [2026-03-11] | CoordinateCleaner QA applied without sea test (validity, equal, zeros, capitals, centroids, gbif, institutions) [2026-04-14] | Corrected elevation values >5000 m by dividing by 10 (assumed digit inflation error) [2026-04-14]","standardize taxonRank column to uppercase / converted lifeForm values to english equivalents / standardized author names in recordedBy","species","Árbol","Isidoro Manuel Sánchez Vega Mario Zapata Cruz R. Diéguez Gustavo Iberico Vela"
"214","CPUN2025_0214","PreservedSpecimen","",NA,"CPUN","SPECIES",NA,"Sanchez-Vega, I.M. | Zapata-Cruz, M. | Iberico-Vela, G. | Dieguez, R.","9923",NA,"Tree",NA,"CPUN2025",3,"Ficus mariae",-5.666666667,-77.63333333,"1999-06-29","change1: Parsed DMS/DDM latitude → decimal degrees. | change2: Parsed DMS/DDM longitude → decimal degrees. | change3: Corrected longitude sign for Western Hemisphere (made negative). | change4: Filled coordinateUncertaintyInMeters from decimal-place precision (conservative). | change5: Corrected latitude sign for Southern Hemisphere (validated by country polygon). | epi_taxo: acceptedName(match1); authorship_epig(match1); genus_from_scientificName; family_WFO; order_majorGroup_WCVP [2026-03-11] | CoordinateCleaner QA applied without sea test (validity, equal, zeros, capitals, centroids, gbif, institutions) [2026-04-14] | Corrected elevation values >5000 m by dividing by 10 (assumed digit inflation error) [2026-04-14]","standardize taxonRank column to uppercase / converted lifeForm values to english equivalents / standardized author names in recordedBy","species","Árbol","Isidoro Manuel Sánchez Vega M. Zapata Gustavo Iberico Vela R. Diéguez"
"215","CPUN2025_0215","PreservedSpecimen","",NA,"CPUN","SPECIES",NA,"Dillon, M.O. | Sanchez-Vega, I.M.","6287",NA,"",NA,"CPUN2025",3,"Ficus crocata",-5.4,-79.6,"1991-07-21","change1: Parsed DMS/DDM latitude → decimal degrees. | change2: Parsed DMS/DDM longitude → decimal degrees. | change3: Corrected longitude sign for Western Hemisphere (made negative). | change4: Filled coordinateUncertaintyInMeters from decimal-place precision (conservative). | change5: Corrected latitude sign for Southern Hemisphere (validated by country polygon). | epi_taxo: acceptedName(match1); authorship_epig(match1); genus_from_scientificName; family_WFO; order_majorGroup_WCVP [2026-03-11] | CoordinateCleaner QA applied without sea test (validity, equal, zeros, capitals, centroids, gbif, institutions) [2026-04-14] | Corrected elevation values >5000 m by dividing by 10 (assumed digit inflation error) [2026-04-14]","standardize taxonRank column to uppercase / standardized author names in recordedBy","species","","Michael O. Dillon Isidoro Manuel Sánchez Vega"
"216","CPUN2025_0216","PreservedSpecimen","",NA,"CPUN","SPECIES",NA,"Sanchez-Vega, I.M. | Sagastegui-Alva, A. | Guevara-Barreto, J.","5899",NA,"Tree",NA,"CPUN2025",3,"Ficus crocata",-6.290555556,-78.69583333,"1991-11-02","change1: Parsed DMS/DDM latitude → decimal degrees. | change2: Parsed DMS/DDM longitude → decimal degrees. | change3: Corrected longitude sign for Western Hemisphere (made negative). | change4: Filled coordinateUncertaintyInMeters from decimal-place precision (conservative). | change5: Corrected latitude sign for Southern Hemisphere (validated by country polygon). | epi_taxo: acceptedName(match1); authorship_epig(match1); genus_from_scientificName; family_WFO; order_majorGroup_WCVP [2026-03-11] | CoordinateCleaner QA applied without sea test (validity, equal, zeros, capitals, centroids, gbif, institutions) [2026-04-14] | Corrected elevation values >5000 m by dividing by 10 (assumed digit inflation error) [2026-04-14]","standardize taxonRank column to uppercase / converted lifeForm values to english equivalents / standardized author names in recordedBy","species","Árbol","Isidoro Manuel Sánchez Vega Abundio Sagástegui Alva José Guevara Barreto"
"217","CPUN2025_0217","PreservedSpecimen","",NA,"CPUN","SPECIES",NA,"Sanchez-Vega, I.M. | Zapata-Cruz, M. | Iberico-Vela, G. | Dieguez, R.","9878",NA,"Tree",NA,"CPUN2025",3,"Ficus crocata",-6.133333333,-77.3,"1999-06-24","change1: Parsed DMS/DDM latitude → decimal degrees. | change2: Parsed DMS/DDM longitude → decimal degrees. | change3: Corrected longitude sign for Western Hemisphere (made negative). | change4: Filled coordinateUncertaintyInMeters from decimal-place precision (conservative). | change5: Corrected latitude sign for Southern Hemisphere (validated by country polygon). | epi_taxo: acceptedName(match1); authorship_epig(match1); genus_from_scientificName; family_WFO; order_majorGroup_WCVP [2026-03-11] | CoordinateCleaner QA applied without sea test (validity, equal, zeros, capitals, centroids, gbif, institutions) [2026-04-14] | Corrected elevation values >5000 m by dividing by 10 (assumed digit inflation error) [2026-04-14]","standardize taxonRank column to uppercase / converted lifeForm values to english equivalents / standardized author names in recordedBy","species","Árbol","Isidoro Manuel Sánchez Vega M. Zapata Gustavo Iberico Vela R. Diéguez"
"218","CPUN2025_0218","PreservedSpecimen","",NA,"CPUN","SPECIES",NA,"Sanchez-Vega, I.M. | Dillon, M.O.","8366",NA,"Tree",NA,"CPUN2025",1,"Ficus pertusa",-6.05,-77.15,"1996-10-30","change1: Parsed DMS/DDM latitude → decimal degrees. | change2: Parsed DMS/DDM longitude → decimal degrees. | change3: Corrected longitude sign for Western Hemisphere (made negative). | change4: Filled coordinateUncertaintyInMeters from decimal-place precision (conservative). | change5: Corrected latitude sign for Southern Hemisphere (validated by country polygon). | epi_taxo: acceptedName(match1); authorship_epig(match1); genus_from_scientificName; family_WFO; order_majorGroup_WCVP [2026-03-11] | CoordinateCleaner QA applied without sea test (validity, equal, zeros, capitals, centroids, gbif, institutions) [2026-04-14] | Corrected elevation values >5000 m by dividing by 10 (assumed digit inflation error) [2026-04-14]","standardize taxonRank column to uppercase / converted lifeForm values to english equivalents / standardized author names in recordedBy","species","Árbol","Isidoro Manuel Sánchez Vega Michael O. Dillon"
"219","CPUN2025_0219","PreservedSpecimen","",NA,"CPUN","SPECIES",NA,"Sanchez-Vega, I.M. | Dillon, M.O. | Zapata-Cruz, M.","9410",NA,"Tree",NA,"CPUN2025",1,"Ficus pertusa",-5.633333333,-77.61666667,"1998-06-17","change1: Parsed DMS/DDM latitude → decimal degrees. | change2: Parsed DMS/DDM longitude → decimal degrees. | change3: Corrected longitude sign for Western Hemisphere (made negative). | change4: Filled coordinateUncertaintyInMeters from decimal-place precision (conservative). | change5: Corrected latitude sign for Southern Hemisphere (validated by country polygon). | epi_taxo: acceptedName(match1); authorship_epig(match1); genus_from_scientificName; family_WFO; order_majorGroup_WCVP [2026-03-11] | CoordinateCleaner QA applied without sea test (validity, equal, zeros, capitals, centroids, gbif, institutions) [2026-04-14] | Corrected elevation values >5000 m by dividing by 10 (assumed digit inflation error) [2026-04-14]","standardize taxonRank column to uppercase / converted lifeForm values to english equivalents / standardized author names in recordedBy","species","Árbol","Isidoro Manuel Sánchez Vega M. O. Dillon M. Zapata"
"220","CPUN2025_0220","PreservedSpecimen","",NA,"CPUN","SPECIES",NA,"Sanchez-Vega, I.M. | Dillon, M.O.","8345",NA,"Tree",NA,"CPUN2025",1,"Ficus trigona",-6.2,-77.15,"1996-10-29","change1: Parsed DMS/DDM latitude → decimal degrees. | change2: Parsed DMS/DDM longitude → decimal degrees. | change3: Corrected longitude sign for Western Hemisphere (made negative). | change4: Filled coordinateUncertaintyInMeters from decimal-place precision (conservative). | change5: Corrected latitude sign for Southern Hemisphere (validated by country polygon). | epi_taxo: acceptedName(match1); authorship_epig(match1); genus_from_scientificName; family_WFO; order_majorGroup_WCVP [2026-03-11] | CoordinateCleaner QA applied without sea test (validity, equal, zeros, capitals, centroids, gbif, institutions) [2026-04-14] | Corrected elevation values >5000 m by dividing by 10 (assumed digit inflation error) [2026-04-14]","standardize taxonRank column to uppercase / converted lifeForm values to english equivalents / standardized author names in recordedBy","species","Árbol","Isidoro Manuel Sánchez Vega Michael O. Dillon"
"221","CPUN2025_0221","PreservedSpecimen","",NA,"CPUN","SPECIES",NA,"Dillon, M.O. | Sanchez-Vega, I.M. | Sanchez-Montoya, M.","6413",NA,"",NA,"CPUN2025",1,"Ficus trigona",-6.5,-78.83333333,"1993-04-19","change1: Parsed DMS/DDM latitude → decimal degrees. | change2: Parsed DMS/DDM longitude → decimal degrees. | change3: Corrected longitude sign for Western Hemisphere (made negative). | change4: Filled coordinateUncertaintyInMeters from decimal-place precision (conservative). | change5: Corrected latitude sign for Southern Hemisphere (validated by country polygon). | epi_taxo: acceptedName(match1); authorship_epig(match1); genus_from_scientificName; family_WFO; order_majorGroup_WCVP [2026-03-11] | CoordinateCleaner QA applied without sea test (validity, equal, zeros, capitals, centroids, gbif, institutions) [2026-04-14] | Corrected elevation values >5000 m by dividing by 10 (assumed digit inflation error) [2026-04-14]","standardize taxonRank column to uppercase / standardized author names in recordedBy","species","","Michael O. Dillon Isidoro Manuel Sánchez Vega Manuel Sánchez Montoya"
"222","CPUN2025_0222","PreservedSpecimen","",NA,"CPUN","SPECIES",NA,"Sanchez-Vega, I.M.","4180",NA,"Tree",NA,"CPUN2025",1,"Ficus trigona",-7.276111111,-78.72305556,"1986-10-19","change1: Parsed DMS/DDM latitude → decimal degrees. | change2: Parsed DMS/DDM longitude → decimal degrees. | change3: Corrected longitude sign for Western Hemisphere (made negative). | change4: Filled coordinateUncertaintyInMeters from decimal-place precision (conservative). | change5: Corrected latitude sign for Southern Hemisphere (validated by country polygon). | epi_taxo: acceptedName(match1); authorship_epig(match1); genus_from_scientificName; family_WFO; order_majorGroup_WCVP [2026-03-11] | CoordinateCleaner QA applied without sea test (validity, equal, zeros, capitals, centroids, gbif, institutions) [2026-04-14] | Corrected elevation values >5000 m by dividing by 10 (assumed digit inflation error) [2026-04-14]","standardize taxonRank column to uppercase / converted lifeForm values to english equivalents / standardized author names in recordedBy","species","Árbol","Isidoro Manuel Sánchez Vega"
"223","CPUN2025_0223","PreservedSpecimen","",NA,"CPUN","SPECIES",NA,"Sanchez-Vega, I.M. | Dillon, M.O. | Zapata-Cruz, M.","10203",NA,"Tree",NA,"CPUN2025",1,"Ficus trigona",NA,-77.3,"2000-05-17","change1: Parsed DMS/DDM longitude → decimal degrees. | change2: Corrected longitude sign for Western Hemisphere (made negative). | epi_taxo: acceptedName(match1); authorship_epig(match1); genus_from_scientificName; family_WFO; order_majorGroup_WCVP [2026-03-11] | CoordinateCleaner QA applied without sea test (validity, equal, zeros, capitals, centroids, gbif, institutions) [2026-04-14] | Corrected elevation values >5000 m by dividing by 10 (assumed digit inflation error) [2026-04-14]","standardize taxonRank column to uppercase / converted lifeForm values to english equivalents / standardized author names in recordedBy","species","Árbol","Isidoro Manuel Sánchez Vega M. O. Dillon M. Zapata"
"224","CPUN2025_0224","PreservedSpecimen","",NA,"CPUN","SPECIES",NA,"Sanchez-Vega, I.M. | Dillon, M.O.","8940",NA,"Tree",NA,"CPUN2025",1,"Ficus trigona",-5.633333333,-77.61666667,"1997-06-19","change1: Parsed DMS/DDM latitude → decimal degrees. | change2: Parsed DMS/DDM longitude → decimal degrees. | change3: Corrected longitude sign for Western Hemisphere (made negative). | change4: Filled coordinateUncertaintyInMeters from decimal-place precision (conservative). | change5: Corrected latitude sign for Southern Hemisphere (validated by country polygon). | epi_taxo: acceptedName(match1); authorship_epig(match1); genus_from_scientificName; family_WFO; order_majorGroup_WCVP [2026-03-11] | CoordinateCleaner QA applied without sea test (validity, equal, zeros, capitals, centroids, gbif, institutions) [2026-04-14] | Corrected elevation values >5000 m by dividing by 10 (assumed digit inflation error) [2026-04-14]","standardize taxonRank column to uppercase / converted lifeForm values to english equivalents / standardized author names in recordedBy","species","Árbol","Isidoro Manuel Sánchez Vega M. O. Dillon"
"225","CPUN2025_0225","PreservedSpecimen","",NA,"CPUN","SPECIES",NA,"Sanchez-Vega, I.M. | Zapata-Cruz, M. | Iberico-Vela, G. | Dieguez, R.","9867",NA,"Tree",NA,"CPUN2025",1,"Ficus trigona",-6.133333333,-77.3,"1999-06-24","change1: Parsed DMS/DDM latitude → decimal degrees. | change2: Parsed DMS/DDM longitude → decimal degrees. | change3: Corrected longitude sign for Western Hemisphere (made negative). | change4: Filled coordinateUncertaintyInMeters from decimal-place precision (conservative). | change5: Corrected latitude sign for Southern Hemisphere (validated by country polygon). | epi_taxo: acceptedName(match1); authorship_epig(match1); genus_from_scientificName; family_WFO; order_majorGroup_WCVP [2026-03-11] | CoordinateCleaner QA applied without sea test (validity, equal, zeros, capitals, centroids, gbif, institutions) [2026-04-14] | Corrected elevation values >5000 m by dividing by 10 (assumed digit inflation error) [2026-04-14]","standardize taxonRank column to uppercase / converted lifeForm values to english equivalents / standardized author names in recordedBy","species","Árbol","Isidoro Manuel Sánchez Vega M. Zapata Gustavo Iberico Vela R. Diéguez"
"226","CPUN2025_0226","PreservedSpecimen","",NA,"CPUN","SPECIES",NA,"Smith, D.N. | Goodwin, K.","8956",NA,"",NA,"CPUN2025",3,"Fuchsia decidua",-9.033333333,-77.71666667,"1985-01-01","change1: Parsed DMS/DDM latitude → decimal degrees. | change2: Parsed DMS/DDM longitude → decimal degrees. | change3: Corrected longitude sign for Western Hemisphere (made negative). | change4: Filled coordinateUncertaintyInMeters from decimal-place precision (conservative). | change5: Corrected latitude sign for Southern Hemisphere (validated by country polygon). | epi_taxo: acceptedName(match1); authorship_epig(match1); genus_from_scientificName; family_WFO; order_majorGroup_WCVP [2026-03-11] | CoordinateCleaner QA applied without sea test (validity, equal, zeros, capitals, centroids, gbif, institutions) [2026-04-14] | Corrected elevation values >5000 m by dividing by 10 (assumed digit inflation error) [2026-04-14]","standardize taxonRank column to uppercase / standardized author names in recordedBy","species","","David N. Smith Kye Goodwin"
"227","CPUN2025_0227","PreservedSpecimen","Holotype",NA,"CPUN","SPECIES",NA,"Chamaya-G, J.","95",NA,"E",NA,"CPUN2025",1,"Acianthera polystachya",763276,-9280839,"2022-05-04","change1: Corrected longitude sign for Western Hemisphere (made negative). | change2: Filled coordinateUncertaintyInMeters from decimal-place precision (conservative). | epi_taxo: acceptedName(match1); authorship_epig(match1); genus_from_scientificName; family_WFO; order_majorGroup_WCVP [2026-03-11] | CoordinateCleaner QA applied without sea test (validity, equal, zeros, capitals, centroids, gbif, institutions) [2026-04-14] | Corrected elevation values >5000 m by dividing by 10 (assumed digit inflation error) [2026-04-14]","standardize taxonRank column to uppercase / standardized author names in recordedBy","species","E","J. Chamaya G."
"228","CPUN2025_0228","PreservedSpecimen","",NA,"CPUN","SPECIES",NA,"Chamaya-G, J.","98",NA,"E",NA,"CPUN2025",1,"Acianthera polystachya",762030,-9280322,"2023-05-24","change1: Corrected longitude sign for Western Hemisphere (made negative). | change2: Filled coordinateUncertaintyInMeters from decimal-place precision (conservative). | epi_taxo: acceptedName(match1); authorship_epig(match1); genus_from_scientificName; family_WFO; order_majorGroup_WCVP [2026-03-11] | CoordinateCleaner QA applied without sea test (validity, equal, zeros, capitals, centroids, gbif, institutions) [2026-04-14] | Corrected elevation values >5000 m by dividing by 10 (assumed digit inflation error) [2026-04-14]","standardize taxonRank column to uppercase / standardized author names in recordedBy","species","E","J. Chamaya G."
"229","CPUN2025_0229","PreservedSpecimen","Holotype",NA,"CPUN","GENUS",NA,"Chamaya-G, J.","33",NA,"E",NA,"CPUN2025",NA,"",762010,-9280330,"2020-11-06","change1: Genus placeholder (sp./spp.): moved to 'genus', set taxonRank=GENUS, cleared scientificName; kept original in verbatim. | change2: Corrected longitude sign for Western Hemisphere (made negative). | change3: Filled coordinateUncertaintyInMeters from decimal-place precision (conservative). | epi_taxo: acceptedName(match1); authorship_epig(match1); genus_from_scientificName; family_WFO; order_majorGroup_WCVP [2026-03-11] | CoordinateCleaner QA applied without sea test (validity, equal, zeros, capitals, centroids, gbif, institutions) [2026-04-14] | Corrected elevation values >5000 m by dividing by 10 (assumed digit inflation error) [2026-04-14]","standardized author names in recordedBy","GENUS","E","J. Chamaya G."
"230","CPUN2025_0230","PreservedSpecimen","Holotype",NA,"CPUN","GENUS",NA,"Chamaya-G, J.","34",NA,"E",NA,"CPUN2025",NA,"",761973,-9280435,"2020-11-06","change1: Genus placeholder (sp./spp.): moved to 'genus', set taxonRank=GENUS, cleared scientificName; kept original in verbatim. | change2: Corrected longitude sign for Western Hemisphere (made negative). | change3: Filled coordinateUncertaintyInMeters from decimal-place precision (conservative). | epi_taxo: acceptedName(match1); authorship_epig(match1); genus_from_scientificName; family_WFO; order_majorGroup_WCVP [2026-03-11] | CoordinateCleaner QA applied without sea test (validity, equal, zeros, capitals, centroids, gbif, institutions) [2026-04-14] | Corrected elevation values >5000 m by dividing by 10 (assumed digit inflation error) [2026-04-14]","standardized author names in recordedBy","GENUS","E","J. Chamaya G."
"231","CPUN2025_0231","PreservedSpecimen","",NA,"CPUN","SPECIES",NA,"Smith, D.N. | Valencia, R. | Buddensiek, M.","12006",NA,"Lithophyte",NA,"CPUN2025",2,"Andinia spiralis",-8.833333333,-77.96666667,"1986-04-08","change1: Parsed DMS/DDM latitude → decimal degrees. | change2: Parsed DMS/DDM longitude → decimal degrees. | change3: Corrected longitude sign for Western Hemisphere (made negative). | change4: Filled coordinateUncertaintyInMeters from decimal-place precision (conservative). | change5: Corrected latitude sign for Southern Hemisphere (validated by country polygon). | epi_taxo: acceptedName(match1); authorship_epig(match1); genus_from_scientificName; family_WFO; order_majorGroup_WCVP [2026-03-11] | CoordinateCleaner QA applied without sea test (validity, equal, zeros, capitals, centroids, gbif, institutions) [2026-04-14] | Corrected elevation values >5000 m by dividing by 10 (assumed digit inflation error) [2026-04-14]","standardize taxonRank column to uppercase / standardized author names in recordedBy","species","Lithophyte","D.N. Smith R. Valencia M. Buddensiek"
"232","CPUN2025_0232","PreservedSpecimen","",NA,"CPUN","SPECIES",NA,"Smith, D.N. | Goodwin, K.","8820",NA,"Herb",NA,"CPUN2025",2,"Andinia spiralis",-9.083333333,-77.68333333,"1984-12-30","change1: Parsed DMS/DDM latitude → decimal degrees. | change2: Parsed DMS/DDM longitude → decimal degrees. | change3: Corrected longitude sign for Western Hemisphere (made negative). | change4: Filled coordinateUncertaintyInMeters from decimal-place precision (conservative). | change5: Corrected latitude sign for Southern Hemisphere (validated by country polygon). | epi_taxo: acceptedName(match1); authorship_epig(match1); genus_from_scientificName; family_WFO; order_majorGroup_WCVP [2026-03-11] | CoordinateCleaner QA applied without sea test (validity, equal, zeros, capitals, centroids, gbif, institutions) [2026-04-14] | Corrected elevation values >5000 m by dividing by 10 (assumed digit inflation error) [2026-04-14]","standardize taxonRank column to uppercase / standardized author names in recordedBy","species","Herb","D.N. Smith Kye Goodwin"
"233","CPUN2025_0233","PreservedSpecimen","",NA,"CPUN","SPECIES",NA,"Dillon, M.O. | Sanchez-Vega, I.M. | Sanchez-Montoya, M.","6354",NA,"E",NA,"CPUN2025",1,"Barbosella cucullata",-6.490277778,-78.62361111,"1993-04-17","change1: Parsed DMS/DDM latitude → decimal degrees. | change2: Parsed DMS/DDM longitude → decimal degrees. | change3: Corrected longitude sign for Western Hemisphere (made negative). | change4: Filled coordinateUncertaintyInMeters from decimal-place precision (conservative). | change5: Corrected latitude sign for Southern Hemisphere (validated by country polygon). | epi_taxo: acceptedName(match1); authorship_epig(match1); genus_from_scientificName; family_WFO; order_majorGroup_WCVP [2026-03-11] | CoordinateCleaner QA applied without sea test (validity, equal, zeros, capitals, centroids, gbif, institutions) [2026-04-14] | Corrected elevation values >5000 m by dividing by 10 (assumed digit inflation error) [2026-04-14]","standardize taxonRank column to uppercase / standardized author names in recordedBy","species","E","M.O. Dillon I. Sánchez Vega M. Sánchez M."
"234","CPUN2025_0234","PreservedSpecimen","Holotype",NA,"CPUN","SPECIES",NA,"Chamaya-G, J.","96",NA,"E",NA,"CPUN2025",1,"Barbosella cucullata",763223,-9280998,"2022-03-04","change1: Corrected longitude sign for Western Hemisphere (made negative). | change2: Filled coordinateUncertaintyInMeters from decimal-place precision (conservative). | epi_taxo: acceptedName(match1); authorship_epig(match1); genus_from_scientificName; family_WFO; order_majorGroup_WCVP [2026-03-11] | CoordinateCleaner QA applied without sea test (validity, equal, zeros, capitals, centroids, gbif, institutions) [2026-04-14] | Corrected elevation values >5000 m by dividing by 10 (assumed digit inflation error) [2026-04-14]","standardize taxonRank column to uppercase / standardized author names in recordedBy","species","E","J. Chamaya G."
"235","CPUN2025_0235","PreservedSpecimen","",NA,"CPUN","SPECIES",NA,"Goicochea-Rojas, A. | Gutierrez-Ruiz, D.","S/N",NA,"Herb",NA,"CPUN2025",1,"Brassia garayana",NA,NA,"2023-09-15","epi_taxo: acceptedName(match1); authorship_epig(match1); genus_from_scientificName; family_WFO; order_majorGroup_WCVP [2026-03-11] | CoordinateCleaner QA applied without sea test (validity, equal, zeros, capitals, centroids, gbif, institutions) [2026-04-14] | Corrected elevation values >5000 m by dividing by 10 (assumed digit inflation error) [2026-04-14]","standardize taxonRank column to uppercase / standardized author names in recordedBy","species","Herb","A. Goicochea R. D. Gutiérrez R."
"236","CPUN2025_0236","PreservedSpecimen","Holotype",NA,"CPUN","GENUS",NA,"Chamaya-G, J.","81",NA,"E",NA,"CPUN2025",NA,"",760826,-9282279,"2022-03-27","change1: Genus placeholder (sp./spp.): moved to 'genus', set taxonRank=GENUS, cleared scientificName; kept original in verbatim. | change2: Corrected longitude sign for Western Hemisphere (made negative). | change3: Filled coordinateUncertaintyInMeters from decimal-place precision (conservative). | epi_taxo: acceptedName(match1); authorship_epig(match1); genus_from_scientificName; family_WFO; order_majorGroup_WCVP [2026-03-11] | CoordinateCleaner QA applied without sea test (validity, equal, zeros, capitals, centroids, gbif, institutions) [2026-04-14] | Corrected elevation values >5000 m by dividing by 10 (assumed digit inflation error) [2026-04-14]","standardized author names in recordedBy","GENUS","E","J. Chamaya G."
"237","CPUN2025_0237","PreservedSpecimen","",NA,"CPUN","SPECIES",NA,"Dillon, M.O. | Sanchez-Vega, I.M. | Sanchez-Montoya, M.","6464",NA,"E",NA,"CPUN2025",1,"Comparettia rubriflora",-6.406388889,-79.02194444,"1993-04-22","change1: Parsed DMS/DDM latitude → decimal degrees. | change2: Parsed DMS/DDM longitude → decimal degrees. | change3: Corrected longitude sign for Western Hemisphere (made negative). | change4: Filled coordinateUncertaintyInMeters from decimal-place precision (conservative). | change5: Corrected latitude sign for Southern Hemisphere (validated by country polygon). | epi_taxo: acceptedName(match1); authorship_epig(match1); genus_from_scientificName; family_WFO; order_majorGroup_WCVP [2026-03-11] | CoordinateCleaner QA applied without sea test (validity, equal, zeros, capitals, centroids, gbif, institutions) [2026-04-14] | Corrected elevation values >5000 m by dividing by 10 (assumed digit inflation error) [2026-04-14]","standardize taxonRank column to uppercase / standardized author names in recordedBy","species","E","M.O. Dillon I. Sánchez Vega M. Sánchez M."
"238","CPUN2025_0238","PreservedSpecimen","Holotype",NA,"CPUN","SPECIES",NA,"Chamaya-G, J.","107",NA,"Herb",NA,"CPUN2025",3,"Hapalorchis lineata",765599,-9281263,"2022-12-28","change1: Corrected longitude sign for Western Hemisphere (made negative). | change2: Filled coordinateUncertaintyInMeters from decimal-place precision (conservative). | epi_taxo: acceptedName(match1); authorship_epig(match1); genus_from_scientificName; family_WFO; order_majorGroup_WCVP [2026-03-11] | CoordinateCleaner QA applied without sea test (validity, equal, zeros, capitals, centroids, gbif, institutions) [2026-04-14] | Corrected elevation values >5000 m by dividing by 10 (assumed digit inflation error) [2026-04-14]","standardize taxonRank column to uppercase / standardized author names in recordedBy","species","Herb","J. Chamaya G."
"239","CPUN2025_0239","PreservedSpecimen","",NA,"CPUN","SPECIES",NA,"Sanchez-Vega, I.M. | Diaz-P, Jorge","11426",NA,"Herb",NA,"CPUN2025",1,"Cyrtochilum aureum",NA,NA,"2002-05-17","epi_taxo: acceptedName(match1); authorship_epig(match1); genus_from_scientificName; family_WFO; order_majorGroup_WCVP [2026-03-11] | CoordinateCleaner QA applied without sea test (validity, equal, zeros, capitals, centroids, gbif, institutions) [2026-04-14] | Corrected elevation values >5000 m by dividing by 10 (assumed digit inflation error) [2026-04-14]","standardize taxonRank column to uppercase / standardized author names in recordedBy","species","Herb","I. Sánchez Vega Jorge Díaz P."
"240","CPUN2025_0240","PreservedSpecimen","",NA,"CPUN","SPECIES",NA,"Sanchez-Vega, I.M. | Iberico-Vela, G. | Sanchez-Montoya, M.","11564",NA,"E",NA,"CPUN2025",1,"Cyrtochilum aureum",-6.815277778,-78.55472222,"2002-08-08","change1: Parsed DMS/DDM latitude → decimal degrees. | change2: Parsed DMS/DDM longitude → decimal degrees. | change3: Corrected longitude sign for Western Hemisphere (made negative). | change4: Filled coordinateUncertaintyInMeters from decimal-place precision (conservative). | change5: Corrected latitude sign for Southern Hemisphere (validated by country polygon). | epi_taxo: acceptedName(match1); authorship_epig(match1); genus_from_scientificName; family_WFO; order_majorGroup_WCVP [2026-03-11] | CoordinateCleaner QA applied without sea test (validity, equal, zeros, capitals, centroids, gbif, institutions) [2026-04-14] | Corrected elevation values >5000 m by dividing by 10 (assumed digit inflation error) [2026-04-14]","standardize taxonRank column to uppercase / standardized author names in recordedBy","species","E","I. Sánchez Vega G. Iberico Vela M. Sánchez M."
"241","CPUN2025_0241","PreservedSpecimen","",NA,"CPUN","SPECIES",NA,"Sanchez-Vega, I.M. | Sanchez-Montoya, M. | Miranda-Leiva, A.","11662",NA,"",NA,"CPUN2025",1,"Cyrtochilum aureum",-5.688611111,-79.25194444,"2002-09-02","change1: Parsed DMS/DDM latitude → decimal degrees. | change2: Parsed DMS/DDM longitude → decimal degrees. | change3: Corrected longitude sign for Western Hemisphere (made negative). | change4: Filled coordinateUncertaintyInMeters from decimal-place precision (conservative). | change5: Corrected latitude sign for Southern Hemisphere (validated by country polygon). | epi_taxo: acceptedName(match1); authorship_epig(match1); genus_from_scientificName; family_WFO; order_majorGroup_WCVP [2026-03-11] | CoordinateCleaner QA applied without sea test (validity, equal, zeros, capitals, centroids, gbif, institutions) [2026-04-14] | Corrected elevation values >5000 m by dividing by 10 (assumed digit inflation error) [2026-04-14]","standardize taxonRank column to uppercase / standardized author names in recordedBy","species","","I. Sánchez Vega M. Sánchez M. A. Miranda L."
"242","CPUN2025_0242","PreservedSpecimen","Holotype",NA,"CPUN","SPECIES",NA,"Chamaya-G, J.","45",NA,"Herb",NA,"CPUN2025",1,"Cyrtochilum aureum",761325,-9278675,"2021-05-29","change1: Corrected longitude sign for Western Hemisphere (made negative). | change2: Filled coordinateUncertaintyInMeters from decimal-place precision (conservative). | epi_taxo: acceptedName(match1); authorship_epig(match1); genus_from_scientificName; family_WFO; order_majorGroup_WCVP [2026-03-11] | CoordinateCleaner QA applied without sea test (validity, equal, zeros, capitals, centroids, gbif, institutions) [2026-04-14] | Corrected elevation values >5000 m by dividing by 10 (assumed digit inflation error) [2026-04-14]","standardize taxonRank column to uppercase / standardized author names in recordedBy","species","Herb","J. Chamaya G."
"243","CPUN2025_0243","PreservedSpecimen","",NA,"CPUN","SPECIES",NA,"Vasquez, T. | Vargas-Ch, P.","39",NA,"Herb",NA,"CPUN2025",1,"Cyrtochilum aureum",827383,-9215934,"2024-04-19","change1: Corrected longitude sign for Western Hemisphere (made negative). | change2: Filled coordinateUncertaintyInMeters from decimal-place precision (conservative). | epi_taxo: acceptedName(match1); authorship_epig(match1); genus_from_scientificName; family_WFO; order_majorGroup_WCVP [2026-03-11] | CoordinateCleaner QA applied without sea test (validity, equal, zeros, capitals, centroids, gbif, institutions) [2026-04-14] | Corrected elevation values >5000 m by dividing by 10 (assumed digit inflation error) [2026-04-14]","standardize taxonRank column to uppercase / standardized author names in recordedBy","species","Herb","T. Vásquez P. Vargas Ch."
"244","CPUN2025_0244","PreservedSpecimen","",NA,"CPUN","SPECIES",NA,"Smith, D.N.","11539",NA,"Herb",NA,"CPUN2025",1,"Cyrtochilum aureum",-9,-77.68333333,"1985-09-29","change1: Parsed DMS/DDM latitude → decimal degrees. | change2: Parsed DMS/DDM longitude → decimal degrees. | change3: Corrected longitude sign for Western Hemisphere (made negative). | change4: Filled coordinateUncertaintyInMeters from decimal-place precision (conservative). | change5: Corrected latitude sign for Southern Hemisphere (validated by country polygon). | epi_taxo: acceptedName(match1); authorship_epig(match1); genus_from_scientificName; family_WFO; order_majorGroup_WCVP [2026-03-11] | CoordinateCleaner QA applied without sea test (validity, equal, zeros, capitals, centroids, gbif, institutions) [2026-04-14] | Corrected elevation values >5000 m by dividing by 10 (assumed digit inflation error) [2026-04-14]","standardize taxonRank column to uppercase / standardized author names in recordedBy","species","Herb","D.N. Smith"
"245","CPUN2025_0245","PreservedSpecimen","",NA,"CPUN","SPECIES",NA,"Sanchez-Vega, I.M. | Correa, A. | Varas, M.","5208",NA,"Herb",NA,"CPUN2025",1,"Cyrtochilum aureum",NA,NA,"1990-05-01","epi_taxo: acceptedName(match1); authorship_epig(match1); genus_from_scientificName; family_WFO; order_majorGroup_WCVP [2026-03-11] | CoordinateCleaner QA applied without sea test (validity, equal, zeros, capitals, centroids, gbif, institutions) [2026-04-14] | Corrected elevation values >5000 m by dividing by 10 (assumed digit inflation error) [2026-04-14]","standardize taxonRank column to uppercase / standardized author names in recordedBy","species","Herb","I. Sánchez Vega A. Correa M. Varas."
"246","CPUN2025_0246","PreservedSpecimen","",NA,"CPUN","SPECIES",NA,"Smith, D.N.","11456",NA,"Herb",NA,"CPUN2025",1,"Cyrtochilum aureum",-9.083333333,-77.65,"1985-09-15","change1: Parsed DMS/DDM latitude → decimal degrees. | change2: Parsed DMS/DDM longitude → decimal degrees. | change3: Corrected longitude sign for Western Hemisphere (made negative). | change4: Filled coordinateUncertaintyInMeters from decimal-place precision (conservative). | change5: Corrected latitude sign for Southern Hemisphere (validated by country polygon). | epi_taxo: acceptedName(match1); authorship_epig(match1); genus_from_scientificName; family_WFO; order_majorGroup_WCVP [2026-03-11] | CoordinateCleaner QA applied without sea test (validity, equal, zeros, capitals, centroids, gbif, institutions) [2026-04-14] | Corrected elevation values >5000 m by dividing by 10 (assumed digit inflation error) [2026-04-14]","standardize taxonRank column to uppercase / standardized author names in recordedBy","species","Herb","D. N. Smith"
"247","CPUN2025_0247","PreservedSpecimen","",NA,"CPUN","SPECIES",NA,"Sanchez-Vega, J.G.","359",NA,"E",NA,"CPUN2025",1,"Cyrtochilum macranthum",NA,NA,"1987-10-18","epi_taxo: acceptedName(match1); authorship_epig(match1); genus_from_scientificName; family_WFO; order_majorGroup_WCVP [2026-03-11] | CoordinateCleaner QA applied without sea test (validity, equal, zeros, capitals, centroids, gbif, institutions) [2026-04-14] | Corrected elevation values >5000 m by dividing by 10 (assumed digit inflation error) [2026-04-14]","standardize taxonRank column to uppercase / standardized author names in recordedBy","species","E","J. G. Sánchez V."
"248","CPUN2025_0248","PreservedSpecimen","",NA,"CPUN","SPECIES",NA,"Sanchez-Vega, I.M.","4514",NA,"E",NA,"CPUN2025",1,"Cyrtochilum macranthum",NA,NA,"1987-10-14","epi_taxo: acceptedName(match1); authorship_epig(match1); genus_from_scientificName; family_WFO; order_majorGroup_WCVP [2026-03-11] | CoordinateCleaner QA applied without sea test (validity, equal, zeros, capitals, centroids, gbif, institutions) [2026-04-14] | Corrected elevation values >5000 m by dividing by 10 (assumed digit inflation error) [2026-04-14]","standardize taxonRank column to uppercase / standardized author names in recordedBy","species","E","I. Sánchez Vega"
"249","CPUN2025_0249","PreservedSpecimen","",NA,"CPUN","SPECIES",NA,"Dillon, M.O. | Sanchez-Vega, I.M. | Sanchez-Montoya, M.","6351",NA,"E",NA,"CPUN2025",1,"Cyrtochilum macranthum",-6.490277778,-78.62361111,"1993-04-17","change1: Parsed DMS/DDM latitude → decimal degrees. | change2: Parsed DMS/DDM longitude → decimal degrees. | change3: Corrected longitude sign for Western Hemisphere (made negative). | change4: Filled coordinateUncertaintyInMeters from decimal-place precision (conservative). | change5: Corrected latitude sign for Southern Hemisphere (validated by country polygon). | epi_taxo: acceptedName(match1); authorship_epig(match1); genus_from_scientificName; family_WFO; order_majorGroup_WCVP [2026-03-11] | CoordinateCleaner QA applied without sea test (validity, equal, zeros, capitals, centroids, gbif, institutions) [2026-04-14] | Corrected elevation values >5000 m by dividing by 10 (assumed digit inflation error) [2026-04-14]","standardize taxonRank column to uppercase / standardized author names in recordedBy","species","E","M.O. Dillon I. Sánchez Vega M. Sánchez M."
"250","CPUN2025_0250","PreservedSpecimen","",NA,"CPUN","SPECIES",NA,"Chamaya-G, J.","68",NA,"E",NA,"CPUN2025",1,"Cyrtochilum macranthum",763229,-9280858,"2022-03-15","change1: Corrected longitude sign for Western Hemisphere (made negative). | change2: Filled coordinateUncertaintyInMeters from decimal-place precision (conservative). | epi_taxo: acceptedName(match1); authorship_epig(match1); genus_from_scientificName; family_WFO; order_majorGroup_WCVP [2026-03-11] | CoordinateCleaner QA applied without sea test (validity, equal, zeros, capitals, centroids, gbif, institutions) [2026-04-14] | Corrected elevation values >5000 m by dividing by 10 (assumed digit inflation error) [2026-04-14]","standardize taxonRank column to uppercase / standardized author names in recordedBy","species","E","J. Chamaya G."
"251","CPUN2025_0251","PreservedSpecimen","",NA,"CPUN","SPECIES",NA,"Sanchez-Vega, I.M. | Sagastegui-Alva, A. | Guevara-Barreto, J.","6010",NA,"E",NA,"CPUN2025",1,"Cyrtochilum myanthum",NA,NA,"1991-11-04","epi_taxo: acceptedName(match1); authorship_epig(match1); genus_from_scientificName; family_WFO; order_majorGroup_WCVP [2026-03-11] | CoordinateCleaner QA applied without sea test (validity, equal, zeros, capitals, centroids, gbif, institutions) [2026-04-14] | Corrected elevation values >5000 m by dividing by 10 (assumed digit inflation error) [2026-04-14]","standardize taxonRank column to uppercase / standardized author names in recordedBy","species","E","I. Sánchez Vega A. Sagástegui Alva. J. Guevara"
"252","CPUN2025_0252","PreservedSpecimen","",NA,"CPUN","GENUS",NA,"Sanchez-Vega, I.M. | Cabanillas-Soriano, J.M. | Montesinos, D.","12311",NA,"E",NA,"CPUN2025",NA,"",NA,NA,"2003-08-20","change1: Genus placeholder (sp./spp.): moved to 'genus', set taxonRank=GENUS, cleared scientificName; kept original in verbatim. | epi_taxo: acceptedName(match1); authorship_epig(match1); genus_from_scientificName; family_WFO; order_majorGroup_WCVP [2026-03-11] | CoordinateCleaner QA applied without sea test (validity, equal, zeros, capitals, centroids, gbif, institutions) [2026-04-14] | Corrected elevation values >5000 m by dividing by 10 (assumed digit inflation error) [2026-04-14]","standardized author names in recordedBy","GENUS","E","I. Sánchez Vega J. Cabanillas Soriano Daniel Montesinos."
"253","CPUN2025_0253","PreservedSpecimen","",NA,"CPUN","SPECIES",NA,"Sanchez-Vega, I.M. | Torres, J.","6441",NA,"",NA,"CPUN2025",1,"Cyrtopodium punctatum",NA,NA,"1992-11-01","epi_taxo: acceptedName(match1); authorship_epig(match1); genus_from_scientificName; family_WFO; order_majorGroup_WCVP [2026-03-11] | CoordinateCleaner QA applied without sea test (validity, equal, zeros, capitals, centroids, gbif, institutions) [2026-04-14] | Corrected elevation values >5000 m by dividing by 10 (assumed digit inflation error) [2026-04-14]","standardize taxonRank column to uppercase / standardized author names in recordedBy","species","","I. Sánchez Vega J. Torres"
"254","CPUN2025_0254","PreservedSpecimen","",NA,"CPUN","GENUS",NA,"Sanchez-Vega, I.M. | Dillon, M.O. | Zapata-Cruz, M.","9499",NA,"E",NA,"CPUN2025",NA,"",-5.65,-77.63333333,"1998-06-24","change1: Genus placeholder (sp./spp.): moved to 'genus', set taxonRank=GENUS, cleared scientificName; kept original in verbatim. | change2: Parsed DMS/DDM latitude → decimal degrees. | change3: Parsed DMS/DDM longitude → decimal degrees. | change4: Corrected longitude sign for Western Hemisphere (made negative). | change5: Filled coordinateUncertaintyInMeters from decimal-place precision (conservative). | change6: Corrected latitude sign for Southern Hemisphere (validated by country polygon). | epi_taxo: acceptedName(match1); authorship_epig(match1); genus_from_scientificName; family_WFO; order_majorGroup_WCVP [2026-03-11] | CoordinateCleaner QA applied without sea test (validity, equal, zeros, capitals, centroids, gbif, institutions) [2026-04-14] | Corrected elevation values >5000 m by dividing by 10 (assumed digit inflation error) [2026-04-14]","standardized author names in recordedBy","GENUS","E","I. Sánchez Vega M.O. Dillon M. Zapata"
"255","CPUN2025_0255","PreservedSpecimen","",NA,"CPUN","SPECIES",NA,"Cabanillas-Soriano, J.M. | Vargas-Chuquilin, P.","1734",NA,"",NA,"CPUN2025",1,"Elleanthus maculatus",NA,NA,"2005-02-27","epi_taxo: acceptedName(match1); authorship_epig(match1); genus_from_scientificName; family_WFO; order_majorGroup_WCVP [2026-03-11] | CoordinateCleaner QA applied without sea test (validity, equal, zeros, capitals, centroids, gbif, institutions) [2026-04-14] | Corrected elevation values >5000 m by dividing by 10 (assumed digit inflation error) [2026-04-14]","standardize taxonRank column to uppercase / standardized author names in recordedBy","species","","M. Cabanillas Soriano Peter Vargas Ch."
"256","CPUN2025_0256","PreservedSpecimen","",NA,"CPUN","SPECIES",NA,"Sanchez-Vega, I.M. | Alva-Z, M.","212",NA,"Herb",NA,"CPUN2025",1,"Elleanthus myrosmatis",-6.871944444,-78.11194444,"1966-04-08","change1: Parsed DMS/DDM latitude → decimal degrees. | change2: Parsed DMS/DDM longitude → decimal degrees. | change3: Corrected longitude sign for Western Hemisphere (made negative). | change4: Filled coordinateUncertaintyInMeters from decimal-place precision (conservative). | change5: Corrected latitude sign for Southern Hemisphere (validated by country polygon). | epi_taxo: acceptedName(match1); authorship_epig(match1); genus_from_scientificName; family_WFO; order_majorGroup_WCVP [2026-03-11] | CoordinateCleaner QA applied without sea test (validity, equal, zeros, capitals, centroids, gbif, institutions) [2026-04-14] | Corrected elevation values >5000 m by dividing by 10 (assumed digit inflation error) [2026-04-14]","standardize taxonRank column to uppercase / standardized author names in recordedBy","species","Herb","I. Sánchez Vega M. Alva Z."
"257","CPUN2025_0257","PreservedSpecimen","",NA,"CPUN","SPECIES",NA,"Sanchez-Vega, I.M.","3984",NA,"Herb",NA,"CPUN2025",1,"Elleanthus myrosmatis",-6.883333333,-78.11666667,"1986-02-25","change1: Parsed DMS/DDM latitude → decimal degrees. | change2: Parsed DMS/DDM longitude → decimal degrees. | change3: Corrected longitude sign for Western Hemisphere (made negative). | change4: Filled coordinateUncertaintyInMeters from decimal-place precision (conservative). | change5: Corrected latitude sign for Southern Hemisphere (validated by country polygon). | epi_taxo: acceptedName(match1); authorship_epig(match1); genus_from_scientificName; family_WFO; order_majorGroup_WCVP [2026-03-11] | CoordinateCleaner QA applied without sea test (validity, equal, zeros, capitals, centroids, gbif, institutions) [2026-04-14] | Corrected elevation values >5000 m by dividing by 10 (assumed digit inflation error) [2026-04-14]","standardize taxonRank column to uppercase / standardized author names in recordedBy","species","Herb","I. Sánchez Vega"
"258","CPUN2025_0258","PreservedSpecimen","",NA,"CPUN","SPECIES",NA,"Sanchez-Vega, J.G. | Ruiz-Vigo, W. | Cabanillas-Soriano, J.M. | Lopez, A.","2205",NA,"Herb",NA,"CPUN2025",1,"Elleanthus porphyrocephalus",-6.213611111,-77.72138889,"1978-08-04","change1: Parsed DMS/DDM latitude → decimal degrees. | change2: Parsed DMS/DDM longitude → decimal degrees. | change3: Corrected longitude sign for Western Hemisphere (made negative). | change4: Filled coordinateUncertaintyInMeters from decimal-place precision (conservative). | change5: Corrected latitude sign for Southern Hemisphere (validated by country polygon). | epi_taxo: acceptedName(match1); authorship_epig(match1); genus_from_scientificName; family_WFO; order_majorGroup_WCVP [2026-03-11] | CoordinateCleaner QA applied without sea test (validity, equal, zeros, capitals, centroids, gbif, institutions) [2026-04-14] | Corrected elevation values >5000 m by dividing by 10 (assumed digit inflation error) [2026-04-14]","standardize taxonRank column to uppercase / standardized author names in recordedBy","species","Herb","J. Sánchez Vega W. Ruiz Vigo J. Cabanillas A. López"
"259","CPUN2025_0259","PreservedSpecimen","",NA,"CPUN","SPECIES",NA,"Sanchez-Vega, J.G. | Ruiz-Vigo, W. | Cabanillas-Soriano, J.M. | Lopez, A.","2270",NA,"Herb",NA,"CPUN2025",1,"Elleanthus porphyrocephalus",-5.85,-77.96666667,"1978-08-06","change1: Parsed DMS/DDM latitude → decimal degrees. | change2: Parsed DMS/DDM longitude → decimal degrees. | change3: Corrected longitude sign for Western Hemisphere (made negative). | change4: Filled coordinateUncertaintyInMeters from decimal-place precision (conservative). | change5: Corrected latitude sign for Southern Hemisphere (validated by country polygon). | epi_taxo: acceptedName(match1); authorship_epig(match1); genus_from_scientificName; family_WFO; order_majorGroup_WCVP [2026-03-11] | CoordinateCleaner QA applied without sea test (validity, equal, zeros, capitals, centroids, gbif, institutions) [2026-04-14] | Corrected elevation values >5000 m by dividing by 10 (assumed digit inflation error) [2026-04-14]","standardize taxonRank column to uppercase / standardized author names in recordedBy","species","Herb","J. Sánchez Vega W. Ruiz Vigo J. Cabanillas A. López"
"260","CPUN2025_0260","PreservedSpecimen","",NA,"CPUN","GENUS",NA,"Castillo, H. | Cochachin, E. | Castillo, S.","284",NA,"Herb",NA,"CPUN2025",NA,"",827654,-9159344,"2015-01-28","change1: Genus placeholder (sp./spp.): moved to 'genus', set taxonRank=GENUS, cleared scientificName; kept original in verbatim. | change2: Corrected longitude sign for Western Hemisphere (made negative). | change3: Filled coordinateUncertaintyInMeters from decimal-place precision (conservative). | epi_taxo: acceptedName(match1); authorship_epig(match1); genus_from_scientificName; family_WFO; order_majorGroup_WCVP [2026-03-11] | CoordinateCleaner QA applied without sea test (validity, equal, zeros, capitals, centroids, gbif, institutions) [2026-04-14] | Corrected elevation values >5000 m by dividing by 10 (assumed digit inflation error) [2026-04-14]","standardized author names in recordedBy","GENUS","Herb","H. Castillo E. Cochachin S. Castillo"
"261","CPUN2025_0261","PreservedSpecimen","",NA,"CPUN","GENUS",NA,"Chamaya-G, J.","113",NA,"Herb",NA,"CPUN2025",NA,"",761969,-9280414,"2021-01-03","change1: Genus placeholder (sp./spp.): moved to 'genus', set taxonRank=GENUS, cleared scientificName; kept original in verbatim. | change2: Corrected longitude sign for Western Hemisphere (made negative). | change3: Filled coordinateUncertaintyInMeters from decimal-place precision (conservative). | epi_taxo: acceptedName(match1); authorship_epig(match1); genus_from_scientificName; family_WFO; order_majorGroup_WCVP [2026-03-11] | CoordinateCleaner QA applied without sea test (validity, equal, zeros, capitals, centroids, gbif, institutions) [2026-04-14] | Corrected elevation values >5000 m by dividing by 10 (assumed digit inflation error) [2026-04-14]","standardized author names in recordedBy","GENUS","Herb","J. Chamaya G."
"262","CPUN2025_0262","PreservedSpecimen","",NA,"CPUN","GENUS",NA,"Chamaya-G, J.","29",NA,"Herb",NA,"CPUN2025",NA,"",761291,-9278924,"2020-11-03","change1: Genus placeholder (sp./spp.): moved to 'genus', set taxonRank=GENUS, cleared scientificName; kept original in verbatim. | change2: Corrected longitude sign for Western Hemisphere (made negative). | change3: Filled coordinateUncertaintyInMeters from decimal-place precision (conservative). | epi_taxo: acceptedName(match1); authorship_epig(match1); genus_from_scientificName; family_WFO; order_majorGroup_WCVP [2026-03-11] | CoordinateCleaner QA applied without sea test (validity, equal, zeros, capitals, centroids, gbif, institutions) [2026-04-14] | Corrected elevation values >5000 m by dividing by 10 (assumed digit inflation error) [2026-04-14]","standardized author names in recordedBy","GENUS","Herb","J. Chamaya G."
"263","CPUN2025_0263","PreservedSpecimen","",NA,"CPUN","SPECIES",NA,"Sanchez-Vega, J.G. | Ruiz-Vigo, W. | Cabanillas-Soriano, J.M. | Lopez, A.","2266",NA,"Herb",NA,"CPUN2025",1,"Epidendrum aggregatum",-5.85,-77.96666667,"1978-08-06","change1: Parsed DMS/DDM latitude → decimal degrees. | change2: Parsed DMS/DDM longitude → decimal degrees. | change3: Corrected longitude sign for Western Hemisphere (made negative). | change4: Filled coordinateUncertaintyInMeters from decimal-place precision (conservative). | change5: Corrected latitude sign for Southern Hemisphere (validated by country polygon). | epi_taxo: acceptedName(match1); authorship_epig(match1); genus_from_scientificName; family_WFO; order_majorGroup_WCVP [2026-03-11] | CoordinateCleaner QA applied without sea test (validity, equal, zeros, capitals, centroids, gbif, institutions) [2026-04-14] | Corrected elevation values >5000 m by dividing by 10 (assumed digit inflation error) [2026-04-14]","standardize taxonRank column to uppercase / standardized author names in recordedBy","species","Herb","J. Sánchez Vega W. Ruiz Vigo J. Cabanillas A. López"
"264","CPUN2025_0264","PreservedSpecimen","",NA,"CPUN","SPECIES",NA,"Juarez-V, C. | Sanchez-Rojas, A.","461",NA,"",NA,"CPUN2025",1,"Epidendrum aggregatum",740297,-9261328,"2006-06-06","change1: Corrected longitude sign for Western Hemisphere (made negative). | change2: Filled coordinateUncertaintyInMeters from decimal-place precision (conservative). | epi_taxo: acceptedName(match1); authorship_epig(match1); genus_from_scientificName; family_WFO; order_majorGroup_WCVP [2026-03-11] | CoordinateCleaner QA applied without sea test (validity, equal, zeros, capitals, centroids, gbif, institutions) [2026-04-14] | Corrected elevation values >5000 m by dividing by 10 (assumed digit inflation error) [2026-04-14]","standardize taxonRank column to uppercase / standardized author names in recordedBy","species","","Carmen Juárez V. A. Sánchez Rojas"
"265","CPUN2025_0265","PreservedSpecimen","",NA,"CPUN","SPECIES",NA,"Chamaya-G, J.","73",NA,"Herb",NA,"CPUN2025",3,"Caularthron bilamellatum",762857,-9281180,"2022-05-19","change1: Corrected longitude sign for Western Hemisphere (made negative). | change2: Filled coordinateUncertaintyInMeters from decimal-place precision (conservative). | epi_taxo: acceptedName(match1); authorship_epig(match1); genus_from_scientificName; family_WFO; order_majorGroup_WCVP [2026-03-11] | CoordinateCleaner QA applied without sea test (validity, equal, zeros, capitals, centroids, gbif, institutions) [2026-04-14] | Corrected elevation values >5000 m by dividing by 10 (assumed digit inflation error) [2026-04-14]","standardize taxonRank column to uppercase / standardized author names in recordedBy","species","Herb","J. Chamaya G."
"266","CPUN2025_0266","PreservedSpecimen","",NA,"CPUN","SPECIES",NA,"Cabanillas-Soriano, J.M. | Vargas-Chuquilin, P.","1746",NA,"",NA,"CPUN2025",1,"Epidendrum birostratum",NA,NA,"2005-02-27","epi_taxo: acceptedName(match1); authorship_epig(match1); genus_from_scientificName; family_WFO; order_majorGroup_WCVP [2026-03-11] | CoordinateCleaner QA applied without sea test (validity, equal, zeros, capitals, centroids, gbif, institutions) [2026-04-14] | Corrected elevation values >5000 m by dividing by 10 (assumed digit inflation error) [2026-04-14]","standardize taxonRank column to uppercase / standardized author names in recordedBy","species","","M. Cabanillas Soriano Peter Vargas Ch."
"267","CPUN2025_0267","PreservedSpecimen","",NA,"CPUN","SPECIES",NA,"Sanchez-Vega, J.G. | Ruiz-Vigo, W. | Cabanillas-Soriano, J.M. | Aldave, A.","2269",NA,"Herb",NA,"CPUN2025",1,"Epidendrum blepharistes",-5.85,-77.96666667,"1978-08-06","change1: Parsed DMS/DDM latitude → decimal degrees. | change2: Parsed DMS/DDM longitude → decimal degrees. | change3: Corrected longitude sign for Western Hemisphere (made negative). | change4: Filled coordinateUncertaintyInMeters from decimal-place precision (conservative). | change5: Corrected latitude sign for Southern Hemisphere (validated by country polygon). | epi_taxo: acceptedName(match1); authorship_epig(match1); genus_from_scientificName; family_WFO; order_majorGroup_WCVP [2026-03-11] | CoordinateCleaner QA applied without sea test (validity, equal, zeros, capitals, centroids, gbif, institutions) [2026-04-14] | Corrected elevation values >5000 m by dividing by 10 (assumed digit inflation error) [2026-04-14]","standardize taxonRank column to uppercase / standardized author names in recordedBy","species","Herb","J. Sánchez Vega W. Ruiz Vigo J. Cabanillas A. Aldave"
"268","CPUN2025_0268","PreservedSpecimen","",NA,"CPUN","SPECIES",NA,"Juarez-V, C. | Sanchez-Rojas, A.","456",NA,"",NA,"CPUN2025",1,"Epidendrum blepharistes",740156,-9261268,"2006-06-06","change1: Corrected longitude sign for Western Hemisphere (made negative). | change2: Filled coordinateUncertaintyInMeters from decimal-place precision (conservative). | epi_taxo: acceptedName(match1); authorship_epig(match1); genus_from_scientificName; family_WFO; order_majorGroup_WCVP [2026-03-11] | CoordinateCleaner QA applied without sea test (validity, equal, zeros, capitals, centroids, gbif, institutions) [2026-04-14] | Corrected elevation values >5000 m by dividing by 10 (assumed digit inflation error) [2026-04-14]","standardize taxonRank column to uppercase / standardized author names in recordedBy","species","","Carmen Juárez V. A. Sánchez Rojas"
"269","CPUN2025_0269","PreservedSpecimen","",NA,"CPUN","SPECIES",NA,"Sanchez-Vega, J.G.","79",NA,"Herb",NA,"CPUN2025",1,"Epidendrum calanthum",-5.666666667,-77.71666667,"1981-06-18","change1: Parsed DMS/DDM latitude → decimal degrees. | change2: Parsed DMS/DDM longitude → decimal degrees. | change3: Corrected longitude sign for Western Hemisphere (made negative). | change4: Filled coordinateUncertaintyInMeters from decimal-place precision (conservative). | change5: Corrected latitude sign for Southern Hemisphere (validated by country polygon). | epi_taxo: acceptedName(match1); authorship_epig(match1); genus_from_scientificName; family_WFO; order_majorGroup_WCVP [2026-03-11] | CoordinateCleaner QA applied without sea test (validity, equal, zeros, capitals, centroids, gbif, institutions) [2026-04-14] | Corrected elevation values >5000 m by dividing by 10 (assumed digit inflation error) [2026-04-14]","standardize taxonRank column to uppercase / standardized author names in recordedBy","species","Herb","J. Sánchez Vega"
"270","CPUN2025_0270","PreservedSpecimen","Holotype",NA,"CPUN","SPECIES",NA,"Chamaya-G, J.","84",NA,"E",NA,"CPUN2025",1,"Epidendrum calyptratoides",763301,-9280712,"2022-05-12","change1: Corrected longitude sign for Western Hemisphere (made negative). | change2: Filled coordinateUncertaintyInMeters from decimal-place precision (conservative). | epi_taxo: acceptedName(match1); authorship_epig(match1); genus_from_scientificName; family_WFO; order_majorGroup_WCVP [2026-03-11] | CoordinateCleaner QA applied without sea test (validity, equal, zeros, capitals, centroids, gbif, institutions) [2026-04-14] | Corrected elevation values >5000 m by dividing by 10 (assumed digit inflation error) [2026-04-14]","standardize taxonRank column to uppercase / standardized author names in recordedBy","species","E","J. Chamaya G."
"271","CPUN2025_0271","PreservedSpecimen","Holotype",NA,"CPUN","SPECIES",NA,"Chamaya-G, J.","54",NA,"E",NA,"CPUN2025",1,"Epidendrum capricornu",762137,-9280147,"2021-07-03","change1: Corrected longitude sign for Western Hemisphere (made negative). | change2: Filled coordinateUncertaintyInMeters from decimal-place precision (conservative). | epi_taxo: acceptedName(match1); authorship_epig(match1); genus_from_scientificName; family_WFO; order_majorGroup_WCVP [2026-03-11] | CoordinateCleaner QA applied without sea test (validity, equal, zeros, capitals, centroids, gbif, institutions) [2026-04-14] | Corrected elevation values >5000 m by dividing by 10 (assumed digit inflation error) [2026-04-14]","standardize taxonRank column to uppercase / standardized author names in recordedBy","species","E","J. Chamaya G."
"272","CPUN2025_0272","PreservedSpecimen","",NA,"CPUN","SPECIES",NA,"Cruzado-S, A. | Quiroz-V, K.","76",NA,"",NA,"CPUN2025",1,"Epidendrum capricornu",708014,-9343228,"2005-09-10","change1: Corrected longitude sign for Western Hemisphere (made negative). | change2: Filled coordinateUncertaintyInMeters from decimal-place precision (conservative). | epi_taxo: acceptedName(match1); authorship_epig(match1); genus_from_scientificName; family_WFO; order_majorGroup_WCVP [2026-03-11] | CoordinateCleaner QA applied without sea test (validity, equal, zeros, capitals, centroids, gbif, institutions) [2026-04-14] | Corrected elevation values >5000 m by dividing by 10 (assumed digit inflation error) [2026-04-14]","standardize taxonRank column to uppercase / standardized author names in recordedBy","species","","A. Cruzado S. Kalen Quiroz V."
"273","CPUN2025_0273","PreservedSpecimen","",NA,"CPUN","SPECIES",NA,"Sanchez-Vega, J.G. | Ruiz-Vigo, W. | Lopez, A. | Aldave, A.","2202",NA,"Herb",NA,"CPUN2025",1,"Epidendrum cochlidium",-6.213611111,-77.72138889,"1978-08-04","change1: Parsed DMS/DDM latitude → decimal degrees. | change2: Parsed DMS/DDM longitude → decimal degrees. | change3: Corrected longitude sign for Western Hemisphere (made negative). | change4: Filled coordinateUncertaintyInMeters from decimal-place precision (conservative). | change5: Corrected latitude sign for Southern Hemisphere (validated by country polygon). | epi_taxo: acceptedName(match1); authorship_epig(match1); genus_from_scientificName; family_WFO; order_majorGroup_WCVP [2026-03-11] | CoordinateCleaner QA applied without sea test (validity, equal, zeros, capitals, centroids, gbif, institutions) [2026-04-14] | Corrected elevation values >5000 m by dividing by 10 (assumed digit inflation error) [2026-04-14]","standardize taxonRank column to uppercase / standardized author names in recordedBy","species","Herb","J. Sánchez Vega W. Ruiz Vigo A. López A. Aldave"
"274","CPUN2025_0274","PreservedSpecimen","",NA,"CPUN","SPECIES",NA,"Sanchez-Vega, I.M. | Sagastegui-Alva, A. | Guevara-Barreto, J.","5839",NA,"",NA,"CPUN2025",1,"Epidendrum cochlidium",NA,NA,"1991-11-01","epi_taxo: acceptedName(match1); authorship_epig(match1); genus_from_scientificName; family_WFO; order_majorGroup_WCVP [2026-03-11] | CoordinateCleaner QA applied without sea test (validity, equal, zeros, capitals, centroids, gbif, institutions) [2026-04-14] | Corrected elevation values >5000 m by dividing by 10 (assumed digit inflation error) [2026-04-14]","standardize taxonRank column to uppercase / standardized author names in recordedBy","species","","I. sánchez Vega A. Sagástegui Alva. J. Guevara"
"275","CPUN2025_0275","PreservedSpecimen","",NA,"CPUN","SPECIES",NA,"Sanchez-Vega, I.M. | Zapata-Cruz, M. | Iberico-Vela, G. | Dieguez, R.","10027",NA,"Herb",NA,"CPUN2025",1,"Epidendrum cochlidium",-5.783333333,-77.88333333,"1999-07-09","change1: Parsed DMS/DDM latitude → decimal degrees. | change2: Parsed DMS/DDM longitude → decimal degrees. | change3: Corrected longitude sign for Western Hemisphere (made negative). | change4: Filled coordinateUncertaintyInMeters from decimal-place precision (conservative). | change5: Corrected latitude sign for Southern Hemisphere (validated by country polygon). | epi_taxo: acceptedName(match1); authorship_epig(match1); genus_from_scientificName; family_WFO; order_majorGroup_WCVP [2026-03-11] | CoordinateCleaner QA applied without sea test (validity, equal, zeros, capitals, centroids, gbif, institutions) [2026-04-14] | Corrected elevation values >5000 m by dividing by 10 (assumed digit inflation error) [2026-04-14]","standardize taxonRank column to uppercase / standardized author names in recordedBy","species","Herb","I. Sánchez Vega M. Zapata G. Iberico R. Diéguez"
"276","CPUN2025_0276","PreservedSpecimen","",NA,"CPUN","SPECIES",NA,"Aliaga-Rojas, C. | Zambrano-C, O. | Romero, J.","189",NA,"Herb",NA,"CPUN2025",1,"Epidendrum cochlidium",-7.133333333,-78.51666667,"2003-04-27","change1: Parsed DMS/DDM latitude → decimal degrees. | change2: Parsed DMS/DDM longitude → decimal degrees. | change3: Corrected longitude sign for Western Hemisphere (made negative). | change4: Filled coordinateUncertaintyInMeters from decimal-place precision (conservative). | change5: Corrected latitude sign for Southern Hemisphere (validated by country polygon). | epi_taxo: acceptedName(match1); authorship_epig(match1); genus_from_scientificName; family_WFO; order_majorGroup_WCVP [2026-03-11] | CoordinateCleaner QA applied without sea test (validity, equal, zeros, capitals, centroids, gbif, institutions) [2026-04-14] | Corrected elevation values >5000 m by dividing by 10 (assumed digit inflation error) [2026-04-14]","standardize taxonRank column to uppercase / standardized author names in recordedBy","species","Herb","Carol Aliaga R. Oscar Zambrano C. Jorge Romero"
"277","CPUN2025_0277","PreservedSpecimen","",NA,"CPUN","SPECIES",NA,"Guerra-Lu, J.","11",NA,"Herb",NA,"CPUN2025",1,"Epidendrum cochlidium",-7.253055556,-78.26194444,"1996-06-30","change1: Parsed DMS/DDM latitude → decimal degrees. | change2: Parsed DMS/DDM longitude → decimal degrees. | change3: Corrected longitude sign for Western Hemisphere (made negative). | change4: Filled coordinateUncertaintyInMeters from decimal-place precision (conservative). | change5: Corrected latitude sign for Southern Hemisphere (validated by country polygon). | epi_taxo: acceptedName(match1); authorship_epig(match1); genus_from_scientificName; family_WFO; order_majorGroup_WCVP [2026-03-11] | CoordinateCleaner QA applied without sea test (validity, equal, zeros, capitals, centroids, gbif, institutions) [2026-04-14] | Corrected elevation values >5000 m by dividing by 10 (assumed digit inflation error) [2026-04-14]","standardize taxonRank column to uppercase / standardized author names in recordedBy","species","Herb","J. Lu Guerra"
"278","CPUN2025_0278","PreservedSpecimen","",NA,"CPUN","SPECIES",NA,"Tovar, C.","1063",NA,"Herb",NA,"CPUN2025",1,"Epidendrum cochlidium",NA,NA,"2009-06-06","epi_taxo: acceptedName(match1); authorship_epig(match1); genus_from_scientificName; family_WFO; order_majorGroup_WCVP [2026-03-11] | CoordinateCleaner QA applied without sea test (validity, equal, zeros, capitals, centroids, gbif, institutions) [2026-04-14] | Corrected elevation values >5000 m by dividing by 10 (assumed digit inflation error) [2026-04-14]","standardize taxonRank column to uppercase / standardized author names in recordedBy","species","Herb","Carolina Tovar"
"279","CPUN2025_0279","PreservedSpecimen","",NA,"CPUN","SPECIES",NA,"Sanchez-Vega, I.M.","2325",NA,"Herb",NA,"CPUN2025",1,"Epidendrum cochlidium",NA,NA,"1980-06-19","epi_taxo: acceptedName(match1); authorship_epig(match1); genus_from_scientificName; family_WFO; order_majorGroup_WCVP [2026-03-11] | CoordinateCleaner QA applied without sea test (validity, equal, zeros, capitals, centroids, gbif, institutions) [2026-04-14] | Corrected elevation values >5000 m by dividing by 10 (assumed digit inflation error) [2026-04-14]","standardize taxonRank column to uppercase / standardized author names in recordedBy","species","Herb","I. Sánchez Vega"
"280","CPUN2025_0280","PreservedSpecimen","",NA,"CPUN","SPECIES",NA,"Sanchez-Vega, J.G. | Ruiz-Vigo, W. | Cabanillas-Soriano, J.M. | Lopez, A.","2200",NA,"Herb",NA,"CPUN2025",1,"Epidendrum cochlidium",-6.213611111,-77.72138889,"1978-08-04","change1: Parsed DMS/DDM latitude → decimal degrees. | change2: Parsed DMS/DDM longitude → decimal degrees. | change3: Corrected longitude sign for Western Hemisphere (made negative). | change4: Filled coordinateUncertaintyInMeters from decimal-place precision (conservative). | change5: Corrected latitude sign for Southern Hemisphere (validated by country polygon). | epi_taxo: acceptedName(match1); authorship_epig(match1); genus_from_scientificName; family_WFO; order_majorGroup_WCVP [2026-03-11] | CoordinateCleaner QA applied without sea test (validity, equal, zeros, capitals, centroids, gbif, institutions) [2026-04-14] | Corrected elevation values >5000 m by dividing by 10 (assumed digit inflation error) [2026-04-14]","standardize taxonRank column to uppercase / standardized author names in recordedBy","species","Herb","J. Sánchez Vega W. Ruiz Vigo J. Cabanillas A. López"
"281","CPUN2025_0281","PreservedSpecimen","",NA,"CPUN","SPECIES",NA,"Sanchez-Vega, J.G. | Ruiz-Vigo, W. | Lopez, A. | Aldave, A.","2226",NA,"Herb",NA,"CPUN2025",1,"Epidendrum cochlidium",-6.209166667,-77.72611111,"1978-08-04","change1: Parsed DMS/DDM latitude → decimal degrees. | change2: Parsed DMS/DDM longitude → decimal degrees. | change3: Corrected longitude sign for Western Hemisphere (made negative). | change4: Filled coordinateUncertaintyInMeters from decimal-place precision (conservative). | change5: Corrected latitude sign for Southern Hemisphere (validated by country polygon). | epi_taxo: acceptedName(match1); authorship_epig(match1); genus_from_scientificName; family_WFO; order_majorGroup_WCVP [2026-03-11] | CoordinateCleaner QA applied without sea test (validity, equal, zeros, capitals, centroids, gbif, institutions) [2026-04-14] | Corrected elevation values >5000 m by dividing by 10 (assumed digit inflation error) [2026-04-14]","standardize taxonRank column to uppercase / standardized author names in recordedBy","species","Herb","J. Sánchez Vega W. Ruiz Vigo A. López A. Aldave"
"282","CPUN2025_0282","PreservedSpecimen","Holotype",NA,"CPUN","SPECIES",NA,"Chamaya-G, J.","30",NA,"Herb",NA,"CPUN2025",1,"Epidendrum cochlidium",761471,-9279049,"2020-11-03","change1: Corrected longitude sign for Western Hemisphere (made negative). | change2: Filled coordinateUncertaintyInMeters from decimal-place precision (conservative). | epi_taxo: acceptedName(match1); authorship_epig(match1); genus_from_scientificName; family_WFO; order_majorGroup_WCVP [2026-03-11] | CoordinateCleaner QA applied without sea test (validity, equal, zeros, capitals, centroids, gbif, institutions) [2026-04-14] | Corrected elevation values >5000 m by dividing by 10 (assumed digit inflation error) [2026-04-14]","standardize taxonRank column to uppercase / standardized author names in recordedBy","species","Herb","J. Chamaya G."
"283","CPUN2025_0283","PreservedSpecimen","Holotype",NA,"CPUN","SPECIES",NA,"Chamaya-G, J.","56",NA,"Herb",NA,"CPUN2025",1,"Epidendrum densifolium",761493,-9279051,"2022-02-05","change1: Corrected longitude sign for Western Hemisphere (made negative). | change2: Filled coordinateUncertaintyInMeters from decimal-place precision (conservative). | epi_taxo: acceptedName(match1); authorship_epig(match1); genus_from_scientificName; family_WFO; order_majorGroup_WCVP [2026-03-11] | CoordinateCleaner QA applied without sea test (validity, equal, zeros, capitals, centroids, gbif, institutions) [2026-04-14] | Corrected elevation values >5000 m by dividing by 10 (assumed digit inflation error) [2026-04-14]","standardize taxonRank column to uppercase / standardized author names in recordedBy","species","Herb","J. Chamaya G."
"284","CPUN2025_0284","PreservedSpecimen","Holotype",NA,"CPUN","SPECIES",NA,"Dillon, M.O. | Sanchez-Vega, I.M. | Sanchez-Montoya, M.","6352",NA,"E",NA,"CPUN2025",1,"Epidendrum dermatanthum",-6.490277778,-78.62361111,"1993-04-17","change1: Parsed DMS/DDM latitude → decimal degrees. | change2: Parsed DMS/DDM longitude → decimal degrees. | change3: Corrected longitude sign for Western Hemisphere (made negative). | change4: Filled coordinateUncertaintyInMeters from decimal-place precision (conservative). | change5: Corrected latitude sign for Southern Hemisphere (validated by country polygon). | epi_taxo: acceptedName(match1); authorship_epig(match1); genus_from_scientificName; family_WFO; order_majorGroup_WCVP [2026-03-11] | CoordinateCleaner QA applied without sea test (validity, equal, zeros, capitals, centroids, gbif, institutions) [2026-04-14] | Corrected elevation values >5000 m by dividing by 10 (assumed digit inflation error) [2026-04-14]","standardize taxonRank column to uppercase / standardized author names in recordedBy","species","E","M.O. Dillon I. Sánchez Vega M. Sánchez M."
"285","CPUN2025_0285","PreservedSpecimen","",NA,"CPUN","SPECIES",NA,"Davila, L.","960",NA,"E",NA,"CPUN2025",1,"Epidendrum dermatanthum",NA,NA,"2006-11-01","epi_taxo: acceptedName(match1); authorship_epig(match1); genus_from_scientificName; family_WFO; order_majorGroup_WCVP [2026-03-11] | CoordinateCleaner QA applied without sea test (validity, equal, zeros, capitals, centroids, gbif, institutions) [2026-04-14] | Corrected elevation values >5000 m by dividing by 10 (assumed digit inflation error) [2026-04-14]","standardize taxonRank column to uppercase / standardized author names in recordedBy","species","E","Luis Dávila"
"286","CPUN2025_0286","PreservedSpecimen","",NA,"CPUN","SPECIES",NA,"Chamaya-G, J.","100",NA,"E",NA,"CPUN2025",3,"Epidendrum dodii",764246,-9280496,"2022-05-25","change1: Corrected longitude sign for Western Hemisphere (made negative). | change2: Filled coordinateUncertaintyInMeters from decimal-place precision (conservative). | epi_taxo: acceptedName(match1); authorship_epig(match1); genus_from_scientificName; family_WFO; order_majorGroup_WCVP [2026-03-11] | CoordinateCleaner QA applied without sea test (validity, equal, zeros, capitals, centroids, gbif, institutions) [2026-04-14] | Corrected elevation values >5000 m by dividing by 10 (assumed digit inflation error) [2026-04-14]","standardize taxonRank column to uppercase / standardized author names in recordedBy","species","E","J. Chamaya G."
"287","CPUN2025_0287","PreservedSpecimen","",NA,"CPUN","SPECIES",NA,"Sanchez-Vega, I.M. | Miranda-Leiva, A.","6877",NA,"",NA,"CPUN2025",1,"Epidendrum excisum",NA,NA,"1994-03-11","epi_taxo: acceptedName(match1); authorship_epig(match1); genus_from_scientificName; family_WFO; order_majorGroup_WCVP [2026-03-11] | CoordinateCleaner QA applied without sea test (validity, equal, zeros, capitals, centroids, gbif, institutions) [2026-04-14] | Corrected elevation values >5000 m by dividing by 10 (assumed digit inflation error) [2026-04-14]","standardize taxonRank column to uppercase / standardized author names in recordedBy","species","","I. Sánchez Vega A. Miranda L."
"288","CPUN2025_0288","PreservedSpecimen","",NA,"CPUN","SPECIES",NA,"Sanchez-Vega, I.M. | Leiva-Gonzalez, S. | Flores, W.","5685",NA,"",NA,"CPUN2025",1,"Epidendrum excisum",NA,NA,"1991-05-03","epi_taxo: acceptedName(match1); authorship_epig(match1); genus_from_scientificName; family_WFO; order_majorGroup_WCVP [2026-03-11] | CoordinateCleaner QA applied without sea test (validity, equal, zeros, capitals, centroids, gbif, institutions) [2026-04-14] | Corrected elevation values >5000 m by dividing by 10 (assumed digit inflation error) [2026-04-14]","standardize taxonRank column to uppercase / standardized author names in recordedBy","species","","I. Sánchez Vega S. Leiva G. W. Flores"
"289","CPUN2025_0289","PreservedSpecimen","",NA,"CPUN","SPECIES",NA,"Sanchez-Vega, I.M. | Gonzales, M. | Ayers, B.T.","8706",NA,"",NA,"CPUN2025",1,"Laelia gloriosa",-6.713888889,-77.84416667,"1996-11-27","change1: Parsed DMS/DDM latitude → decimal degrees. | change2: Parsed DMS/DDM longitude → decimal degrees. | change3: Corrected longitude sign for Western Hemisphere (made negative). | change4: Filled coordinateUncertaintyInMeters from decimal-place precision (conservative). | change5: Corrected latitude sign for Southern Hemisphere (validated by country polygon). | epi_taxo: acceptedName(match1); authorship_epig(match1); genus_from_scientificName; family_WFO; order_majorGroup_WCVP [2026-03-11] | CoordinateCleaner QA applied without sea test (validity, equal, zeros, capitals, centroids, gbif, institutions) [2026-04-14] | Corrected elevation values >5000 m by dividing by 10 (assumed digit inflation error) [2026-04-14]","standardize taxonRank column to uppercase / standardized author names in recordedBy","species","","I. Sánchez Vega M. Gonzales B. T. Ayers"
"290","CPUN2025_0290","PreservedSpecimen","",NA,"CPUN","SPECIES",NA,"Sanchez-Vega, I.M.","4866",NA,"Herb",NA,"CPUN2025",1,"Laelia gloriosa",NA,NA,"1988-06-24","epi_taxo: acceptedName(match1); authorship_epig(match1); genus_from_scientificName; family_WFO; order_majorGroup_WCVP [2026-03-11] | CoordinateCleaner QA applied without sea test (validity, equal, zeros, capitals, centroids, gbif, institutions) [2026-04-14] | Corrected elevation values >5000 m by dividing by 10 (assumed digit inflation error) [2026-04-14]","standardize taxonRank column to uppercase / standardized author names in recordedBy","species","Herb","I. Sánchez Vega."
"291","CPUN2025_0291","PreservedSpecimen","",NA,"CPUN","SPECIES",NA,"Sanchez-Vega, J.G. | Ruiz-Vigo, W. | Cabanillas-Soriano, J.M. | Lopez, A.","2203",NA,"Herb",NA,"CPUN2025",1,"Laelia gloriosa",-6.213611111,-77.72138889,"1978-08-04","change1: Parsed DMS/DDM latitude → decimal degrees. | change2: Parsed DMS/DDM longitude → decimal degrees. | change3: Corrected longitude sign for Western Hemisphere (made negative). | change4: Filled coordinateUncertaintyInMeters from decimal-place precision (conservative). | change5: Corrected latitude sign for Southern Hemisphere (validated by country polygon). | epi_taxo: acceptedName(match1); authorship_epig(match1); genus_from_scientificName; family_WFO; order_majorGroup_WCVP [2026-03-11] | CoordinateCleaner QA applied without sea test (validity, equal, zeros, capitals, centroids, gbif, institutions) [2026-04-14] | Corrected elevation values >5000 m by dividing by 10 (assumed digit inflation error) [2026-04-14]","standardize taxonRank column to uppercase / standardized author names in recordedBy","species","Herb","J. Sánchez Vega W. Ruiz Vigo J. Cabanillas A. López"
"292","CPUN2025_0292","PreservedSpecimen","",NA,"CPUN","SPECIES",NA,"Dillon, M.O. | Sanchez-Vega, I.M. | Guevara-Barreto, J.","6187",NA,"Herb",NA,"CPUN2025",1,"Laelia gloriosa",-6.2,-78.76666667,"1990-11-05","change1: Parsed DMS/DDM latitude → decimal degrees. | change2: Parsed DMS/DDM longitude → decimal degrees. | change3: Corrected longitude sign for Western Hemisphere (made negative). | change4: Filled coordinateUncertaintyInMeters from decimal-place precision (conservative). | change5: Corrected latitude sign for Southern Hemisphere (validated by country polygon). | epi_taxo: acceptedName(match1); authorship_epig(match1); genus_from_scientificName; family_WFO; order_majorGroup_WCVP [2026-03-11] | CoordinateCleaner QA applied without sea test (validity, equal, zeros, capitals, centroids, gbif, institutions) [2026-04-14] | Corrected elevation values >5000 m by dividing by 10 (assumed digit inflation error) [2026-04-14]","standardize taxonRank column to uppercase / standardized author names in recordedBy","species","Herb","M.O. Dillon I. Sánchez Vega J. Guevara B."
"293","CPUN2025_0293","PreservedSpecimen","",NA,"CPUN","SPECIES",NA,"Sanchez-Vega, J.G.","845",NA,"E",NA,"CPUN2025",3,"Epidendrum stenophyton",-6.497777778,-78.41805556,"1993-07-22","change1: Parsed DMS/DDM latitude → decimal degrees. | change2: Parsed DMS/DDM longitude → decimal degrees. | change3: Corrected longitude sign for Western Hemisphere (made negative). | change4: Filled coordinateUncertaintyInMeters from decimal-place precision (conservative). | change5: Corrected latitude sign for Southern Hemisphere (validated by country polygon). | epi_taxo: acceptedName(match1); authorship_epig(match1); genus_from_scientificName; family_WFO; order_majorGroup_WCVP [2026-03-11] | CoordinateCleaner QA applied without sea test (validity, equal, zeros, capitals, centroids, gbif, institutions) [2026-04-14] | Corrected elevation values >5000 m by dividing by 10 (assumed digit inflation error) [2026-04-14]","standardize taxonRank column to uppercase / standardized author names in recordedBy","species","E","J. Sánchez Vega"
"294","CPUN2025_0294","PreservedSpecimen","",NA,"CPUN","SPECIES",NA,"Chamaya-G, J.","66",NA,"E",NA,"CPUN2025",1,"Epidendrum gastrochilum",763319,-9280804,"2022-05-12","change1: Corrected longitude sign for Western Hemisphere (made negative). | change2: Filled coordinateUncertaintyInMeters from decimal-place precision (conservative). | epi_taxo: acceptedName(match1); authorship_epig(match1); genus_from_scientificName; family_WFO; order_majorGroup_WCVP [2026-03-11] | CoordinateCleaner QA applied without sea test (validity, equal, zeros, capitals, centroids, gbif, institutions) [2026-04-14] | Corrected elevation values >5000 m by dividing by 10 (assumed digit inflation error) [2026-04-14]","standardize taxonRank column to uppercase / standardized author names in recordedBy","species","E","J. Chamaya G."
"295","CPUN2025_0295","PreservedSpecimen","Holotype",NA,"CPUN","SPECIES",NA,"Chamaya-G, J.","48",NA,"E",NA,"CPUN2025",1,"Epidendrum gastrochilum",762182,-9280201,"2022-05-11","change1: Corrected longitude sign for Western Hemisphere (made negative). | change2: Filled coordinateUncertaintyInMeters from decimal-place precision (conservative). | epi_taxo: acceptedName(match1); authorship_epig(match1); genus_from_scientificName; family_WFO; order_majorGroup_WCVP [2026-03-11] | CoordinateCleaner QA applied without sea test (validity, equal, zeros, capitals, centroids, gbif, institutions) [2026-04-14] | Corrected elevation values >5000 m by dividing by 10 (assumed digit inflation error) [2026-04-14]","standardize taxonRank column to uppercase / standardized author names in recordedBy","species","E","J. Chamaya G."
"296","CPUN2025_0296","PreservedSpecimen","",NA,"CPUN","SPECIES",NA,"Cabanillas-Soriano, J.M.","782",NA,"Herb",NA,"CPUN2025",1,"Epidendrum geminiflorum",-6.445833333,-78.39611111,"1993-07-22","change1: Parsed DMS/DDM latitude → decimal degrees. | change2: Parsed DMS/DDM longitude → decimal degrees. | change3: Corrected longitude sign for Western Hemisphere (made negative). | change4: Filled coordinateUncertaintyInMeters from decimal-place precision (conservative). | change5: Corrected latitude sign for Southern Hemisphere (validated by country polygon). | epi_taxo: acceptedName(match1); authorship_epig(match1); genus_from_scientificName; family_WFO; order_majorGroup_WCVP [2026-03-11] | CoordinateCleaner QA applied without sea test (validity, equal, zeros, capitals, centroids, gbif, institutions) [2026-04-14] | Corrected elevation values >5000 m by dividing by 10 (assumed digit inflation error) [2026-04-14]","standardize taxonRank column to uppercase / standardized author names in recordedBy","species","Herb","J. Cabanillas S."
"297","CPUN2025_0297","PreservedSpecimen","Holotype",NA,"CPUN","SPECIES",NA,"Chamaya-G, J.","39",NA,"E",NA,"CPUN2025",1,"Epidendrum geminiflorum",762150,-9280053,"2020-11-13","change1: Corrected longitude sign for Western Hemisphere (made negative). | change2: Filled coordinateUncertaintyInMeters from decimal-place precision (conservative). | epi_taxo: acceptedName(match1); authorship_epig(match1); genus_from_scientificName; family_WFO; order_majorGroup_WCVP [2026-03-11] | CoordinateCleaner QA applied without sea test (validity, equal, zeros, capitals, centroids, gbif, institutions) [2026-04-14] | Corrected elevation values >5000 m by dividing by 10 (assumed digit inflation error) [2026-04-14]","standardize taxonRank column to uppercase / standardized author names in recordedBy","species","E","J. Chamaya G."
"298","CPUN2025_0298","PreservedSpecimen","",NA,"CPUN","SPECIES",NA,"Sanchez-Vega, I.M. | Sanchez-Montoya, M.","11017",NA,"Herb",NA,"CPUN2025",1,"Epidendrum hemiscleria",NA,NA,"2001-10-06","epi_taxo: acceptedName(match1); authorship_epig(match1); genus_from_scientificName; family_WFO; order_majorGroup_WCVP [2026-03-11] | CoordinateCleaner QA applied without sea test (validity, equal, zeros, capitals, centroids, gbif, institutions) [2026-04-14] | Corrected elevation values >5000 m by dividing by 10 (assumed digit inflation error) [2026-04-14]","standardize taxonRank column to uppercase / standardized author names in recordedBy","species","Herb","I. Sánchez Vega M. Sánchez Montoya"
"299","CPUN2025_0299","PreservedSpecimen","",NA,"CPUN","SPECIES",NA,"Weigend, M. | Skrabal, J. | Gonzales-B, M.A.","338",NA,"",NA,"CPUN2025",1,"Epidendrum hemiscleria",-6.792222222,-77.93916667,"1998-06-02","change1: Parsed DMS/DDM latitude → decimal degrees. | change2: Parsed DMS/DDM longitude → decimal degrees. | change3: Corrected longitude sign for Western Hemisphere (made negative). | change4: Filled coordinateUncertaintyInMeters from decimal-place precision (conservative). | change5: Corrected latitude sign for Southern Hemisphere (validated by country polygon). | epi_taxo: acceptedName(match1); authorship_epig(match1); genus_from_scientificName; family_WFO; order_majorGroup_WCVP [2026-03-11] | CoordinateCleaner QA applied without sea test (validity, equal, zeros, capitals, centroids, gbif, institutions) [2026-04-14] | Corrected elevation values >5000 m by dividing by 10 (assumed digit inflation error) [2026-04-14]","standardize taxonRank column to uppercase / standardized author names in recordedBy","species","","M. Weigend J. Skrabal M. A. Gonzales B."
"300","CPUN2025_0300","PreservedSpecimen","",NA,"CPUN","SPECIES",NA,"Sanchez-Vega, J.G. | Ruiz-Vigo, W. | Cabanillas-Soriano, J.M. | Lopez, A.","1166",NA,"E",NA,"CPUN2025",1,"Epidendrum hemiscleria",-6.791944444,-77.94277778,"1978-08-03","change1: Parsed DMS/DDM latitude → decimal degrees. | change2: Parsed DMS/DDM longitude → decimal degrees. | change3: Corrected longitude sign for Western Hemisphere (made negative). | change4: Filled coordinateUncertaintyInMeters from decimal-place precision (conservative). | change5: Corrected latitude sign for Southern Hemisphere (validated by country polygon). | epi_taxo: acceptedName(match1); authorship_epig(match1); genus_from_scientificName; family_WFO; order_majorGroup_WCVP [2026-03-11] | CoordinateCleaner QA applied without sea test (validity, equal, zeros, capitals, centroids, gbif, institutions) [2026-04-14] | Corrected elevation values >5000 m by dividing by 10 (assumed digit inflation error) [2026-04-14]","standardize taxonRank column to uppercase / standardized author names in recordedBy","species","E","J. Sánchez Vega W. Ruiz Vigo J. Cabanillas A. López"
"301","CPUN2025_0301","PreservedSpecimen","Holotype",NA,"CPUN","SPECIES",NA,"Chamaya-G, J.","50",NA,"E",NA,"CPUN2025",1,"Epidendrum hemiscleria",762237,-9280180,"2021-06-12","change1: Corrected longitude sign for Western Hemisphere (made negative). | change2: Filled coordinateUncertaintyInMeters from decimal-place precision (conservative). | epi_taxo: acceptedName(match1); authorship_epig(match1); genus_from_scientificName; family_WFO; order_majorGroup_WCVP [2026-03-11] | CoordinateCleaner QA applied without sea test (validity, equal, zeros, capitals, centroids, gbif, institutions) [2026-04-14] | Corrected elevation values >5000 m by dividing by 10 (assumed digit inflation error) [2026-04-14]","standardize taxonRank column to uppercase / standardized author names in recordedBy","species","E","J. Chamaya G."
"302","CPUN2025_0302","PreservedSpecimen","",NA,"CPUN","SPECIES",NA,"Smith, D.N. | Goodwin, K.","8952",NA,"Herb",NA,"CPUN2025",1,"Epidendrum inamoenum",-9.016666667,-77.71666667,"1985-01-01","change1: Parsed DMS/DDM latitude → decimal degrees. | change2: Parsed DMS/DDM longitude → decimal degrees. | change3: Corrected longitude sign for Western Hemisphere (made negative). | change4: Filled coordinateUncertaintyInMeters from decimal-place precision (conservative). | change5: Corrected latitude sign for Southern Hemisphere (validated by country polygon). | epi_taxo: acceptedName(match1); authorship_epig(match1); genus_from_scientificName; family_WFO; order_majorGroup_WCVP [2026-03-11] | CoordinateCleaner QA applied without sea test (validity, equal, zeros, capitals, centroids, gbif, institutions) [2026-04-14] | Corrected elevation values >5000 m by dividing by 10 (assumed digit inflation error) [2026-04-14]","standardize taxonRank column to uppercase / standardized author names in recordedBy","species","Herb","D.N. Smith Kye Goodwin"
"303","CPUN2025_0303","PreservedSpecimen","",NA,"CPUN","SPECIES",NA,"Sanchez-Vega, I.M. | Dillon, M.O.","8076",NA,"E",NA,"CPUN2025",3,"Polystachya foliosa",NA,NA,"1995-07-16","epi_taxo: acceptedName(match1); authorship_epig(match1); genus_from_scientificName; family_WFO; order_majorGroup_WCVP [2026-03-11] | CoordinateCleaner QA applied without sea test (validity, equal, zeros, capitals, centroids, gbif, institutions) [2026-04-14] | Corrected elevation values >5000 m by dividing by 10 (assumed digit inflation error) [2026-04-14]","standardize taxonRank column to uppercase / standardized author names in recordedBy","species","E","I. Sánchez Vega M.O. Dillon"
"304","CPUN2025_0304","PreservedSpecimen","",NA,"CPUN","SPECIES",NA,"Sanchez-Vega, I.M. | Dillon, M.O. | Zapata-Cruz, M.","9380",NA,"E",NA,"CPUN2025",3,"Polystachya foliosa",-5.633333333,-77.61666667,"1998-06-16","change1: Parsed DMS/DDM latitude → decimal degrees. | change2: Parsed DMS/DDM longitude → decimal degrees. | change3: Corrected longitude sign for Western Hemisphere (made negative). | change4: Filled coordinateUncertaintyInMeters from decimal-place precision (conservative). | change5: Corrected latitude sign for Southern Hemisphere (validated by country polygon). | epi_taxo: acceptedName(match1); authorship_epig(match1); genus_from_scientificName; family_WFO; order_majorGroup_WCVP [2026-03-11] | CoordinateCleaner QA applied without sea test (validity, equal, zeros, capitals, centroids, gbif, institutions) [2026-04-14] | Corrected elevation values >5000 m by dividing by 10 (assumed digit inflation error) [2026-04-14]","standardize taxonRank column to uppercase / standardized author names in recordedBy","species","E","I. Sánchez Vega M.O. Dillon M. Zapata"
"305","CPUN2025_0305","PreservedSpecimen","",NA,"CPUN","SPECIES",NA,"Sanchez-Vega, I.M. | Dillon, M.O. | Zapata-Cruz, M.","9347",NA,"E",NA,"CPUN2025",3,"Polystachya foliosa",-5.633333333,-77.61666667,"1998-06-16","change1: Parsed DMS/DDM latitude → decimal degrees. | change2: Parsed DMS/DDM longitude → decimal degrees. | change3: Corrected longitude sign for Western Hemisphere (made negative). | change4: Filled coordinateUncertaintyInMeters from decimal-place precision (conservative). | change5: Corrected latitude sign for Southern Hemisphere (validated by country polygon). | epi_taxo: acceptedName(match1); authorship_epig(match1); genus_from_scientificName; family_WFO; order_majorGroup_WCVP [2026-03-11] | CoordinateCleaner QA applied without sea test (validity, equal, zeros, capitals, centroids, gbif, institutions) [2026-04-14] | Corrected elevation values >5000 m by dividing by 10 (assumed digit inflation error) [2026-04-14]","standardize taxonRank column to uppercase / standardized author names in recordedBy","species","E","I. Sánchez Vega M.O. Dillon M. Zapata"
"306","CPUN2025_0306","PreservedSpecimen","",NA,"CPUN","HYBRID",NA,"Gutierrez-Ruiz, A.D. | Goicochea-Rojas, A. | Perez, L.","S/N",NA,"Herb",NA,"CPUN2025",NA,"",NA,NA,"2022-01-01","change1: Marked as HYBRID (scientificName preserved). | epi_taxo: acceptedName(match1); authorship_epig(match1); genus_from_scientificName; family_WFO; order_majorGroup_WCVP [2026-03-11] | CoordinateCleaner QA applied without sea test (validity, equal, zeros, capitals, centroids, gbif, institutions) [2026-04-14] | Corrected elevation values >5000 m by dividing by 10 (assumed digit inflation error) [2026-04-14]","standardized author names in recordedBy","HYBRID","Herb","A. D. Gutiérrez Ruíz A. Goicochea Rojas L. Pérez"
"307","CPUN2025_0307","PreservedSpecimen","Holotype",NA,"CPUN","SPECIES",NA,"Chamaya-G, J.","40",NA,"E",NA,"CPUN2025",3,"Epidendrum lacteum",762216,-9280150,"2020-11-13","change1: Corrected longitude sign for Western Hemisphere (made negative). | change2: Filled coordinateUncertaintyInMeters from decimal-place precision (conservative). | epi_taxo: acceptedName(match1); authorship_epig(match1); genus_from_scientificName; family_WFO; order_majorGroup_WCVP [2026-03-11] | CoordinateCleaner QA applied without sea test (validity, equal, zeros, capitals, centroids, gbif, institutions) [2026-04-14] | Corrected elevation values >5000 m by dividing by 10 (assumed digit inflation error) [2026-04-14]","standardize taxonRank column to uppercase / standardized author names in recordedBy","species","E","J. Chamaya G."
"308","CPUN2025_0308","PreservedSpecimen","",NA,"CPUN","SPECIES",NA,"Olortegui-Chamoli, S. | Montoya-Q, J.","S/N",NA,"",NA,"CPUN2025",3,"Epidendrum adnatum",NA,NA,"1998-06-16","epi_taxo: acceptedName(match1); authorship_epig(match1); genus_from_scientificName; family_WFO; order_majorGroup_WCVP [2026-03-11] | CoordinateCleaner QA applied without sea test (validity, equal, zeros, capitals, centroids, gbif, institutions) [2026-04-14] | Corrected elevation values >5000 m by dividing by 10 (assumed digit inflation error) [2026-04-14]","standardize taxonRank column to uppercase / standardized author names in recordedBy","species","","S. Olórtegui Chamoli Juan Montoya Q."
"309","CPUN2025_0309","PreservedSpecimen","Isotype",NA,"CPUN","SPECIES",NA,"Goicochea-Rojas, A. | Gutierrez-Ruiz, A.D. | Rimarachin, C.","S/N",NA,"Herb",NA,"CPUN2025",0,"",NA,NA,"2024-04-20","epi_taxo: acceptedName(match1); authorship_epig(match1); genus_from_scientificName; family_WFO; order_majorGroup_WCVP [2026-03-11] | CoordinateCleaner QA applied without sea test (validity, equal, zeros, capitals, centroids, gbif, institutions) [2026-04-14] | Corrected elevation values >5000 m by dividing by 10 (assumed digit inflation error) [2026-04-14]","standardize taxonRank column to uppercase / standardized author names in recordedBy","species","Herb","A. Goicochea R. A.D. Gutiérrez R. C. Rimarachin"
"310","CPUN2025_0310","PreservedSpecimen","",NA,"CPUN","SPECIES",NA,"Sanchez-Vega, I.M. | Sanchez-Montoya, M.","12769",NA,"Herb",NA,"CPUN2025",1,"Epidendrum odontospathum",NA,NA,"2005-01-22","epi_taxo: acceptedName(match1); authorship_epig(match1); genus_from_scientificName; family_WFO; order_majorGroup_WCVP [2026-03-11] | CoordinateCleaner QA applied without sea test (validity, equal, zeros, capitals, centroids, gbif, institutions) [2026-04-14] | Corrected elevation values >5000 m by dividing by 10 (assumed digit inflation error) [2026-04-14]","standardize taxonRank column to uppercase / standardized author names in recordedBy","species","Herb","I. Sánchez Vega M. Sánchez M."
"311","CPUN2025_0311","PreservedSpecimen","",NA,"CPUN","SPECIES",NA,"Goicochea-Rojas, A. | Gutierrez-Ruiz, D.","S/N",NA,"Herb",NA,"CPUN2025",1,"Epidendrum orbiculatum",NA,NA,"2023-09-15","epi_taxo: acceptedName(match1); authorship_epig(match1); genus_from_scientificName; family_WFO; order_majorGroup_WCVP [2026-03-11] | CoordinateCleaner QA applied without sea test (validity, equal, zeros, capitals, centroids, gbif, institutions) [2026-04-14] | Corrected elevation values >5000 m by dividing by 10 (assumed digit inflation error) [2026-04-14]","standardize taxonRank column to uppercase / standardized author names in recordedBy","species","Herb","A. Goicochea R. D. Gutiérrez R."
"312","CPUN2025_0312","PreservedSpecimen","",NA,"CPUN","SPECIES",NA,"Sanchez-Vega, I.M. | Sagastegui-Alva, A. | Guevara-Barreto, J.","5906",NA,"Herb",NA,"CPUN2025",1,"Epidendrum parviflorum",NA,NA,"1991-11-02","epi_taxo: acceptedName(match1); authorship_epig(match1); genus_from_scientificName; family_WFO; order_majorGroup_WCVP [2026-03-11] | CoordinateCleaner QA applied without sea test (validity, equal, zeros, capitals, centroids, gbif, institutions) [2026-04-14] | Corrected elevation values >5000 m by dividing by 10 (assumed digit inflation error) [2026-04-14]","standardize taxonRank column to uppercase / standardized author names in recordedBy","species","Herb","I. Sánchez Vega A. Sagástegui Alva J. Guevara"
"313","CPUN2025_0313","PreservedSpecimen","",NA,"CPUN","SPECIES",NA,"Sanchez-Vega, I.M. | Ruiz-Vigo, W.","1759",NA,"Herb",NA,"CPUN2025",1,"Epidendrum polystachyum",NA,NA,"1976-05-20","epi_taxo: acceptedName(match1); authorship_epig(match1); genus_from_scientificName; family_WFO; order_majorGroup_WCVP [2026-03-11] | CoordinateCleaner QA applied without sea test (validity, equal, zeros, capitals, centroids, gbif, institutions) [2026-04-14] | Corrected elevation values >5000 m by dividing by 10 (assumed digit inflation error) [2026-04-14]","standardize taxonRank column to uppercase / standardized author names in recordedBy","species","Herb","I. Sánchez Vega W. Ruiz Vigo"
"314","CPUN2025_0314","PreservedSpecimen","",NA,"CPUN","SPECIES",NA,"Sanchez-Vega, I.M. | Ruiz-Vigo, W.","524",NA,"Herb",NA,"CPUN2025",1,"Epidendrum polystachyum",-6.784166667,-77.93555556,"1970-05-07","change1: Parsed DMS/DDM latitude → decimal degrees. | change2: Parsed DMS/DDM longitude → decimal degrees. | change3: Corrected longitude sign for Western Hemisphere (made negative). | change4: Filled coordinateUncertaintyInMeters from decimal-place precision (conservative). | change5: Corrected latitude sign for Southern Hemisphere (validated by country polygon). | epi_taxo: acceptedName(match1); authorship_epig(match1); genus_from_scientificName; family_WFO; order_majorGroup_WCVP [2026-03-11] | CoordinateCleaner QA applied without sea test (validity, equal, zeros, capitals, centroids, gbif, institutions) [2026-04-14] | Corrected elevation values >5000 m by dividing by 10 (assumed digit inflation error) [2026-04-14]","standardize taxonRank column to uppercase / standardized author names in recordedBy","species","Herb","I. Sánchez Vega W. Ruiz Vigo"
"315","CPUN2025_0315","PreservedSpecimen","",NA,"CPUN","SPECIES",NA,"Sanchez-Vega, J.G. | Ruiz-Vigo, W.","2271",NA,"Herb",NA,"CPUN2025",1,"Epidendrum polystachyum",-5.85,-77.96666667,"1978-08-06","change1: Parsed DMS/DDM latitude → decimal degrees. | change2: Parsed DMS/DDM longitude → decimal degrees. | change3: Corrected longitude sign for Western Hemisphere (made negative). | change4: Filled coordinateUncertaintyInMeters from decimal-place precision (conservative). | change5: Corrected latitude sign for Southern Hemisphere (validated by country polygon). | epi_taxo: acceptedName(match1); authorship_epig(match1); genus_from_scientificName; family_WFO; order_majorGroup_WCVP [2026-03-11] | CoordinateCleaner QA applied without sea test (validity, equal, zeros, capitals, centroids, gbif, institutions) [2026-04-14] | Corrected elevation values >5000 m by dividing by 10 (assumed digit inflation error) [2026-04-14]","standardize taxonRank column to uppercase / standardized author names in recordedBy","species","Herb","José Sánchez Vega W. Ruiz Vigo"
"316","CPUN2025_0316","PreservedSpecimen","",NA,"CPUN","SPECIES",NA,"Sanchez-Vega, I.M. | Ruiz-Vigo, W.","1796",NA,"",NA,"CPUN2025",1,"Epidendrum polystachyum",NA,NA,"1976-05-21","epi_taxo: acceptedName(match1); authorship_epig(match1); genus_from_scientificName; family_WFO; order_majorGroup_WCVP [2026-03-11] | CoordinateCleaner QA applied without sea test (validity, equal, zeros, capitals, centroids, gbif, institutions) [2026-04-14] | Corrected elevation values >5000 m by dividing by 10 (assumed digit inflation error) [2026-04-14]","standardize taxonRank column to uppercase / standardized author names in recordedBy","species","","I. Sánchez Vega W. Ruiz Vigo"
"317","CPUN2025_0317","PreservedSpecimen","",NA,"CPUN","SPECIES",NA,"Gutierrez-Bardales, S.","19",NA,"E",NA,"CPUN2025",1,"Epidendrum secundum",750712,-9274208,"2004-10-14","change1: Corrected longitude sign for Western Hemisphere (made negative). | change2: Filled coordinateUncertaintyInMeters from decimal-place precision (conservative). | epi_taxo: acceptedName(match1); authorship_epig(match1); genus_from_scientificName; family_WFO; order_majorGroup_WCVP [2026-03-11] | CoordinateCleaner QA applied without sea test (validity, equal, zeros, capitals, centroids, gbif, institutions) [2026-04-14] | Corrected elevation values >5000 m by dividing by 10 (assumed digit inflation error) [2026-04-14]","standardize taxonRank column to uppercase / standardized author names in recordedBy","species","E","S. Gutiérrez Bardales"
"318","CPUN2025_0318","PreservedSpecimen","",NA,"CPUN","SPECIES",NA,"Avila-M, G.","S/N",NA,"E",NA,"CPUN2025",1,"Epidendrum secundum",NA,NA,"2004-09-08","epi_taxo: acceptedName(match1); authorship_epig(match1); genus_from_scientificName; family_WFO; order_majorGroup_WCVP [2026-03-11] | CoordinateCleaner QA applied without sea test (validity, equal, zeros, capitals, centroids, gbif, institutions) [2026-04-14] | Corrected elevation values >5000 m by dividing by 10 (assumed digit inflation error) [2026-04-14]","standardize taxonRank column to uppercase / standardized author names in recordedBy","species","E","G. Ávila M."
"319","CPUN2025_0319","PreservedSpecimen","",NA,"CPUN","SPECIES",NA,"Portal-V, L. | Perez-P, B.","179",NA,"",NA,"CPUN2025",1,"Epidendrum secundum",731200,-9316340,"2005-11-08","change1: Corrected longitude sign for Western Hemisphere (made negative). | change2: Filled coordinateUncertaintyInMeters from decimal-place precision (conservative). | epi_taxo: acceptedName(match1); authorship_epig(match1); genus_from_scientificName; family_WFO; order_majorGroup_WCVP [2026-03-11] | CoordinateCleaner QA applied without sea test (validity, equal, zeros, capitals, centroids, gbif, institutions) [2026-04-14] | Corrected elevation values >5000 m by dividing by 10 (assumed digit inflation error) [2026-04-14]","standardize taxonRank column to uppercase / standardized author names in recordedBy","species","","L. Portal V. B. Pérez P."
"320","CPUN2025_0320","PreservedSpecimen","",NA,"CPUN","SPECIES",NA,"Vargas-Chuquilin, P.","64",NA,"",NA,"CPUN2025",1,"Epidendrum secundum",816186,-9231176,"2005-09-14","change1: Corrected longitude sign for Western Hemisphere (made negative). | change2: Filled coordinateUncertaintyInMeters from decimal-place precision (conservative). | epi_taxo: acceptedName(match1); authorship_epig(match1); genus_from_scientificName; family_WFO; order_majorGroup_WCVP [2026-03-11] | CoordinateCleaner QA applied without sea test (validity, equal, zeros, capitals, centroids, gbif, institutions) [2026-04-14] | Corrected elevation values >5000 m by dividing by 10 (assumed digit inflation error) [2026-04-14]","standardize taxonRank column to uppercase / standardized author names in recordedBy","species","","Petter Vargas Ch."
"321","CPUN2025_0321","PreservedSpecimen","",NA,"CPUN","SPECIES",NA,"Juarez-V, C. | Vargas-S, R.","9",NA,"",NA,"CPUN2025",1,"Epidendrum secundum",706219,-9231176,"2004-10-16","change1: Corrected longitude sign for Western Hemisphere (made negative). | change2: Filled coordinateUncertaintyInMeters from decimal-place precision (conservative). | epi_taxo: acceptedName(match1); authorship_epig(match1); genus_from_scientificName; family_WFO; order_majorGroup_WCVP [2026-03-11] | CoordinateCleaner QA applied without sea test (validity, equal, zeros, capitals, centroids, gbif, institutions) [2026-04-14] | Corrected elevation values >5000 m by dividing by 10 (assumed digit inflation error) [2026-04-14]","standardize taxonRank column to uppercase / standardized author names in recordedBy","species","","Carmen Juárez V. Ronald Vargas S."
"322","CPUN2025_0322","PreservedSpecimen","",NA,"CPUN","SPECIES",NA,"Sanchez-Vega, I.M.","2623",NA,"Herb",NA,"CPUN2025",1,"Epidendrum splendens",-5.6675,-77.60833333,"1981-06-22","change1: Parsed DMS/DDM latitude → decimal degrees. | change2: Parsed DMS/DDM longitude → decimal degrees. | change3: Corrected longitude sign for Western Hemisphere (made negative). | change4: Filled coordinateUncertaintyInMeters from decimal-place precision (conservative). | change5: Corrected latitude sign for Southern Hemisphere (validated by country polygon). | epi_taxo: acceptedName(match1); authorship_epig(match1); genus_from_scientificName; family_WFO; order_majorGroup_WCVP [2026-03-11] | CoordinateCleaner QA applied without sea test (validity, equal, zeros, capitals, centroids, gbif, institutions) [2026-04-14] | Corrected elevation values >5000 m by dividing by 10 (assumed digit inflation error) [2026-04-14]","standardize taxonRank column to uppercase / standardized author names in recordedBy","species","Herb","I. Sánchez Vega"
"323","CPUN2025_0323","PreservedSpecimen","",NA,"CPUN","SPECIES",NA,"Sanchez-Vega, I.M. | Zapata-Cruz, M. | Iberico-Vela, G. | Dieguez, R.","9852",NA,"E",NA,"CPUN2025",1,"Epidendrum splendens",-6.133333333,-77.2,"1999-06-23","change1: Parsed DMS/DDM latitude → decimal degrees. | change2: Parsed DMS/DDM longitude → decimal degrees. | change3: Corrected longitude sign for Western Hemisphere (made negative). | change4: Filled coordinateUncertaintyInMeters from decimal-place precision (conservative). | change5: Corrected latitude sign for Southern Hemisphere (validated by country polygon). | epi_taxo: acceptedName(match1); authorship_epig(match1); genus_from_scientificName; family_WFO; order_majorGroup_WCVP [2026-03-11] | CoordinateCleaner QA applied without sea test (validity, equal, zeros, capitals, centroids, gbif, institutions) [2026-04-14] | Corrected elevation values >5000 m by dividing by 10 (assumed digit inflation error) [2026-04-14]","standardize taxonRank column to uppercase / standardized author names in recordedBy","species","E","I. Sánchez Vega M. Zapata G. Iberico R. Diéguez"
"324","CPUN2025_0324","PreservedSpecimen","",NA,"CPUN","SPECIES",NA,"Sanchez-Vega, I.M. | Dillon, M.O. | Zapata-Cruz, M.","9383",NA,"E",NA,"CPUN2025",1,"Epidendrum splendens",-5.633333333,-77.61666667,"1998-06-17","change1: Parsed DMS/DDM latitude → decimal degrees. | change2: Parsed DMS/DDM longitude → decimal degrees. | change3: Corrected longitude sign for Western Hemisphere (made negative). | change4: Filled coordinateUncertaintyInMeters from decimal-place precision (conservative). | change5: Corrected latitude sign for Southern Hemisphere (validated by country polygon). | epi_taxo: acceptedName(match1); authorship_epig(match1); genus_from_scientificName; family_WFO; order_majorGroup_WCVP [2026-03-11] | CoordinateCleaner QA applied without sea test (validity, equal, zeros, capitals, centroids, gbif, institutions) [2026-04-14] | Corrected elevation values >5000 m by dividing by 10 (assumed digit inflation error) [2026-04-14]","standardize taxonRank column to uppercase / standardized author names in recordedBy","species","E","I. Sánchez Vega M.O. Dillon M. Zapata"
"325","CPUN2025_0325","PreservedSpecimen","",NA,"CPUN","SPECIES",NA,"Smith, D.N. | Valencia, R. | Gonzales, A.","10479",NA,"Lithophyte",NA,"CPUN2025",1,"Epidendrum stictoglossum",-9,-77.56666667,"1985-04-19","change1: Parsed DMS/DDM latitude → decimal degrees. | change2: Parsed DMS/DDM longitude → decimal degrees. | change3: Corrected longitude sign for Western Hemisphere (made negative). | change4: Filled coordinateUncertaintyInMeters from decimal-place precision (conservative). | change5: Corrected latitude sign for Southern Hemisphere (validated by country polygon). | epi_taxo: acceptedName(match1); authorship_epig(match1); genus_from_scientificName; family_WFO; order_majorGroup_WCVP [2026-03-11] | CoordinateCleaner QA applied without sea test (validity, equal, zeros, capitals, centroids, gbif, institutions) [2026-04-14] | Corrected elevation values >5000 m by dividing by 10 (assumed digit inflation error) [2026-04-14]","standardize taxonRank column to uppercase / standardized author names in recordedBy","species","Lithophyte","D.N. Smith R. Valencia Alfredo Gonzales"
"326","CPUN2025_0326","PreservedSpecimen","",NA,"CPUN","SPECIES",NA,"Smith, D.N. | Goodwin, K.","8869",NA,"Herb",NA,"CPUN2025",1,"Epidendrum stictoglossum",-9.083333333,-77.68333333,"1984-12-30","change1: Parsed DMS/DDM latitude → decimal degrees. | change2: Parsed DMS/DDM longitude → decimal degrees. | change3: Corrected longitude sign for Western Hemisphere (made negative). | change4: Filled coordinateUncertaintyInMeters from decimal-place precision (conservative). | change5: Corrected latitude sign for Southern Hemisphere (validated by country polygon). | epi_taxo: acceptedName(match1); authorship_epig(match1); genus_from_scientificName; family_WFO; order_majorGroup_WCVP [2026-03-11] | CoordinateCleaner QA applied without sea test (validity, equal, zeros, capitals, centroids, gbif, institutions) [2026-04-14] | Corrected elevation values >5000 m by dividing by 10 (assumed digit inflation error) [2026-04-14]","standardize taxonRank column to uppercase / standardized author names in recordedBy","species","Herb","D.N. Smith Kye Goodwin"
"327","CPUN2025_0327","PreservedSpecimen","",NA,"CPUN","SPECIES",NA,"Sanchez-Vega, J.G.","819",NA,"E",NA,"CPUN2025",1,"Epidendrum tridens",NA,NA,"1993-07-20","epi_taxo: acceptedName(match1); authorship_epig(match1); genus_from_scientificName; family_WFO; order_majorGroup_WCVP [2026-03-11] | CoordinateCleaner QA applied without sea test (validity, equal, zeros, capitals, centroids, gbif, institutions) [2026-04-14] | Corrected elevation values >5000 m by dividing by 10 (assumed digit inflation error) [2026-04-14]","standardize taxonRank column to uppercase / standardized author names in recordedBy","species","E","José Sánchez Vega"
"328","CPUN2025_0328","PreservedSpecimen","Holotype",NA,"CPUN","SPECIES",NA,"Chamaya-G, J.","83",NA,"E",NA,"CPUN2025",1,"Epidendrum unifoliatum",761364,-9282586,"2022-03-27","change1: Corrected longitude sign for Western Hemisphere (made negative). | change2: Filled coordinateUncertaintyInMeters from decimal-place precision (conservative). | epi_taxo: acceptedName(match1); authorship_epig(match1); genus_from_scientificName; family_WFO; order_majorGroup_WCVP [2026-03-11] | CoordinateCleaner QA applied without sea test (validity, equal, zeros, capitals, centroids, gbif, institutions) [2026-04-14] | Corrected elevation values >5000 m by dividing by 10 (assumed digit inflation error) [2026-04-14]","standardize taxonRank column to uppercase / standardized author names in recordedBy","species","E","J. Chamaya G."
"329","CPUN2025_0329","PreservedSpecimen","",NA,"CPUN","SPECIES",NA,"Sanchez-Vega, I.M. | Ruiz-Vigo, W. | Cabanillas, J. | Aldave, A.","2201",NA,"Herb",NA,"CPUN2025",3,"Prosthechea pastoris",-6.213611111,-77.72138889,"1978-08-04","change1: Parsed DMS/DDM latitude → decimal degrees. | change2: Parsed DMS/DDM longitude → decimal degrees. | change3: Corrected longitude sign for Western Hemisphere (made negative). | change4: Filled coordinateUncertaintyInMeters from decimal-place precision (conservative). | change5: Corrected latitude sign for Southern Hemisphere (validated by country polygon). | epi_taxo: acceptedName(match1); authorship_epig(match1); genus_from_scientificName; family_WFO; order_majorGroup_WCVP [2026-03-11] | CoordinateCleaner QA applied without sea test (validity, equal, zeros, capitals, centroids, gbif, institutions) [2026-04-14] | Corrected elevation values >5000 m by dividing by 10 (assumed digit inflation error) [2026-04-14]","standardize taxonRank column to uppercase / standardized author names in recordedBy","species","Herb","José Sánchez Vega W. Ruiz Vigo J. Cabanillas Dr. Aldave"
"330","CPUN2025_0330","PreservedSpecimen","",NA,"CPUN","GENUS",NA,"Sanchez-Vega, J.G. | Ruiz-Vigo, W. | Cabanillas-Soriano, J.M. | Lopez, A.","2204",NA,"Herb",NA,"CPUN2025",NA,"",-6.213611111,-77.72138889,"1978-08-04","change1: Genus placeholder (sp./spp.): moved to 'genus', set taxonRank=GENUS, cleared scientificName; kept original in verbatim. | change2: Parsed DMS/DDM latitude → decimal degrees. | change3: Parsed DMS/DDM longitude → decimal degrees. | change4: Corrected longitude sign for Western Hemisphere (made negative). | change5: Filled coordinateUncertaintyInMeters from decimal-place precision (conservative). | change6: Corrected latitude sign for Southern Hemisphere (validated by country polygon). | epi_taxo: acceptedName(match1); authorship_epig(match1); genus_from_scientificName; family_WFO; order_majorGroup_WCVP [2026-03-11] | CoordinateCleaner QA applied without sea test (validity, equal, zeros, capitals, centroids, gbif, institutions) [2026-04-14] | Corrected elevation values >5000 m by dividing by 10 (assumed digit inflation error) [2026-04-14]","standardized author names in recordedBy","GENUS","Herb","José Sánchez Vega W. Ruiz Vigo J. Cabanillas A. López"
"331","CPUN2025_0331","PreservedSpecimen","Holotype",NA,"CPUN","GENUS",NA,"Chamaya-G, J.","35",NA,"E",NA,"CPUN2025",NA,"",762032,-9280321,"2020-11-06","change1: Genus placeholder (sp./spp.): moved to 'genus', set taxonRank=GENUS, cleared scientificName; kept original in verbatim. | change2: Corrected longitude sign for Western Hemisphere (made negative). | change3: Filled coordinateUncertaintyInMeters from decimal-place precision (conservative). | epi_taxo: acceptedName(match1); authorship_epig(match1); genus_from_scientificName; family_WFO; order_majorGroup_WCVP [2026-03-11] | CoordinateCleaner QA applied without sea test (validity, equal, zeros, capitals, centroids, gbif, institutions) [2026-04-14] | Corrected elevation values >5000 m by dividing by 10 (assumed digit inflation error) [2026-04-14]","standardized author names in recordedBy","GENUS","E","J. Chamaya G."
"332","CPUN2025_0332","PreservedSpecimen","",NA,"CPUN","SPECIES",NA,"Sanchez-Vega, I.M. | Ruiz-Vigo, W.","541",NA,"E",NA,"CPUN2025",1,"Fernandezia ionanthera",-6.7,-77.86666667,"1970-05-07","change1: Parsed DMS/DDM latitude → decimal degrees. | change2: Parsed DMS/DDM longitude → decimal degrees. | change3: Corrected longitude sign for Western Hemisphere (made negative). | change4: Filled coordinateUncertaintyInMeters from decimal-place precision (conservative). | change5: Corrected latitude sign for Southern Hemisphere (validated by country polygon). | epi_taxo: acceptedName(match1); authorship_epig(match1); genus_from_scientificName; family_WFO; order_majorGroup_WCVP [2026-03-11] | CoordinateCleaner QA applied without sea test (validity, equal, zeros, capitals, centroids, gbif, institutions) [2026-04-14] | Corrected elevation values >5000 m by dividing by 10 (assumed digit inflation error) [2026-04-14]","standardize taxonRank column to uppercase / standardized author names in recordedBy","species","E","I. Sánchez Vega W. Ruiz Vigo."
"333","CPUN2025_0333","PreservedSpecimen","",NA,"CPUN","SPECIES",NA,"Sanchez-Vega, I.M.","7581",NA,"E",NA,"CPUN2025",1,"Fernandezia ionanthera",NA,NA,"1994-10-04","epi_taxo: acceptedName(match1); authorship_epig(match1); genus_from_scientificName; family_WFO; order_majorGroup_WCVP [2026-03-11] | CoordinateCleaner QA applied without sea test (validity, equal, zeros, capitals, centroids, gbif, institutions) [2026-04-14] | Corrected elevation values >5000 m by dividing by 10 (assumed digit inflation error) [2026-04-14]","standardize taxonRank column to uppercase / standardized author names in recordedBy","species","E","I. Sánchez Vega"
"334","CPUN2025_0334","PreservedSpecimen","",NA,"CPUN","SPECIES",NA,"Chamaya-G, J.","65",NA,"E",NA,"CPUN2025",1,"Fernandezia ionanthera",763341,-9280724,"2022-03-12","change1: Corrected longitude sign for Western Hemisphere (made negative). | change2: Filled coordinateUncertaintyInMeters from decimal-place precision (conservative). | epi_taxo: acceptedName(match1); authorship_epig(match1); genus_from_scientificName; family_WFO; order_majorGroup_WCVP [2026-03-11] | CoordinateCleaner QA applied without sea test (validity, equal, zeros, capitals, centroids, gbif, institutions) [2026-04-14] | Corrected elevation values >5000 m by dividing by 10 (assumed digit inflation error) [2026-04-14]","standardize taxonRank column to uppercase / standardized author names in recordedBy","species","E","J. Chamaya G."
"335","CPUN2025_0335","PreservedSpecimen","",NA,"CPUN","SPECIES",NA,"Sanchez-Vega, I.M. | Ruiz-Vigo, W. | Sanchez-Vega, J.G.","1932",NA,"E",NA,"CPUN2025",1,"Fernandezia distichoides",-6.933333333,-78.16666667,"1976-10-22","change1: Parsed DMS/DDM latitude → decimal degrees. | change2: Parsed DMS/DDM longitude → decimal degrees. | change3: Corrected longitude sign for Western Hemisphere (made negative). | change4: Filled coordinateUncertaintyInMeters from decimal-place precision (conservative). | change5: Corrected latitude sign for Southern Hemisphere (validated by country polygon). | epi_taxo: acceptedName(match1); authorship_epig(match1); genus_from_scientificName; family_WFO; order_majorGroup_WCVP [2026-03-11] | CoordinateCleaner QA applied without sea test (validity, equal, zeros, capitals, centroids, gbif, institutions) [2026-04-14] | Corrected elevation values >5000 m by dividing by 10 (assumed digit inflation error) [2026-04-14]","standardize taxonRank column to uppercase / standardized author names in recordedBy","species","E","I. Sánchez Vega W. Ruiz Vigo J. Sánchez Vega."
"336","CPUN2025_0336","PreservedSpecimen","",NA,"CPUN","SPECIES",NA,"Sanchez-Vega, I.M. | Cordova-A, A. | Cruz-Cordova, R.","12180",NA,"E",NA,"CPUN2025",1,"Fernandezia distichoides",NA,NA,"2003-07-17","epi_taxo: acceptedName(match1); authorship_epig(match1); genus_from_scientificName; family_WFO; order_majorGroup_WCVP [2026-03-11] | CoordinateCleaner QA applied without sea test (validity, equal, zeros, capitals, centroids, gbif, institutions) [2026-04-14] | Corrected elevation values >5000 m by dividing by 10 (assumed digit inflation error) [2026-04-14]","standardize taxonRank column to uppercase / standardized author names in recordedBy","species","E","I. Sánchez Vega Alonso Córdova A. R. Cruz Córdova."
"337","CPUN2025_0337","PreservedSpecimen","",NA,"CPUN","SPECIES",NA,"Sanchez-Vega, I.M. | Cabanillas-Soriano, J.M. | Montesinos, D.","12307",NA,"E",NA,"CPUN2025",1,"Fernandezia distichoides",NA,NA,"2003-08-20","epi_taxo: acceptedName(match1); authorship_epig(match1); genus_from_scientificName; family_WFO; order_majorGroup_WCVP [2026-03-11] | CoordinateCleaner QA applied without sea test (validity, equal, zeros, capitals, centroids, gbif, institutions) [2026-04-14] | Corrected elevation values >5000 m by dividing by 10 (assumed digit inflation error) [2026-04-14]","standardize taxonRank column to uppercase / standardized author names in recordedBy","species","E","I. Sánchez Vega J. Manuel Cabanillas Soriano D. Montesinos."
"338","CPUN2025_0338","PreservedSpecimen","",NA,"CPUN","SPECIES",NA,"Sanchez-Vega, I.M. | Cabanillas-Soriano, J.M. | Sanchez-Montoya, M. | Cabanillas-Medina, J.M.","12050",NA,"E",NA,"CPUN2025",0,"",NA,NA,"2003-06-20","epi_taxo: acceptedName(match1); authorship_epig(match1); genus_from_scientificName; family_WFO; order_majorGroup_WCVP [2026-03-11] | CoordinateCleaner QA applied without sea test (validity, equal, zeros, capitals, centroids, gbif, institutions) [2026-04-14] | Corrected elevation values >5000 m by dividing by 10 (assumed digit inflation error) [2026-04-14]","standardize taxonRank column to uppercase / standardized author names in recordedBy","species","E","I. Sánchez Vega J. Cabanillas S. M. Sánchez Montoya J. Cabanillas Medina"
"339","CPUN2025_0339","PreservedSpecimen","",NA,"CPUN","SPECIES",NA,"Leiva-Gonzalez, S. | Chuna, P. | Cadle, J.","1517",NA,"Herb",NA,"CPUN2025",1,"Fernandezia nigrosignata",NA,NA,"1994-08-14","epi_taxo: acceptedName(match1); authorship_epig(match1); genus_from_scientificName; family_WFO; order_majorGroup_WCVP [2026-03-11] | CoordinateCleaner QA applied without sea test (validity, equal, zeros, capitals, centroids, gbif, institutions) [2026-04-14] | Corrected elevation values >5000 m by dividing by 10 (assumed digit inflation error) [2026-04-14]","standardize taxonRank column to uppercase / standardized author names in recordedBy","species","Herb","S.Leiva G. P. Chuna J. Cadle."
"340","CPUN2025_0340","PreservedSpecimen","",NA,"CPUN","SPECIES",NA,"Sanchez-Vega, I.M. | Sanchez-Montoya, M.","11050",NA,"",NA,"CPUN2025",3,"Fernandezia ecuadorensis",NA,NA,"2001-10-06","epi_taxo: acceptedName(match1); authorship_epig(match1); genus_from_scientificName; family_WFO; order_majorGroup_WCVP [2026-03-11] | CoordinateCleaner QA applied without sea test (validity, equal, zeros, capitals, centroids, gbif, institutions) [2026-04-14] | Corrected elevation values >5000 m by dividing by 10 (assumed digit inflation error) [2026-04-14]","standardize taxonRank column to uppercase / standardized author names in recordedBy","species","","I. Sánchez Vega M. Sánchez M."
"341","CPUN2025_0341","PreservedSpecimen","",NA,"CPUN","SPECIES",NA,"Sanchez-Vega, I.M. | Sanchez-Montoya, M.","11053",NA,"",NA,"CPUN2025",1,"Fernandezia subbiflora",NA,NA,"2001-10-06","epi_taxo: acceptedName(match1); authorship_epig(match1); genus_from_scientificName; family_WFO; order_majorGroup_WCVP [2026-03-11] | CoordinateCleaner QA applied without sea test (validity, equal, zeros, capitals, centroids, gbif, institutions) [2026-04-14] | Corrected elevation values >5000 m by dividing by 10 (assumed digit inflation error) [2026-04-14]","standardize taxonRank column to uppercase / standardized author names in recordedBy","species","","I. Sánchez Vega M. Sánchez M."
"342","CPUN2025_0342","PreservedSpecimen","",NA,"CPUN","SPECIES",NA,"Molau, U. | Eriksen, B.","3401",NA,"E",NA,"CPUN2025",1,"Fernandezia subbiflora",-6.8,-77.88333333,"1988-03-24","change1: Parsed DMS/DDM latitude → decimal degrees. | change2: Parsed DMS/DDM longitude → decimal degrees. | change3: Corrected longitude sign for Western Hemisphere (made negative). | change4: Filled coordinateUncertaintyInMeters from decimal-place precision (conservative). | change5: Corrected latitude sign for Southern Hemisphere (validated by country polygon). | epi_taxo: acceptedName(match1); authorship_epig(match1); genus_from_scientificName; family_WFO; order_majorGroup_WCVP [2026-03-11] | CoordinateCleaner QA applied without sea test (validity, equal, zeros, capitals, centroids, gbif, institutions) [2026-04-14] | Corrected elevation values >5000 m by dividing by 10 (assumed digit inflation error) [2026-04-14]","standardize taxonRank column to uppercase / standardized author names in recordedBy","species","E","U. Molau B. Eriksen"
"343","CPUN2025_0343","PreservedSpecimen","",NA,"CPUN","SPECIES",NA,"Dillon, M.O. | Sanchez-Vega, I.M.","6255",NA,"Herb",NA,"CPUN2025",1,"Fernandezia tenuis",-5.4,-79.6,"1991-07-20","change1: Parsed DMS/DDM latitude → decimal degrees. | change2: Parsed DMS/DDM longitude → decimal degrees. | change3: Corrected longitude sign for Western Hemisphere (made negative). | change4: Filled coordinateUncertaintyInMeters from decimal-place precision (conservative). | change5: Corrected latitude sign for Southern Hemisphere (validated by country polygon). | epi_taxo: acceptedName(match1); authorship_epig(match1); genus_from_scientificName; family_WFO; order_majorGroup_WCVP [2026-03-11] | CoordinateCleaner QA applied without sea test (validity, equal, zeros, capitals, centroids, gbif, institutions) [2026-04-14] | Corrected elevation values >5000 m by dividing by 10 (assumed digit inflation error) [2026-04-14]","standardize taxonRank column to uppercase / standardized author names in recordedBy","species","Herb","M.O. Dillon I. Sánchez Vega"
"344","CPUN2025_0344","PreservedSpecimen","",NA,"CPUN","GENUS",NA,"Sanchez-Vega, I.M. | Dillon, M.O. | Iberico-Vela, G.","11196",NA,"",NA,"CPUN2025",NA,"",-7.066666667,-77.81666667,"2001-11-11","change1: Genus placeholder (sp./spp.): moved to 'genus', set taxonRank=GENUS, cleared scientificName; kept original in verbatim. | change2: Parsed DMS/DDM latitude → decimal degrees. | change3: Parsed DMS/DDM longitude → decimal degrees. | change4: Corrected longitude sign for Western Hemisphere (made negative). | change5: Filled coordinateUncertaintyInMeters from decimal-place precision (conservative). | change6: Corrected latitude sign for Southern Hemisphere (validated by country polygon). | epi_taxo: acceptedName(match1); authorship_epig(match1); genus_from_scientificName; family_WFO; order_majorGroup_WCVP [2026-03-11] | CoordinateCleaner QA applied without sea test (validity, equal, zeros, capitals, centroids, gbif, institutions) [2026-04-14] | Corrected elevation values >5000 m by dividing by 10 (assumed digit inflation error) [2026-04-14]","standardized author names in recordedBy","GENUS","","I. Sánchez Vega M.O. Dillon G. Iberico"
"345","CPUN2025_0345","PreservedSpecimen","",NA,"CPUN","SPECIES",NA,"Leiva-Gonzalez, S. | Chuna, P. | Cadle, J.","1289",NA,"E",NA,"CPUN2025",1,"Ionopsis utricularioides",NA,NA,"1994-08-02","epi_taxo: acceptedName(match1); authorship_epig(match1); genus_from_scientificName; family_WFO; order_majorGroup_WCVP [2026-03-11] | CoordinateCleaner QA applied without sea test (validity, equal, zeros, capitals, centroids, gbif, institutions) [2026-04-14] | Corrected elevation values >5000 m by dividing by 10 (assumed digit inflation error) [2026-04-14]","standardize taxonRank column to uppercase / standardized author names in recordedBy","species","E","S.Leiva G. P. Chuna J. Cadle."
"346","CPUN2025_0346","PreservedSpecimen","",NA,"CPUN","SPECIES",NA,"Goicochea-Rojas, A. | Gutierrez-Ruiz, D.","S/N",NA,"Herb",NA,"CPUN2025",1,"Koellensteinia graminea",NA,NA,"2024-01-05","epi_taxo: acceptedName(match1); authorship_epig(match1); genus_from_scientificName; family_WFO; order_majorGroup_WCVP [2026-03-11] | CoordinateCleaner QA applied without sea test (validity, equal, zeros, capitals, centroids, gbif, institutions) [2026-04-14] | Corrected elevation values >5000 m by dividing by 10 (assumed digit inflation error) [2026-04-14]","standardize taxonRank column to uppercase / standardized author names in recordedBy","species","Herb","A. Goicochea R. D. Gutiérrez R."
"347","CPUN2025_0347","PreservedSpecimen","Holotype",NA,"CPUN","SPECIES",NA,"Chamaya-G, J.","32",NA,"Herb",NA,"CPUN2025",1,"Lepanthes pseudoprofusa",761994,-9280416,"2020-11-06","change1: Corrected longitude sign for Western Hemisphere (made negative). | change2: Filled coordinateUncertaintyInMeters from decimal-place precision (conservative). | epi_taxo: acceptedName(match1); authorship_epig(match1); genus_from_scientificName; family_WFO; order_majorGroup_WCVP [2026-03-11] | CoordinateCleaner QA applied without sea test (validity, equal, zeros, capitals, centroids, gbif, institutions) [2026-04-14] | Corrected elevation values >5000 m by dividing by 10 (assumed digit inflation error) [2026-04-14]","standardize taxonRank column to uppercase / standardized author names in recordedBy","species","Herb","J. Chamaya G."
"348","CPUN2025_0348","PreservedSpecimen","Holotype",NA,"CPUN","GENUS",NA,"Chamaya-G, J.","117",NA,"Herb",NA,"CPUN2025",NA,"",763303,-9280777,"2020-03-12","change1: Genus placeholder (sp./spp.): moved to 'genus', set taxonRank=GENUS, cleared scientificName; kept original in verbatim. | change2: Corrected longitude sign for Western Hemisphere (made negative). | change3: Filled coordinateUncertaintyInMeters from decimal-place precision (conservative). | epi_taxo: acceptedName(match1); authorship_epig(match1); genus_from_scientificName; family_WFO; order_majorGroup_WCVP [2026-03-11] | CoordinateCleaner QA applied without sea test (validity, equal, zeros, capitals, centroids, gbif, institutions) [2026-04-14] | Corrected elevation values >5000 m by dividing by 10 (assumed digit inflation error) [2026-04-14]","standardized author names in recordedBy","GENUS","Herb","J. Chamaya G."
"349","CPUN2025_0349","PreservedSpecimen","",NA,"CPUN","GENUS",NA,"Sanchez-Vega, I.M. | Dillon, M.O. | Zapata-Cruz, M.","9496",NA,"Herb",NA,"CPUN2025",NA,"",-5.65,-77.63333333,"1998-06-24","change1: Genus placeholder (sp./spp.): moved to 'genus', set taxonRank=GENUS, cleared scientificName; kept original in verbatim. | change2: Parsed DMS/DDM latitude → decimal degrees. | change3: Parsed DMS/DDM longitude → decimal degrees. | change4: Corrected longitude sign for Western Hemisphere (made negative). | change5: Filled coordinateUncertaintyInMeters from decimal-place precision (conservative). | change6: Corrected latitude sign for Southern Hemisphere (validated by country polygon). | epi_taxo: acceptedName(match1); authorship_epig(match1); genus_from_scientificName; family_WFO; order_majorGroup_WCVP [2026-03-11] | CoordinateCleaner QA applied without sea test (validity, equal, zeros, capitals, centroids, gbif, institutions) [2026-04-14] | Corrected elevation values >5000 m by dividing by 10 (assumed digit inflation error) [2026-04-14]","standardized author names in recordedBy","GENUS","Herb","I. Sánchez Vega M.O. Dillon M. Zapata"
"350","CPUN2025_0350","PreservedSpecimen","",NA,"CPUN","SPECIES",NA,"Sanchez-Vega, I.M. | Castillo, W.","6404",NA,"Herb",NA,"CPUN2025",1,"Masdevallia amabilis",NA,NA,"1992-09-19","epi_taxo: acceptedName(match1); authorship_epig(match1); genus_from_scientificName; family_WFO; order_majorGroup_WCVP [2026-03-11] | CoordinateCleaner QA applied without sea test (validity, equal, zeros, capitals, centroids, gbif, institutions) [2026-04-14] | Corrected elevation values >5000 m by dividing by 10 (assumed digit inflation error) [2026-04-14]","standardize taxonRank column to uppercase / standardized author names in recordedBy","species","Herb","I. Sánchez Vega W. Castillo"
"351","CPUN2025_0351","PreservedSpecimen","",NA,"CPUN","SPECIES",NA,"Sanchez-Vega, I.M.","374",NA,"Herb",NA,"CPUN2025",1,"Masdevallia amabilis",NA,NA,"1967-09-24","epi_taxo: acceptedName(match1); authorship_epig(match1); genus_from_scientificName; family_WFO; order_majorGroup_WCVP [2026-03-11] | CoordinateCleaner QA applied without sea test (validity, equal, zeros, capitals, centroids, gbif, institutions) [2026-04-14] | Corrected elevation values >5000 m by dividing by 10 (assumed digit inflation error) [2026-04-14]","standardize taxonRank column to uppercase / standardized author names in recordedBy","species","Herb","I. Sánchez Vega"
"352","CPUN2025_0352","PreservedSpecimen","",NA,"CPUN","SPECIES",NA,"Sanchez-Vega, I.M.","5371",NA,"Herb",NA,"CPUN2025",1,"Masdevallia amabilis",NA,NA,"1990-12-05","epi_taxo: acceptedName(match1); authorship_epig(match1); genus_from_scientificName; family_WFO; order_majorGroup_WCVP [2026-03-11] | CoordinateCleaner QA applied without sea test (validity, equal, zeros, capitals, centroids, gbif, institutions) [2026-04-14] | Corrected elevation values >5000 m by dividing by 10 (assumed digit inflation error) [2026-04-14]","standardize taxonRank column to uppercase / standardized author names in recordedBy","species","Herb","I. Sánchez Vega"
"353","CPUN2025_0353","PreservedSpecimen","",NA,"CPUN","SPECIES",NA,"Sanchez-Vega, I.M. | Torres, J.","6423",NA,"Herb",NA,"CPUN2025",1,"Masdevallia amabilis",NA,NA,"1992-10-30","epi_taxo: acceptedName(match1); authorship_epig(match1); genus_from_scientificName; family_WFO; order_majorGroup_WCVP [2026-03-11] | CoordinateCleaner QA applied without sea test (validity, equal, zeros, capitals, centroids, gbif, institutions) [2026-04-14] | Corrected elevation values >5000 m by dividing by 10 (assumed digit inflation error) [2026-04-14]","standardize taxonRank column to uppercase / standardized author names in recordedBy","species","Herb","I. Sánchez Vega J. Torres"
"354","CPUN2025_0354","PreservedSpecimen","",NA,"CPUN","SPECIES",NA,"Sanchez-Vega, I.M. | Llanos, M.","11738",NA,"Herb",NA,"CPUN2025",1,"Masdevallia amabilis",NA,-78.39694444,"2002-11-28","change1: Parsed DMS/DDM longitude → decimal degrees. | change2: Corrected longitude sign for Western Hemisphere (made negative). | epi_taxo: acceptedName(match1); authorship_epig(match1); genus_from_scientificName; family_WFO; order_majorGroup_WCVP [2026-03-11] | CoordinateCleaner QA applied without sea test (validity, equal, zeros, capitals, centroids, gbif, institutions) [2026-04-14] | Corrected elevation values >5000 m by dividing by 10 (assumed digit inflation error) [2026-04-14]","standardize taxonRank column to uppercase / standardized author names in recordedBy","species","Herb","I. Sánchez Vega Mardonio Llanos"
"355","CPUN2025_0355","PreservedSpecimen","",NA,"CPUN","SPECIES",NA,"Sanchez-Vega, I.M.","2780",NA,"Herb",NA,"CPUN2025",1,"Masdevallia amabilis",NA,NA,"1982-04-14","epi_taxo: acceptedName(match1); authorship_epig(match1); genus_from_scientificName; family_WFO; order_majorGroup_WCVP [2026-03-11] | CoordinateCleaner QA applied without sea test (validity, equal, zeros, capitals, centroids, gbif, institutions) [2026-04-14] | Corrected elevation values >5000 m by dividing by 10 (assumed digit inflation error) [2026-04-14]","standardize taxonRank column to uppercase / standardized author names in recordedBy","species","Herb","I. Sánchez Vega"
"356","CPUN2025_0356","PreservedSpecimen","",NA,"CPUN","SPECIES",NA,"Aliaga-Rojas, C. | Zambrano-C, O.","283",NA,"",NA,"CPUN2025",1,"Masdevallia amabilis",-7.2,-78.48333333,"2003-06-06","change1: Parsed DMS/DDM latitude → decimal degrees. | change2: Parsed DMS/DDM longitude → decimal degrees. | change3: Corrected longitude sign for Western Hemisphere (made negative). | change4: Filled coordinateUncertaintyInMeters from decimal-place precision (conservative). | change5: Corrected latitude sign for Southern Hemisphere (validated by country polygon). | epi_taxo: acceptedName(match1); authorship_epig(match1); genus_from_scientificName; family_WFO; order_majorGroup_WCVP [2026-03-11] | CoordinateCleaner QA applied without sea test (validity, equal, zeros, capitals, centroids, gbif, institutions) [2026-04-14] | Corrected elevation values >5000 m by dividing by 10 (assumed digit inflation error) [2026-04-14]","standardize taxonRank column to uppercase / standardized author names in recordedBy","species","","C. Aliaga Rojas Oscar Zambrano C."
"357","CPUN2025_0357","PreservedSpecimen","",NA,"CPUN","SPECIES",NA,"Smith, D.N. | Goodwin, K.","8790",NA,"Lithophyte",NA,"CPUN2025",1,"Masdevallia amabilis",-9.083333333,-77.68333333,"1984-12-30","change1: Parsed DMS/DDM latitude → decimal degrees. | change2: Parsed DMS/DDM longitude → decimal degrees. | change3: Corrected longitude sign for Western Hemisphere (made negative). | change4: Filled coordinateUncertaintyInMeters from decimal-place precision (conservative). | change5: Corrected latitude sign for Southern Hemisphere (validated by country polygon). | epi_taxo: acceptedName(match1); authorship_epig(match1); genus_from_scientificName; family_WFO; order_majorGroup_WCVP [2026-03-11] | CoordinateCleaner QA applied without sea test (validity, equal, zeros, capitals, centroids, gbif, institutions) [2026-04-14] | Corrected elevation values >5000 m by dividing by 10 (assumed digit inflation error) [2026-04-14]","standardize taxonRank column to uppercase / standardized author names in recordedBy","species","Lithophyte","D.N. Smith Kye Goodwin"
"358","CPUN2025_0358","PreservedSpecimen","",NA,"CPUN","SPECIES",NA,"Sanchez-Vega, I.M. | Medina, E.","2693",NA,"Herb",NA,"CPUN2025",1,"Masdevallia amabilis",NA,NA,"1981-11-21","epi_taxo: acceptedName(match1); authorship_epig(match1); genus_from_scientificName; family_WFO; order_majorGroup_WCVP [2026-03-11] | CoordinateCleaner QA applied without sea test (validity, equal, zeros, capitals, centroids, gbif, institutions) [2026-04-14] | Corrected elevation values >5000 m by dividing by 10 (assumed digit inflation error) [2026-04-14]","standardize taxonRank column to uppercase / standardized author names in recordedBy","species","Herb","I. Sánchez Vega Ernesto Medina."
"359","CPUN2025_0359","PreservedSpecimen","",NA,"CPUN","SPECIES",NA,"Vasquez-S, T. | Vargas-Chuquilin, P.","40",NA,"Herb",NA,"CPUN2025",1,"Masdevallia amabilis",827383,-9215934,"2005-11-10","change1: Corrected longitude sign for Western Hemisphere (made negative). | change2: Filled coordinateUncertaintyInMeters from decimal-place precision (conservative). | epi_taxo: acceptedName(match1); authorship_epig(match1); genus_from_scientificName; family_WFO; order_majorGroup_WCVP [2026-03-11] | CoordinateCleaner QA applied without sea test (validity, equal, zeros, capitals, centroids, gbif, institutions) [2026-04-14] | Corrected elevation values >5000 m by dividing by 10 (assumed digit inflation error) [2026-04-14]","standardize taxonRank column to uppercase / standardized author names in recordedBy","species","Herb","T. Vásquez S. P. Vargas Ch."
"360","CPUN2025_0360","PreservedSpecimen","Holotype",NA,"CPUN","SPECIES",NA,"Chamaya-G, J.","28",NA,"Herb",NA,"CPUN2025",1,"Masdevallia amabilis",761330,-9279104,"2020-11-02","change1: Corrected longitude sign for Western Hemisphere (made negative). | change2: Filled coordinateUncertaintyInMeters from decimal-place precision (conservative). | epi_taxo: acceptedName(match1); authorship_epig(match1); genus_from_scientificName; family_WFO; order_majorGroup_WCVP [2026-03-11] | CoordinateCleaner QA applied without sea test (validity, equal, zeros, capitals, centroids, gbif, institutions) [2026-04-14] | Corrected elevation values >5000 m by dividing by 10 (assumed digit inflation error) [2026-04-14]","standardize taxonRank column to uppercase / standardized author names in recordedBy","species","Herb","J. Chamaya G."
"361","CPUN2025_0361","PreservedSpecimen","",NA,"CPUN","SPECIES",NA,"Goicochea-Rojas, A. | Gutierrez-Ruiz, A.D.","S/N",NA,"Herb",NA,"CPUN2025",1,"Masdevallia lucernula",NA,NA,"2023-04-23","epi_taxo: acceptedName(match1); authorship_epig(match1); genus_from_scientificName; family_WFO; order_majorGroup_WCVP [2026-03-11] | CoordinateCleaner QA applied without sea test (validity, equal, zeros, capitals, centroids, gbif, institutions) [2026-04-14] | Corrected elevation values >5000 m by dividing by 10 (assumed digit inflation error) [2026-04-14]","standardize taxonRank column to uppercase / standardized author names in recordedBy","species","Herb","A. Goicochea R. A. D. Gutiérrez R."
"362","CPUN2025_0362","PreservedSpecimen","",NA,"CPUN","SPECIES",NA,"Goicochea-Rojas, A. | Gutierrez-Ruiz, A.D.","S/N",NA,"Herb",NA,"CPUN2025",1,"Masdevallia minuta",NA,NA,"2024-03-29","epi_taxo: acceptedName(match1); authorship_epig(match1); genus_from_scientificName; family_WFO; order_majorGroup_WCVP [2026-03-11] | CoordinateCleaner QA applied without sea test (validity, equal, zeros, capitals, centroids, gbif, institutions) [2026-04-14] | Corrected elevation values >5000 m by dividing by 10 (assumed digit inflation error) [2026-04-14]","standardize taxonRank column to uppercase / standardized author names in recordedBy","species","Herb","A. Goicochea R. A. D. Gutiérrez R."
"363","CPUN2025_0363","PreservedSpecimen","",NA,"CPUN","SPECIES",NA,"Sanchez-Vega, I.M. | Llanos, M.","11741",NA,"Herb",NA,"CPUN2025",1,"Masdevallia semiteres",NA,-78.39694444,"2002-11-28","change1: Parsed DMS/DDM longitude → decimal degrees. | change2: Corrected longitude sign for Western Hemisphere (made negative). | epi_taxo: acceptedName(match1); authorship_epig(match1); genus_from_scientificName; family_WFO; order_majorGroup_WCVP [2026-03-11] | CoordinateCleaner QA applied without sea test (validity, equal, zeros, capitals, centroids, gbif, institutions) [2026-04-14] | Corrected elevation values >5000 m by dividing by 10 (assumed digit inflation error) [2026-04-14]","standardize taxonRank column to uppercase / standardized author names in recordedBy","species","Herb","I. Sánchez Vega Mardonio Llanos"
"364","CPUN2025_0364","PreservedSpecimen","",NA,"CPUN","SPECIES",NA,"Sanchez-Vega, I.M. | Torres, J.","6422",NA,"Herb",NA,"CPUN2025",1,"Masdevallia semiteres",NA,NA,"1992-10-30","epi_taxo: acceptedName(match1); authorship_epig(match1); genus_from_scientificName; family_WFO; order_majorGroup_WCVP [2026-03-11] | CoordinateCleaner QA applied without sea test (validity, equal, zeros, capitals, centroids, gbif, institutions) [2026-04-14] | Corrected elevation values >5000 m by dividing by 10 (assumed digit inflation error) [2026-04-14]","standardize taxonRank column to uppercase / standardized author names in recordedBy","species","Herb","I. Sánchez Vega J. Torres"
"365","CPUN2025_0365","PreservedSpecimen","",NA,"CPUN","SPECIES",NA,"Goicochea-Rojas, A. | Gutierrez-Ruiz, A.D.","S/N",NA,"Herb",NA,"CPUN2025",1,"Masdevallia strobelii",NA,NA,"2024-04-06","epi_taxo: acceptedName(match1); authorship_epig(match1); genus_from_scientificName; family_WFO; order_majorGroup_WCVP [2026-03-11] | CoordinateCleaner QA applied without sea test (validity, equal, zeros, capitals, centroids, gbif, institutions) [2026-04-14] | Corrected elevation values >5000 m by dividing by 10 (assumed digit inflation error) [2026-04-14]","standardize taxonRank column to uppercase / standardized author names in recordedBy","species","Herb","A. Goicochea R. A. D. Gutiérrez R."
"366","CPUN2025_0366","PreservedSpecimen","Holotype",NA,"CPUN","SPECIES",NA,"Chamaya-G, J.","41",NA,"Herb",NA,"CPUN2025",1,"Maxillaria arbuscula",762162,-9280246,"2020-11-13","change1: Corrected longitude sign for Western Hemisphere (made negative). | change2: Filled coordinateUncertaintyInMeters from decimal-place precision (conservative). | epi_taxo: acceptedName(match1); authorship_epig(match1); genus_from_scientificName; family_WFO; order_majorGroup_WCVP [2026-03-11] | CoordinateCleaner QA applied without sea test (validity, equal, zeros, capitals, centroids, gbif, institutions) [2026-04-14] | Corrected elevation values >5000 m by dividing by 10 (assumed digit inflation error) [2026-04-14]","standardize taxonRank column to uppercase / standardized author names in recordedBy","species","Herb","J. Chamaya G."
"367","CPUN2025_0367","PreservedSpecimen","",NA,"CPUN","SPECIES",NA,"Sanchez-Vega, I.M. | Dillon, M.O. | Zapata-Cruz, M.","9444",NA,"E",NA,"CPUN2025",1,"Maxillaria johannyae",-5.666666667,-77.63333333,"1998-06-23","change1: Parsed DMS/DDM latitude → decimal degrees. | change2: Parsed DMS/DDM longitude → decimal degrees. | change3: Corrected longitude sign for Western Hemisphere (made negative). | change4: Filled coordinateUncertaintyInMeters from decimal-place precision (conservative). | change5: Corrected latitude sign for Southern Hemisphere (validated by country polygon). | epi_taxo: acceptedName(match1); authorship_epig(match1); genus_from_scientificName; family_WFO; order_majorGroup_WCVP [2026-03-11] | CoordinateCleaner QA applied without sea test (validity, equal, zeros, capitals, centroids, gbif, institutions) [2026-04-14] | Corrected elevation values >5000 m by dividing by 10 (assumed digit inflation error) [2026-04-14]","standardize taxonRank column to uppercase / standardized author names in recordedBy","species","E","I. Sánchez Vega M.O. Dillon M. Zapata"
"368","CPUN2025_0368","PreservedSpecimen","",NA,"CPUN","SPECIES",NA,"Sanchez-Vega, I.M. | Dillon, M.O.","8028",NA,"Herb",NA,"CPUN2025",1,"Maxillaria lepidota",NA,NA,"1995-07-14","epi_taxo: acceptedName(match1); authorship_epig(match1); genus_from_scientificName; family_WFO; order_majorGroup_WCVP [2026-03-11] | CoordinateCleaner QA applied without sea test (validity, equal, zeros, capitals, centroids, gbif, institutions) [2026-04-14] | Corrected elevation values >5000 m by dividing by 10 (assumed digit inflation error) [2026-04-14]","standardize taxonRank column to uppercase / standardized author names in recordedBy","species","Herb","I. Sánchez Vega M.O. Dillon"
"369","CPUN2025_0369","PreservedSpecimen","",NA,"CPUN","SPECIES",NA,"Sanchez-Vega, I.M. | Dillon, M.O. | Zapata-Cruz, M.","9445A",NA,"E",NA,"CPUN2025",1,"Maxillaria cordyline",-5.666666667,-77.63333333,"1998-06-23","change1: Parsed DMS/DDM latitude → decimal degrees. | change2: Parsed DMS/DDM longitude → decimal degrees. | change3: Corrected longitude sign for Western Hemisphere (made negative). | change4: Filled coordinateUncertaintyInMeters from decimal-place precision (conservative). | change5: Corrected latitude sign for Southern Hemisphere (validated by country polygon). | epi_taxo: acceptedName(match1); authorship_epig(match1); genus_from_scientificName; family_WFO; order_majorGroup_WCVP [2026-03-11] | CoordinateCleaner QA applied without sea test (validity, equal, zeros, capitals, centroids, gbif, institutions) [2026-04-14] | Corrected elevation values >5000 m by dividing by 10 (assumed digit inflation error) [2026-04-14]","standardize taxonRank column to uppercase / standardized author names in recordedBy","species","E","I. Sánchez Vega M.O. Dillon M. Zapata"
"370","CPUN2025_0370","PreservedSpecimen","",NA,"CPUN","SPECIES",NA,"Sanchez-Vega, I.M. | Dillon, M.O.","9445B",NA,"E",NA,"CPUN2025",1,"Maxillaria meridensis",-5.666666667,-77.63333333,"1998-06-23","change1: Parsed DMS/DDM latitude → decimal degrees. | change2: Parsed DMS/DDM longitude → decimal degrees. | change3: Corrected longitude sign for Western Hemisphere (made negative). | change4: Filled coordinateUncertaintyInMeters from decimal-place precision (conservative). | change5: Corrected latitude sign for Southern Hemisphere (validated by country polygon). | epi_taxo: acceptedName(match1); authorship_epig(match1); genus_from_scientificName; family_WFO; order_majorGroup_WCVP [2026-03-11] | CoordinateCleaner QA applied without sea test (validity, equal, zeros, capitals, centroids, gbif, institutions) [2026-04-14] | Corrected elevation values >5000 m by dividing by 10 (assumed digit inflation error) [2026-04-14]","standardize taxonRank column to uppercase / standardized author names in recordedBy","species","E","I. Sánchez Vega M.O. Dillon"
"371","CPUN2025_0371","PreservedSpecimen","",NA,"CPUN","SPECIES",NA,"Sanchez-Vega, I.M. | Dillon, M.O. | Zapata-Cruz, M.","9419",NA,"E",NA,"CPUN2025",1,"Maxillaria villosa",-5.633333333,-77.61666667,"1998-06-17","change1: Parsed DMS/DDM latitude → decimal degrees. | change2: Parsed DMS/DDM longitude → decimal degrees. | change3: Corrected longitude sign for Western Hemisphere (made negative). | change4: Filled coordinateUncertaintyInMeters from decimal-place precision (conservative). | change5: Corrected latitude sign for Southern Hemisphere (validated by country polygon). | epi_taxo: acceptedName(match1); authorship_epig(match1); genus_from_scientificName; family_WFO; order_majorGroup_WCVP [2026-03-11] | CoordinateCleaner QA applied without sea test (validity, equal, zeros, capitals, centroids, gbif, institutions) [2026-04-14] | Corrected elevation values >5000 m by dividing by 10 (assumed digit inflation error) [2026-04-14]","standardize taxonRank column to uppercase / standardized author names in recordedBy","species","E","I. Sánchez Vega M.O. Dillon M. Zapata"
"372","CPUN2025_0372","PreservedSpecimen","",NA,"CPUN","GENUS",NA,"Avila-M, G. | Dillon, M.O. | Zapata-Cruz, M.","112",NA,"",NA,"CPUN2025",NA,"",814441,-9165884,"2004-09-28","change1: Genus placeholder (sp./spp.): moved to 'genus', set taxonRank=GENUS, cleared scientificName; kept original in verbatim. | change2: Corrected longitude sign for Western Hemisphere (made negative). | change3: Filled coordinateUncertaintyInMeters from decimal-place precision (conservative). | epi_taxo: acceptedName(match1); authorship_epig(match1); genus_from_scientificName; family_WFO; order_majorGroup_WCVP [2026-03-11] | CoordinateCleaner QA applied without sea test (validity, equal, zeros, capitals, centroids, gbif, institutions) [2026-04-14] | Corrected elevation values >5000 m by dividing by 10 (assumed digit inflation error) [2026-04-14]","standardized author names in recordedBy","GENUS","","G. Ávila M. M.O. Dillon M. Zapata"
"373","CPUN2025_0373","PreservedSpecimen","Holotype",NA,"CPUN","GENUS",NA,"Chamaya-G, J.","90",NA,"E",NA,"CPUN2025",NA,"",762175,-9280242,"2022-04-03","change1: Genus placeholder (sp./spp.): moved to 'genus', set taxonRank=GENUS, cleared scientificName; kept original in verbatim. | change2: Corrected longitude sign for Western Hemisphere (made negative). | change3: Filled coordinateUncertaintyInMeters from decimal-place precision (conservative). | epi_taxo: acceptedName(match1); authorship_epig(match1); genus_from_scientificName; family_WFO; order_majorGroup_WCVP [2026-03-11] | CoordinateCleaner QA applied without sea test (validity, equal, zeros, capitals, centroids, gbif, institutions) [2026-04-14] | Corrected elevation values >5000 m by dividing by 10 (assumed digit inflation error) [2026-04-14]","standardized author names in recordedBy","GENUS","E","J. Chamaya G."
"374","CPUN2025_0374","PreservedSpecimen","",NA,"CPUN","SPECIES",NA,"Sanchez-Vega, I.M. | Leiva-Gonzalez, S. | Flores, W.","5727",NA,"",NA,"CPUN2025",1,"Myoxanthus serripetalus",NA,NA,"1991-05-04","epi_taxo: acceptedName(match1); authorship_epig(match1); genus_from_scientificName; family_WFO; order_majorGroup_WCVP [2026-03-11] | CoordinateCleaner QA applied without sea test (validity, equal, zeros, capitals, centroids, gbif, institutions) [2026-04-14] | Corrected elevation values >5000 m by dividing by 10 (assumed digit inflation error) [2026-04-14]","standardize taxonRank column to uppercase / standardized author names in recordedBy","species","","I. Sánchez V. S. Leiva G. W. Flores"
"375","CPUN2025_0375","PreservedSpecimen","",NA,"CPUN","SPECIES",NA,"Sanchez-Vega, I.M. | Llanos, M.","11739",NA,"Herb",NA,"CPUN2025",1,"Myoxanthus serripetalus",NA,-78.39694444,"2002-11-28","change1: Parsed DMS/DDM longitude → decimal degrees. | change2: Corrected longitude sign for Western Hemisphere (made negative). | epi_taxo: acceptedName(match1); authorship_epig(match1); genus_from_scientificName; family_WFO; order_majorGroup_WCVP [2026-03-11] | CoordinateCleaner QA applied without sea test (validity, equal, zeros, capitals, centroids, gbif, institutions) [2026-04-14] | Corrected elevation values >5000 m by dividing by 10 (assumed digit inflation error) [2026-04-14]","standardize taxonRank column to uppercase / standardized author names in recordedBy","species","Herb","I. Sánchez Vega Mardonio Llanos"
"376","CPUN2025_0376","PreservedSpecimen","",NA,"CPUN","SPECIES",NA,"Sanchez-Vega, I.M. | Flores, W. | Leiva-Gonzalez, S.","5656",NA,"Herb",NA,"CPUN2025",1,"Myoxanthus serripetalus",NA,NA,"1991-05-02","epi_taxo: acceptedName(match1); authorship_epig(match1); genus_from_scientificName; family_WFO; order_majorGroup_WCVP [2026-03-11] | CoordinateCleaner QA applied without sea test (validity, equal, zeros, capitals, centroids, gbif, institutions) [2026-04-14] | Corrected elevation values >5000 m by dividing by 10 (assumed digit inflation error) [2026-04-14]","standardize taxonRank column to uppercase / standardized author names in recordedBy","species","Herb","I. Sánchez Vega W. Flores S. Leiva G."
"377","CPUN2025_0377","PreservedSpecimen","Holotype",NA,"CPUN","SPECIES",NA,"Chamaya-G, J.","27",NA,"E",NA,"CPUN2025",1,"Myoxanthus serripetalus",761307,-9279076,"2020-10-02","change1: Corrected longitude sign for Western Hemisphere (made negative). | change2: Filled coordinateUncertaintyInMeters from decimal-place precision (conservative). | epi_taxo: acceptedName(match1); authorship_epig(match1); genus_from_scientificName; family_WFO; order_majorGroup_WCVP [2026-03-11] | CoordinateCleaner QA applied without sea test (validity, equal, zeros, capitals, centroids, gbif, institutions) [2026-04-14] | Corrected elevation values >5000 m by dividing by 10 (assumed digit inflation error) [2026-04-14]","standardize taxonRank column to uppercase / standardized author names in recordedBy","species","E","J. Chamaya G."
"378","CPUN2025_0378","PreservedSpecimen","",NA,"CPUN","SPECIES",NA,"Molau, U. | Eriksen, B.","3402",NA,"E",NA,"CPUN2025",1,"Oncidium acinaceum",-6.8,-77.88333333,"1988-03-24","change1: Parsed DMS/DDM latitude → decimal degrees. | change2: Parsed DMS/DDM longitude → decimal degrees. | change3: Corrected longitude sign for Western Hemisphere (made negative). | change4: Filled coordinateUncertaintyInMeters from decimal-place precision (conservative). | change5: Corrected latitude sign for Southern Hemisphere (validated by country polygon). | epi_taxo: acceptedName(match1); authorship_epig(match1); genus_from_scientificName; family_WFO; order_majorGroup_WCVP [2026-03-11] | CoordinateCleaner QA applied without sea test (validity, equal, zeros, capitals, centroids, gbif, institutions) [2026-04-14] | Corrected elevation values >5000 m by dividing by 10 (assumed digit inflation error) [2026-04-14]","standardize taxonRank column to uppercase / standardized author names in recordedBy","species","E","U. Molau B. Eriksen"
"379","CPUN2025_0379","PreservedSpecimen","",NA,"CPUN","SPECIES",NA,"Leiva-Gonzalez, S. | Chuna, P. | Cadle, J.","1466",NA,"Herb",NA,"CPUN2025",1,"Oncidium calanthum",NA,NA,"1994-08-11","epi_taxo: acceptedName(match1); authorship_epig(match1); genus_from_scientificName; family_WFO; order_majorGroup_WCVP [2026-03-11] | CoordinateCleaner QA applied without sea test (validity, equal, zeros, capitals, centroids, gbif, institutions) [2026-04-14] | Corrected elevation values >5000 m by dividing by 10 (assumed digit inflation error) [2026-04-14]","standardize taxonRank column to uppercase / standardized author names in recordedBy","species","Herb","S.Leiva G. P. Chuna J. Cadle."
"380","CPUN2025_0380","PreservedSpecimen","",NA,"CPUN","SPECIES",NA,"Chamaya-G, J.","80",NA,"Herb",NA,"CPUN2025",1,"Oncidium calanthum",761034,-9281132,"2022-03-27","change1: Corrected longitude sign for Western Hemisphere (made negative). | change2: Filled coordinateUncertaintyInMeters from decimal-place precision (conservative). | epi_taxo: acceptedName(match1); authorship_epig(match1); genus_from_scientificName; family_WFO; order_majorGroup_WCVP [2026-03-11] | CoordinateCleaner QA applied without sea test (validity, equal, zeros, capitals, centroids, gbif, institutions) [2026-04-14] | Corrected elevation values >5000 m by dividing by 10 (assumed digit inflation error) [2026-04-14]","standardize taxonRank column to uppercase / standardized author names in recordedBy","species","Herb","J. Chamaya G."
"381","CPUN2025_0381","PreservedSpecimen","",NA,"CPUN","SPECIES",NA,"Sanchez-Vega, I.M.","4499",NA,"E",NA,"CPUN2025",1,"Oncidium cruentoides",NA,NA,"1987-10-13","epi_taxo: acceptedName(match1); authorship_epig(match1); genus_from_scientificName; family_WFO; order_majorGroup_WCVP [2026-03-11] | CoordinateCleaner QA applied without sea test (validity, equal, zeros, capitals, centroids, gbif, institutions) [2026-04-14] | Corrected elevation values >5000 m by dividing by 10 (assumed digit inflation error) [2026-04-14]","standardize taxonRank column to uppercase / standardized author names in recordedBy","species","E","I. Sánchez Vega"
"382","CPUN2025_0382","PreservedSpecimen","",NA,"CPUN","SPECIES",NA,"Aliaga-Rojas, C. | Zambrano-C, O.","230",NA,"E",NA,"CPUN2025",1,"Oncidium deltoideum",-7.183333333,-78.46666667,"2003-04-08","change1: Parsed DMS/DDM latitude → decimal degrees. | change2: Parsed DMS/DDM longitude → decimal degrees. | change3: Corrected longitude sign for Western Hemisphere (made negative). | change4: Filled coordinateUncertaintyInMeters from decimal-place precision (conservative). | change5: Corrected latitude sign for Southern Hemisphere (validated by country polygon). | epi_taxo: acceptedName(match1); authorship_epig(match1); genus_from_scientificName; family_WFO; order_majorGroup_WCVP [2026-03-11] | CoordinateCleaner QA applied without sea test (validity, equal, zeros, capitals, centroids, gbif, institutions) [2026-04-14] | Corrected elevation values >5000 m by dividing by 10 (assumed digit inflation error) [2026-04-14]","standardize taxonRank column to uppercase / standardized author names in recordedBy","species","E","Carol Aliaga R. Oscar Zambrano C."
"383","CPUN2025_0383","PreservedSpecimen","",NA,"CPUN","SPECIES",NA,"Cabanillas-Soriano, J.M. | Guevara-Barreto, J.","424",NA,"E",NA,"CPUN2025",1,"Oncidium deltoideum",NA,NA,"1993-06-06","epi_taxo: acceptedName(match1); authorship_epig(match1); genus_from_scientificName; family_WFO; order_majorGroup_WCVP [2026-03-11] | CoordinateCleaner QA applied without sea test (validity, equal, zeros, capitals, centroids, gbif, institutions) [2026-04-14] | Corrected elevation values >5000 m by dividing by 10 (assumed digit inflation error) [2026-04-14]","standardize taxonRank column to uppercase / standardized author names in recordedBy","species","E","J. Cabanillas S. J. Guevara B."
"384","CPUN2025_0384","PreservedSpecimen","",NA,"CPUN","SPECIES",NA,"Sanchez-Vega, I.M.","2342",NA,"E",NA,"CPUN2025",1,"Oncidium deltoideum",NA,NA,"1980-06-21","epi_taxo: acceptedName(match1); authorship_epig(match1); genus_from_scientificName; family_WFO; order_majorGroup_WCVP [2026-03-11] | CoordinateCleaner QA applied without sea test (validity, equal, zeros, capitals, centroids, gbif, institutions) [2026-04-14] | Corrected elevation values >5000 m by dividing by 10 (assumed digit inflation error) [2026-04-14]","standardize taxonRank column to uppercase / standardized author names in recordedBy","species","E","I. Sánchez Vega"
"385","CPUN2025_0385","PreservedSpecimen","",NA,"CPUN","SPECIES",NA,"Sanchez-Vega, I.M. | Sanchez-Montoya, M. | Cueva-R, R.","11961",NA,"E",NA,"CPUN2025",1,"Oncidium deltoideum",-7.316666667,-78.63333333,"2003-05-30","change1: Parsed DMS/DDM latitude → decimal degrees. | change2: Parsed DMS/DDM longitude → decimal degrees. | change3: Corrected longitude sign for Western Hemisphere (made negative). | change4: Filled coordinateUncertaintyInMeters from decimal-place precision (conservative). | change5: Corrected latitude sign for Southern Hemisphere (validated by country polygon). | epi_taxo: acceptedName(match1); authorship_epig(match1); genus_from_scientificName; family_WFO; order_majorGroup_WCVP [2026-03-11] | CoordinateCleaner QA applied without sea test (validity, equal, zeros, capitals, centroids, gbif, institutions) [2026-04-14] | Corrected elevation values >5000 m by dividing by 10 (assumed digit inflation error) [2026-04-14]","standardize taxonRank column to uppercase / standardized author names in recordedBy","species","E","I. Sánchez Vega M. Sánchez Montoya R. Cueva R."
"386","CPUN2025_0386","PreservedSpecimen","",NA,"CPUN","SPECIES",NA,"Sanchez-Vega, I.M.","7236",NA,"E",NA,"CPUN2025",1,"Oncidium deltoideum",-7.116666667,-78.83333333,"1994-06-02","change1: Parsed DMS/DDM latitude → decimal degrees. | change2: Parsed DMS/DDM longitude → decimal degrees. | change3: Corrected longitude sign for Western Hemisphere (made negative). | change4: Filled coordinateUncertaintyInMeters from decimal-place precision (conservative). | change5: Corrected latitude sign for Southern Hemisphere (validated by country polygon). | epi_taxo: acceptedName(match1); authorship_epig(match1); genus_from_scientificName; family_WFO; order_majorGroup_WCVP [2026-03-11] | CoordinateCleaner QA applied without sea test (validity, equal, zeros, capitals, centroids, gbif, institutions) [2026-04-14] | Corrected elevation values >5000 m by dividing by 10 (assumed digit inflation error) [2026-04-14]","standardize taxonRank column to uppercase / standardized author names in recordedBy","species","E","I. Sánchez Vega"
"387","CPUN2025_0387","PreservedSpecimen","",NA,"CPUN","SPECIES",NA,"Sanchez-Vega, J.G. | Zarpan-Arias, L.","646",NA,"E",NA,"CPUN2025",1,"Oncidium deltoideum",NA,NA,"1993-06-12","epi_taxo: acceptedName(match1); authorship_epig(match1); genus_from_scientificName; family_WFO; order_majorGroup_WCVP [2026-03-11] | CoordinateCleaner QA applied without sea test (validity, equal, zeros, capitals, centroids, gbif, institutions) [2026-04-14] | Corrected elevation values >5000 m by dividing by 10 (assumed digit inflation error) [2026-04-14]","standardize taxonRank column to uppercase / standardized author names in recordedBy","species","E","J. Sánchez Vega Luisa Zarpán Arias"
"388","CPUN2025_0388","PreservedSpecimen","",NA,"CPUN","SPECIES",NA,"Vasquez-S, T. | Juarez-V, C. | Cruzado-V, A.","487",NA,"",NA,"CPUN2025",1,"Oncidium deltoideum",752339,-9263046,"2006-08-16","change1: Corrected longitude sign for Western Hemisphere (made negative). | change2: Filled coordinateUncertaintyInMeters from decimal-place precision (conservative). | epi_taxo: acceptedName(match1); authorship_epig(match1); genus_from_scientificName; family_WFO; order_majorGroup_WCVP [2026-03-11] | CoordinateCleaner QA applied without sea test (validity, equal, zeros, capitals, centroids, gbif, institutions) [2026-04-14] | Corrected elevation values >5000 m by dividing by 10 (assumed digit inflation error) [2026-04-14]","standardize taxonRank column to uppercase / standardized author names in recordedBy","species","","T. Vásquez S. C. Juárez V. A. Cruzado V."
"389","CPUN2025_0389","PreservedSpecimen","",NA,"CPUN","SPECIES",NA,"Goicochea-Rojas, A. | Gutierrez-Ruiz, A.D.","S/N",NA,"Herb",NA,"CPUN2025",1,"Oncidium gramineum",NA,NA,"2023-09-15","epi_taxo: acceptedName(match1); authorship_epig(match1); genus_from_scientificName; family_WFO; order_majorGroup_WCVP [2026-03-11] | CoordinateCleaner QA applied without sea test (validity, equal, zeros, capitals, centroids, gbif, institutions) [2026-04-14] | Corrected elevation values >5000 m by dividing by 10 (assumed digit inflation error) [2026-04-14]","standardize taxonRank column to uppercase / standardized author names in recordedBy","species","Herb","A. Goicochea R. A. D. Gutiérrez R."
"390","CPUN2025_0390","PreservedSpecimen","",NA,"CPUN","SPECIES",NA,"Sanchez-Vega, I.M. | Sagastegui-Alva, A. | Guevara-Barreto, J.","5955",NA,"E",NA,"CPUN2025",1,"Oncidium pentadactylon",NA,NA,"1991-11-03","epi_taxo: acceptedName(match1); authorship_epig(match1); genus_from_scientificName; family_WFO; order_majorGroup_WCVP [2026-03-11] | CoordinateCleaner QA applied without sea test (validity, equal, zeros, capitals, centroids, gbif, institutions) [2026-04-14] | Corrected elevation values >5000 m by dividing by 10 (assumed digit inflation error) [2026-04-14]","standardize taxonRank column to uppercase / standardized author names in recordedBy","species","E","I. Sánchez Vega A. Sagástegui Alva. J. Guevara"
"391","CPUN2025_0391","PreservedSpecimen","Holotype",NA,"CPUN","SPECIES",NA,"Chamaya-G, J.","37",NA,"Herb",NA,"CPUN2025",1,"Oncidium pentadactylon",761992,-9280334,"2020-11-06","change1: Corrected longitude sign for Western Hemisphere (made negative). | change2: Filled coordinateUncertaintyInMeters from decimal-place precision (conservative). | epi_taxo: acceptedName(match1); authorship_epig(match1); genus_from_scientificName; family_WFO; order_majorGroup_WCVP [2026-03-11] | CoordinateCleaner QA applied without sea test (validity, equal, zeros, capitals, centroids, gbif, institutions) [2026-04-14] | Corrected elevation values >5000 m by dividing by 10 (assumed digit inflation error) [2026-04-14]","standardize taxonRank column to uppercase / standardized author names in recordedBy","species","Herb","J. Chamaya G."
"392","CPUN2025_0392","PreservedSpecimen","",NA,"CPUN","GENUS",NA,"Sanchez-Vega, I.M.","232",NA,"Herb",NA,"CPUN2025",NA,"",NA,-78.51166667,"1966-06-12","change1: Genus placeholder (sp./spp.): moved to 'genus', set taxonRank=GENUS, cleared scientificName; kept original in verbatim. | change2: Parsed DMS/DDM longitude → decimal degrees. | change3: Corrected longitude sign for Western Hemisphere (made negative). | epi_taxo: acceptedName(match1); authorship_epig(match1); genus_from_scientificName; family_WFO; order_majorGroup_WCVP [2026-03-11] | CoordinateCleaner QA applied without sea test (validity, equal, zeros, capitals, centroids, gbif, institutions) [2026-04-14] | Corrected elevation values >5000 m by dividing by 10 (assumed digit inflation error) [2026-04-14]","standardized author names in recordedBy","GENUS","Herb","I. Sánchez Vega"
"393","CPUN2025_0393","PreservedSpecimen","",NA,"CPUN","GENUS",NA,"Sanchez-Vega, J.G.","48",NA,"Herb",NA,"CPUN2025",NA,"",NA,NA,"1980-06-13","change1: Genus placeholder (sp./spp.): moved to 'genus', set taxonRank=GENUS, cleared scientificName; kept original in verbatim. | epi_taxo: acceptedName(match1); authorship_epig(match1); genus_from_scientificName; family_WFO; order_majorGroup_WCVP [2026-03-11] | CoordinateCleaner QA applied without sea test (validity, equal, zeros, capitals, centroids, gbif, institutions) [2026-04-14] | Corrected elevation values >5000 m by dividing by 10 (assumed digit inflation error) [2026-04-14]","standardized author names in recordedBy","GENUS","Herb","José G. Sánchez Vega."
"394","CPUN2025_0394","PreservedSpecimen","",NA,"CPUN","GENUS",NA,"Sanchez-Vega, J.G.","16",NA,"E",NA,"CPUN2025",NA,"",NA,NA,"1980-06-07","change1: Genus placeholder (sp./spp.): moved to 'genus', set taxonRank=GENUS, cleared scientificName; kept original in verbatim. | epi_taxo: acceptedName(match1); authorship_epig(match1); genus_from_scientificName; family_WFO; order_majorGroup_WCVP [2026-03-11] | CoordinateCleaner QA applied without sea test (validity, equal, zeros, capitals, centroids, gbif, institutions) [2026-04-14] | Corrected elevation values >5000 m by dividing by 10 (assumed digit inflation error) [2026-04-14]","standardized author names in recordedBy","GENUS","E","José G. Sánchez Vega."
"395","CPUN2025_0395","PreservedSpecimen","",NA,"CPUN","GENUS",NA,"Dostert, N.","98",NA,"",NA,"CPUN2025",NA,"",NA,NA,"1998-04-12","change1: Genus placeholder (sp./spp.): moved to 'genus', set taxonRank=GENUS, cleared scientificName; kept original in verbatim. | epi_taxo: acceptedName(match1); authorship_epig(match1); genus_from_scientificName; family_WFO; order_majorGroup_WCVP [2026-03-11] | CoordinateCleaner QA applied without sea test (validity, equal, zeros, capitals, centroids, gbif, institutions) [2026-04-14] | Corrected elevation values >5000 m by dividing by 10 (assumed digit inflation error) [2026-04-14]","standardized author names in recordedBy","GENUS","","Nicolás Dostert"
"396","CPUN2025_0396","PreservedSpecimen","Holotype",NA,"CPUN","SPECIES",NA,"Chamaya-G, J.","70",NA,"H",NA,"CPUN2025",1,"Pleurothallis antennifera",762178,-9280269,"2022-03-16","change1: Corrected longitude sign for Western Hemisphere (made negative). | change2: Filled coordinateUncertaintyInMeters from decimal-place precision (conservative). | epi_taxo: acceptedName(match1); authorship_epig(match1); genus_from_scientificName; family_WFO; order_majorGroup_WCVP [2026-03-11] | CoordinateCleaner QA applied without sea test (validity, equal, zeros, capitals, centroids, gbif, institutions) [2026-04-14] | Corrected elevation values >5000 m by dividing by 10 (assumed digit inflation error) [2026-04-14]","standardize taxonRank column to uppercase / standardized author names in recordedBy","species","H","J. Chamaya G."
"397","CPUN2025_0397","PreservedSpecimen","",NA,"CPUN","SPECIES",NA,"Dillon, M.O. | Sanchez-Vega, I.M. | Sanchez-Montoya, M.","6392",NA,"E",NA,"CPUN2025",1,"Pleurothallis bivalvis",-6.492777778,-78.62111111,"1993-04-18","change1: Parsed DMS/DDM latitude → decimal degrees. | change2: Parsed DMS/DDM longitude → decimal degrees. | change3: Corrected longitude sign for Western Hemisphere (made negative). | change4: Filled coordinateUncertaintyInMeters from decimal-place precision (conservative). | change5: Corrected latitude sign for Southern Hemisphere (validated by country polygon). | epi_taxo: acceptedName(match1); authorship_epig(match1); genus_from_scientificName; family_WFO; order_majorGroup_WCVP [2026-03-11] | CoordinateCleaner QA applied without sea test (validity, equal, zeros, capitals, centroids, gbif, institutions) [2026-04-14] | Corrected elevation values >5000 m by dividing by 10 (assumed digit inflation error) [2026-04-14]","standardize taxonRank column to uppercase / standardized author names in recordedBy","species","E","M.O. Dillon I. Sánchez Vega M. Sánchez M."
"398","CPUN2025_0398","PreservedSpecimen","Holotype",NA,"CPUN","SPECIES",NA,"Chamaya-G, J.","67",NA,"E",NA,"CPUN2025",1,"Pleurothallis linguifera",763306,-9280847,"2022-03-12","change1: Corrected longitude sign for Western Hemisphere (made negative). | change2: Filled coordinateUncertaintyInMeters from decimal-place precision (conservative). | epi_taxo: acceptedName(match1); authorship_epig(match1); genus_from_scientificName; family_WFO; order_majorGroup_WCVP [2026-03-11] | CoordinateCleaner QA applied without sea test (validity, equal, zeros, capitals, centroids, gbif, institutions) [2026-04-14] | Corrected elevation values >5000 m by dividing by 10 (assumed digit inflation error) [2026-04-14]","standardize taxonRank column to uppercase / standardized author names in recordedBy","species","E","J. Chamaya G."
"399","CPUN2025_0399","PreservedSpecimen","",NA,"CPUN","SPECIES",NA,"Sanchez-Vega, I.M.","4586",NA,"E",NA,"CPUN2025",1,"Pleurothallis magnipetala",NA,NA,"1987-10-18","epi_taxo: acceptedName(match1); authorship_epig(match1); genus_from_scientificName; family_WFO; order_majorGroup_WCVP [2026-03-11] | CoordinateCleaner QA applied without sea test (validity, equal, zeros, capitals, centroids, gbif, institutions) [2026-04-14] | Corrected elevation values >5000 m by dividing by 10 (assumed digit inflation error) [2026-04-14]","standardize taxonRank column to uppercase / standardized author names in recordedBy","species","E","I. Sánchez Vega"
"400","CPUN2025_0400","PreservedSpecimen","",NA,"CPUN","SPECIES",NA,"Sanchez-Vega, I.M. | Ruiz-Vigo, W. | Cabanillas, J. | Lopez, A.","2188",NA,"E",NA,"CPUN2025",1,"Pleurothallis phalangifera",NA,NA,"1978-08-04","epi_taxo: acceptedName(match1); authorship_epig(match1); genus_from_scientificName; family_WFO; order_majorGroup_WCVP [2026-03-11] | CoordinateCleaner QA applied without sea test (validity, equal, zeros, capitals, centroids, gbif, institutions) [2026-04-14] | Corrected elevation values >5000 m by dividing by 10 (assumed digit inflation error) [2026-04-14]","standardize taxonRank column to uppercase / standardized author names in recordedBy","species","E","J. Sánchez Vega W. Ruiz Vigo José Cabanillas A. López"
"401","CPUN2025_0401","PreservedSpecimen","",NA,"CPUN","SPECIES",NA,"Sanchez-Vega, I.M. | Dillon, M.O. | Zapata-Cruz, M.","9487",NA,"E",NA,"CPUN2025",1,"Pleurothallis phyllocardioides",-5.65,-77.63333333,"1998-06-24","change1: Parsed DMS/DDM latitude → decimal degrees. | change2: Parsed DMS/DDM longitude → decimal degrees. | change3: Corrected longitude sign for Western Hemisphere (made negative). | change4: Filled coordinateUncertaintyInMeters from decimal-place precision (conservative). | change5: Corrected latitude sign for Southern Hemisphere (validated by country polygon). | epi_taxo: acceptedName(match1); authorship_epig(match1); genus_from_scientificName; family_WFO; order_majorGroup_WCVP [2026-03-11] | CoordinateCleaner QA applied without sea test (validity, equal, zeros, capitals, centroids, gbif, institutions) [2026-04-14] | Corrected elevation values >5000 m by dividing by 10 (assumed digit inflation error) [2026-04-14]","standardize taxonRank column to uppercase / standardized author names in recordedBy","species","E","I. Sánchez Vega M.O. Dillon M. Zapata"
"402","CPUN2025_0402","PreservedSpecimen","",NA,"CPUN","SPECIES",NA,"Sanchez-Vega, I.M. | Dillon, M.O. | Zapata-Cruz, M.","9391",NA,"E",NA,"CPUN2025",1,"Pleurothallis phyllocardioides",-5.633333333,-77.61666667,"1998-06-17","change1: Parsed DMS/DDM latitude → decimal degrees. | change2: Parsed DMS/DDM longitude → decimal degrees. | change3: Corrected longitude sign for Western Hemisphere (made negative). | change4: Filled coordinateUncertaintyInMeters from decimal-place precision (conservative). | change5: Corrected latitude sign for Southern Hemisphere (validated by country polygon). | epi_taxo: acceptedName(match1); authorship_epig(match1); genus_from_scientificName; family_WFO; order_majorGroup_WCVP [2026-03-11] | CoordinateCleaner QA applied without sea test (validity, equal, zeros, capitals, centroids, gbif, institutions) [2026-04-14] | Corrected elevation values >5000 m by dividing by 10 (assumed digit inflation error) [2026-04-14]","standardize taxonRank column to uppercase / standardized author names in recordedBy","species","E","I. Sánchez Vega M.O. Dillon M. Zapata"
"403","CPUN2025_0403","PreservedSpecimen","",NA,"CPUN","SPECIES",NA,"Sanchez-Vega, I.M. | Dillon, M.O. | Zapata-Cruz, M.","9426",NA,"E",NA,"CPUN2025",1,"Pleurothallis xanthochlora",-5.633333333,-77.6,"1998-06-18","change1: Parsed DMS/DDM latitude → decimal degrees. | change2: Parsed DMS/DDM longitude → decimal degrees. | change3: Corrected longitude sign for Western Hemisphere (made negative). | change4: Filled coordinateUncertaintyInMeters from decimal-place precision (conservative). | change5: Corrected latitude sign for Southern Hemisphere (validated by country polygon). | epi_taxo: acceptedName(match1); authorship_epig(match1); genus_from_scientificName; family_WFO; order_majorGroup_WCVP [2026-03-11] | CoordinateCleaner QA applied without sea test (validity, equal, zeros, capitals, centroids, gbif, institutions) [2026-04-14] | Corrected elevation values >5000 m by dividing by 10 (assumed digit inflation error) [2026-04-14]","standardize taxonRank column to uppercase / standardized author names in recordedBy","species","E","I. Sánchez Vega M.O. Dillon M. Zapata"
"404","CPUN2025_0404","PreservedSpecimen","",NA,"CPUN","GENUS",NA,"Dostert, N.","49",NA,"",NA,"CPUN2025",NA,"",NA,NA,"1998-04-23","change1: Genus placeholder (sp./spp.): moved to 'genus', set taxonRank=GENUS, cleared scientificName; kept original in verbatim. | epi_taxo: acceptedName(match1); authorship_epig(match1); genus_from_scientificName; family_WFO; order_majorGroup_WCVP [2026-03-11] | CoordinateCleaner QA applied without sea test (validity, equal, zeros, capitals, centroids, gbif, institutions) [2026-04-14] | Corrected elevation values >5000 m by dividing by 10 (assumed digit inflation error) [2026-04-14]","standardized author names in recordedBy","GENUS","","Nicolás Dostert"
"405","CPUN2025_0405","PreservedSpecimen","",NA,"CPUN","GENUS",NA,"Dostert, N.","96",NA,"",NA,"CPUN2025",NA,"",NA,NA,"1998-04-23","change1: Genus placeholder (sp./spp.): moved to 'genus', set taxonRank=GENUS, cleared scientificName; kept original in verbatim. | epi_taxo: acceptedName(match1); authorship_epig(match1); genus_from_scientificName; family_WFO; order_majorGroup_WCVP [2026-03-11] | CoordinateCleaner QA applied without sea test (validity, equal, zeros, capitals, centroids, gbif, institutions) [2026-04-14] | Corrected elevation values >5000 m by dividing by 10 (assumed digit inflation error) [2026-04-14]","standardized author names in recordedBy","GENUS","","Nicolás Dostert"
"406","CPUN2025_0406","PreservedSpecimen","",NA,"CPUN","GENUS",NA,"Sanchez-Vega, I.M. | Molau, U. | Nylinder, S.","13887",NA,"Herb",NA,"CPUN2025",NA,"",NA,NA,"2009-03-20","change1: Genus placeholder (sp./spp.): moved to 'genus', set taxonRank=GENUS, cleared scientificName; kept original in verbatim. | epi_taxo: acceptedName(match1); authorship_epig(match1); genus_from_scientificName; family_WFO; order_majorGroup_WCVP [2026-03-11] | CoordinateCleaner QA applied without sea test (validity, equal, zeros, capitals, centroids, gbif, institutions) [2026-04-14] | Corrected elevation values >5000 m by dividing by 10 (assumed digit inflation error) [2026-04-14]","standardized author names in recordedBy","GENUS","Herb","I. Sánchez Vega Ulf Molau. Stephan Nylinder"
"407","CPUN2025_0407","PreservedSpecimen","Holotype",NA,"CPUN","GENUS",NA,"Chamaya-G, J.","77",NA,"Herb",NA,"CPUN2025",NA,"",762222,-9280237,"2022-03-20","change1: Genus placeholder (sp./spp.): moved to 'genus', set taxonRank=GENUS, cleared scientificName; kept original in verbatim. | change2: Corrected longitude sign for Western Hemisphere (made negative). | change3: Filled coordinateUncertaintyInMeters from decimal-place precision (conservative). | epi_taxo: acceptedName(match1); authorship_epig(match1); genus_from_scientificName; family_WFO; order_majorGroup_WCVP [2026-03-11] | CoordinateCleaner QA applied without sea test (validity, equal, zeros, capitals, centroids, gbif, institutions) [2026-04-14] | Corrected elevation values >5000 m by dividing by 10 (assumed digit inflation error) [2026-04-14]","standardized author names in recordedBy","GENUS","Herb","J. Chamaya G."
"408","CPUN2025_0408","PreservedSpecimen","Holotype",NA,"CPUN","GENUS",NA,"Chamaya-G, J.","59",NA,"E",NA,"CPUN2025",NA,"",762198,-9280055,"2022-02-12","change1: Genus placeholder (sp./spp.): moved to 'genus', set taxonRank=GENUS, cleared scientificName; kept original in verbatim. | change2: Corrected longitude sign for Western Hemisphere (made negative). | change3: Filled coordinateUncertaintyInMeters from decimal-place precision (conservative). | epi_taxo: acceptedName(match1); authorship_epig(match1); genus_from_scientificName; family_WFO; order_majorGroup_WCVP [2026-03-11] | CoordinateCleaner QA applied without sea test (validity, equal, zeros, capitals, centroids, gbif, institutions) [2026-04-14] | Corrected elevation values >5000 m by dividing by 10 (assumed digit inflation error) [2026-04-14]","standardized author names in recordedBy","GENUS","E","J. Chamaya G."
"409","CPUN2025_0409","PreservedSpecimen","Holotype",NA,"CPUN","SPECIES",NA,"Chamaya-G, J.","48",NA,"E",NA,"CPUN2025",1,"Prosthechea bennettii",762235,-9280085,"2021-05-29","change1: Corrected longitude sign for Western Hemisphere (made negative). | change2: Filled coordinateUncertaintyInMeters from decimal-place precision (conservative). | epi_taxo: acceptedName(match1); authorship_epig(match1); genus_from_scientificName; family_WFO; order_majorGroup_WCVP [2026-03-11] | CoordinateCleaner QA applied without sea test (validity, equal, zeros, capitals, centroids, gbif, institutions) [2026-04-14] | Corrected elevation values >5000 m by dividing by 10 (assumed digit inflation error) [2026-04-14]","standardize taxonRank column to uppercase / standardized author names in recordedBy","species","E","J. Chamaya G."
"410","CPUN2025_0410","PreservedSpecimen","",NA,"CPUN","SPECIES",NA,"Dillon, M.O. | Sanchez-Vega, I.M. | Sanchez-Montoya, M.","6378",NA,"E",NA,"CPUN2025",1,"Prosthechea vespa",-6.490277778,-78.62361111,"1993-04-17","change1: Parsed DMS/DDM latitude → decimal degrees. | change2: Parsed DMS/DDM longitude → decimal degrees. | change3: Corrected longitude sign for Western Hemisphere (made negative). | change4: Filled coordinateUncertaintyInMeters from decimal-place precision (conservative). | change5: Corrected latitude sign for Southern Hemisphere (validated by country polygon). | epi_taxo: acceptedName(match1); authorship_epig(match1); genus_from_scientificName; family_WFO; order_majorGroup_WCVP [2026-03-11] | CoordinateCleaner QA applied without sea test (validity, equal, zeros, capitals, centroids, gbif, institutions) [2026-04-14] | Corrected elevation values >5000 m by dividing by 10 (assumed digit inflation error) [2026-04-14]","standardize taxonRank column to uppercase / standardized author names in recordedBy","species","E","M.O. Dillon I. Sánchez Vega M. Sánchez M."
"411","CPUN2025_0411","PreservedSpecimen","",NA,"CPUN","SPECIES",NA,"Sanchez-Vega, I.M.","4561",NA,"Herb",NA,"CPUN2025",1,"Prosthechea vespa",NA,NA,"1987-10-16","epi_taxo: acceptedName(match1); authorship_epig(match1); genus_from_scientificName; family_WFO; order_majorGroup_WCVP [2026-03-11] | CoordinateCleaner QA applied without sea test (validity, equal, zeros, capitals, centroids, gbif, institutions) [2026-04-14] | Corrected elevation values >5000 m by dividing by 10 (assumed digit inflation error) [2026-04-14]","standardize taxonRank column to uppercase / standardized author names in recordedBy","species","Herb","I. Sánchez Vega"
"412","CPUN2025_0412","PreservedSpecimen","",NA,"CPUN","SPECIES",NA,"Cabanillas-Soriano, J.M.","774",NA,"E",NA,"CPUN2025",1,"Prosthechea vespa",NA,NA,"1993-07-22","epi_taxo: acceptedName(match1); authorship_epig(match1); genus_from_scientificName; family_WFO; order_majorGroup_WCVP [2026-03-11] | CoordinateCleaner QA applied without sea test (validity, equal, zeros, capitals, centroids, gbif, institutions) [2026-04-14] | Corrected elevation values >5000 m by dividing by 10 (assumed digit inflation error) [2026-04-14]","standardize taxonRank column to uppercase / standardized author names in recordedBy","species","E","J. Cabanillas Soriano."
"413","CPUN2025_0413","PreservedSpecimen","",NA,"CPUN","SPECIES",NA,"Vasquez-S, T. | Juarez-V, C. | Cruzado-V, A.","494",NA,"Herb",NA,"CPUN2025",1,"Prosthechea vespa",782230,-9271886,"2006-08-19","change1: Corrected longitude sign for Western Hemisphere (made negative). | change2: Filled coordinateUncertaintyInMeters from decimal-place precision (conservative). | epi_taxo: acceptedName(match1); authorship_epig(match1); genus_from_scientificName; family_WFO; order_majorGroup_WCVP [2026-03-11] | CoordinateCleaner QA applied without sea test (validity, equal, zeros, capitals, centroids, gbif, institutions) [2026-04-14] | Corrected elevation values >5000 m by dividing by 10 (assumed digit inflation error) [2026-04-14]","standardize taxonRank column to uppercase / standardized author names in recordedBy","species","Herb","T. Vásquez S. C. Juárez V. A. Cruzado V."
"414","CPUN2025_0414","PreservedSpecimen","",NA,"CPUN","GENUS",NA,"Sanchez-Vega, J.G.","82",NA,"Herb",NA,"CPUN2025",NA,"",NA,NA,"1981-06-18","change1: Genus placeholder (sp./spp.): moved to 'genus', set taxonRank=GENUS, cleared scientificName; kept original in verbatim. | epi_taxo: acceptedName(match1); authorship_epig(match1); genus_from_scientificName; family_WFO; order_majorGroup_WCVP [2026-03-11] | CoordinateCleaner QA applied without sea test (validity, equal, zeros, capitals, centroids, gbif, institutions) [2026-04-14] | Corrected elevation values >5000 m by dividing by 10 (assumed digit inflation error) [2026-04-14]","standardized author names in recordedBy","GENUS","Herb","José G. Sánchez Vega"
"415","CPUN2025_0415","PreservedSpecimen","",NA,"CPUN","GENUS",NA,"Juarez-V, C.","S/N",NA,"Herb",NA,"CPUN2025",NA,"",NA,NA,"2004-09-21","change1: Genus placeholder (sp./spp.): moved to 'genus', set taxonRank=GENUS, cleared scientificName; kept original in verbatim. | epi_taxo: acceptedName(match1); authorship_epig(match1); genus_from_scientificName; family_WFO; order_majorGroup_WCVP [2026-03-11] | CoordinateCleaner QA applied without sea test (validity, equal, zeros, capitals, centroids, gbif, institutions) [2026-04-14] | Corrected elevation values >5000 m by dividing by 10 (assumed digit inflation error) [2026-04-14]","standardized author names in recordedBy","GENUS","Herb","C. Juárez V."
"416","CPUN2025_0416","PreservedSpecimen","",NA,"CPUN","SPECIES",NA,"Smith, D.N. | Valencia, R. | Buddensiek, M. | Gonzales, A.","12410",NA,"Lithophyte",NA,"CPUN2025",1,"Stelis purpurea",-9.45,-77.25,"1986-05-08","change1: Parsed DMS/DDM latitude → decimal degrees. | change2: Parsed DMS/DDM longitude → decimal degrees. | change3: Corrected longitude sign for Western Hemisphere (made negative). | change4: Filled coordinateUncertaintyInMeters from decimal-place precision (conservative). | change5: Corrected latitude sign for Southern Hemisphere (validated by country polygon). | epi_taxo: acceptedName(match1); authorship_epig(match1); genus_from_scientificName; family_WFO; order_majorGroup_WCVP [2026-03-11] | CoordinateCleaner QA applied without sea test (validity, equal, zeros, capitals, centroids, gbif, institutions) [2026-04-14] | Corrected elevation values >5000 m by dividing by 10 (assumed digit inflation error) [2026-04-14]","standardize taxonRank column to uppercase / standardized author names in recordedBy","species","Lithophyte","D. N. Smith R. Valencia M. Buddensiek A. Gonzales"
"417","CPUN2025_0417","PreservedSpecimen","",NA,"CPUN","SPECIES",NA,"Smith, D.N. | Goodwin, K.","8789",NA,"Lithophyte",NA,"CPUN2025",1,"Stelis superbiens",-9.083333333,-77.68333333,"1984-12-30","change1: Standardized decimalLongitude string → numeric (comma/whitespace normalized). | change2: Parsed DMS/DDM latitude → decimal degrees. | change3: Parsed DMS/DDM longitude → decimal degrees. | change4: Corrected longitude sign for Western Hemisphere (made negative). | change5: Filled coordinateUncertaintyInMeters from decimal-place precision (conservative). | change6: Corrected latitude sign for Southern Hemisphere (validated by country polygon). | epi_taxo: acceptedName(match1); authorship_epig(match1); genus_from_scientificName; family_WFO; order_majorGroup_WCVP [2026-03-11] | CoordinateCleaner QA applied without sea test (validity, equal, zeros, capitals, centroids, gbif, institutions) [2026-04-14] | Corrected elevation values >5000 m by dividing by 10 (assumed digit inflation error) [2026-04-14]","standardize taxonRank column to uppercase / standardized author names in recordedBy","species","Lithophyte","D.N. Smith Kye Goodwin"
"418","CPUN2025_0418","PreservedSpecimen","",NA,"CPUN","SPECIES",NA,"Smith, D.N. | Sanchez, L. | Vidaurre, H.","9041",NA,"Lithophyte",NA,"CPUN2025",1,"Stelis superbiens",-9,-77.55,"1985-01-11","change1: Standardized decimalLongitude string → numeric (comma/whitespace normalized). | change2: Parsed DMS/DDM latitude → decimal degrees. | change3: Parsed DMS/DDM longitude → decimal degrees. | change4: Corrected longitude sign for Western Hemisphere (made negative). | change5: Filled coordinateUncertaintyInMeters from decimal-place precision (conservative). | change6: Corrected latitude sign for Southern Hemisphere (validated by country polygon). | epi_taxo: acceptedName(match1); authorship_epig(match1); genus_from_scientificName; family_WFO; order_majorGroup_WCVP [2026-03-11] | CoordinateCleaner QA applied without sea test (validity, equal, zeros, capitals, centroids, gbif, institutions) [2026-04-14] | Corrected elevation values >5000 m by dividing by 10 (assumed digit inflation error) [2026-04-14]","standardize taxonRank column to uppercase / standardized author names in recordedBy","species","Lithophyte","D.N. Smith L. Sánchez H. Vidaurre"
"419","CPUN2025_0419","PreservedSpecimen","",NA,"CPUN","SPECIES",NA,"Smith, D.N. | Valencia, R.","10035",NA,"Herb",NA,"CPUN2025",1,"Stelis superbiens",-8.883333333,-77.75,"1985-03-13","change1: Parsed DMS/DDM latitude → decimal degrees. | change2: Parsed DMS/DDM longitude → decimal degrees. | change3: Corrected longitude sign for Western Hemisphere (made negative). | change4: Filled coordinateUncertaintyInMeters from decimal-place precision (conservative). | change5: Corrected latitude sign for Southern Hemisphere (validated by country polygon). | epi_taxo: acceptedName(match1); authorship_epig(match1); genus_from_scientificName; family_WFO; order_majorGroup_WCVP [2026-03-11] | CoordinateCleaner QA applied without sea test (validity, equal, zeros, capitals, centroids, gbif, institutions) [2026-04-14] | Corrected elevation values >5000 m by dividing by 10 (assumed digit inflation error) [2026-04-14]","standardize taxonRank column to uppercase / standardized author names in recordedBy","species","Herb","D.N. Smith R. Valencia"
"420","CPUN2025_0420","PreservedSpecimen","",NA,"CPUN","SPECIES",NA,"Smith, D.N. | Valencia, R. | Gonzales, A.","10478",NA,"Lithophyte",NA,"CPUN2025",1,"Stelis superbiens",-9,-77.56666667,"1985-04-19","change1: Parsed DMS/DDM latitude → decimal degrees. | change2: Parsed DMS/DDM longitude → decimal degrees. | change3: Corrected longitude sign for Western Hemisphere (made negative). | change4: Filled coordinateUncertaintyInMeters from decimal-place precision (conservative). | change5: Corrected latitude sign for Southern Hemisphere (validated by country polygon). | epi_taxo: acceptedName(match1); authorship_epig(match1); genus_from_scientificName; family_WFO; order_majorGroup_WCVP [2026-03-11] | CoordinateCleaner QA applied without sea test (validity, equal, zeros, capitals, centroids, gbif, institutions) [2026-04-14] | Corrected elevation values >5000 m by dividing by 10 (assumed digit inflation error) [2026-04-14]","standardize taxonRank column to uppercase / standardized author names in recordedBy","species","Lithophyte","D.N. Smith R. Valencia A. Gonzales"
"421","CPUN2025_0421","PreservedSpecimen","",NA,"CPUN","SPECIES",NA,"Sanchez-Vega, I.M. | Diaz-Miranda, W.","12519",NA,"E",NA,"CPUN2025",1,"Stelis superbiens",NA,NA,"2004-01-15","epi_taxo: acceptedName(match1); authorship_epig(match1); genus_from_scientificName; family_WFO; order_majorGroup_WCVP [2026-03-11] | CoordinateCleaner QA applied without sea test (validity, equal, zeros, capitals, centroids, gbif, institutions) [2026-04-14] | Corrected elevation values >5000 m by dividing by 10 (assumed digit inflation error) [2026-04-14]","standardize taxonRank column to uppercase / standardized author names in recordedBy","species","E","I. Sánchez Vega Wilson Díaz M."
"422","CPUN2025_0422","PreservedSpecimen","",NA,"CPUN","SPECIES",NA,"Sanchez-Vega, I.M.","3664",NA,"Herb",NA,"CPUN2025",1,"Stelis superbiens",-7.090277778,-78.34611111,"1985-01-27","change1: Parsed DMS/DDM latitude → decimal degrees. | change2: Parsed DMS/DDM longitude → decimal degrees. | change3: Corrected longitude sign for Western Hemisphere (made negative). | change4: Filled coordinateUncertaintyInMeters from decimal-place precision (conservative). | change5: Corrected latitude sign for Southern Hemisphere (validated by country polygon). | epi_taxo: acceptedName(match1); authorship_epig(match1); genus_from_scientificName; family_WFO; order_majorGroup_WCVP [2026-03-11] | CoordinateCleaner QA applied without sea test (validity, equal, zeros, capitals, centroids, gbif, institutions) [2026-04-14] | Corrected elevation values >5000 m by dividing by 10 (assumed digit inflation error) [2026-04-14]","standardize taxonRank column to uppercase / standardized author names in recordedBy","species","Herb","I. Sánchez Vega"
"423","CPUN2025_0423","PreservedSpecimen","",NA,"CPUN","SPECIES",NA,"Sanchez-Vega, I.M. | Ruiz-Vigo, W.","1818",NA,"Herb",NA,"CPUN2025",1,"Stelis tricardium",NA,NA,"1976-05-23","epi_taxo: acceptedName(match1); authorship_epig(match1); genus_from_scientificName; family_WFO; order_majorGroup_WCVP [2026-03-11] | CoordinateCleaner QA applied without sea test (validity, equal, zeros, capitals, centroids, gbif, institutions) [2026-04-14] | Corrected elevation values >5000 m by dividing by 10 (assumed digit inflation error) [2026-04-14]","standardize taxonRank column to uppercase / standardized author names in recordedBy","species","Herb","I. Sánchez Vega W. Ruiz Vigo."
"424","CPUN2025_0424","PreservedSpecimen","",NA,"CPUN","SPECIES",NA,"Dillon, M.O. | Sanchez-Vega, I.M. | Sanchez-Montoya, M.","6375",NA,"",NA,"CPUN2025",1,"Stelis tricardium",-6.490277778,-78.62361111,"1993-04-17","change1: Parsed DMS/DDM latitude → decimal degrees. | change2: Parsed DMS/DDM longitude → decimal degrees. | change3: Corrected longitude sign for Western Hemisphere (made negative). | change4: Filled coordinateUncertaintyInMeters from decimal-place precision (conservative). | change5: Corrected latitude sign for Southern Hemisphere (validated by country polygon). | epi_taxo: acceptedName(match1); authorship_epig(match1); genus_from_scientificName; family_WFO; order_majorGroup_WCVP [2026-03-11] | CoordinateCleaner QA applied without sea test (validity, equal, zeros, capitals, centroids, gbif, institutions) [2026-04-14] | Corrected elevation values >5000 m by dividing by 10 (assumed digit inflation error) [2026-04-14]","standardize taxonRank column to uppercase / standardized author names in recordedBy","species","","M.O. Dillon I. Sánchez Vega M. Sánchez M."
"425","CPUN2025_0425","PreservedSpecimen","",NA,"CPUN","SPECIES",NA,"Sanchez-Vega, I.M. | Leiva-Gonzalez, S. | Flores, W.","5711",NA,"Herb",NA,"CPUN2025",1,"Stelis tricardium",NA,NA,"1991-05-04","epi_taxo: acceptedName(match1); authorship_epig(match1); genus_from_scientificName; family_WFO; order_majorGroup_WCVP [2026-03-11] | CoordinateCleaner QA applied without sea test (validity, equal, zeros, capitals, centroids, gbif, institutions) [2026-04-14] | Corrected elevation values >5000 m by dividing by 10 (assumed digit inflation error) [2026-04-14]","standardize taxonRank column to uppercase / standardized author names in recordedBy","species","Herb","I. Sánchez Vega S. Leiva G. W. Flores"
"426","CPUN2025_0426","PreservedSpecimen","",NA,"CPUN","SPECIES",NA,"Chamaya-G, J.","71",NA,"Herb",NA,"CPUN2025",1,"Stelis tricardium",761299,-9278893,"2022-03-16","change1: Corrected longitude sign for Western Hemisphere (made negative). | change2: Filled coordinateUncertaintyInMeters from decimal-place precision (conservative). | epi_taxo: acceptedName(match1); authorship_epig(match1); genus_from_scientificName; family_WFO; order_majorGroup_WCVP [2026-03-11] | CoordinateCleaner QA applied without sea test (validity, equal, zeros, capitals, centroids, gbif, institutions) [2026-04-14] | Corrected elevation values >5000 m by dividing by 10 (assumed digit inflation error) [2026-04-14]","standardize taxonRank column to uppercase / standardized author names in recordedBy","species","Herb","J. Chamaya G."
"427","CPUN2025_0427","PreservedSpecimen","",NA,"CPUN","SPECIES",NA,"Sanchez-Vega, I.M.","3664A",NA,"Herb",NA,"CPUN2025",1,"Stelis velaticaulis",-7.243888889,-78.46944444,"1985-01-27","change1: Parsed DMS/DDM latitude → decimal degrees. | change2: Parsed DMS/DDM longitude → decimal degrees. | change3: Corrected longitude sign for Western Hemisphere (made negative). | change4: Filled coordinateUncertaintyInMeters from decimal-place precision (conservative). | change5: Corrected latitude sign for Southern Hemisphere (validated by country polygon). | epi_taxo: acceptedName(match1); authorship_epig(match1); genus_from_scientificName; family_WFO; order_majorGroup_WCVP [2026-03-11] | CoordinateCleaner QA applied without sea test (validity, equal, zeros, capitals, centroids, gbif, institutions) [2026-04-14] | Corrected elevation values >5000 m by dividing by 10 (assumed digit inflation error) [2026-04-14]","standardize taxonRank column to uppercase / standardized author names in recordedBy","species","Herb","I. Sánchez Vega"
"428","CPUN2025_0428","PreservedSpecimen","",NA,"CPUN","SPECIES",NA,"Sanchez-Vega, I.M.","158",NA,"Herb",NA,"CPUN2025",1,"Stelis velaticaulis",-7.090277778,-78.34638889,"1965-12-14","change1: Parsed DMS/DDM latitude → decimal degrees. | change2: Parsed DMS/DDM longitude → decimal degrees. | change3: Corrected longitude sign for Western Hemisphere (made negative). | change4: Filled coordinateUncertaintyInMeters from decimal-place precision (conservative). | change5: Corrected latitude sign for Southern Hemisphere (validated by country polygon). | epi_taxo: acceptedName(match1); authorship_epig(match1); genus_from_scientificName; family_WFO; order_majorGroup_WCVP [2026-03-11] | CoordinateCleaner QA applied without sea test (validity, equal, zeros, capitals, centroids, gbif, institutions) [2026-04-14] | Corrected elevation values >5000 m by dividing by 10 (assumed digit inflation error) [2026-04-14]","standardize taxonRank column to uppercase / standardized author names in recordedBy","species","Herb","I. Sánchez Vega"
"429","CPUN2025_0429","PreservedSpecimen","",NA,"CPUN","SPECIES",NA,"Sanchez-Vega, I.M. | Llanos, M.","11740",NA,"Herb",NA,"CPUN2025",1,"Stelis velaticaulis",NA,-78.39694444,"2002-11-28","change1: Parsed DMS/DDM longitude → decimal degrees. | change2: Corrected longitude sign for Western Hemisphere (made negative). | epi_taxo: acceptedName(match1); authorship_epig(match1); genus_from_scientificName; family_WFO; order_majorGroup_WCVP [2026-03-11] | CoordinateCleaner QA applied without sea test (validity, equal, zeros, capitals, centroids, gbif, institutions) [2026-04-14] | Corrected elevation values >5000 m by dividing by 10 (assumed digit inflation error) [2026-04-14]","standardize taxonRank column to uppercase / standardized author names in recordedBy","species","Herb","I. Sánchez Vega Mardonio Llanos"
"430","CPUN2025_0430","PreservedSpecimen","",NA,"CPUN","SPECIES",NA,"Aliaga-Rojas, C. | Zambrano-C, O. | Romero, J.","169",NA,"Herb",NA,"CPUN2025",1,"Stelis velaticaulis",-7.133333333,-78.51666667,"2003-04-27","change1: Parsed DMS/DDM latitude → decimal degrees. | change2: Parsed DMS/DDM longitude → decimal degrees. | change3: Corrected longitude sign for Western Hemisphere (made negative). | change4: Filled coordinateUncertaintyInMeters from decimal-place precision (conservative). | change5: Corrected latitude sign for Southern Hemisphere (validated by country polygon). | epi_taxo: acceptedName(match1); authorship_epig(match1); genus_from_scientificName; family_WFO; order_majorGroup_WCVP [2026-03-11] | CoordinateCleaner QA applied without sea test (validity, equal, zeros, capitals, centroids, gbif, institutions) [2026-04-14] | Corrected elevation values >5000 m by dividing by 10 (assumed digit inflation error) [2026-04-14]","standardize taxonRank column to uppercase / standardized author names in recordedBy","species","Herb","Carol Aliaga R. Oscar Zambrano C. Jorge Romero"
"431","CPUN2025_0431","PreservedSpecimen","",NA,"CPUN","SPECIES",NA,"Hermann, M. | Valderrama, M. | Knudsen, S.","1691",NA,"",NA,"CPUN2025",1,"Stelis velaticaulis",-6.925277778,-78.18666667,"1998-11-22","change1: Parsed DMS/DDM latitude → decimal degrees. | change2: Parsed DMS/DDM longitude → decimal degrees. | change3: Corrected longitude sign for Western Hemisphere (made negative). | change4: Filled coordinateUncertaintyInMeters from decimal-place precision (conservative). | change5: Corrected latitude sign for Southern Hemisphere (validated by country polygon). | epi_taxo: acceptedName(match1); authorship_epig(match1); genus_from_scientificName; family_WFO; order_majorGroup_WCVP [2026-03-11] | CoordinateCleaner QA applied without sea test (validity, equal, zeros, capitals, centroids, gbif, institutions) [2026-04-14] | Corrected elevation values >5000 m by dividing by 10 (assumed digit inflation error) [2026-04-14]","standardize taxonRank column to uppercase / standardized author names in recordedBy","species","","Michael Hermann Miguel Valderrama Steen Knudsen"
"432","CPUN2025_0432","PreservedSpecimen","",NA,"CPUN","SPECIES",NA,"Sanchez-Vega, I.M.","12974",NA,"Herb",NA,"CPUN2025",1,"Stelis velaticaulis",6.956388889,NA,"2005-11-16","change1: Parsed DMS/DDM latitude → decimal degrees. | change2: Filled coordinateUncertaintyInMeters from decimal-place precision (conservative). | epi_taxo: acceptedName(match1); authorship_epig(match1); genus_from_scientificName; family_WFO; order_majorGroup_WCVP [2026-03-11] | CoordinateCleaner QA applied without sea test (validity, equal, zeros, capitals, centroids, gbif, institutions) [2026-04-14] | Corrected elevation values >5000 m by dividing by 10 (assumed digit inflation error) [2026-04-14]","standardize taxonRank column to uppercase / standardized author names in recordedBy","species","Herb","I. Sánchez Vega"
"433","CPUN2025_0433","PreservedSpecimen","",NA,"CPUN","SPECIES",NA,"Smith, D.N. | Goodwin, K.","8786",NA,"Lithophyte",NA,"CPUN2025",1,"Stelis velaticaulis",-9.083333333,-77.68333333,"1984-12-30","change1: Parsed DMS/DDM latitude → decimal degrees. | change2: Parsed DMS/DDM longitude → decimal degrees. | change3: Corrected longitude sign for Western Hemisphere (made negative). | change4: Filled coordinateUncertaintyInMeters from decimal-place precision (conservative). | change5: Corrected latitude sign for Southern Hemisphere (validated by country polygon). | epi_taxo: acceptedName(match1); authorship_epig(match1); genus_from_scientificName; family_WFO; order_majorGroup_WCVP [2026-03-11] | CoordinateCleaner QA applied without sea test (validity, equal, zeros, capitals, centroids, gbif, institutions) [2026-04-14] | Corrected elevation values >5000 m by dividing by 10 (assumed digit inflation error) [2026-04-14]","standardize taxonRank column to uppercase / standardized author names in recordedBy","species","Lithophyte","D.N. Smith Kye Goodwin"
"434","CPUN2025_0434","PreservedSpecimen","",NA,"CPUN","SPECIES",NA,"Vasquez-S, T. | Vargas-Chuquilin, P.","104",NA,"Herb",NA,"CPUN2025",1,"Stelis velaticaulis",820183,-9229890,"2005-11-16","change1: Corrected longitude sign for Western Hemisphere (made negative). | change2: Filled coordinateUncertaintyInMeters from decimal-place precision (conservative). | epi_taxo: acceptedName(match1); authorship_epig(match1); genus_from_scientificName; family_WFO; order_majorGroup_WCVP [2026-03-11] | CoordinateCleaner QA applied without sea test (validity, equal, zeros, capitals, centroids, gbif, institutions) [2026-04-14] | Corrected elevation values >5000 m by dividing by 10 (assumed digit inflation error) [2026-04-14]","standardize taxonRank column to uppercase / standardized author names in recordedBy","species","Herb","T. Vásquez S. P. Vargas Ch."
"435","CPUN2025_0435","PreservedSpecimen","",NA,"CPUN","SPECIES",NA,"Juarez-V, C. | Vargas-S, R.","223",NA,"Herb",NA,"CPUN2025",1,"Stelis velaticaulis",789337,-9201472,"2005-11-16","change1: Corrected longitude sign for Western Hemisphere (made negative). | change2: Filled coordinateUncertaintyInMeters from decimal-place precision (conservative). | epi_taxo: acceptedName(match1); authorship_epig(match1); genus_from_scientificName; family_WFO; order_majorGroup_WCVP [2026-03-11] | CoordinateCleaner QA applied without sea test (validity, equal, zeros, capitals, centroids, gbif, institutions) [2026-04-14] | Corrected elevation values >5000 m by dividing by 10 (assumed digit inflation error) [2026-04-14]","standardize taxonRank column to uppercase / standardized author names in recordedBy","species","Herb","C. Juárez V. R. Vargas S."
"436","CPUN2025_0436","PreservedSpecimen","",NA,"CPUN","SPECIES",NA,"Sanchez-Vega, I.M. | Sagastegui-Alva, A. | Guevara-Barreto, J.","5887",NA,"Herb",NA,"CPUN2025",1,"Ida locusta",NA,NA,"1991-11-02","epi_taxo: acceptedName(match1); authorship_epig(match1); genus_from_scientificName; family_WFO; order_majorGroup_WCVP [2026-03-11] | CoordinateCleaner QA applied without sea test (validity, equal, zeros, capitals, centroids, gbif, institutions) [2026-04-14] | Corrected elevation values >5000 m by dividing by 10 (assumed digit inflation error) [2026-04-14]","standardize taxonRank column to uppercase / standardized author names in recordedBy","species","Herb","I. Sánchez Vega A. Sagástegui Alva. J. Guevara"
"437","CPUN2025_0437","PreservedSpecimen","",NA,"CPUN","SPECIES",NA,"Chamaya-G, J.","102",NA,"E",NA,"CPUN2025",1,"Telipogon austroperuvianus",763243,-9280837,"2022-07-19","change1: Corrected longitude sign for Western Hemisphere (made negative). | change2: Filled coordinateUncertaintyInMeters from decimal-place precision (conservative). | epi_taxo: acceptedName(match1); authorship_epig(match1); genus_from_scientificName; family_WFO; order_majorGroup_WCVP [2026-03-11] | CoordinateCleaner QA applied without sea test (validity, equal, zeros, capitals, centroids, gbif, institutions) [2026-04-14] | Corrected elevation values >5000 m by dividing by 10 (assumed digit inflation error) [2026-04-14]","standardize taxonRank column to uppercase / standardized author names in recordedBy","species","E","J. Chamaya G."
"438","CPUN2025_0438","PreservedSpecimen","",NA,"CPUN","SPECIES",NA,"Chamaya-G, J.","103",NA,"E",NA,"CPUN2025",1,"Telipogon dalstromii",762101,-9280092,"2022-08-07","change1: Corrected longitude sign for Western Hemisphere (made negative). | change2: Filled coordinateUncertaintyInMeters from decimal-place precision (conservative). | epi_taxo: acceptedName(match1); authorship_epig(match1); genus_from_scientificName; family_WFO; order_majorGroup_WCVP [2026-03-11] | CoordinateCleaner QA applied without sea test (validity, equal, zeros, capitals, centroids, gbif, institutions) [2026-04-14] | Corrected elevation values >5000 m by dividing by 10 (assumed digit inflation error) [2026-04-14]","standardize taxonRank column to uppercase / standardized author names in recordedBy","species","E","J. Chamaya G."
"439","CPUN2025_0439","PreservedSpecimen","",NA,"CPUN","SPECIES",NA,"Chamaya-G, J.","63",NA,"E",NA,"CPUN2025",1,"Telipogon papilio",762770,-9281235,"2022-03-11","change1: Corrected longitude sign for Western Hemisphere (made negative). | change2: Filled coordinateUncertaintyInMeters from decimal-place precision (conservative). | epi_taxo: acceptedName(match1); authorship_epig(match1); genus_from_scientificName; family_WFO; order_majorGroup_WCVP [2026-03-11] | CoordinateCleaner QA applied without sea test (validity, equal, zeros, capitals, centroids, gbif, institutions) [2026-04-14] | Corrected elevation values >5000 m by dividing by 10 (assumed digit inflation error) [2026-04-14]","standardize taxonRank column to uppercase / standardized author names in recordedBy","species","E","J. Chamaya G."
"440","CPUN2025_0440","PreservedSpecimen","",NA,"CPUN","GENUS",NA,"Sanchez-Vega, J.G. | Ruiz-Vigo, W. | Cabanillas-Soriano, J.M. | Aldave, A.","1165",NA,"E",NA,"CPUN2025",NA,"",NA,NA,"1978-08-03","change1: Genus placeholder (sp./spp.): moved to 'genus', set taxonRank=GENUS, cleared scientificName; kept original in verbatim. | epi_taxo: acceptedName(match1); authorship_epig(match1); genus_from_scientificName; family_WFO; order_majorGroup_WCVP [2026-03-11] | CoordinateCleaner QA applied without sea test (validity, equal, zeros, capitals, centroids, gbif, institutions) [2026-04-14] | Corrected elevation values >5000 m by dividing by 10 (assumed digit inflation error) [2026-04-14]","standardized author names in recordedBy","GENUS","E","J. Sánchez Vega W. Ruiz Vigo J. Cabanillas A. Aldave"
"441","CPUN2025_0441","PreservedSpecimen","",NA,"CPUN","GENUS",NA,"Sanchez-Vega, I.M. | Ocana, J.C. | Pena-C, Eddy","11998",NA,"E",NA,"CPUN2025",NA,"",NA,NA,"2003-06-06","change1: Genus placeholder (sp./spp.): moved to 'genus', set taxonRank=GENUS, cleared scientificName; kept original in verbatim. | epi_taxo: acceptedName(match1); authorship_epig(match1); genus_from_scientificName; family_WFO; order_majorGroup_WCVP [2026-03-11] | CoordinateCleaner QA applied without sea test (validity, equal, zeros, capitals, centroids, gbif, institutions) [2026-04-14] | Corrected elevation values >5000 m by dividing by 10 (assumed digit inflation error) [2026-04-14]","standardized author names in recordedBy","GENUS","E","I. Sánchez Vega Juan C. Ocaña Eddy Peña C."
"442","CPUN2025_0442","PreservedSpecimen","",NA,"CPUN","GENUS",NA,"Sanchez-Vega, I.M. | Sanchez-Vega, J. | Leon, A.","3167",NA,"E",NA,"CPUN2025",NA,"",NA,NA,"1983-07-02","change1: Genus placeholder (sp./spp.): moved to 'genus', set taxonRank=GENUS, cleared scientificName; kept original in verbatim. | epi_taxo: acceptedName(match1); authorship_epig(match1); genus_from_scientificName; family_WFO; order_majorGroup_WCVP [2026-03-11] | CoordinateCleaner QA applied without sea test (validity, equal, zeros, capitals, centroids, gbif, institutions) [2026-04-14] | Corrected elevation values >5000 m by dividing by 10 (assumed digit inflation error) [2026-04-14]","standardized author names in recordedBy","GENUS","E","I. Sánchez Vega J. Sánchez Vega A. León"
"443","CPUN2025_0443","PreservedSpecimen","",NA,"CPUN","GENUS",NA,"Sanchez-Vega, I.M.","4590",NA,"E",NA,"CPUN2025",NA,"",NA,NA,"1987-10-18","change1: Genus placeholder (sp./spp.): moved to 'genus', set taxonRank=GENUS, cleared scientificName; kept original in verbatim. | epi_taxo: acceptedName(match1); authorship_epig(match1); genus_from_scientificName; family_WFO; order_majorGroup_WCVP [2026-03-11] | CoordinateCleaner QA applied without sea test (validity, equal, zeros, capitals, centroids, gbif, institutions) [2026-04-14] | Corrected elevation values >5000 m by dividing by 10 (assumed digit inflation error) [2026-04-14]","standardized author names in recordedBy","GENUS","E","I. Sánchez Vega"
"444","CPUN2025_0444","PreservedSpecimen","",NA,"CPUN","SPECIES",NA,"Sanchez-Vega, I.M. | Flores, W. | Leiva-Gonzalez, S.","5665",NA,"Herb",NA,"CPUN2025",1,"Trichoceros antennifer",NA,NA,"1991-05-02","epi_taxo: acceptedName(match1); authorship_epig(match1); genus_from_scientificName; family_WFO; order_majorGroup_WCVP [2026-03-11] | CoordinateCleaner QA applied without sea test (validity, equal, zeros, capitals, centroids, gbif, institutions) [2026-04-14] | Corrected elevation values >5000 m by dividing by 10 (assumed digit inflation error) [2026-04-14]","standardize taxonRank column to uppercase / standardized author names in recordedBy","species","Herb","I. Sánche V. W. Flores S. Leiva G."
"445","CPUN2025_0445","PreservedSpecimen","",NA,"CPUN","SPECIES",NA,"Aliaga-Rojas, C. | Zambrano-C, O.","276",NA,"E",NA,"CPUN2025",1,"Trichoceros antennifer",-7.2,-78.48333333,"2003-06-06","change1: Parsed DMS/DDM latitude → decimal degrees. | change2: Parsed DMS/DDM longitude → decimal degrees. | change3: Corrected longitude sign for Western Hemisphere (made negative). | change4: Filled coordinateUncertaintyInMeters from decimal-place precision (conservative). | change5: Corrected latitude sign for Southern Hemisphere (validated by country polygon). | epi_taxo: acceptedName(match1); authorship_epig(match1); genus_from_scientificName; family_WFO; order_majorGroup_WCVP [2026-03-11] | CoordinateCleaner QA applied without sea test (validity, equal, zeros, capitals, centroids, gbif, institutions) [2026-04-14] | Corrected elevation values >5000 m by dividing by 10 (assumed digit inflation error) [2026-04-14]","standardize taxonRank column to uppercase / standardized author names in recordedBy","species","E","Carol Aliaga R. Oscar Zambrano C."
"446","CPUN2025_0446","PreservedSpecimen","",NA,"CPUN","SPECIES",NA,"Sanchez-Vega, J.G.","44",NA,"Herb",NA,"CPUN2025",1,"Trichoceros antennifer",-6.336111111,-78.72166667,"1980-06-15","change1: Parsed DMS/DDM latitude → decimal degrees. | change2: Parsed DMS/DDM longitude → decimal degrees. | change3: Corrected longitude sign for Western Hemisphere (made negative). | change4: Filled coordinateUncertaintyInMeters from decimal-place precision (conservative). | change5: Corrected latitude sign for Southern Hemisphere (validated by country polygon). | epi_taxo: acceptedName(match1); authorship_epig(match1); genus_from_scientificName; family_WFO; order_majorGroup_WCVP [2026-03-11] | CoordinateCleaner QA applied without sea test (validity, equal, zeros, capitals, centroids, gbif, institutions) [2026-04-14] | Corrected elevation values >5000 m by dividing by 10 (assumed digit inflation error) [2026-04-14]","standardize taxonRank column to uppercase / standardized author names in recordedBy","species","Herb","José G. Sánchez Vega"
"447","CPUN2025_0447","PreservedSpecimen","",NA,"CPUN","SPECIES",NA,"Goicochea-Rojas, J. | Gutierrez-Ruiz, A.D.","S/N",NA,"Herb",NA,"CPUN2025",1,"Trizeuxis falcata",NA,NA,"2024-04-04","epi_taxo: acceptedName(match1); authorship_epig(match1); genus_from_scientificName; family_WFO; order_majorGroup_WCVP [2026-03-11] | CoordinateCleaner QA applied without sea test (validity, equal, zeros, capitals, centroids, gbif, institutions) [2026-04-14] | Corrected elevation values >5000 m by dividing by 10 (assumed digit inflation error) [2026-04-14]","standardize taxonRank column to uppercase / standardized author names in recordedBy","species","Herb","J. Goicochea R. A. D. Gutiérrez R."
"448","CPUN2025_0448","PreservedSpecimen","",NA,"CPUN","SPECIES",NA,"Sanchez-Vega, I.M.","3862",NA,"Herb",NA,"CPUN2025",1,"Vitekorchis excavatus",-7.238055556,-78.47722222,"1985-06-02","change1: Parsed DMS/DDM latitude → decimal degrees. | change2: Parsed DMS/DDM longitude → decimal degrees. | change3: Corrected longitude sign for Western Hemisphere (made negative). | change4: Filled coordinateUncertaintyInMeters from decimal-place precision (conservative). | change5: Corrected latitude sign for Southern Hemisphere (validated by country polygon). | epi_taxo: acceptedName(match1); authorship_epig(match1); genus_from_scientificName; family_WFO; order_majorGroup_WCVP [2026-03-11] | CoordinateCleaner QA applied without sea test (validity, equal, zeros, capitals, centroids, gbif, institutions) [2026-04-14] | Corrected elevation values >5000 m by dividing by 10 (assumed digit inflation error) [2026-04-14]","standardize taxonRank column to uppercase / standardized author names in recordedBy","species","Herb","I. Sánchez Vega"
"449","CPUN2025_0449","PreservedSpecimen","",NA,"CPUN","SPECIES",NA,"Chamaya-G, J.","46",NA,"Herb",NA,"CPUN2025",1,"Vitekorchis excavatus",761582,-9279018,"2021-03-29","change1: Corrected longitude sign for Western Hemisphere (made negative). | change2: Filled coordinateUncertaintyInMeters from decimal-place precision (conservative). | epi_taxo: acceptedName(match1); authorship_epig(match1); genus_from_scientificName; family_WFO; order_majorGroup_WCVP [2026-03-11] | CoordinateCleaner QA applied without sea test (validity, equal, zeros, capitals, centroids, gbif, institutions) [2026-04-14] | Corrected elevation values >5000 m by dividing by 10 (assumed digit inflation error) [2026-04-14]","standardize taxonRank column to uppercase / standardized author names in recordedBy","species","Herb","J. Chamaya G."
"450","CPUN2025_0450","PreservedSpecimen","",NA,"CPUN","SPECIES",NA,"Sanchez-Vega, I.M. | Sagastegui-Alva, A. | Guevara-Barreto, J.","5875",NA,"Herb",NA,"CPUN2025",1,"Xylobium bractescens",-6.296944444,-78.7025,"1991-11-02","change1: Parsed DMS/DDM latitude → decimal degrees. | change2: Parsed DMS/DDM longitude → decimal degrees. | change3: Corrected longitude sign for Western Hemisphere (made negative). | change4: Filled coordinateUncertaintyInMeters from decimal-place precision (conservative). | change5: Corrected latitude sign for Southern Hemisphere (validated by country polygon). | epi_taxo: acceptedName(match1); authorship_epig(match1); genus_from_scientificName; family_WFO; order_majorGroup_WCVP [2026-03-11] | CoordinateCleaner QA applied without sea test (validity, equal, zeros, capitals, centroids, gbif, institutions) [2026-04-14] | Corrected elevation values >5000 m by dividing by 10 (assumed digit inflation error) [2026-04-14]","standardize taxonRank column to uppercase / standardized author names in recordedBy","species","Herb","I. Sánchez Vega A. Sagástegui A. J. Guevara"
"451","CPUN2025_0451","PreservedSpecimen","",NA,"CPUN","SPECIES",NA,"Sanchez-Vega, J.G.","81",NA,"Herb",NA,"CPUN2025",1,"Xylobium bractescens",NA,NA,"1980-06-21","epi_taxo: acceptedName(match1); authorship_epig(match1); genus_from_scientificName; family_WFO; order_majorGroup_WCVP [2026-03-11] | CoordinateCleaner QA applied without sea test (validity, equal, zeros, capitals, centroids, gbif, institutions) [2026-04-14] | Corrected elevation values >5000 m by dividing by 10 (assumed digit inflation error) [2026-04-14]","standardize taxonRank column to uppercase / standardized author names in recordedBy","species","Herb","José G. Sánchez Vega"
"452","CPUN2025_0452","PreservedSpecimen","",NA,"CPUN","GENUS",NA,"Chamaya-G, J.","55",NA,"Herb",NA,"CPUN2025",NA,"",762236,-9280262,"2021-08-07","change1: Genus placeholder (sp./spp.): moved to 'genus', set taxonRank=GENUS, cleared scientificName; kept original in verbatim. | change2: Corrected longitude sign for Western Hemisphere (made negative). | change3: Filled coordinateUncertaintyInMeters from decimal-place precision (conservative). | epi_taxo: acceptedName(match1); authorship_epig(match1); genus_from_scientificName; family_WFO; order_majorGroup_WCVP [2026-03-11] | CoordinateCleaner QA applied without sea test (validity, equal, zeros, capitals, centroids, gbif, institutions) [2026-04-14] | Corrected elevation values >5000 m by dividing by 10 (assumed digit inflation error) [2026-04-14]","standardized author names in recordedBy","GENUS","Herb","J. Chamaya G."
"453","CPUN2025_0453","PreservedSpecimen","",NA,"CPUN","SPECIES",NA,"Guerra-Lu, J.","21",NA,"Herb",NA,"CPUN2025",1,"Zelenkoa onusta",NA,NA,"1996-07-15","epi_taxo: acceptedName(match1); authorship_epig(match1); genus_from_scientificName; family_WFO; order_majorGroup_WCVP [2026-03-11] | CoordinateCleaner QA applied without sea test (validity, equal, zeros, capitals, centroids, gbif, institutions) [2026-04-14] | Corrected elevation values >5000 m by dividing by 10 (assumed digit inflation error) [2026-04-14]","standardize taxonRank column to uppercase / standardized author names in recordedBy","species","Herb","J. Lu Guerra"
"454","CPUN2025_0454","PreservedSpecimen","",NA,"CPUN","SPECIES",NA,"Cabanillas-Soriano, J.M.","972",NA,"Herb",NA,"CPUN2025",1,"Zelenkoa onusta",NA,NA,"1996-07-15","epi_taxo: acceptedName(match1); authorship_epig(match1); genus_from_scientificName; family_WFO; order_majorGroup_WCVP [2026-03-11] | CoordinateCleaner QA applied without sea test (validity, equal, zeros, capitals, centroids, gbif, institutions) [2026-04-14] | Corrected elevation values >5000 m by dividing by 10 (assumed digit inflation error) [2026-04-14]","standardize taxonRank column to uppercase / standardized author names in recordedBy","species","Herb","J. Cabanillas S."
"455","CPUN2025_0455","PreservedSpecimen","",NA,"CPUN","SPECIES",NA,"Sanchez-Vega, I.M. | Miranda-Leiva, A.","6305",NA,"Herb",NA,"CPUN2025",1,"Peperomia acuminata",-6.278333333,-78.69361111,"1992-06-24","change1: Parsed DMS/DDM latitude → decimal degrees. | change2: Parsed DMS/DDM longitude → decimal degrees. | change3: Corrected longitude sign for Western Hemisphere (made negative). | change4: Filled coordinateUncertaintyInMeters from decimal-place precision (conservative). | change5: Corrected latitude sign for Southern Hemisphere (validated by country polygon). | epi_taxo: acceptedName(match1); authorship_epig(match1); genus_from_scientificName; family_WFO; order_majorGroup_WCVP [2026-03-11] | CoordinateCleaner QA applied without sea test (validity, equal, zeros, capitals, centroids, gbif, institutions) [2026-04-14] | Corrected elevation values >5000 m by dividing by 10 (assumed digit inflation error) [2026-04-14]","standardize taxonRank column to uppercase / standardized author names in recordedBy","species","Herb","Isidoro Manuel Sánchez Vega Alfonso Miranda Leiva"
"456","CPUN2025_0456","PreservedSpecimen","",NA,"CPUN","SPECIES",NA,"Sanchez-Vega, I.M. | Miranda-Leiva, A.","6273",NA,"Herb",NA,"CPUN2025",1,"Peperomia acuminata",-6.175833333,-78.8575,"1992-06-23","change1: Parsed DMS/DDM latitude → decimal degrees. | change2: Parsed DMS/DDM longitude → decimal degrees. | change3: Corrected longitude sign for Western Hemisphere (made negative). | change4: Filled coordinateUncertaintyInMeters from decimal-place precision (conservative). | change5: Corrected latitude sign for Southern Hemisphere (validated by country polygon). | epi_taxo: acceptedName(match1); authorship_epig(match1); genus_from_scientificName; family_WFO; order_majorGroup_WCVP [2026-03-11] | CoordinateCleaner QA applied without sea test (validity, equal, zeros, capitals, centroids, gbif, institutions) [2026-04-14] | Corrected elevation values >5000 m by dividing by 10 (assumed digit inflation error) [2026-04-14]","standardize taxonRank column to uppercase / standardized author names in recordedBy","species","Herb","Isidoro Manuel Sánchez Vega Alfonso Miranda Leiva"
"457","CPUN2025_0457","PreservedSpecimen","",NA,"CPUN","SPECIES",NA,"Young, K. | Leon, B.","4479",NA,"Herb",NA,"CPUN2025",1,"Peperomia acuminata",NA,NA,"1987-07-11","epi_taxo: acceptedName(match1); authorship_epig(match1); genus_from_scientificName; family_WFO; order_majorGroup_WCVP [2026-03-11] | CoordinateCleaner QA applied without sea test (validity, equal, zeros, capitals, centroids, gbif, institutions) [2026-04-14] | Corrected elevation values >5000 m by dividing by 10 (assumed digit inflation error) [2026-04-14]","standardize taxonRank column to uppercase / standardized author names in recordedBy","species","Herb","Ken Young Blanca León"
"458","CPUN2025_0458","PreservedSpecimen","",NA,"CPUN","SPECIES",NA,"Sanchez-Vega, I.M. | Sagastegui-Alva, A. | Guevara-Barreto, J.","6008",NA,"E",NA,"CPUN2025",1,"Peperomia adscendens",-6.220555556,-78.73527778,"1991-11-04","change1: Parsed DMS/DDM latitude → decimal degrees. | change2: Parsed DMS/DDM longitude → decimal degrees. | change3: Corrected longitude sign for Western Hemisphere (made negative). | change4: Filled coordinateUncertaintyInMeters from decimal-place precision (conservative). | change5: Corrected latitude sign for Southern Hemisphere (validated by country polygon). | epi_taxo: acceptedName(match1); authorship_epig(match1); genus_from_scientificName; family_WFO; order_majorGroup_WCVP [2026-03-11] | CoordinateCleaner QA applied without sea test (validity, equal, zeros, capitals, centroids, gbif, institutions) [2026-04-14] | Corrected elevation values >5000 m by dividing by 10 (assumed digit inflation error) [2026-04-14]","standardize taxonRank column to uppercase / standardized author names in recordedBy","species","E","Isidoro Manuel Sánchez Vega Abundio Sagástegui Alva José Guevara Barreto"
"459","CPUN2025_0459","PreservedSpecimen","",NA,"CPUN","SPECIES",NA,"Davila-E, Luis. | Iberico-Vela, G. | Chavez-Santa Cruz, A.","708",NA,"Herb",NA,"CPUN2025",1,"Peperomia adscendens",NA,NA,"2004-06-27","epi_taxo: acceptedName(match1); authorship_epig(match1); genus_from_scientificName; family_WFO; order_majorGroup_WCVP [2026-03-11] | CoordinateCleaner QA applied without sea test (validity, equal, zeros, capitals, centroids, gbif, institutions) [2026-04-14] | Corrected elevation values >5000 m by dividing by 10 (assumed digit inflation error) [2026-04-14]","standardize taxonRank column to uppercase / standardized author names in recordedBy","species","Herb","Luis Dávila E. Gustavo Iberico Vela A. Chávez Santa Cruz."
"460","CPUN2025_0460","PreservedSpecimen","",NA,"CPUN","SPECIES",NA,"Sanchez-Vega, I.M. | Dillon, M.O. | Zapata-Cruz, M.","9395",NA,"E",NA,"CPUN2025",1,"Peperomia alata",-5.633333333,-77.61666667,"1998-06-17","change1: Parsed DMS/DDM latitude → decimal degrees. | change2: Parsed DMS/DDM longitude → decimal degrees. | change3: Corrected longitude sign for Western Hemisphere (made negative). | change4: Filled coordinateUncertaintyInMeters from decimal-place precision (conservative). | change5: Corrected latitude sign for Southern Hemisphere (validated by country polygon). | epi_taxo: acceptedName(match1); authorship_epig(match1); genus_from_scientificName; family_WFO; order_majorGroup_WCVP [2026-03-11] | CoordinateCleaner QA applied without sea test (validity, equal, zeros, capitals, centroids, gbif, institutions) [2026-04-14] | Corrected elevation values >5000 m by dividing by 10 (assumed digit inflation error) [2026-04-14]","standardize taxonRank column to uppercase / standardized author names in recordedBy","species","E","Isidoro Manuel Sánchez Vega M. O. Dillon M. Zapata"
"461","CPUN2025_0461","PreservedSpecimen","",NA,"CPUN","SPECIES",NA,"Sanchez-Vega, I.M. | Dillon, M.O.","9010",NA,"E",NA,"CPUN2025",1,"Peperomia andicola",-5.683333333,-77.63333333,"1997-06-24","change1: Parsed DMS/DDM latitude → decimal degrees. | change2: Parsed DMS/DDM longitude → decimal degrees. | change3: Corrected longitude sign for Western Hemisphere (made negative). | change4: Filled coordinateUncertaintyInMeters from decimal-place precision (conservative). | change5: Corrected latitude sign for Southern Hemisphere (validated by country polygon). | epi_taxo: acceptedName(match1); authorship_epig(match1); genus_from_scientificName; family_WFO; order_majorGroup_WCVP [2026-03-11] | CoordinateCleaner QA applied without sea test (validity, equal, zeros, capitals, centroids, gbif, institutions) [2026-04-14] | Corrected elevation values >5000 m by dividing by 10 (assumed digit inflation error) [2026-04-14]","standardize taxonRank column to uppercase / standardized author names in recordedBy","species","E","Isidoro Manuel Sánchez Vega M. O. Dillon"
"462","CPUN2025_0462","PreservedSpecimen","",NA,"CPUN","SPECIES",NA,"Sanchez-Vega, I.M. | Dillon, M.O.","8613",NA,"Herb",NA,"CPUN2025",1,"Peperomia cardenasii",-6.033333333,-77.05,"1996-11-11","change1: Parsed DMS/DDM latitude → decimal degrees. | change2: Parsed DMS/DDM longitude → decimal degrees. | change3: Corrected longitude sign for Western Hemisphere (made negative). | change4: Filled coordinateUncertaintyInMeters from decimal-place precision (conservative). | change5: Corrected latitude sign for Southern Hemisphere (validated by country polygon). | epi_taxo: acceptedName(match1); authorship_epig(match1); genus_from_scientificName; family_WFO; order_majorGroup_WCVP [2026-03-11] | CoordinateCleaner QA applied without sea test (validity, equal, zeros, capitals, centroids, gbif, institutions) [2026-04-14] | Corrected elevation values >5000 m by dividing by 10 (assumed digit inflation error) [2026-04-14]","standardize taxonRank column to uppercase / standardized author names in recordedBy","species","Herb","Isidoro Manuel Sánchez Vega M. O. Dillon"
"463","CPUN2025_0463","PreservedSpecimen","",NA,"CPUN","SPECIES",NA,"Sanchez-Vega, I.M. | Dillon, M.O.","9019",NA,"E",NA,"CPUN2025",1,"Peperomia circinnata",-5.683333333,-77.63333333,"1997-06-24","change1: Parsed DMS/DDM latitude → decimal degrees. | change2: Parsed DMS/DDM longitude → decimal degrees. | change3: Corrected longitude sign for Western Hemisphere (made negative). | change4: Filled coordinateUncertaintyInMeters from decimal-place precision (conservative). | change5: Corrected latitude sign for Southern Hemisphere (validated by country polygon). | epi_taxo: acceptedName(match1); authorship_epig(match1); genus_from_scientificName; family_WFO; order_majorGroup_WCVP [2026-03-11] | CoordinateCleaner QA applied without sea test (validity, equal, zeros, capitals, centroids, gbif, institutions) [2026-04-14] | Corrected elevation values >5000 m by dividing by 10 (assumed digit inflation error) [2026-04-14]","standardize taxonRank column to uppercase / standardized author names in recordedBy","species","E","Isidoro Manuel Sánchez Vega M. O. Dillon"
"464","CPUN2025_0464","PreservedSpecimen","",NA,"CPUN","SPECIES",NA,"Sanchez-Vega, I.M. | Dillon, M.O.","8388",NA,"Herb",NA,"CPUN2025",1,"Peperomia distachya",-5.9,-77.35,"1996-11-01","change1: Parsed DMS/DDM latitude → decimal degrees. | change2: Parsed DMS/DDM longitude → decimal degrees. | change3: Corrected longitude sign for Western Hemisphere (made negative). | change4: Filled coordinateUncertaintyInMeters from decimal-place precision (conservative). | change5: Corrected latitude sign for Southern Hemisphere (validated by country polygon). | epi_taxo: acceptedName(match1); authorship_epig(match1); genus_from_scientificName; family_WFO; order_majorGroup_WCVP [2026-03-11] | CoordinateCleaner QA applied without sea test (validity, equal, zeros, capitals, centroids, gbif, institutions) [2026-04-14] | Corrected elevation values >5000 m by dividing by 10 (assumed digit inflation error) [2026-04-14]","standardize taxonRank column to uppercase / standardized author names in recordedBy","species","Herb","Isidoro Manuel Sánchez Vega M. O. Dillon"
"465","CPUN2025_0465","PreservedSpecimen","",NA,"CPUN","SPECIES",NA,"Sanchez-Vega, I.M. | Dillon, M.O.","8544",NA,"Herb",NA,"CPUN2025",1,"Peperomia distachya",-5.85,-77.4,"1996-11-06","change1: Parsed DMS/DDM latitude → decimal degrees. | change2: Parsed DMS/DDM longitude → decimal degrees. | change3: Corrected longitude sign for Western Hemisphere (made negative). | change4: Filled coordinateUncertaintyInMeters from decimal-place precision (conservative). | change5: Corrected latitude sign for Southern Hemisphere (validated by country polygon). | epi_taxo: acceptedName(match1); authorship_epig(match1); genus_from_scientificName; family_WFO; order_majorGroup_WCVP [2026-03-11] | CoordinateCleaner QA applied without sea test (validity, equal, zeros, capitals, centroids, gbif, institutions) [2026-04-14] | Corrected elevation values >5000 m by dividing by 10 (assumed digit inflation error) [2026-04-14]","standardize taxonRank column to uppercase / standardized author names in recordedBy","species","Herb","Isidoro Manuel Sánchez Vega M. O. Dillon"
"466","CPUN2025_0466","PreservedSpecimen","",NA,"CPUN","SPECIES",NA,"Sanchez-Vega, I.M. | Dillon, M.O. | Zapata-Cruz, M.","10199",NA,"E",NA,"CPUN2025",1,"Peperomia distachya",NA,NA,"2000-05-17","epi_taxo: acceptedName(match1); authorship_epig(match1); genus_from_scientificName; family_WFO; order_majorGroup_WCVP [2026-03-11] | CoordinateCleaner QA applied without sea test (validity, equal, zeros, capitals, centroids, gbif, institutions) [2026-04-14] | Corrected elevation values >5000 m by dividing by 10 (assumed digit inflation error) [2026-04-14]","standardize taxonRank column to uppercase / standardized author names in recordedBy","species","E","Isidoro Manuel Sánchez Vega Michael O. Dillon M. Zapata"
"467","CPUN2025_0467","PreservedSpecimen","",NA,"CPUN","SPECIES",NA,"Sanchez-Vega, I.M. | Iberico-Vela, G. | Zapata-Cruz, M. | Dieguez, R.","9842",NA,"E",NA,"CPUN2025",1,"Peperomia distachya",-6,-77.3,"1999-06-22","change1: Parsed DMS/DDM latitude → decimal degrees. | change2: Parsed DMS/DDM longitude → decimal degrees. | change3: Corrected longitude sign for Western Hemisphere (made negative). | change4: Filled coordinateUncertaintyInMeters from decimal-place precision (conservative). | change5: Corrected latitude sign for Southern Hemisphere (validated by country polygon). | epi_taxo: acceptedName(match1); authorship_epig(match1); genus_from_scientificName; family_WFO; order_majorGroup_WCVP [2026-03-11] | CoordinateCleaner QA applied without sea test (validity, equal, zeros, capitals, centroids, gbif, institutions) [2026-04-14] | Corrected elevation values >5000 m by dividing by 10 (assumed digit inflation error) [2026-04-14]","standardize taxonRank column to uppercase / standardized author names in recordedBy","species","E","Isidoro Manuel Sánchez Vega Gustavo Iberico Vela M. Zapata R. Diéguez"
"468","CPUN2025_0468","PreservedSpecimen","",NA,"CPUN","SPECIES",NA,"Sanchez-Vega, I.M. | Cruz-Cordova, R. | Pena-Cruz, E.","11914",NA,"Herb",NA,"CPUN2025",1,"Peperomia galioides",NA,NA,"2003-05-09","epi_taxo: acceptedName(match1); authorship_epig(match1); genus_from_scientificName; family_WFO; order_majorGroup_WCVP [2026-03-11] | CoordinateCleaner QA applied without sea test (validity, equal, zeros, capitals, centroids, gbif, institutions) [2026-04-14] | Corrected elevation values >5000 m by dividing by 10 (assumed digit inflation error) [2026-04-14]","standardize taxonRank column to uppercase / standardized author names in recordedBy","species","Herb","Isidoro Manuel Sánchez Vega Ramiro Cruz Córdova Eddy Peña Cruz"
"469","CPUN2025_0469","PreservedSpecimen","",NA,"CPUN","SPECIES",NA,"Dillon, M.O. | Sanchez-Vega, I.M.","6271",NA,"Herb",NA,"CPUN2025",1,"Peperomia galioides",-5.4,-79.6,"1991-07-20","change1: Parsed DMS/DDM latitude → decimal degrees. | change2: Parsed DMS/DDM longitude → decimal degrees. | change3: Corrected longitude sign for Western Hemisphere (made negative). | change4: Filled coordinateUncertaintyInMeters from decimal-place precision (conservative). | change5: Corrected latitude sign for Southern Hemisphere (validated by country polygon). | epi_taxo: acceptedName(match1); authorship_epig(match1); genus_from_scientificName; family_WFO; order_majorGroup_WCVP [2026-03-11] | CoordinateCleaner QA applied without sea test (validity, equal, zeros, capitals, centroids, gbif, institutions) [2026-04-14] | Corrected elevation values >5000 m by dividing by 10 (assumed digit inflation error) [2026-04-14]","standardize taxonRank column to uppercase / standardized author names in recordedBy","species","Herb","Michael O. Dillon Isidoro Manuel Sánchez Vega"
"470","CPUN2025_0470","PreservedSpecimen","",NA,"CPUN","SPECIES",NA,"Sanchez-Vega, I.M. | Flores, W. | Leiva-Gonzalez, S.","5623",NA,"Herb",NA,"CPUN2025",1,"Peperomia galioides",-6.724444444,-78.54055556,"1991-05-01","change1: Parsed DMS/DDM latitude → decimal degrees. | change2: Parsed DMS/DDM longitude → decimal degrees. | change3: Corrected longitude sign for Western Hemisphere (made negative). | change4: Filled coordinateUncertaintyInMeters from decimal-place precision (conservative). | change5: Corrected latitude sign for Southern Hemisphere (validated by country polygon). | epi_taxo: acceptedName(match1); authorship_epig(match1); genus_from_scientificName; family_WFO; order_majorGroup_WCVP [2026-03-11] | CoordinateCleaner QA applied without sea test (validity, equal, zeros, capitals, centroids, gbif, institutions) [2026-04-14] | Corrected elevation values >5000 m by dividing by 10 (assumed digit inflation error) [2026-04-14]","standardize taxonRank column to uppercase / standardized author names in recordedBy","species","Herb","Isidoro Manuel Sánchez Vega W. Flores Segundo Leiva González"
"471","CPUN2025_0471","PreservedSpecimen","",NA,"CPUN","SPECIES",NA,"Sanchez-Vega, I.M. | Sanchez-Vega, J.G. | Briones, A.","6107",NA,"",NA,"CPUN2025",1,"Peperomia galioides",-7.254722222,-78.48138889,"1992-02-26","change1: Parsed DMS/DDM latitude → decimal degrees. | change2: Parsed DMS/DDM longitude → decimal degrees. | change3: Corrected longitude sign for Western Hemisphere (made negative). | change4: Filled coordinateUncertaintyInMeters from decimal-place precision (conservative). | change5: Corrected latitude sign for Southern Hemisphere (validated by country polygon). | epi_taxo: acceptedName(match1); authorship_epig(match1); genus_from_scientificName; family_WFO; order_majorGroup_WCVP [2026-03-11] | CoordinateCleaner QA applied without sea test (validity, equal, zeros, capitals, centroids, gbif, institutions) [2026-04-14] | Corrected elevation values >5000 m by dividing by 10 (assumed digit inflation error) [2026-04-14]","standardize taxonRank column to uppercase / standardized author names in recordedBy","species","","Isidoro Manuel Sánchez Vega José G. Sánchez Vega A. Briones"
"472","CPUN2025_0472","PreservedSpecimen","",NA,"CPUN","SPECIES",NA,"Cabanillas-Soriano, J.M. | Bazan-Palomino, W.","1688",NA,"",NA,"CPUN2025",1,"Peperomia galioides",NA,NA,"2004-05-29","epi_taxo: acceptedName(match1); authorship_epig(match1); genus_from_scientificName; family_WFO; order_majorGroup_WCVP [2026-03-11] | CoordinateCleaner QA applied without sea test (validity, equal, zeros, capitals, centroids, gbif, institutions) [2026-04-14] | Corrected elevation values >5000 m by dividing by 10 (assumed digit inflation error) [2026-04-14]","standardize taxonRank column to uppercase / standardized author names in recordedBy","species","","Manuel Cabanillas Soriano William Bazán Palomino"
"473","CPUN2025_0473","PreservedSpecimen","",NA,"CPUN","SPECIES",NA,"Sanchez-Vega, I.M. | Dillon, M.O.","8656",NA,"",NA,"CPUN2025",1,"Peperomia galioides",-5.8,-77.35,"1996-11-13","change1: Parsed DMS/DDM latitude → decimal degrees. | change2: Parsed DMS/DDM longitude → decimal degrees. | change3: Corrected longitude sign for Western Hemisphere (made negative). | change4: Filled coordinateUncertaintyInMeters from decimal-place precision (conservative). | change5: Corrected latitude sign for Southern Hemisphere (validated by country polygon). | epi_taxo: acceptedName(match1); authorship_epig(match1); genus_from_scientificName; family_WFO; order_majorGroup_WCVP [2026-03-11] | CoordinateCleaner QA applied without sea test (validity, equal, zeros, capitals, centroids, gbif, institutions) [2026-04-14] | Corrected elevation values >5000 m by dividing by 10 (assumed digit inflation error) [2026-04-14]","standardize taxonRank column to uppercase / standardized author names in recordedBy","species","","Isidoro Manuel Sánchez Vega M. O. Dillon"
"474","CPUN2025_0474","PreservedSpecimen","",NA,"CPUN","SPECIES",NA,"Galan, A. | Sanchez-Vega, I.M. | Linares, E.","3392",NA,"Herb",NA,"CPUN2025",1,"Peperomia glabella",812879,-9247668,"2013-05-28","change1: Corrected longitude sign for Western Hemisphere (made negative). | change2: Filled coordinateUncertaintyInMeters from decimal-place precision (conservative). | epi_taxo: acceptedName(match1); authorship_epig(match1); genus_from_scientificName; family_WFO; order_majorGroup_WCVP [2026-03-11] | CoordinateCleaner QA applied without sea test (validity, equal, zeros, capitals, centroids, gbif, institutions) [2026-04-14] | Corrected elevation values >5000 m by dividing by 10 (assumed digit inflation error) [2026-04-14]","standardize taxonRank column to uppercase / standardized author names in recordedBy","species","Herb","A. Galán I. Sánchez Vega E. Linares"
"475","CPUN2025_0475","PreservedSpecimen","",NA,"CPUN","SPECIES",NA,"Sanchez-Vega, I.M. | Miranda-Leiva, A.","6275",NA,"Herb",NA,"CPUN2025",1,"Peperomia hartwegiana",-6.175833333,-78.8575,"1992-06-23","change1: Parsed DMS/DDM latitude → decimal degrees. | change2: Parsed DMS/DDM longitude → decimal degrees. | change3: Corrected longitude sign for Western Hemisphere (made negative). | change4: Filled coordinateUncertaintyInMeters from decimal-place precision (conservative). | change5: Corrected latitude sign for Southern Hemisphere (validated by country polygon). | epi_taxo: acceptedName(match1); authorship_epig(match1); genus_from_scientificName; family_WFO; order_majorGroup_WCVP [2026-03-11] | CoordinateCleaner QA applied without sea test (validity, equal, zeros, capitals, centroids, gbif, institutions) [2026-04-14] | Corrected elevation values >5000 m by dividing by 10 (assumed digit inflation error) [2026-04-14]","standardize taxonRank column to uppercase / standardized author names in recordedBy","species","Herb","Isidoro Manuel Sánchez Vega Alfonso Miranda Leiva"
"476","CPUN2025_0476","PreservedSpecimen","",NA,"CPUN","SPECIES",NA,"Young, K. | Leon, B.","4679",NA,"Herb",NA,"CPUN2025",1,"Peperomia hartwegiana",NA,NA,"1987-07-15","epi_taxo: acceptedName(match1); authorship_epig(match1); genus_from_scientificName; family_WFO; order_majorGroup_WCVP [2026-03-11] | CoordinateCleaner QA applied without sea test (validity, equal, zeros, capitals, centroids, gbif, institutions) [2026-04-14] | Corrected elevation values >5000 m by dividing by 10 (assumed digit inflation error) [2026-04-14]","standardize taxonRank column to uppercase / standardized author names in recordedBy","species","Herb","Ken Young Blanca León"
"477","CPUN2025_0477","PreservedSpecimen","",NA,"CPUN","SPECIES",NA,"Sanchez-Vega, I.M. | Sagastegui-Alva, A.","4437",NA,"Herb",NA,"CPUN2025",1,"Peperomia hartwegiana",-7.188888889,-78.575,"1987-06-26","change1: Parsed DMS/DDM latitude → decimal degrees. | change2: Parsed DMS/DDM longitude → decimal degrees. | change3: Corrected longitude sign for Western Hemisphere (made negative). | change4: Filled coordinateUncertaintyInMeters from decimal-place precision (conservative). | change5: Corrected latitude sign for Southern Hemisphere (validated by country polygon). | epi_taxo: acceptedName(match1); authorship_epig(match1); genus_from_scientificName; family_WFO; order_majorGroup_WCVP [2026-03-11] | CoordinateCleaner QA applied without sea test (validity, equal, zeros, capitals, centroids, gbif, institutions) [2026-04-14] | Corrected elevation values >5000 m by dividing by 10 (assumed digit inflation error) [2026-04-14]","standardize taxonRank column to uppercase / standardized author names in recordedBy","species","Herb","Isidoro Manuel Sánchez Vega Abundio Sagástegui Alva"
"478","CPUN2025_0478","PreservedSpecimen","",NA,"CPUN","SPECIES",NA,"Smith, D.N.","11478",NA,"",NA,"CPUN2025",1,"Peperomia hartwegiana",-8.983333333,-77.63333333,"1985-09-27","change1: Parsed DMS/DDM latitude → decimal degrees. | change2: Parsed DMS/DDM longitude → decimal degrees. | change3: Corrected longitude sign for Western Hemisphere (made negative). | change4: Filled coordinateUncertaintyInMeters from decimal-place precision (conservative). | change5: Corrected latitude sign for Southern Hemisphere (validated by country polygon). | epi_taxo: acceptedName(match1); authorship_epig(match1); genus_from_scientificName; family_WFO; order_majorGroup_WCVP [2026-03-11] | CoordinateCleaner QA applied without sea test (validity, equal, zeros, capitals, centroids, gbif, institutions) [2026-04-14] | Corrected elevation values >5000 m by dividing by 10 (assumed digit inflation error) [2026-04-14]","standardize taxonRank column to uppercase / standardized author names in recordedBy","species","","David N. Smith"
"479","CPUN2025_0479","PreservedSpecimen","",NA,"CPUN","SPECIES",NA,"Smith, D.N. | Buddensiek, M.","11268",NA,"",NA,"CPUN2025",1,"Peperomia hartwegiana",-9.383333333,-77.46666667,"1985-07-18","change1: Parsed DMS/DDM latitude → decimal degrees. | change2: Parsed DMS/DDM longitude → decimal degrees. | change3: Corrected longitude sign for Western Hemisphere (made negative). | change4: Filled coordinateUncertaintyInMeters from decimal-place precision (conservative). | change5: Corrected latitude sign for Southern Hemisphere (validated by country polygon). | epi_taxo: acceptedName(match1); authorship_epig(match1); genus_from_scientificName; family_WFO; order_majorGroup_WCVP [2026-03-11] | CoordinateCleaner QA applied without sea test (validity, equal, zeros, capitals, centroids, gbif, institutions) [2026-04-14] | Corrected elevation values >5000 m by dividing by 10 (assumed digit inflation error) [2026-04-14]","standardize taxonRank column to uppercase / standardized author names in recordedBy","species","","David N. Smith M. Buddensiek"
"480","CPUN2025_0480","PreservedSpecimen","",NA,"CPUN","SPECIES",NA,"Smith, D.N. | Gonzales, A. | Maldonado, D.","12589",NA,"Herb",NA,"CPUN2025",1,"Peperomia hartwegiana",-9.383333333,-77.28333333,"1986-06-13","change1: Parsed DMS/DDM latitude → decimal degrees. | change2: Parsed DMS/DDM longitude → decimal degrees. | change3: Corrected longitude sign for Western Hemisphere (made negative). | change4: Filled coordinateUncertaintyInMeters from decimal-place precision (conservative). | change5: Corrected latitude sign for Southern Hemisphere (validated by country polygon). | epi_taxo: acceptedName(match1); authorship_epig(match1); genus_from_scientificName; family_WFO; order_majorGroup_WCVP [2026-03-11] | CoordinateCleaner QA applied without sea test (validity, equal, zeros, capitals, centroids, gbif, institutions) [2026-04-14] | Corrected elevation values >5000 m by dividing by 10 (assumed digit inflation error) [2026-04-14]","standardize taxonRank column to uppercase / standardized author names in recordedBy","species","Herb","David N. Smith Alfredo Gonzales D. Maldonado"
"481","CPUN2025_0481","PreservedSpecimen","",NA,"CPUN","SPECIES",NA,"Smith, D.N. | Sanchez, L. | Vidaurre, H.","9129",NA,"Herb",NA,"CPUN2025",1,"Peperomia hartwegiana",-8.983333333,-77.56666667,"1985-01-12","change1: Parsed DMS/DDM latitude → decimal degrees. | change2: Parsed DMS/DDM longitude → decimal degrees. | change3: Corrected longitude sign for Western Hemisphere (made negative). | change4: Filled coordinateUncertaintyInMeters from decimal-place precision (conservative). | change5: Corrected latitude sign for Southern Hemisphere (validated by country polygon). | epi_taxo: acceptedName(match1); authorship_epig(match1); genus_from_scientificName; family_WFO; order_majorGroup_WCVP [2026-03-11] | CoordinateCleaner QA applied without sea test (validity, equal, zeros, capitals, centroids, gbif, institutions) [2026-04-14] | Corrected elevation values >5000 m by dividing by 10 (assumed digit inflation error) [2026-04-14]","standardize taxonRank column to uppercase / standardized author names in recordedBy","species","Herb","David N. Smith L. Sánchez H. Vidaurre"
"482","CPUN2025_0482","PreservedSpecimen","",NA,"CPUN","SPECIES",NA,"Smith, D.N. | Valencia, R. | Buddensiek, M. | Gonzales, A.","12367",NA,"",NA,"CPUN2025",1,"Peperomia hartwegiana",-9.45,-77.25,"1986-05-08","change1: Parsed DMS/DDM latitude → decimal degrees. | change2: Parsed DMS/DDM longitude → decimal degrees. | change3: Corrected longitude sign for Western Hemisphere (made negative). | change4: Filled coordinateUncertaintyInMeters from decimal-place precision (conservative). | change5: Corrected latitude sign for Southern Hemisphere (validated by country polygon). | epi_taxo: acceptedName(match1); authorship_epig(match1); genus_from_scientificName; family_WFO; order_majorGroup_WCVP [2026-03-11] | CoordinateCleaner QA applied without sea test (validity, equal, zeros, capitals, centroids, gbif, institutions) [2026-04-14] | Corrected elevation values >5000 m by dividing by 10 (assumed digit inflation error) [2026-04-14]","standardize taxonRank column to uppercase / standardized author names in recordedBy","species","","David N. Smith Rene Valencia M. Buddensiek A. Gonzáles"
"483","CPUN2025_0483","PreservedSpecimen","",NA,"CPUN","SPECIES",NA,"Sanchez-Vega, I.M. | Dillon, M.O. | Iberico-Vela, G.","11191",NA,"",NA,"CPUN2025",1,"Peperomia hartwegiana",-7.066666667,-77.81666667,"2001-11-11","change1: Parsed DMS/DDM latitude → decimal degrees. | change2: Parsed DMS/DDM longitude → decimal degrees. | change3: Corrected longitude sign for Western Hemisphere (made negative). | change4: Filled coordinateUncertaintyInMeters from decimal-place precision (conservative). | change5: Corrected latitude sign for Southern Hemisphere (validated by country polygon). | epi_taxo: acceptedName(match1); authorship_epig(match1); genus_from_scientificName; family_WFO; order_majorGroup_WCVP [2026-03-11] | CoordinateCleaner QA applied without sea test (validity, equal, zeros, capitals, centroids, gbif, institutions) [2026-04-14] | Corrected elevation values >5000 m by dividing by 10 (assumed digit inflation error) [2026-04-14]","standardize taxonRank column to uppercase / standardized author names in recordedBy","species","","Isidoro Manuel Sánchez Vega M. O. Dillon Gustavo Iberico Vela"
"484","CPUN2025_0484","PreservedSpecimen","",NA,"CPUN","SPECIES",NA,"Sanchez-Vega, I.M. | Cabanillas-Soriano, J.M. | Sanchez-Montoya, M. | Cabanillas-Medina, J.M.","12061",NA,"",NA,"CPUN2025",1,"Peperomia hartwegiana",NA,NA,"2003-06-20","epi_taxo: acceptedName(match1); authorship_epig(match1); genus_from_scientificName; family_WFO; order_majorGroup_WCVP [2026-03-11] | CoordinateCleaner QA applied without sea test (validity, equal, zeros, capitals, centroids, gbif, institutions) [2026-04-14] | Corrected elevation values >5000 m by dividing by 10 (assumed digit inflation error) [2026-04-14]","standardize taxonRank column to uppercase / standardized author names in recordedBy","species","","Isidoro Manuel Sánchez Vega José Manuel Cabanillas Soriano Manuel Sánchez Montoya José Manuel Cabanillas Medina"
"485","CPUN2025_0485","PreservedSpecimen","",NA,"CPUN","SPECIES",NA,"Sanchez-Vega, I.M. | Diaz-Miranda, W.","12548",NA,"",NA,"CPUN2025",1,"Peperomia hartwegiana",NA,-78.6775,"2004-02-25","change1: Parsed DMS/DDM longitude → decimal degrees. | change2: Corrected longitude sign for Western Hemisphere (made negative). | epi_taxo: acceptedName(match1); authorship_epig(match1); genus_from_scientificName; family_WFO; order_majorGroup_WCVP [2026-03-11] | CoordinateCleaner QA applied without sea test (validity, equal, zeros, capitals, centroids, gbif, institutions) [2026-04-14] | Corrected elevation values >5000 m by dividing by 10 (assumed digit inflation error) [2026-04-14]","standardize taxonRank column to uppercase / standardized author names in recordedBy","species","","Isidoro Manuel Sánchez Vega Wilson Díaz Miranda"
"486","CPUN2025_0486","PreservedSpecimen","",NA,"CPUN","SPECIES",NA,"Sanchez-Vega, I.M. | Dillon, M.O. | Iberico-Vela, G.","11155",NA,"",NA,"CPUN2025",1,"Peperomia hartwegiana",-7.066666667,-77.81666667,"2001-11-09","change1: Parsed DMS/DDM latitude → decimal degrees. | change2: Parsed DMS/DDM longitude → decimal degrees. | change3: Corrected longitude sign for Western Hemisphere (made negative). | change4: Filled coordinateUncertaintyInMeters from decimal-place precision (conservative). | change5: Corrected latitude sign for Southern Hemisphere (validated by country polygon). | epi_taxo: acceptedName(match1); authorship_epig(match1); genus_from_scientificName; family_WFO; order_majorGroup_WCVP [2026-03-11] | CoordinateCleaner QA applied without sea test (validity, equal, zeros, capitals, centroids, gbif, institutions) [2026-04-14] | Corrected elevation values >5000 m by dividing by 10 (assumed digit inflation error) [2026-04-14]","standardize taxonRank column to uppercase / standardized author names in recordedBy","species","","Isidoro Manuel Sánchez Vega M. O. Dillon Gustavo Iberico Vela"
"487","CPUN2025_0487","PreservedSpecimen","",NA,"CPUN","SPECIES",NA,"Cabanillas-Soriano, J.M.","1834",NA,"",NA,"CPUN2025",1,"Peperomia hartwegiana",NA,NA,"2008-03-19","epi_taxo: acceptedName(match1); authorship_epig(match1); genus_from_scientificName; family_WFO; order_majorGroup_WCVP [2026-03-11] | CoordinateCleaner QA applied without sea test (validity, equal, zeros, capitals, centroids, gbif, institutions) [2026-04-14] | Corrected elevation values >5000 m by dividing by 10 (assumed digit inflation error) [2026-04-14]","standardize taxonRank column to uppercase / standardized author names in recordedBy","species","","José M. Cabanillas Soriano"
"488","CPUN2025_0488","PreservedSpecimen","",NA,"CPUN","SPECIES",NA,"Sanchez-Vega, I.M. | Iberico-Vela, G. | Sanchez-Montoya, M.","11542",NA,"",NA,"CPUN2025",1,"Peperomia hartwegiana",-6.868888889,-78.87555556,"2002-08-08","change1: Parsed DMS/DDM latitude → decimal degrees. | change2: Parsed DMS/DDM longitude → decimal degrees. | change3: Corrected longitude sign for Western Hemisphere (made negative). | change4: Filled coordinateUncertaintyInMeters from decimal-place precision (conservative). | change5: Corrected latitude sign for Southern Hemisphere (validated by country polygon). | epi_taxo: acceptedName(match1); authorship_epig(match1); genus_from_scientificName; family_WFO; order_majorGroup_WCVP [2026-03-11] | CoordinateCleaner QA applied without sea test (validity, equal, zeros, capitals, centroids, gbif, institutions) [2026-04-14] | Corrected elevation values >5000 m by dividing by 10 (assumed digit inflation error) [2026-04-14]","standardize taxonRank column to uppercase / standardized author names in recordedBy","species","","Isidoro Manuel Sánchez Vega Gustavo Iberico Vela Manuel Sánchez Montoya"
"489","CPUN2025_0489","PreservedSpecimen","",NA,"CPUN","SPECIES",NA,"Sanchez-Vega, I.M. | Cueva-Rodriguez, R.J.","14883",NA,"",NA,"CPUN2025",1,"Peperomia hartwegiana",6.766666667,NA,"2012-05-24","change1: Parsed DMS/DDM latitude → decimal degrees. | change2: Filled coordinateUncertaintyInMeters from decimal-place precision (conservative). | epi_taxo: acceptedName(match1); authorship_epig(match1); genus_from_scientificName; family_WFO; order_majorGroup_WCVP [2026-03-11] | CoordinateCleaner QA applied without sea test (validity, equal, zeros, capitals, centroids, gbif, institutions) [2026-04-14] | Corrected elevation values >5000 m by dividing by 10 (assumed digit inflation error) [2026-04-14]","standardize taxonRank column to uppercase / standardized author names in recordedBy","species","","Isidoro Manuel Sánchez Vega Roger Javier Cueva Robriguez"
"490","CPUN2025_0490","PreservedSpecimen","",NA,"CPUN","SPECIES",NA,"Sanchez-Vega, I.M. | Sanchez-Montoya, M.","10890",NA,"",NA,"CPUN2025",1,"Peperomia hartwegiana",NA,NA,"2001-08-11","epi_taxo: acceptedName(match1); authorship_epig(match1); genus_from_scientificName; family_WFO; order_majorGroup_WCVP [2026-03-11] | CoordinateCleaner QA applied without sea test (validity, equal, zeros, capitals, centroids, gbif, institutions) [2026-04-14] | Corrected elevation values >5000 m by dividing by 10 (assumed digit inflation error) [2026-04-14]","standardize taxonRank column to uppercase / standardized author names in recordedBy","species","","Isidoro Manuel Sánchez Vega Manuel Sánchez Montoya"
"491","CPUN2025_0491","PreservedSpecimen","",NA,"CPUN","SPECIES",NA,"Sanchez-Vega, I.M. | Iberico-Vela, G. | Sanchez-Montoya, M.","10486",NA,"",NA,"CPUN2025",1,"Peperomia hartwegiana",NA,NA,"2001-04-20","epi_taxo: acceptedName(match1); authorship_epig(match1); genus_from_scientificName; family_WFO; order_majorGroup_WCVP [2026-03-11] | CoordinateCleaner QA applied without sea test (validity, equal, zeros, capitals, centroids, gbif, institutions) [2026-04-14] | Corrected elevation values >5000 m by dividing by 10 (assumed digit inflation error) [2026-04-14]","standardize taxonRank column to uppercase / standardized author names in recordedBy","species","","Isidoro Manuel Sánchez Vega Gustavo Iberico Vela Manuel Sánchez Montoya"
"492","CPUN2025_0492","PreservedSpecimen","",NA,"CPUN","SPECIES",NA,"Sanchez-Vega, I.M. | Cabanillas-Soriano, J.M. | Sanchez-Montoya, M.","10454",NA,"Herb",NA,"CPUN2025",1,"Peperomia hartwegiana",NA,NA,"2001-04-09","epi_taxo: acceptedName(match1); authorship_epig(match1); genus_from_scientificName; family_WFO; order_majorGroup_WCVP [2026-03-11] | CoordinateCleaner QA applied without sea test (validity, equal, zeros, capitals, centroids, gbif, institutions) [2026-04-14] | Corrected elevation values >5000 m by dividing by 10 (assumed digit inflation error) [2026-04-14]","standardize taxonRank column to uppercase / standardized author names in recordedBy","species","Herb","Isidoro Manuel Sánchez Vega José Manuel Cabanillas Soriano Manuel Sánchez Montoya"
"493","CPUN2025_0493","PreservedSpecimen","",NA,"CPUN","SPECIES",NA,"Garcia-P, Jose","1564",NA,"Herb",NA,"CPUN2025",1,"Peperomia hispidula",NA,NA,"1981-11-20","epi_taxo: acceptedName(match1); authorship_epig(match1); genus_from_scientificName; family_WFO; order_majorGroup_WCVP [2026-03-11] | CoordinateCleaner QA applied without sea test (validity, equal, zeros, capitals, centroids, gbif, institutions) [2026-04-14] | Corrected elevation values >5000 m by dividing by 10 (assumed digit inflation error) [2026-04-14]","standardize taxonRank column to uppercase / standardized author names in recordedBy","species","Herb","José García P."
"494","CPUN2025_0494","PreservedSpecimen","",NA,"CPUN","SPECIES",NA,"Sanchez-Vega, I.M. | Dillon, M.O.","8515",NA,"E",NA,"CPUN2025",1,"Peperomia macrostachya",-6.033333333,-77.05,"1996-11-05","change1: Parsed DMS/DDM latitude → decimal degrees. | change2: Parsed DMS/DDM longitude → decimal degrees. | change3: Corrected longitude sign for Western Hemisphere (made negative). | change4: Filled coordinateUncertaintyInMeters from decimal-place precision (conservative). | change5: Corrected latitude sign for Southern Hemisphere (validated by country polygon). | epi_taxo: acceptedName(match1); authorship_epig(match1); genus_from_scientificName; family_WFO; order_majorGroup_WCVP [2026-03-11] | CoordinateCleaner QA applied without sea test (validity, equal, zeros, capitals, centroids, gbif, institutions) [2026-04-14] | Corrected elevation values >5000 m by dividing by 10 (assumed digit inflation error) [2026-04-14]","standardize taxonRank column to uppercase / standardized author names in recordedBy","species","E","Isidoro Manuel Sánchez Vega M. O. Dillon"
"495","CPUN2025_0495","PreservedSpecimen","",NA,"CPUN","SPECIES",NA,"Smith, D.N. | Gonzales, A. | Maldonado, D.","12536",NA,"Herb",NA,"CPUN2025",1,"Peperomia microphylla",-9.116666667,-77.26666667,"1986-06-12","change1: Parsed DMS/DDM latitude → decimal degrees. | change2: Parsed DMS/DDM longitude → decimal degrees. | change3: Corrected longitude sign for Western Hemisphere (made negative). | change4: Filled coordinateUncertaintyInMeters from decimal-place precision (conservative). | change5: Corrected latitude sign for Southern Hemisphere (validated by country polygon). | epi_taxo: acceptedName(match1); authorship_epig(match1); genus_from_scientificName; family_WFO; order_majorGroup_WCVP [2026-03-11] | CoordinateCleaner QA applied without sea test (validity, equal, zeros, capitals, centroids, gbif, institutions) [2026-04-14] | Corrected elevation values >5000 m by dividing by 10 (assumed digit inflation error) [2026-04-14]","standardize taxonRank column to uppercase / standardized author names in recordedBy","species","Herb","David N. Smith A. Gonzales D. Maldonado"
"496","CPUN2025_0496","PreservedSpecimen","",NA,"CPUN","SPECIES",NA,"Smith, D.N. | Goodwin, K.","8803",NA,"Herb",NA,"CPUN2025",1,"Peperomia microphylla",-9.083333333,-77.68333333,"1984-12-30","change1: Parsed DMS/DDM latitude → decimal degrees. | change2: Parsed DMS/DDM longitude → decimal degrees. | change3: Corrected longitude sign for Western Hemisphere (made negative). | change4: Filled coordinateUncertaintyInMeters from decimal-place precision (conservative). | change5: Corrected latitude sign for Southern Hemisphere (validated by country polygon). | epi_taxo: acceptedName(match1); authorship_epig(match1); genus_from_scientificName; family_WFO; order_majorGroup_WCVP [2026-03-11] | CoordinateCleaner QA applied without sea test (validity, equal, zeros, capitals, centroids, gbif, institutions) [2026-04-14] | Corrected elevation values >5000 m by dividing by 10 (assumed digit inflation error) [2026-04-14]","standardize taxonRank column to uppercase / standardized author names in recordedBy","species","Herb","David N. Smith Kye Goodwin"
"497","CPUN2025_0497","PreservedSpecimen","",NA,"CPUN","SPECIES",NA,"Smith, D.N. | Sanchez, L. | Vidaurre, H.","9060",NA,"Herb",NA,"CPUN2025",1,"Peperomia microphylla",-9,-77.55,"1985-01-11","change1: Parsed DMS/DDM latitude → decimal degrees. | change2: Parsed DMS/DDM longitude → decimal degrees. | change3: Corrected longitude sign for Western Hemisphere (made negative). | change4: Filled coordinateUncertaintyInMeters from decimal-place precision (conservative). | change5: Corrected latitude sign for Southern Hemisphere (validated by country polygon). | epi_taxo: acceptedName(match1); authorship_epig(match1); genus_from_scientificName; family_WFO; order_majorGroup_WCVP [2026-03-11] | CoordinateCleaner QA applied without sea test (validity, equal, zeros, capitals, centroids, gbif, institutions) [2026-04-14] | Corrected elevation values >5000 m by dividing by 10 (assumed digit inflation error) [2026-04-14]","standardize taxonRank column to uppercase / standardized author names in recordedBy","species","Herb","David N. Smith L. Sánchez H. Vidaurre"
"498","CPUN2025_0498","PreservedSpecimen","",NA,"CPUN","SPECIES",NA,"Castillo, H. | Cochachin, E. | Castillo, S.","92",NA,"Herb",NA,"CPUN2025",1,"Peperomia microphylla",829258,-9159677,"2014-11-07","change1: Corrected longitude sign for Western Hemisphere (made negative). | change2: Filled coordinateUncertaintyInMeters from decimal-place precision (conservative). | epi_taxo: acceptedName(match1); authorship_epig(match1); genus_from_scientificName; family_WFO; order_majorGroup_WCVP [2026-03-11] | CoordinateCleaner QA applied without sea test (validity, equal, zeros, capitals, centroids, gbif, institutions) [2026-04-14] | Corrected elevation values >5000 m by dividing by 10 (assumed digit inflation error) [2026-04-14]","standardize taxonRank column to uppercase / standardized author names in recordedBy","species","Herb","H. Castillo E. Cochachin S. Castillo"
"499","CPUN2025_0499","PreservedSpecimen","",NA,"CPUN","SPECIES",NA,"Dillon, M.O. | Sanchez-Vega, I.M. | Guevara-Barreto, J.","6154",NA,"",NA,"CPUN2025",1,"Peperomia rotundata",-6.2,-78.76666667,"1990-11-04","change1: Parsed DMS/DDM latitude → decimal degrees. | change2: Parsed DMS/DDM longitude → decimal degrees. | change3: Corrected longitude sign for Western Hemisphere (made negative). | change4: Filled coordinateUncertaintyInMeters from decimal-place precision (conservative). | change5: Corrected latitude sign for Southern Hemisphere (validated by country polygon). | epi_taxo: acceptedName(match1); authorship_epig(match1); genus_from_scientificName; family_WFO; order_majorGroup_WCVP [2026-03-11] | CoordinateCleaner QA applied without sea test (validity, equal, zeros, capitals, centroids, gbif, institutions) [2026-04-14] | Corrected elevation values >5000 m by dividing by 10 (assumed digit inflation error) [2026-04-14]","standardize taxonRank column to uppercase / standardized author names in recordedBy","species","","Michael O. Dillon Isidoro Manuel Sánchez Vega José Guevara Barreto"
"500","CPUN2025_0500","PreservedSpecimen","",NA,"CPUN","SPECIES",NA,"Sanchez-Vega, I.M.","4419",NA,"E",NA,"CPUN2025",1,"Peperomia rotundata",-6.876388889,-79.11611111,"1987-05-08","change1: Parsed DMS/DDM latitude → decimal degrees. | change2: Parsed DMS/DDM longitude → decimal degrees. | change3: Corrected longitude sign for Western Hemisphere (made negative). | change4: Filled coordinateUncertaintyInMeters from decimal-place precision (conservative). | change5: Corrected latitude sign for Southern Hemisphere (validated by country polygon). | epi_taxo: acceptedName(match1); authorship_epig(match1); genus_from_scientificName; family_WFO; order_majorGroup_WCVP [2026-03-11] | CoordinateCleaner QA applied without sea test (validity, equal, zeros, capitals, centroids, gbif, institutions) [2026-04-14] | Corrected elevation values >5000 m by dividing by 10 (assumed digit inflation error) [2026-04-14]","standardize taxonRank column to uppercase / standardized author names in recordedBy","species","E","Isidoro Manuel Sánchez Vega"
"501","CPUN2025_0501","PreservedSpecimen","",NA,"CPUN","SPECIES",NA,"Sanchez-Vega, I.M. | Diaz-Miranda, W.","12533",NA,"",NA,"CPUN2025",1,"Peperomia rotundata",NA,NA,"2004-01-17","epi_taxo: acceptedName(match1); authorship_epig(match1); genus_from_scientificName; family_WFO; order_majorGroup_WCVP [2026-03-11] | CoordinateCleaner QA applied without sea test (validity, equal, zeros, capitals, centroids, gbif, institutions) [2026-04-14] | Corrected elevation values >5000 m by dividing by 10 (assumed digit inflation error) [2026-04-14]","standardize taxonRank column to uppercase / standardized author names in recordedBy","species","","Isidoro Manuel Sánchez Vega Wilson Díaz Miranda"
"502","CPUN2025_0502","PreservedSpecimen","",NA,"CPUN","SPECIES",NA,"Sanchez-Vega, I.M. | Sanchez-Vega, J.G. | Briones, A.","6108",NA,"",NA,"CPUN2025",1,"Peperomia rotundata",-7.254722222,-78.48138889,"1992-02-26","change1: Parsed DMS/DDM latitude → decimal degrees. | change2: Parsed DMS/DDM longitude → decimal degrees. | change3: Corrected longitude sign for Western Hemisphere (made negative). | change4: Filled coordinateUncertaintyInMeters from decimal-place precision (conservative). | change5: Corrected latitude sign for Southern Hemisphere (validated by country polygon). | epi_taxo: acceptedName(match1); authorship_epig(match1); genus_from_scientificName; family_WFO; order_majorGroup_WCVP [2026-03-11] | CoordinateCleaner QA applied without sea test (validity, equal, zeros, capitals, centroids, gbif, institutions) [2026-04-14] | Corrected elevation values >5000 m by dividing by 10 (assumed digit inflation error) [2026-04-14]","standardize taxonRank column to uppercase / standardized author names in recordedBy","species","","Isidoro Manuel Sánchez Vega José G. Sánchez Vega A. Briones"
"503","CPUN2025_0503","PreservedSpecimen","",NA,"CPUN","SPECIES",NA,"Smith, D.N. | Sanchez, L. | Vidaurre, H.","9040",NA,"Herb",NA,"CPUN2025",1,"Peperomia rotundata",-9,-77.55,"1985-01-11","change1: Parsed DMS/DDM latitude → decimal degrees. | change2: Parsed DMS/DDM longitude → decimal degrees. | change3: Corrected longitude sign for Western Hemisphere (made negative). | change4: Filled coordinateUncertaintyInMeters from decimal-place precision (conservative). | change5: Corrected latitude sign for Southern Hemisphere (validated by country polygon). | epi_taxo: acceptedName(match1); authorship_epig(match1); genus_from_scientificName; family_WFO; order_majorGroup_WCVP [2026-03-11] | CoordinateCleaner QA applied without sea test (validity, equal, zeros, capitals, centroids, gbif, institutions) [2026-04-14] | Corrected elevation values >5000 m by dividing by 10 (assumed digit inflation error) [2026-04-14]","standardize taxonRank column to uppercase / standardized author names in recordedBy","species","Herb","David N. Smith L. Sánchez H. Vidaurre"
"504","CPUN2025_0504","PreservedSpecimen","",NA,"CPUN","SPECIES",NA,"Smith, D.N. | Goodwin, K.","8805",NA,"Herb",NA,"CPUN2025",1,"Peperomia rotundata",-9.083333333,-77.68333333,"1984-12-30","change1: Parsed DMS/DDM latitude → decimal degrees. | change2: Parsed DMS/DDM longitude → decimal degrees. | change3: Corrected longitude sign for Western Hemisphere (made negative). | change4: Filled coordinateUncertaintyInMeters from decimal-place precision (conservative). | change5: Corrected latitude sign for Southern Hemisphere (validated by country polygon). | epi_taxo: acceptedName(match1); authorship_epig(match1); genus_from_scientificName; family_WFO; order_majorGroup_WCVP [2026-03-11] | CoordinateCleaner QA applied without sea test (validity, equal, zeros, capitals, centroids, gbif, institutions) [2026-04-14] | Corrected elevation values >5000 m by dividing by 10 (assumed digit inflation error) [2026-04-14]","standardize taxonRank column to uppercase / standardized author names in recordedBy","species","Herb","David N. Smith Kye Goodwin"
"505","CPUN2025_0505","PreservedSpecimen","",NA,"CPUN","SPECIES",NA,"Sanchez-Vega, I.M. | Linares, E. | Galan, A.","3245",NA,"Herb",NA,"CPUN2025",1,"Peperomia rotundata",NA,NA,"2013-05-23","epi_taxo: acceptedName(match1); authorship_epig(match1); genus_from_scientificName; family_WFO; order_majorGroup_WCVP [2026-03-11] | CoordinateCleaner QA applied without sea test (validity, equal, zeros, capitals, centroids, gbif, institutions) [2026-04-14] | Corrected elevation values >5000 m by dividing by 10 (assumed digit inflation error) [2026-04-14]","standardize taxonRank column to uppercase / standardized author names in recordedBy","species","Herb","Isidoro Manuel Sánchez Vega E. Linares A. Galán"
"506","CPUN2025_0506","PreservedSpecimen","",NA,"CPUN","SPECIES",NA,"Davila-E, Luis. | Iberico-Vela, G. | Chavez-Santa Cruz, A.","758",NA,"Herb",NA,"CPUN2025",1,"Peperomia rotundata",NA,NA,"2004-07-04","epi_taxo: acceptedName(match1); authorship_epig(match1); genus_from_scientificName; family_WFO; order_majorGroup_WCVP [2026-03-11] | CoordinateCleaner QA applied without sea test (validity, equal, zeros, capitals, centroids, gbif, institutions) [2026-04-14] | Corrected elevation values >5000 m by dividing by 10 (assumed digit inflation error) [2026-04-14]","standardize taxonRank column to uppercase / standardized author names in recordedBy","species","Herb","Luis Dávila E. Gustavo Iberico Vela A. Chávez Santa Cruz."
"507","CPUN2025_0507","PreservedSpecimen","",NA,"CPUN","SPECIES",NA,"Estela, M.A. | Lozano-B, D.E.O.","13",NA,"Herb",NA,"CPUN2025",1,"Peperomia rotundata",NA,NA,"1986-05-19","epi_taxo: acceptedName(match1); authorship_epig(match1); genus_from_scientificName; family_WFO; order_majorGroup_WCVP [2026-03-11] | CoordinateCleaner QA applied without sea test (validity, equal, zeros, capitals, centroids, gbif, institutions) [2026-04-14] | Corrected elevation values >5000 m by dividing by 10 (assumed digit inflation error) [2026-04-14]","standardize taxonRank column to uppercase / standardized author names in recordedBy","species","Herb","M. A. Estela D. E. O. Lozano B."
"508","CPUN2025_0508","PreservedSpecimen","",NA,"CPUN","SPECIES",NA,"Cabanillas-Soriano, J.M.","1672",NA,"",NA,"CPUN2025",1,"Peperomia rotundata",NA,NA,"2004-05-23","epi_taxo: acceptedName(match1); authorship_epig(match1); genus_from_scientificName; family_WFO; order_majorGroup_WCVP [2026-03-11] | CoordinateCleaner QA applied without sea test (validity, equal, zeros, capitals, centroids, gbif, institutions) [2026-04-14] | Corrected elevation values >5000 m by dividing by 10 (assumed digit inflation error) [2026-04-14]","standardize taxonRank column to uppercase / standardized author names in recordedBy","species","","Manuel Cabanillas Soriano"
"509","CPUN2025_0509","PreservedSpecimen","",NA,"CPUN","SPECIES",NA,"Sanchez-Vega, I.M. | Dillon, M.O.","8655",NA,"E",NA,"CPUN2025",1,"Peperomia rotundifolia",-5.8,-77.35,"1996-11-13","change1: Parsed DMS/DDM latitude → decimal degrees. | change2: Parsed DMS/DDM longitude → decimal degrees. | change3: Corrected longitude sign for Western Hemisphere (made negative). | change4: Filled coordinateUncertaintyInMeters from decimal-place precision (conservative). | change5: Corrected latitude sign for Southern Hemisphere (validated by country polygon). | epi_taxo: acceptedName(match1); authorship_epig(match1); genus_from_scientificName; family_WFO; order_majorGroup_WCVP [2026-03-11] | CoordinateCleaner QA applied without sea test (validity, equal, zeros, capitals, centroids, gbif, institutions) [2026-04-14] | Corrected elevation values >5000 m by dividing by 10 (assumed digit inflation error) [2026-04-14]","standardize taxonRank column to uppercase / standardized author names in recordedBy","species","E","Isidoro Manuel Sánchez Vega Michael O. Dillon"
"510","CPUN2025_0510","PreservedSpecimen","",NA,"CPUN","SPECIES",NA,"Sanchez-Vega, I.M. | Zapata-Cruz, M.","9144",NA,"",NA,"CPUN2025",1,"Peperomia rotundifolia",-6.183333333,-77.15,"1997-07-08","change1: Parsed DMS/DDM latitude → decimal degrees. | change2: Parsed DMS/DDM longitude → decimal degrees. | change3: Corrected longitude sign for Western Hemisphere (made negative). | change4: Filled coordinateUncertaintyInMeters from decimal-place precision (conservative). | change5: Corrected latitude sign for Southern Hemisphere (validated by country polygon). | epi_taxo: acceptedName(match1); authorship_epig(match1); genus_from_scientificName; family_WFO; order_majorGroup_WCVP [2026-03-11] | CoordinateCleaner QA applied without sea test (validity, equal, zeros, capitals, centroids, gbif, institutions) [2026-04-14] | Corrected elevation values >5000 m by dividing by 10 (assumed digit inflation error) [2026-04-14]","standardize taxonRank column to uppercase / standardized author names in recordedBy","species","","Isidoro Manuel Sánchez Vega M. Zapata"
"511","CPUN2025_0511","PreservedSpecimen","",NA,"CPUN","SPECIES",NA,"Sanchez-Vega, I.M. | Miranda-Leiva, A.","6277",NA,"Herb",NA,"CPUN2025",1,"Peperomia tetraphylla",-6.175833333,-78.8575,"1992-06-23","change1: Parsed DMS/DDM latitude → decimal degrees. | change2: Parsed DMS/DDM longitude → decimal degrees. | change3: Corrected longitude sign for Western Hemisphere (made negative). | change4: Filled coordinateUncertaintyInMeters from decimal-place precision (conservative). | change5: Corrected latitude sign for Southern Hemisphere (validated by country polygon). | epi_taxo: acceptedName(match1); authorship_epig(match1); genus_from_scientificName; family_WFO; order_majorGroup_WCVP [2026-03-11] | CoordinateCleaner QA applied without sea test (validity, equal, zeros, capitals, centroids, gbif, institutions) [2026-04-14] | Corrected elevation values >5000 m by dividing by 10 (assumed digit inflation error) [2026-04-14]","standardize taxonRank column to uppercase / standardized author names in recordedBy","species","Herb","Isidoro Manuel Sánchez Vega Alfonso Miranda Leiva"
"512","CPUN2025_0512","PreservedSpecimen","",NA,"CPUN","GENUS",NA,"Sanchez-Vega, I.M. | Dillon, M.O. | Sanchez-Montoya, M.","6335",NA,"Herb",NA,"CPUN2025",NA,"",-6.490277778,-78.62361111,"1993-04-17","change1: Genus placeholder (sp./spp.): moved to 'genus', set taxonRank=GENUS, cleared scientificName; kept original in verbatim. | change2: Parsed DMS/DDM latitude → decimal degrees. | change3: Parsed DMS/DDM longitude → decimal degrees. | change4: Corrected longitude sign for Western Hemisphere (made negative). | change5: Filled coordinateUncertaintyInMeters from decimal-place precision (conservative). | change6: Corrected latitude sign for Southern Hemisphere (validated by country polygon). | epi_taxo: acceptedName(match1); authorship_epig(match1); genus_from_scientificName; family_WFO; order_majorGroup_WCVP [2026-03-11] | CoordinateCleaner QA applied without sea test (validity, equal, zeros, capitals, centroids, gbif, institutions) [2026-04-14] | Corrected elevation values >5000 m by dividing by 10 (assumed digit inflation error) [2026-04-14]","standardized author names in recordedBy","GENUS","Herb","Isidoro Manuel Sánchez Vega M. O. Dillon Manuel Sánchez Montoya"
"513","CPUN2025_0513","PreservedSpecimen","",NA,"CPUN","GENUS",NA,"Sanchez-Vega, I.M. | Dillon, M.O. | Sanchez-Montoya, M.","6333",NA,"Herb",NA,"CPUN2025",NA,"",-6.490277778,-78.62361111,"1993-04-17","change1: Genus placeholder (sp./spp.): moved to 'genus', set taxonRank=GENUS, cleared scientificName; kept original in verbatim. | change2: Parsed DMS/DDM latitude → decimal degrees. | change3: Parsed DMS/DDM longitude → decimal degrees. | change4: Corrected longitude sign for Western Hemisphere (made negative). | change5: Filled coordinateUncertaintyInMeters from decimal-place precision (conservative). | change6: Corrected latitude sign for Southern Hemisphere (validated by country polygon). | epi_taxo: acceptedName(match1); authorship_epig(match1); genus_from_scientificName; family_WFO; order_majorGroup_WCVP [2026-03-11] | CoordinateCleaner QA applied without sea test (validity, equal, zeros, capitals, centroids, gbif, institutions) [2026-04-14] | Corrected elevation values >5000 m by dividing by 10 (assumed digit inflation error) [2026-04-14]","standardized author names in recordedBy","GENUS","Herb","Isidoro Manuel Sánchez Vega M. O. Dillon Manuel Sánchez Montoya"
"514","CPUN2025_0514","PreservedSpecimen","",NA,"CPUN","GENUS",NA,"Sanchez-Vega, I.M. | Miranda-Leiva, A.","6309",NA,"Herb",NA,"CPUN2025",NA,"",NA,NA,"1992-06-24","change1: Genus placeholder (sp./spp.): moved to 'genus', set taxonRank=GENUS, cleared scientificName; kept original in verbatim. | epi_taxo: acceptedName(match1); authorship_epig(match1); genus_from_scientificName; family_WFO; order_majorGroup_WCVP [2026-03-11] | CoordinateCleaner QA applied without sea test (validity, equal, zeros, capitals, centroids, gbif, institutions) [2026-04-14] | Corrected elevation values >5000 m by dividing by 10 (assumed digit inflation error) [2026-04-14]","standardized author names in recordedBy","GENUS","Herb","Isidoro Manuel Sánchez Vega A. Miranda"
"515","CPUN2025_0515","PreservedSpecimen","",NA,"CPUN","GENUS",NA,"Sanchez-Vega, I.M. | Sagastegui-Alva, A. | Guevara-Barreto, J.","5972",NA,"E",NA,"CPUN2025",NA,"",NA,NA,"1991-11-02","change1: Genus placeholder (sp./spp.): moved to 'genus', set taxonRank=GENUS, cleared scientificName; kept original in verbatim. | epi_taxo: acceptedName(match1); authorship_epig(match1); genus_from_scientificName; family_WFO; order_majorGroup_WCVP [2026-03-11] | CoordinateCleaner QA applied without sea test (validity, equal, zeros, capitals, centroids, gbif, institutions) [2026-04-14] | Corrected elevation values >5000 m by dividing by 10 (assumed digit inflation error) [2026-04-14]","standardized author names in recordedBy","GENUS","E","Isidoro Manuel Sánchez Vega A. Sagástegui J. Guevara B."
"516","CPUN2025_0516","PreservedSpecimen","",NA,"CPUN","GENUS",NA,"Davila-E, Luis. | Iberico-Vela, G. | Chavez-Santa Cruz, A.","883",NA,"Herb",NA,"CPUN2025",NA,"",NA,NA,"2004-07-25","change1: Genus placeholder (sp./spp.): moved to 'genus', set taxonRank=GENUS, cleared scientificName; kept original in verbatim. | epi_taxo: acceptedName(match1); authorship_epig(match1); genus_from_scientificName; family_WFO; order_majorGroup_WCVP [2026-03-11] | CoordinateCleaner QA applied without sea test (validity, equal, zeros, capitals, centroids, gbif, institutions) [2026-04-14] | Corrected elevation values >5000 m by dividing by 10 (assumed digit inflation error) [2026-04-14]","standardized author names in recordedBy","GENUS","Herb","Luis Dávila E. Gustavo Iberico Vela A. Chávez Santa Cruz."
"517","CPUN2025_0517","PreservedSpecimen","",NA,"CPUN","GENUS",NA,"Sanchez-Vega, I.M. | Dillon, M.O. | Zapata-Cruz, M.","9573",NA,"Herb",NA,"CPUN2025",NA,"",-6.166666667,-77.31666667,"1998-06-30","change1: Genus placeholder (sp./spp.): moved to 'genus', set taxonRank=GENUS, cleared scientificName; kept original in verbatim. | change2: Parsed DMS/DDM latitude → decimal degrees. | change3: Parsed DMS/DDM longitude → decimal degrees. | change4: Corrected longitude sign for Western Hemisphere (made negative). | change5: Filled coordinateUncertaintyInMeters from decimal-place precision (conservative). | change6: Corrected latitude sign for Southern Hemisphere (validated by country polygon). | epi_taxo: acceptedName(match1); authorship_epig(match1); genus_from_scientificName; family_WFO; order_majorGroup_WCVP [2026-03-11] | CoordinateCleaner QA applied without sea test (validity, equal, zeros, capitals, centroids, gbif, institutions) [2026-04-14] | Corrected elevation values >5000 m by dividing by 10 (assumed digit inflation error) [2026-04-14]","standardized author names in recordedBy","GENUS","Herb","Isidoro Manuel Sánchez Vega M. O. Dillon M. Zapata"
"518","CPUN2025_0518","PreservedSpecimen","",NA,"CPUN","GENUS",NA,"Young, K.","2538",NA,"",NA,"CPUN2025",NA,"",NA,NA,"1985-11-24","change1: Genus placeholder (sp./spp.): moved to 'genus', set taxonRank=GENUS, cleared scientificName; kept original in verbatim. | epi_taxo: acceptedName(match1); authorship_epig(match1); genus_from_scientificName; family_WFO; order_majorGroup_WCVP [2026-03-11] | CoordinateCleaner QA applied without sea test (validity, equal, zeros, capitals, centroids, gbif, institutions) [2026-04-14] | Corrected elevation values >5000 m by dividing by 10 (assumed digit inflation error) [2026-04-14]","standardized author names in recordedBy","GENUS","","Ken Young"
"519","CPUN2025_0519","PreservedSpecimen","",NA,"CPUN","GENUS",NA,"Young, K.","2268",NA,"",NA,"CPUN2025",NA,"",NA,NA,"1985-11-25","change1: Genus placeholder (sp./spp.): moved to 'genus', set taxonRank=GENUS, cleared scientificName; kept original in verbatim. | epi_taxo: acceptedName(match1); authorship_epig(match1); genus_from_scientificName; family_WFO; order_majorGroup_WCVP [2026-03-11] | CoordinateCleaner QA applied without sea test (validity, equal, zeros, capitals, centroids, gbif, institutions) [2026-04-14] | Corrected elevation values >5000 m by dividing by 10 (assumed digit inflation error) [2026-04-14]","standardized author names in recordedBy","GENUS","","Ken Young"
"520","CPUN2025_0520","PreservedSpecimen","",NA,"CPUN","GENUS",NA,"Young, K.","2327",NA,"Herb",NA,"CPUN2025",NA,"",NA,NA,"1985-11-25","change1: Genus placeholder (sp./spp.): moved to 'genus', set taxonRank=GENUS, cleared scientificName; kept original in verbatim. | epi_taxo: acceptedName(match1); authorship_epig(match1); genus_from_scientificName; family_WFO; order_majorGroup_WCVP [2026-03-11] | CoordinateCleaner QA applied without sea test (validity, equal, zeros, capitals, centroids, gbif, institutions) [2026-04-14] | Corrected elevation values >5000 m by dividing by 10 (assumed digit inflation error) [2026-04-14]","standardized author names in recordedBy","GENUS","Herb","Ken Young"
"521","CPUN2025_0521","PreservedSpecimen","",NA,"CPUN","GENUS",NA,"Leiva, S. | Chuna, P. | Cadle, J.","1226",NA,"Herb",NA,"CPUN2025",NA,"",NA,NA,"1994-08-01","change1: Genus placeholder (sp./spp.): moved to 'genus', set taxonRank=GENUS, cleared scientificName; kept original in verbatim. | epi_taxo: acceptedName(match1); authorship_epig(match1); genus_from_scientificName; family_WFO; order_majorGroup_WCVP [2026-03-11] | CoordinateCleaner QA applied without sea test (validity, equal, zeros, capitals, centroids, gbif, institutions) [2026-04-14] | Corrected elevation values >5000 m by dividing by 10 (assumed digit inflation error) [2026-04-14]","standardized author names in recordedBy","GENUS","Herb","S. Leiva P. Chuna J. Cadle"
"522","CPUN2025_0522","PreservedSpecimen","",NA,"CPUN","GENUS",NA,"Cabanillas-Soriano, M. | Sanchez-Vega, I.M. | Sanchez-Montoya, M. | Cabanillas-Medina, M.","1615",NA,"Herb",NA,"CPUN2025",NA,"",NA,NA,"2003-10-23","change1: Genus placeholder (sp./spp.): moved to 'genus', set taxonRank=GENUS, cleared scientificName; kept original in verbatim. | epi_taxo: acceptedName(match1); authorship_epig(match1); genus_from_scientificName; family_WFO; order_majorGroup_WCVP [2026-03-11] | CoordinateCleaner QA applied without sea test (validity, equal, zeros, capitals, centroids, gbif, institutions) [2026-04-14] | Corrected elevation values >5000 m by dividing by 10 (assumed digit inflation error) [2026-04-14]","standardized author names in recordedBy","GENUS","Herb","Manuel Cabanillas Soriano Isidoro Manuel Sánchez Vega Manuel Sánchez Montoya Manuel Cabanillas Medina"
"523","CPUN2025_0523","PreservedSpecimen","",NA,"CPUN","GENUS",NA,"Leiva, S. | Chuna, P. | Cadle, J.","1211",NA,"Herb",NA,"CPUN2025",NA,"",NA,NA,"1994-07-31","change1: Genus placeholder (sp./spp.): moved to 'genus', set taxonRank=GENUS, cleared scientificName; kept original in verbatim. | epi_taxo: acceptedName(match1); authorship_epig(match1); genus_from_scientificName; family_WFO; order_majorGroup_WCVP [2026-03-11] | CoordinateCleaner QA applied without sea test (validity, equal, zeros, capitals, centroids, gbif, institutions) [2026-04-14] | Corrected elevation values >5000 m by dividing by 10 (assumed digit inflation error) [2026-04-14]","standardized author names in recordedBy","GENUS","Herb","S. Leiva P. Chuna J. Cadle"
"524","CPUN2025_0524","PreservedSpecimen","",NA,"CPUN","GENUS",NA,"Sanchez-Vega, I.M. | Sagastegui-Alva, A. | Guevara-Barreto, J.","5885",NA,"Herb",NA,"CPUN2025",NA,"",NA,NA,"1991-11-02","change1: Genus placeholder (sp./spp.): moved to 'genus', set taxonRank=GENUS, cleared scientificName; kept original in verbatim. | epi_taxo: acceptedName(match1); authorship_epig(match1); genus_from_scientificName; family_WFO; order_majorGroup_WCVP [2026-03-11] | CoordinateCleaner QA applied without sea test (validity, equal, zeros, capitals, centroids, gbif, institutions) [2026-04-14] | Corrected elevation values >5000 m by dividing by 10 (assumed digit inflation error) [2026-04-14]","standardized author names in recordedBy","GENUS","Herb","Isidoro Manuel Sánchez Vega A. Sagástegui J. Guevara B."
"525","CPUN2025_0525","PreservedSpecimen","",NA,"CPUN","GENUS",NA,"Sanchez-Vega, I.M. | Sagastegui-Alva, A. | Guevara-Barreto, J.","5824",NA,"Herb",NA,"CPUN2025",NA,"",NA,NA,"1991-11-01","change1: Genus placeholder (sp./spp.): moved to 'genus', set taxonRank=GENUS, cleared scientificName; kept original in verbatim. | epi_taxo: acceptedName(match1); authorship_epig(match1); genus_from_scientificName; family_WFO; order_majorGroup_WCVP [2026-03-11] | CoordinateCleaner QA applied without sea test (validity, equal, zeros, capitals, centroids, gbif, institutions) [2026-04-14] | Corrected elevation values >5000 m by dividing by 10 (assumed digit inflation error) [2026-04-14]","standardized author names in recordedBy","GENUS","Herb","Isidoro Manuel Sánchez Vega A. Sagástegui J. Guevara B."
"526","CPUN2025_0526","PreservedSpecimen","",NA,"CPUN","GENUS",NA,"Emshwiller, E. | Sanchez-Vega, I.M.","849",NA,"",NA,"CPUN2025",NA,"",-6.224444444,-77.82416667,"1997-02-26","change1: Genus placeholder (sp./spp.): moved to 'genus', set taxonRank=GENUS, cleared scientificName; kept original in verbatim. | change2: Parsed DMS/DDM latitude → decimal degrees. | change3: Parsed DMS/DDM longitude → decimal degrees. | change4: Corrected longitude sign for Western Hemisphere (made negative). | change5: Filled coordinateUncertaintyInMeters from decimal-place precision (conservative). | change6: Corrected latitude sign for Southern Hemisphere (validated by country polygon). | epi_taxo: acceptedName(match1); authorship_epig(match1); genus_from_scientificName; family_WFO; order_majorGroup_WCVP [2026-03-11] | CoordinateCleaner QA applied without sea test (validity, equal, zeros, capitals, centroids, gbif, institutions) [2026-04-14] | Corrected elevation values >5000 m by dividing by 10 (assumed digit inflation error) [2026-04-14]","standardized author names in recordedBy","GENUS","","Eve Emshwiller Isidoro Manuel Sánchez Vega"
"527","CPUN2025_0527","PreservedSpecimen","",NA,"CPUN","GENUS",NA,"Sanchez-Vega, I.M. | Dillon, M.O. | Zapata-Cruz, M.","9509",NA,"E",NA,"CPUN2025",NA,"",-5.65,-77.65,"1998-06-25","change1: Genus placeholder (sp./spp.): moved to 'genus', set taxonRank=GENUS, cleared scientificName; kept original in verbatim. | change2: Parsed DMS/DDM latitude → decimal degrees. | change3: Parsed DMS/DDM longitude → decimal degrees. | change4: Corrected longitude sign for Western Hemisphere (made negative). | change5: Filled coordinateUncertaintyInMeters from decimal-place precision (conservative). | change6: Corrected latitude sign for Southern Hemisphere (validated by country polygon). | epi_taxo: acceptedName(match1); authorship_epig(match1); genus_from_scientificName; family_WFO; order_majorGroup_WCVP [2026-03-11] | CoordinateCleaner QA applied without sea test (validity, equal, zeros, capitals, centroids, gbif, institutions) [2026-04-14] | Corrected elevation values >5000 m by dividing by 10 (assumed digit inflation error) [2026-04-14]","standardized author names in recordedBy","GENUS","E","Isidoro Manuel Sánchez Vega M. O. Dillon M. Zapata"
"528","CPUN2025_0528","PreservedSpecimen","",NA,"CPUN","GENUS",NA,"Sanchez-Vega, I.M. | Dillon, M.O.","8104",NA,"E",NA,"CPUN2025",NA,"",NA,NA,"1995-07-18","change1: Genus placeholder (sp./spp.): moved to 'genus', set taxonRank=GENUS, cleared scientificName; kept original in verbatim. | epi_taxo: acceptedName(match1); authorship_epig(match1); genus_from_scientificName; family_WFO; order_majorGroup_WCVP [2026-03-11] | CoordinateCleaner QA applied without sea test (validity, equal, zeros, capitals, centroids, gbif, institutions) [2026-04-14] | Corrected elevation values >5000 m by dividing by 10 (assumed digit inflation error) [2026-04-14]","standardized author names in recordedBy","GENUS","E","Isidoro Manuel Sánchez Vega M. O. Dillon"
"529","CPUN2025_0529","PreservedSpecimen","",NA,"CPUN","GENUS",NA,"Sanchez-Vega, I.M. | Dillon, M.O.","8055",NA,"Herb",NA,"CPUN2025",NA,"",NA,NA,"1995-07-15","change1: Genus placeholder (sp./spp.): moved to 'genus', set taxonRank=GENUS, cleared scientificName; kept original in verbatim. | epi_taxo: acceptedName(match1); authorship_epig(match1); genus_from_scientificName; family_WFO; order_majorGroup_WCVP [2026-03-11] | CoordinateCleaner QA applied without sea test (validity, equal, zeros, capitals, centroids, gbif, institutions) [2026-04-14] | Corrected elevation values >5000 m by dividing by 10 (assumed digit inflation error) [2026-04-14]","standardized author names in recordedBy","GENUS","Herb","Isidoro Manuel Sánchez Vega M. O. Dillon"
"530","CPUN2025_0530","PreservedSpecimen","",NA,"CPUN","GENUS",NA,"Sanchez-Vega, I.M. | Correa, A. | Varas, M.","5241",NA,"Herb",NA,"CPUN2025",NA,"",NA,NA,"1990-05-02","change1: Genus placeholder (sp./spp.): moved to 'genus', set taxonRank=GENUS, cleared scientificName; kept original in verbatim. | epi_taxo: acceptedName(match1); authorship_epig(match1); genus_from_scientificName; family_WFO; order_majorGroup_WCVP [2026-03-11] | CoordinateCleaner QA applied without sea test (validity, equal, zeros, capitals, centroids, gbif, institutions) [2026-04-14] | Corrected elevation values >5000 m by dividing by 10 (assumed digit inflation error) [2026-04-14]","standardized author names in recordedBy","GENUS","Herb","Isidoro Manuel Sánchez Vega A. Correa M. Varas"
"531","CPUN2025_0531","PreservedSpecimen","",NA,"CPUN","SPECIES",NA,"Sanchez-Vega, I.M. | Dillon, M.O. | Zapata-Cruz, M.","9379",NA,"E",NA,"CPUN2025",3,"Hillia ulei",-5.633333333,-77.61666667,"1998-06-16","change1: Parsed DMS/DDM latitude → decimal degrees. | change2: Parsed DMS/DDM longitude → decimal degrees. | change3: Corrected longitude sign for Western Hemisphere (made negative). | change4: Filled coordinateUncertaintyInMeters from decimal-place precision (conservative). | change5: Corrected latitude sign for Southern Hemisphere (validated by country polygon). | epi_taxo: acceptedName(match1); authorship_epig(match1); genus_from_scientificName; family_WFO; order_majorGroup_WCVP [2026-03-11] | CoordinateCleaner QA applied without sea test (validity, equal, zeros, capitals, centroids, gbif, institutions) [2026-04-14] | Corrected elevation values >5000 m by dividing by 10 (assumed digit inflation error) [2026-04-14]","standardize taxonRank column to uppercase / standardized author names in recordedBy","species","E","I. Sánchez Vega Michael O. Dillon Mario Zapata Cruz"
"532","CPUN2025_0532","PreservedSpecimen","",NA,"CPUN","SPECIES",NA,"Sanchez-Vega, I.M. | Dillon, M.O.","9504",NA,"",NA,"CPUN2025",3,"Hillia ulei",-5.65,-77.63333333,"1998-06-24","change1: Parsed DMS/DDM latitude → decimal degrees. | change2: Parsed DMS/DDM longitude → decimal degrees. | change3: Corrected longitude sign for Western Hemisphere (made negative). | change4: Filled coordinateUncertaintyInMeters from decimal-place precision (conservative). | change5: Corrected latitude sign for Southern Hemisphere (validated by country polygon). | epi_taxo: acceptedName(match1); authorship_epig(match1); genus_from_scientificName; family_WFO; order_majorGroup_WCVP [2026-03-11] | CoordinateCleaner QA applied without sea test (validity, equal, zeros, capitals, centroids, gbif, institutions) [2026-04-14] | Corrected elevation values >5000 m by dividing by 10 (assumed digit inflation error) [2026-04-14]","standardize taxonRank column to uppercase / standardized author names in recordedBy","species","","I. Sánchez Vega M.O. Dillon"
"533","CPUN2025_0533","PreservedSpecimen","",NA,"CPUN","SPECIES",NA,"Vasquez-S, T. | Juarez-V, C. | Cruzado-S, A.","494",NA,"Shrub",NA,"CPUN2025",1,"Hillia parasitica",782177,-9270630,"2006-08-19","change1: Corrected longitude sign for Western Hemisphere (made negative). | change2: Filled coordinateUncertaintyInMeters from decimal-place precision (conservative). | epi_taxo: acceptedName(match1); authorship_epig(match1); genus_from_scientificName; family_WFO; order_majorGroup_WCVP [2026-03-11] | CoordinateCleaner QA applied without sea test (validity, equal, zeros, capitals, centroids, gbif, institutions) [2026-04-14] | Corrected elevation values >5000 m by dividing by 10 (assumed digit inflation error) [2026-04-14]","standardize taxonRank column to uppercase / converted lifeForm values to english equivalents / standardized author names in recordedBy","species","Arbusto","T. Vásquez S. C. Juárez V. A. Cruzado S."
"534","CPUN2025_0534","PreservedSpecimen","",NA,"CPUN","SPECIES",NA,"Sanchez-Vega, I.M. | Dillon, M.O.","8103",NA,"",NA,"CPUN2025",1,"Hillia ulei",-6.091111111,-77.22333333,"1995-07-18","change1: Parsed DMS/DDM latitude → decimal degrees. | change2: Parsed DMS/DDM longitude → decimal degrees. | change3: Corrected longitude sign for Western Hemisphere (made negative). | change4: Filled coordinateUncertaintyInMeters from decimal-place precision (conservative). | change5: Corrected latitude sign for Southern Hemisphere (validated by country polygon). | epi_taxo: acceptedName(match1); authorship_epig(match1); genus_from_scientificName; family_WFO; order_majorGroup_WCVP [2026-03-11] | CoordinateCleaner QA applied without sea test (validity, equal, zeros, capitals, centroids, gbif, institutions) [2026-04-14] | Corrected elevation values >5000 m by dividing by 10 (assumed digit inflation error) [2026-04-14]","standardize taxonRank column to uppercase / standardized author names in recordedBy","species","","I. Sánchez Vega M.O. Dillon"
"535","CPUN2025_0535","PreservedSpecimen","",NA,"CPUN","SPECIES",NA,"Sanchez-Vega, J.G.","317",NA,"",NA,"CPUN2025",1,"Hillia wurdackii",-6.218611111,-78.73611111,"1987-10-14","change1: Parsed DMS/DDM latitude → decimal degrees. | change2: Parsed DMS/DDM longitude → decimal degrees. | change3: Corrected longitude sign for Western Hemisphere (made negative). | change4: Filled coordinateUncertaintyInMeters from decimal-place precision (conservative). | change5: Corrected latitude sign for Southern Hemisphere (validated by country polygon). | epi_taxo: acceptedName(match1); authorship_epig(match1); genus_from_scientificName; family_WFO; order_majorGroup_WCVP [2026-03-11] | CoordinateCleaner QA applied without sea test (validity, equal, zeros, capitals, centroids, gbif, institutions) [2026-04-14] | Corrected elevation values >5000 m by dividing by 10 (assumed digit inflation error) [2026-04-14]","standardize taxonRank column to uppercase / standardized author names in recordedBy","species","","José G. Sánchez Vega"
"536","CPUN2025_0536","PreservedSpecimen","",NA,"CPUN","SPECIES",NA,"Sanchez-Vega, I.M. | Zapata-Cruz, M.","9137",NA,"E",NA,"CPUN2025",1,"Hawkesiophyton ochracea",NA,NA,"1997-07-07","epi_taxo: acceptedName(match1); authorship_epig(match1); genus_from_scientificName; family_WFO; order_majorGroup_WCVP [2026-03-11] | CoordinateCleaner QA applied without sea test (validity, equal, zeros, capitals, centroids, gbif, institutions) [2026-04-14] | Corrected elevation values >5000 m by dividing by 10 (assumed digit inflation error) [2026-04-14]","standardize taxonRank column to uppercase / standardized author names in recordedBy","species","E","Isidoro Manuel Sánchez Vega M. Zapata"
"537","CPUN2025_0537","PreservedSpecimen","",NA,"CPUN","SPECIES",NA,"Sanchez-Vega, I.M. | Dillon, M.O.","8398",NA,"E",NA,"CPUN2025",1,"Hawkesiophyton ochracea",-5.9,-77.35,"1996-11-01","change1: Parsed DMS/DDM latitude → decimal degrees. | change2: Parsed DMS/DDM longitude → decimal degrees. | change3: Corrected longitude sign for Western Hemisphere (made negative). | change4: Filled coordinateUncertaintyInMeters from decimal-place precision (conservative). | change5: Corrected latitude sign for Southern Hemisphere (validated by country polygon). | epi_taxo: acceptedName(match1); authorship_epig(match1); genus_from_scientificName; family_WFO; order_majorGroup_WCVP [2026-03-11] | CoordinateCleaner QA applied without sea test (validity, equal, zeros, capitals, centroids, gbif, institutions) [2026-04-14] | Corrected elevation values >5000 m by dividing by 10 (assumed digit inflation error) [2026-04-14]","standardize taxonRank column to uppercase / standardized author names in recordedBy","species","E","Isidoro Manuel Sánchez Vega M. O. Dillon"
"538","CPUN2025_0538","PreservedSpecimen","",NA,"CPUN","SPECIES",NA,"Sanchez-Vega, I.M. | Dillon, M.O.","8070",NA,"",NA,"CPUN2025",1,"Juanulloa parasitica",-6.087777778,-77.25777778,"1995-07-16","change1: Parsed DMS/DDM latitude → decimal degrees. | change2: Parsed DMS/DDM longitude → decimal degrees. | change3: Corrected longitude sign for Western Hemisphere (made negative). | change4: Filled coordinateUncertaintyInMeters from decimal-place precision (conservative). | change5: Corrected latitude sign for Southern Hemisphere (validated by country polygon). | epi_taxo: acceptedName(match1); authorship_epig(match1); genus_from_scientificName; family_WFO; order_majorGroup_WCVP [2026-03-11] | CoordinateCleaner QA applied without sea test (validity, equal, zeros, capitals, centroids, gbif, institutions) [2026-04-14] | Corrected elevation values >5000 m by dividing by 10 (assumed digit inflation error) [2026-04-14]","standardize taxonRank column to uppercase / standardized author names in recordedBy","species","","Isidoro Manuel Sánchez Vega Michael O. Dillon"
"539","CPUN2025_0539","PreservedSpecimen","",NA,"CPUN","SPECIES",NA,"Sanchez-Vega, I.M. | Dillon, M.O.","8490",NA,"",NA,"CPUN2025",1,"Juanulloa parasitica",-5.9,-77.38333333,"1996-11-03","change1: Parsed DMS/DDM latitude → decimal degrees. | change2: Parsed DMS/DDM longitude → decimal degrees. | change3: Corrected longitude sign for Western Hemisphere (made negative). | change4: Filled coordinateUncertaintyInMeters from decimal-place precision (conservative). | change5: Corrected latitude sign for Southern Hemisphere (validated by country polygon). | epi_taxo: acceptedName(match1); authorship_epig(match1); genus_from_scientificName; family_WFO; order_majorGroup_WCVP [2026-03-11] | CoordinateCleaner QA applied without sea test (validity, equal, zeros, capitals, centroids, gbif, institutions) [2026-04-14] | Corrected elevation values >5000 m by dividing by 10 (assumed digit inflation error) [2026-04-14]","standardize taxonRank column to uppercase / standardized author names in recordedBy","species","","Isidoro Manuel Sánchez Vega M. O. Dillon"
"540","CPUN2025_0540","PreservedSpecimen","",NA,"CPUN","SPECIES",NA,"Sanchez-Vega, I.M. | Dillon, M.O.","8320",NA,"E",NA,"CPUN2025",1,"Juanulloa parasitica",-6.133333333,-77.18333333,"1996-10-28","change1: Parsed DMS/DDM latitude → decimal degrees. | change2: Parsed DMS/DDM longitude → decimal degrees. | change3: Corrected longitude sign for Western Hemisphere (made negative). | change4: Filled coordinateUncertaintyInMeters from decimal-place precision (conservative). | change5: Corrected latitude sign for Southern Hemisphere (validated by country polygon). | epi_taxo: acceptedName(match1); authorship_epig(match1); genus_from_scientificName; family_WFO; order_majorGroup_WCVP [2026-03-11] | CoordinateCleaner QA applied without sea test (validity, equal, zeros, capitals, centroids, gbif, institutions) [2026-04-14] | Corrected elevation values >5000 m by dividing by 10 (assumed digit inflation error) [2026-04-14]","standardize taxonRank column to uppercase / standardized author names in recordedBy","species","E","Isidoro Manuel Sánchez Vega M. O. Dillon"
"541","CPUN2025_0541","PreservedSpecimen","",NA,"CPUN","SPECIES",NA,"Guerra-Lu, J.","",NA,"Shrub",NA,"CPUN2025",1,"Juanulloa parasitica",NA,NA,"1996-11-19","epi_taxo: acceptedName(match1); authorship_epig(match1); genus_from_scientificName; family_WFO; order_majorGroup_WCVP [2026-03-11] | CoordinateCleaner QA applied without sea test (validity, equal, zeros, capitals, centroids, gbif, institutions) [2026-04-14] | Corrected elevation values >5000 m by dividing by 10 (assumed digit inflation error) [2026-04-14]","standardize taxonRank column to uppercase / converted lifeForm values to english equivalents / standardized author names in recordedBy","species","Arbusto","José Guerra Lu"
"542","CPUN2025_0542","PreservedSpecimen","",NA,"CPUN","SPECIES",NA,"Sanchez-Vega, I.M.","4895",NA,"",NA,"CPUN2025",3,"Solanum americanum",-6.231388889,-78.71111111,"1989-06-25","change1: Parsed DMS/DDM latitude → decimal degrees. | change2: Parsed DMS/DDM longitude → decimal degrees. | change3: Corrected longitude sign for Western Hemisphere (made negative). | change4: Filled coordinateUncertaintyInMeters from decimal-place precision (conservative). | change5: Corrected latitude sign for Southern Hemisphere (validated by country polygon). | epi_taxo: acceptedName(match1); authorship_epig(match1); genus_from_scientificName; family_WFO; order_majorGroup_WCVP [2026-03-11] | CoordinateCleaner QA applied without sea test (validity, equal, zeros, capitals, centroids, gbif, institutions) [2026-04-14] | Corrected elevation values >5000 m by dividing by 10 (assumed digit inflation error) [2026-04-14]","standardize taxonRank column to uppercase / standardized author names in recordedBy","species","","Isidoro Manuel Sánchez Vega"
"543","CPUN2025_0543","PreservedSpecimen","",NA,"CPUN","SPECIES",NA,"Young, K.","3327",NA,"",NA,"CPUN2025",3,"Solanum americanum",NA,NA,"1986-05-23","epi_taxo: acceptedName(match1); authorship_epig(match1); genus_from_scientificName; family_WFO; order_majorGroup_WCVP [2026-03-11] | CoordinateCleaner QA applied without sea test (validity, equal, zeros, capitals, centroids, gbif, institutions) [2026-04-14] | Corrected elevation values >5000 m by dividing by 10 (assumed digit inflation error) [2026-04-14]","standardize taxonRank column to uppercase / standardized author names in recordedBy","species","","Ken Young"
"544","CPUN2025_0544","PreservedSpecimen","",NA,"CPUN","SPECIES",NA,"Sanchez-Vega, I.M. | Flores, W. | Leiva-Gonzalez, S.","5652",NA,"Herb",NA,"CPUN2025",1,"Pilea microphylla",-6.684722222,-78.51722222,"1991-05-02","change1: Parsed DMS/DDM latitude → decimal degrees. | change2: Parsed DMS/DDM longitude → decimal degrees. | change3: Corrected longitude sign for Western Hemisphere (made negative). | change4: Filled coordinateUncertaintyInMeters from decimal-place precision (conservative). | change5: Corrected latitude sign for Southern Hemisphere (validated by country polygon). | epi_taxo: acceptedName(match1); authorship_epig(match1); genus_from_scientificName; family_WFO; order_majorGroup_WCVP [2026-03-11] | CoordinateCleaner QA applied without sea test (validity, equal, zeros, capitals, centroids, gbif, institutions) [2026-04-14] | Corrected elevation values >5000 m by dividing by 10 (assumed digit inflation error) [2026-04-14]","standardize taxonRank column to uppercase / standardized author names in recordedBy","species","Herb","Isidoro Manuel Sánchez Vega W. Flores Segundo Leiva González"
