"","occurrenceID","basisOfRecord","typeStatus","associatedReferences","institutionCode","taxonRank","collectionCode","recordedBy","recordNumber","identifiedBy","lifeForm","datasetID","matchCodeEpig","matchedNameEpig","decimalLatitude","decimalLongitude","eventDate","changes","discardReason","verbatimidentifiedBy"
"1","PECS2025_0001","LivingSpecimen",NA,NA,NA,"GENUS",NA,NA,NA,"Clemente-Arenas, E.R. | Quispe, E.","E","bertelmann_h_2025_PECS",NA,"",-13.0962133733223,-71.6296463033316,"2025-04-15","change1: SPECIES rank but no valid binomial; kept scientificName=NA | change2: Normalized genus (removed indet; enforced capitalization) | change3: Degraded SPECIESâ†’GENUS (no valid binomial but genus present) | change4: Normalized genus (removed indet; enforced capitalization) | change5: Filled coordinateUncertaintyInMeters from decimal-place precision (conservative). | epi_taxo: acceptedName(match1); authorship_epig(match1); genus_from_scientificName; family_WFO; order_majorGroup_WCVP [2026-03-12] | CoordinateCleaner QA applied without sea test (validity, equal, zeros, capitals, centroids, gbif, institutions) [2026-03-29]","standardized author names in identifiedBy","Edith Rosario Clemente Arenas, Edison Quispe"
"2","PECS2025_0002","LivingSpecimen",NA,NA,NA,"SPECIES",NA,NA,NA,"Clemente-Arenas, E.R. | Quispe, E.","E","bertelmann_h_2025_PECS",1,"Elaphoglossum metallicum",-13.0962133733223,-71.6296463033316,"2025-04-15","change1: Normalized genus (removed indet; enforced capitalization) | change2: Normalized genus (removed indet; enforced capitalization) | change3: Filled coordinateUncertaintyInMeters from decimal-place precision (conservative). | epi_taxo: acceptedName(match1); authorship_epig(match1); genus_from_scientificName; family_WFO; order_majorGroup_WCVP [2026-03-12] | CoordinateCleaner QA applied without sea test (validity, equal, zeros, capitals, centroids, gbif, institutions) [2026-03-29]","standardized author names in identifiedBy","Edith Rosario Clemente Arenas, Edison Quispe"
"3","PECS2025_0003","LivingSpecimen",NA,NA,NA,"GENUS",NA,NA,NA,"Clemente-Arenas, E.R. | Quispe, E.","E","bertelmann_h_2025_PECS",NA,"",-13.0962133733223,-71.6296463033316,"2025-04-15","change1: SPECIES rank but no valid binomial; kept scientificName=NA | change2: Normalized genus (removed indet; enforced capitalization) | change3: Degraded SPECIESâ†’GENUS (no valid binomial but genus present) | change4: Normalized genus (removed indet; enforced capitalization) | change5: Filled coordinateUncertaintyInMeters from decimal-place precision (conservative). | epi_taxo: acceptedName(match1); authorship_epig(match1); genus_from_scientificName; family_WFO; order_majorGroup_WCVP [2026-03-12] | CoordinateCleaner QA applied without sea test (validity, equal, zeros, capitals, centroids, gbif, institutions) [2026-03-29]","standardized author names in identifiedBy","Edith Rosario Clemente Arenas, Edison Quispe"
"4","PECS2025_0004","LivingSpecimen",NA,NA,NA,"SPECIES",NA,NA,NA,"Clemente-Arenas, E.R. | Quispe, E.","E","bertelmann_h_2025_PECS",1,"Grammitis subsessilis",-13.0962133733223,-71.6296463033316,"2025-04-15","change1: Normalized genus (removed indet; enforced capitalization) | change2: Normalized genus (removed indet; enforced capitalization) | change3: Filled coordinateUncertaintyInMeters from decimal-place precision (conservative). | epi_taxo: acceptedName(match1); authorship_epig(match1); genus_from_scientificName; family_WFO; order_majorGroup_WCVP [2026-03-12] | CoordinateCleaner QA applied without sea test (validity, equal, zeros, capitals, centroids, gbif, institutions) [2026-03-29]","standardized author names in identifiedBy","Edith Rosario Clemente Arenas, Edison Quispe"
"5","PECS2025_0005","LivingSpecimen",NA,NA,NA,"GENUS",NA,NA,NA,"Clemente-Arenas, E.R. | Quispe, E.","E","bertelmann_h_2025_PECS",NA,"",-13.0962133733223,-71.6296463033316,"2025-04-15","change1: SPECIES rank but no valid binomial; kept scientificName=NA | change2: Normalized genus (removed indet; enforced capitalization) | change3: Degraded SPECIESâ†’GENUS (no valid binomial but genus present) | change4: Normalized genus (removed indet; enforced capitalization) | change5: Filled coordinateUncertaintyInMeters from decimal-place precision (conservative). | epi_taxo: acceptedName(match1); authorship_epig(match1); genus_from_scientificName; family_WFO; order_majorGroup_WCVP [2026-03-12] | CoordinateCleaner QA applied without sea test (validity, equal, zeros, capitals, centroids, gbif, institutions) [2026-03-29]","standardized author names in identifiedBy","Edith Rosario Clemente Arenas, Edison Quispe"
"6","PECS2025_0006","LivingSpecimen",NA,NA,NA,"SPECIES",NA,NA,NA,"Clemente-Arenas, E.R. | Quispe, E.","E","bertelmann_h_2025_PECS",1,"Elaphoglossum metallicum",-13.0962133733223,-71.6296463033316,"2025-04-15","change1: Normalized genus (removed indet; enforced capitalization) | change2: Normalized genus (removed indet; enforced capitalization) | change3: Filled coordinateUncertaintyInMeters from decimal-place precision (conservative). | epi_taxo: acceptedName(match1); authorship_epig(match1); genus_from_scientificName; family_WFO; order_majorGroup_WCVP [2026-03-12] | CoordinateCleaner QA applied without sea test (validity, equal, zeros, capitals, centroids, gbif, institutions) [2026-03-29]","standardized author names in identifiedBy","Edith Rosario Clemente Arenas, Edison Quispe"
"7","PECS2025_0007","LivingSpecimen",NA,NA,NA,"GENUS",NA,NA,NA,"Clemente-Arenas, E.R. | Quispe, E.","E","bertelmann_h_2025_PECS",NA,"",-13.0962133733223,-71.6296463033316,"2025-04-15","change1: SPECIES rank but no valid binomial; kept scientificName=NA | change2: Normalized genus (removed indet; enforced capitalization) | change3: Degraded SPECIESâ†’GENUS (no valid binomial but genus present) | change4: Normalized genus (removed indet; enforced capitalization) | change5: Filled coordinateUncertaintyInMeters from decimal-place precision (conservative). | epi_taxo: acceptedName(match1); authorship_epig(match1); genus_from_scientificName; family_WFO; order_majorGroup_WCVP [2026-03-12] | CoordinateCleaner QA applied without sea test (validity, equal, zeros, capitals, centroids, gbif, institutions) [2026-03-29]","standardized author names in identifiedBy","Edith Rosario Clemente Arenas, Edison Quispe"
"8","PECS2025_0008","LivingSpecimen",NA,NA,NA,"GENUS",NA,NA,NA,"Clemente-Arenas, E.R. | Quispe, E.","E","bertelmann_h_2025_PECS",NA,"",-13.0962133733223,-71.6296463033316,"2025-04-15","change1: SPECIES rank but no valid binomial; kept scientificName=NA | change2: Normalized genus (removed indet; enforced capitalization) | change3: Degraded SPECIESâ†’GENUS (no valid binomial but genus present) | change4: Normalized genus (removed indet; enforced capitalization) | change5: Filled coordinateUncertaintyInMeters from decimal-place precision (conservative). | epi_taxo: acceptedName(match1); authorship_epig(match1); genus_from_scientificName; family_WFO; order_majorGroup_WCVP [2026-03-12] | CoordinateCleaner QA applied without sea test (validity, equal, zeros, capitals, centroids, gbif, institutions) [2026-03-29]","standardized author names in identifiedBy","Edith Rosario Clemente Arenas, Edison Quispe"
"9","PECS2025_0009","LivingSpecimen",NA,NA,NA,"GENUS",NA,NA,NA,"Clemente-Arenas, E.R. | Quispe, E.","E","bertelmann_h_2025_PECS",NA,"",-13.0962133733223,-71.6296463033316,"2025-04-15","change1: SPECIES rank but no valid binomial; kept scientificName=NA | change2: Normalized genus (removed indet; enforced capitalization) | change3: Degraded SPECIESâ†’GENUS (no valid binomial but genus present) | change4: Normalized genus (removed indet; enforced capitalization) | change5: Filled coordinateUncertaintyInMeters from decimal-place precision (conservative). | epi_taxo: acceptedName(match1); authorship_epig(match1); genus_from_scientificName; family_WFO; order_majorGroup_WCVP [2026-03-12] | CoordinateCleaner QA applied without sea test (validity, equal, zeros, capitals, centroids, gbif, institutions) [2026-03-29]","standardized author names in identifiedBy","Edith Rosario Clemente Arenas, Edison Quispe"
"10","PECS2025_0010","LivingSpecimen",NA,NA,NA,"SPECIES",NA,NA,NA,"Clemente-Arenas, E.R. | Quispe, E.","E","bertelmann_h_2025_PECS",1,"Grammitis personata",-13.0962133733223,-71.6296463033316,"2025-04-15","change1: Normalized genus (removed indet; enforced capitalization) | change2: Normalized genus (removed indet; enforced capitalization) | change3: Filled coordinateUncertaintyInMeters from decimal-place precision (conservative). | epi_taxo: acceptedName(match1); authorship_epig(match1); genus_from_scientificName; family_WFO; order_majorGroup_WCVP [2026-03-12] | CoordinateCleaner QA applied without sea test (validity, equal, zeros, capitals, centroids, gbif, institutions) [2026-03-29]","standardized author names in identifiedBy","Edith Rosario Clemente Arenas, Edison Quispe"
"11","PECS2025_0011","LivingSpecimen",NA,NA,NA,"GENUS",NA,NA,NA,"Clemente-Arenas, E.R. | Quispe, E.","E","bertelmann_h_2025_PECS",NA,"",-13.0962133733223,-71.6296463033316,"2025-04-15","change1: SPECIES rank but no valid binomial; kept scientificName=NA | change2: Normalized genus (removed indet; enforced capitalization) | change3: Degraded SPECIESâ†’GENUS (no valid binomial but genus present) | change4: Normalized genus (removed indet; enforced capitalization) | change5: Filled coordinateUncertaintyInMeters from decimal-place precision (conservative). | epi_taxo: acceptedName(match1); authorship_epig(match1); genus_from_scientificName; family_WFO; order_majorGroup_WCVP [2026-03-12] | CoordinateCleaner QA applied without sea test (validity, equal, zeros, capitals, centroids, gbif, institutions) [2026-03-29]","standardized author names in identifiedBy","Edith Rosario Clemente Arenas, Edison Quispe"
"12","PECS2025_0012","LivingSpecimen",NA,NA,NA,"SPECIES",NA,NA,NA,"Clemente-Arenas, E.R. | Quispe, E.","E","bertelmann_h_2025_PECS",3,"Demosthenesia mandonii",-13.0962133733223,-71.6296463033316,"2025-04-15","change1: Normalized genus (removed indet; enforced capitalization) | change2: Normalized genus (removed indet; enforced capitalization) | change3: Filled coordinateUncertaintyInMeters from decimal-place precision (conservative). | epi_taxo: acceptedName(match1); authorship_epig(match1); genus_from_scientificName; family_WFO; order_majorGroup_WCVP [2026-03-12] | CoordinateCleaner QA applied without sea test (validity, equal, zeros, capitals, centroids, gbif, institutions) [2026-03-29]","standardized author names in identifiedBy","Edith Rosario Clemente Arenas, Edison Quispe"
"13","PECS2025_0013","LivingSpecimen",NA,NA,NA,"SPECIES",NA,NA,NA,"Clemente-Arenas, E.R. | Quispe, E.","E","bertelmann_h_2025_PECS",1,"Grammitis personata",-13.0962133733223,-71.6296463033316,"2025-04-15","change1: Normalized genus (removed indet; enforced capitalization) | change2: Normalized genus (removed indet; enforced capitalization) | change3: Filled coordinateUncertaintyInMeters from decimal-place precision (conservative). | epi_taxo: acceptedName(match1); authorship_epig(match1); genus_from_scientificName; family_WFO; order_majorGroup_WCVP [2026-03-12] | CoordinateCleaner QA applied without sea test (validity, equal, zeros, capitals, centroids, gbif, institutions) [2026-03-29]","standardized author names in identifiedBy","Edith Rosario Clemente Arenas, Edison Quispe"
"14","PECS2025_0014","LivingSpecimen",NA,NA,NA,"SPECIES",NA,NA,NA,"Clemente-Arenas, E.R. | Quispe, E.","E","bertelmann_h_2025_PECS",1,"Grammitis moniliformis",-13.0962133733223,-71.6296463033316,"2025-04-15","change1: Normalized genus (removed indet; enforced capitalization) | change2: Normalized genus (removed indet; enforced capitalization) | change3: Filled coordinateUncertaintyInMeters from decimal-place precision (conservative). | epi_taxo: acceptedName(match1); authorship_epig(match1); genus_from_scientificName; family_WFO; order_majorGroup_WCVP [2026-03-12] | CoordinateCleaner QA applied without sea test (validity, equal, zeros, capitals, centroids, gbif, institutions) [2026-03-29]","standardized author names in identifiedBy","Edith Rosario Clemente Arenas, Edison Quispe"
"15","PECS2025_0015","LivingSpecimen",NA,NA,NA,"GENUS",NA,NA,NA,"Clemente-Arenas, E.R. | Quispe, E.","E","bertelmann_h_2025_PECS",NA,"",-13.0962133733223,-71.6296463033316,"2025-04-15","change1: SPECIES rank but no valid binomial; kept scientificName=NA | change2: Normalized genus (removed indet; enforced capitalization) | change3: Degraded SPECIESâ†’GENUS (no valid binomial but genus present) | change4: Normalized genus (removed indet; enforced capitalization) | change5: Filled coordinateUncertaintyInMeters from decimal-place precision (conservative). | epi_taxo: acceptedName(match1); authorship_epig(match1); genus_from_scientificName; family_WFO; order_majorGroup_WCVP [2026-03-12] | CoordinateCleaner QA applied without sea test (validity, equal, zeros, capitals, centroids, gbif, institutions) [2026-03-29]","standardized author names in identifiedBy","Edith Rosario Clemente Arenas, Edison Quispe"
"16","PECS2025_0016","LivingSpecimen",NA,NA,NA,"SPECIES",NA,NA,NA,"Clemente-Arenas, E.R. | Quispe, E.","E","bertelmann_h_2025_PECS",3,"Eria coronaria",-13.0962133733223,-71.6296463033316,"2025-04-15","change1: Normalized genus (removed indet; enforced capitalization) | change2: Normalized genus (removed indet; enforced capitalization) | change3: Filled coordinateUncertaintyInMeters from decimal-place precision (conservative). | epi_taxo: acceptedName(match1); authorship_epig(match1); genus_from_scientificName; family_WFO; order_majorGroup_WCVP [2026-03-12] | CoordinateCleaner QA applied without sea test (validity, equal, zeros, capitals, centroids, gbif, institutions) [2026-03-29]","standardized author names in identifiedBy","Edith Rosario Clemente Arenas, Edison Quispe"
"17","PECS2025_0017","LivingSpecimen",NA,NA,NA,"GENUS",NA,NA,NA,"Clemente-Arenas, E.R. | Quispe, E.","E","bertelmann_h_2025_PECS",NA,"",-13.0962133733223,-71.6296463033316,"2025-04-15","change1: SPECIES rank but no valid binomial; kept scientificName=NA | change2: Normalized genus (removed indet; enforced capitalization) | change3: Degraded SPECIESâ†’GENUS (no valid binomial but genus present) | change4: Normalized genus (removed indet; enforced capitalization) | change5: Filled coordinateUncertaintyInMeters from decimal-place precision (conservative). | epi_taxo: acceptedName(match1); authorship_epig(match1); genus_from_scientificName; family_WFO; order_majorGroup_WCVP [2026-03-12] | CoordinateCleaner QA applied without sea test (validity, equal, zeros, capitals, centroids, gbif, institutions) [2026-03-29]","standardized author names in identifiedBy","Edith Rosario Clemente Arenas, Edison Quispe"
"18","PECS2025_0018","LivingSpecimen",NA,NA,NA,"SPECIES",NA,NA,NA,"Clemente-Arenas, E.R. | Quispe, E.","E","bertelmann_h_2025_PECS",1,"Grammitis moniliformis",-13.0962133733223,-71.6296463033316,"2025-04-15","change1: Normalized genus (removed indet; enforced capitalization) | change2: Normalized genus (removed indet; enforced capitalization) | change3: Filled coordinateUncertaintyInMeters from decimal-place precision (conservative). | epi_taxo: acceptedName(match1); authorship_epig(match1); genus_from_scientificName; family_WFO; order_majorGroup_WCVP [2026-03-12] | CoordinateCleaner QA applied without sea test (validity, equal, zeros, capitals, centroids, gbif, institutions) [2026-03-29]","standardized author names in identifiedBy","Edith Rosario Clemente Arenas, Edison Quispe"
"19","PECS2025_0019","LivingSpecimen",NA,NA,NA,"GENUS",NA,NA,NA,"Clemente-Arenas, E.R. | Quispe, E.","E","bertelmann_h_2025_PECS",NA,"",-13.0962133733223,-71.6296463033316,"2025-04-15","change1: SPECIES rank but no valid binomial; kept scientificName=NA | change2: Normalized genus (removed indet; enforced capitalization) | change3: Degraded SPECIESâ†’GENUS (no valid binomial but genus present) | change4: Normalized genus (removed indet; enforced capitalization) | change5: Filled coordinateUncertaintyInMeters from decimal-place precision (conservative). | epi_taxo: acceptedName(match1); authorship_epig(match1); genus_from_scientificName; family_WFO; order_majorGroup_WCVP [2026-03-12] | CoordinateCleaner QA applied without sea test (validity, equal, zeros, capitals, centroids, gbif, institutions) [2026-03-29]","standardized author names in identifiedBy","Edith Rosario Clemente Arenas, Edison Quispe"
"20","PECS2025_0020","LivingSpecimen",NA,NA,NA,"GENUS",NA,NA,NA,"Clemente-Arenas, E.R. | Quispe, E.","E","bertelmann_h_2025_PECS",NA,"",-13.0962133733223,-71.6296463033316,"2025-04-15","change1: SPECIES rank but no valid binomial; kept scientificName=NA | change2: Normalized genus (removed indet; enforced capitalization) | change3: Degraded SPECIESâ†’GENUS (no valid binomial but genus present) | change4: Normalized genus (removed indet; enforced capitalization) | change5: Filled coordinateUncertaintyInMeters from decimal-place precision (conservative). | epi_taxo: acceptedName(match1); authorship_epig(match1); genus_from_scientificName; family_WFO; order_majorGroup_WCVP [2026-03-12] | CoordinateCleaner QA applied without sea test (validity, equal, zeros, capitals, centroids, gbif, institutions) [2026-03-29]","standardized author names in identifiedBy","Edith Rosario Clemente Arenas, Edison Quispe"
"21","PECS2025_0021","LivingSpecimen",NA,NA,NA,"SPECIES",NA,NA,NA,"Clemente-Arenas, E.R. | Quispe, E.","E","bertelmann_h_2025_PECS",3,"Demosthenesia mandonii",-13.0962133733223,-71.6296463033316,"2025-04-15","change1: Normalized genus (removed indet; enforced capitalization) | change2: Normalized genus (removed indet; enforced capitalization) | change3: Filled coordinateUncertaintyInMeters from decimal-place precision (conservative). | epi_taxo: acceptedName(match1); authorship_epig(match1); genus_from_scientificName; family_WFO; order_majorGroup_WCVP [2026-03-12] | CoordinateCleaner QA applied without sea test (validity, equal, zeros, capitals, centroids, gbif, institutions) [2026-03-29]","standardized author names in identifiedBy","Edith Rosario Clemente Arenas, Edison Quispe"
"22","PECS2025_0022","LivingSpecimen",NA,NA,NA,"SPECIES",NA,NA,NA,"Clemente-Arenas, E.R. | Quispe, E.","E","bertelmann_h_2025_PECS",1,"Grammitis personata",-13.096083,-71.629892,"2025-04-15","change1: Normalized genus (removed indet; enforced capitalization) | change2: Normalized genus (removed indet; enforced capitalization) | change3: Filled coordinateUncertaintyInMeters from decimal-place precision (conservative). | epi_taxo: acceptedName(match1); authorship_epig(match1); genus_from_scientificName; family_WFO; order_majorGroup_WCVP [2026-03-12] | CoordinateCleaner QA applied without sea test (validity, equal, zeros, capitals, centroids, gbif, institutions) [2026-03-29]","standardized author names in identifiedBy","Edith Rosario Clemente Arenas, Edison Quispe"
"23","PECS2025_0023","LivingSpecimen",NA,NA,NA,"SPECIES",NA,NA,NA,"Clemente-Arenas, E.R. | Quispe, E.","E","bertelmann_h_2025_PECS",1,"Grammitis lanigera",-13.096083,-71.629892,"2025-04-15","change1: Normalized genus (removed indet; enforced capitalization) | change2: Normalized genus (removed indet; enforced capitalization) | change3: Filled coordinateUncertaintyInMeters from decimal-place precision (conservative). | epi_taxo: acceptedName(match1); authorship_epig(match1); genus_from_scientificName; family_WFO; order_majorGroup_WCVP [2026-03-12] | CoordinateCleaner QA applied without sea test (validity, equal, zeros, capitals, centroids, gbif, institutions) [2026-03-29]","standardized author names in identifiedBy","Edith Rosario Clemente Arenas, Edison Quispe"
"24","PECS2025_0024","LivingSpecimen",NA,NA,NA,"GENUS",NA,NA,NA,"Clemente-Arenas, E.R. | Quispe, E.","E","bertelmann_h_2025_PECS",NA,"",-13.096083,-71.629892,"2025-04-15","change1: SPECIES rank but no valid binomial; kept scientificName=NA | change2: Normalized genus (removed indet; enforced capitalization) | change3: Degraded SPECIESâ†’GENUS (no valid binomial but genus present) | change4: Normalized genus (removed indet; enforced capitalization) | change5: Filled coordinateUncertaintyInMeters from decimal-place precision (conservative). | epi_taxo: acceptedName(match1); authorship_epig(match1); genus_from_scientificName; family_WFO; order_majorGroup_WCVP [2026-03-12] | CoordinateCleaner QA applied without sea test (validity, equal, zeros, capitals, centroids, gbif, institutions) [2026-03-29]","standardized author names in identifiedBy","Edith Rosario Clemente Arenas, Edison Quispe"
"25","PECS2025_0025","LivingSpecimen",NA,NA,NA,"SPECIES",NA,NA,NA,"Clemente-Arenas, E.R. | Quispe, E.","E","bertelmann_h_2025_PECS",1,"Grammitis lanigera",-13.096083,-71.629892,"2025-04-15","change1: Normalized genus (removed indet; enforced capitalization) | change2: Normalized genus (removed indet; enforced capitalization) | change3: Filled coordinateUncertaintyInMeters from decimal-place precision (conservative). | epi_taxo: acceptedName(match1); authorship_epig(match1); genus_from_scientificName; family_WFO; order_majorGroup_WCVP [2026-03-12] | CoordinateCleaner QA applied without sea test (validity, equal, zeros, capitals, centroids, gbif, institutions) [2026-03-29]","standardized author names in identifiedBy","Edith Rosario Clemente Arenas, Edison Quispe"
"26","PECS2025_0026","LivingSpecimen",NA,NA,NA,"GENUS",NA,NA,NA,"Clemente-Arenas, E.R. | Quispe, E.","E","bertelmann_h_2025_PECS",NA,"",-13.096083,-71.629892,"2025-04-15","change1: SPECIES rank but no valid binomial; kept scientificName=NA | change2: Normalized genus (removed indet; enforced capitalization) | change3: Degraded SPECIESâ†’GENUS (no valid binomial but genus present) | change4: Normalized genus (removed indet; enforced capitalization) | change5: Filled coordinateUncertaintyInMeters from decimal-place precision (conservative). | epi_taxo: acceptedName(match1); authorship_epig(match1); genus_from_scientificName; family_WFO; order_majorGroup_WCVP [2026-03-12] | CoordinateCleaner QA applied without sea test (validity, equal, zeros, capitals, centroids, gbif, institutions) [2026-03-29]","standardized author names in identifiedBy","Edith Rosario Clemente Arenas, Edison Quispe"
"27","PECS2025_0027","LivingSpecimen",NA,NA,NA,"GENUS",NA,NA,NA,"Clemente-Arenas, E.R. | Quispe, E.","E","bertelmann_h_2025_PECS",NA,"",-13.096083,-71.629892,"2025-04-15","change1: SPECIES rank but no valid binomial; kept scientificName=NA | change2: Normalized genus (removed indet; enforced capitalization) | change3: Degraded SPECIESâ†’GENUS (no valid binomial but genus present) | change4: Normalized genus (removed indet; enforced capitalization) | change5: Filled coordinateUncertaintyInMeters from decimal-place precision (conservative). | epi_taxo: acceptedName(match1); authorship_epig(match1); genus_from_scientificName; family_WFO; order_majorGroup_WCVP [2026-03-12] | CoordinateCleaner QA applied without sea test (validity, equal, zeros, capitals, centroids, gbif, institutions) [2026-03-29]","standardized author names in identifiedBy","Edith Rosario Clemente Arenas, Edison Quispe"
"28","PECS2025_0028","LivingSpecimen",NA,NA,NA,"GENUS",NA,NA,NA,"Clemente-Arenas, E.R. | Quispe, E.","E","bertelmann_h_2025_PECS",NA,"",-13.096083,-71.629892,"2025-04-15","change1: SPECIES rank but no valid binomial; kept scientificName=NA | change2: Normalized genus (removed indet; enforced capitalization) | change3: Degraded SPECIESâ†’GENUS (no valid binomial but genus present) | change4: Normalized genus (removed indet; enforced capitalization) | change5: Filled coordinateUncertaintyInMeters from decimal-place precision (conservative). | epi_taxo: acceptedName(match1); authorship_epig(match1); genus_from_scientificName; family_WFO; order_majorGroup_WCVP [2026-03-12] | CoordinateCleaner QA applied without sea test (validity, equal, zeros, capitals, centroids, gbif, institutions) [2026-03-29]","standardized author names in identifiedBy","Edith Rosario Clemente Arenas, Edison Quispe"
"29","PECS2025_0029","LivingSpecimen",NA,NA,NA,"SPECIES",NA,NA,NA,"Clemente-Arenas, E.R. | Quispe, E.","E","bertelmann_h_2025_PECS",1,"Grammitis personata",-13.096083,-71.629892,"2025-04-15","change1: Normalized genus (removed indet; enforced capitalization) | change2: Normalized genus (removed indet; enforced capitalization) | change3: Filled coordinateUncertaintyInMeters from decimal-place precision (conservative). | epi_taxo: acceptedName(match1); authorship_epig(match1); genus_from_scientificName; family_WFO; order_majorGroup_WCVP [2026-03-12] | CoordinateCleaner QA applied without sea test (validity, equal, zeros, capitals, centroids, gbif, institutions) [2026-03-29]","standardized author names in identifiedBy","Edith Rosario Clemente Arenas, Edison Quispe"
"30","PECS2025_0030","LivingSpecimen",NA,NA,NA,"SPECIES",NA,NA,NA,"Clemente-Arenas, E.R. | Quispe, E.","E","bertelmann_h_2025_PECS",1,"Grammitis moniliformis",-13.096083,-71.629892,"2025-04-15","change1: Normalized genus (removed indet; enforced capitalization) | change2: Normalized genus (removed indet; enforced capitalization) | change3: Filled coordinateUncertaintyInMeters from decimal-place precision (conservative). | epi_taxo: acceptedName(match1); authorship_epig(match1); genus_from_scientificName; family_WFO; order_majorGroup_WCVP [2026-03-12] | CoordinateCleaner QA applied without sea test (validity, equal, zeros, capitals, centroids, gbif, institutions) [2026-03-29]","standardized author names in identifiedBy","Edith Rosario Clemente Arenas, Edison Quispe"
"31","PECS2025_0031","LivingSpecimen",NA,NA,NA,"SPECIES",NA,NA,NA,"Clemente-Arenas, E.R. | Quispe, E.","E","bertelmann_h_2025_PECS",1,"Elaphoglossum lingua",-13.096083,-71.629892,"2025-04-15","change1: Normalized genus (removed indet; enforced capitalization) | change2: Normalized genus (removed indet; enforced capitalization) | change3: Filled coordinateUncertaintyInMeters from decimal-place precision (conservative). | epi_taxo: acceptedName(match1); authorship_epig(match1); genus_from_scientificName; family_WFO; order_majorGroup_WCVP [2026-03-12] | CoordinateCleaner QA applied without sea test (validity, equal, zeros, capitals, centroids, gbif, institutions) [2026-03-29]","standardized author names in identifiedBy","Edith Rosario Clemente Arenas, Edison Quispe"
"32","PECS2025_0032","LivingSpecimen",NA,NA,NA,"GENUS",NA,NA,NA,"Clemente-Arenas, E.R. | Quispe, E.","E","bertelmann_h_2025_PECS",NA,"",-13.096083,-71.629892,"2025-04-15","change1: SPECIES rank but no valid binomial; kept scientificName=NA | change2: Normalized genus (removed indet; enforced capitalization) | change3: Degraded SPECIESâ†’GENUS (no valid binomial but genus present) | change4: Normalized genus (removed indet; enforced capitalization) | change5: Filled coordinateUncertaintyInMeters from decimal-place precision (conservative). | epi_taxo: acceptedName(match1); authorship_epig(match1); genus_from_scientificName; family_WFO; order_majorGroup_WCVP [2026-03-12] | CoordinateCleaner QA applied without sea test (validity, equal, zeros, capitals, centroids, gbif, institutions) [2026-03-29]","standardized author names in identifiedBy","Edith Rosario Clemente Arenas, Edison Quispe"
"33","PECS2025_0033","LivingSpecimen",NA,NA,NA,"GENUS",NA,NA,NA,"Clemente-Arenas, E.R. | Quispe, E.","E","bertelmann_h_2025_PECS",NA,"",-13.096083,-71.629892,"2025-04-15","change1: SPECIES rank but no valid binomial; kept scientificName=NA | change2: Normalized genus (removed indet; enforced capitalization) | change3: Degraded SPECIESâ†’GENUS (no valid binomial but genus present) | change4: Normalized genus (removed indet; enforced capitalization) | change5: Filled coordinateUncertaintyInMeters from decimal-place precision (conservative). | epi_taxo: acceptedName(match1); authorship_epig(match1); genus_from_scientificName; family_WFO; order_majorGroup_WCVP [2026-03-12] | CoordinateCleaner QA applied without sea test (validity, equal, zeros, capitals, centroids, gbif, institutions) [2026-03-29]","standardized author names in identifiedBy","Edith Rosario Clemente Arenas, Edison Quispe"
"34","PECS2025_0034","LivingSpecimen",NA,NA,NA,"SPECIES",NA,NA,NA,"Clemente-Arenas, E.R. | Quispe, E.","E","bertelmann_h_2025_PECS",1,"Grammitis personata",-13.096083,-71.629892,"2025-04-15","change1: Normalized genus (removed indet; enforced capitalization) | change2: Normalized genus (removed indet; enforced capitalization) | change3: Filled coordinateUncertaintyInMeters from decimal-place precision (conservative). | epi_taxo: acceptedName(match1); authorship_epig(match1); genus_from_scientificName; family_WFO; order_majorGroup_WCVP [2026-03-12] | CoordinateCleaner QA applied without sea test (validity, equal, zeros, capitals, centroids, gbif, institutions) [2026-03-29]","standardized author names in identifiedBy","Edith Rosario Clemente Arenas, Edison Quispe"
"35","PECS2025_0035","LivingSpecimen",NA,NA,NA,"GENUS",NA,NA,NA,"Clemente-Arenas, E.R. | Quispe, E.","E","bertelmann_h_2025_PECS",NA,"",-13.096083,-71.629892,"2025-04-15","change1: SPECIES rank but no valid binomial; kept scientificName=NA | change2: Normalized genus (removed indet; enforced capitalization) | change3: Degraded SPECIESâ†’GENUS (no valid binomial but genus present) | change4: Normalized genus (removed indet; enforced capitalization) | change5: Filled coordinateUncertaintyInMeters from decimal-place precision (conservative). | epi_taxo: acceptedName(match1); authorship_epig(match1); genus_from_scientificName; family_WFO; order_majorGroup_WCVP [2026-03-12] | CoordinateCleaner QA applied without sea test (validity, equal, zeros, capitals, centroids, gbif, institutions) [2026-03-29]","standardized author names in identifiedBy","Edith Rosario Clemente Arenas, Edison Quispe"
"36","PECS2025_0036","LivingSpecimen",NA,NA,NA,"SPECIES",NA,NA,NA,"Clemente-Arenas, E.R. | Quispe, E.","E","bertelmann_h_2025_PECS",3,"Demosthenesia mandonii",-13.096083,-71.629892,"2025-04-15","change1: Normalized genus (removed indet; enforced capitalization) | change2: Normalized genus (removed indet; enforced capitalization) | change3: Filled coordinateUncertaintyInMeters from decimal-place precision (conservative). | epi_taxo: acceptedName(match1); authorship_epig(match1); genus_from_scientificName; family_WFO; order_majorGroup_WCVP [2026-03-12] | CoordinateCleaner QA applied without sea test (validity, equal, zeros, capitals, centroids, gbif, institutions) [2026-03-29]","standardized author names in identifiedBy","Edith Rosario Clemente Arenas, Edison Quispe"
"37","PECS2025_0037","LivingSpecimen",NA,NA,NA,"SPECIES",NA,NA,NA,"Clemente-Arenas, E.R. | Quispe, E.","E","bertelmann_h_2025_PECS",1,"Elaphoglossum vulcanicum",-13.096083,-71.629892,"2025-04-15","change1: Normalized genus (removed indet; enforced capitalization) | change2: Normalized genus (removed indet; enforced capitalization) | change3: Filled coordinateUncertaintyInMeters from decimal-place precision (conservative). | epi_taxo: acceptedName(match1); authorship_epig(match1); genus_from_scientificName; family_WFO; order_majorGroup_WCVP [2026-03-12] | CoordinateCleaner QA applied without sea test (validity, equal, zeros, capitals, centroids, gbif, institutions) [2026-03-29]","standardized author names in identifiedBy","Edith Rosario Clemente Arenas, Edison Quispe"
"38","PECS2025_0038","LivingSpecimen",NA,NA,NA,"GENUS",NA,NA,NA,"Clemente-Arenas, E.R. | Quispe, E.","E","bertelmann_h_2025_PECS",NA,"",-13.096083,-71.629892,"2025-04-15","change1: SPECIES rank but no valid binomial; kept scientificName=NA | change2: Normalized genus (removed indet; enforced capitalization) | change3: Degraded SPECIESâ†’GENUS (no valid binomial but genus present) | change4: Normalized genus (removed indet; enforced capitalization) | change5: Filled coordinateUncertaintyInMeters from decimal-place precision (conservative). | epi_taxo: acceptedName(match1); authorship_epig(match1); genus_from_scientificName; family_WFO; order_majorGroup_WCVP [2026-03-12] | CoordinateCleaner QA applied without sea test (validity, equal, zeros, capitals, centroids, gbif, institutions) [2026-03-29]","standardized author names in identifiedBy","Edith Rosario Clemente Arenas, Edison Quispe"
"39","PECS2025_0039","LivingSpecimen",NA,NA,NA,"SPECIES",NA,NA,NA,"Clemente-Arenas, E.R. | Quispe, E.","E","bertelmann_h_2025_PECS",1,"Grammitis moniliformis",-13.096083,-71.629892,"2025-04-15","change1: Normalized genus (removed indet; enforced capitalization) | change2: Normalized genus (removed indet; enforced capitalization) | change3: Filled coordinateUncertaintyInMeters from decimal-place precision (conservative). | epi_taxo: acceptedName(match1); authorship_epig(match1); genus_from_scientificName; family_WFO; order_majorGroup_WCVP [2026-03-12] | CoordinateCleaner QA applied without sea test (validity, equal, zeros, capitals, centroids, gbif, institutions) [2026-03-29]","standardized author names in identifiedBy","Edith Rosario Clemente Arenas, Edison Quispe"
"40","PECS2025_0040","LivingSpecimen",NA,NA,NA,"GENUS",NA,NA,NA,"Clemente-Arenas, E.R. | Quispe, E.","E","bertelmann_h_2025_PECS",NA,"",-13.096083,-71.629892,"2025-04-15","change1: SPECIES rank but no valid binomial; kept scientificName=NA | change2: Normalized genus (removed indet; enforced capitalization) | change3: Degraded SPECIESâ†’GENUS (no valid binomial but genus present) | change4: Normalized genus (removed indet; enforced capitalization) | change5: Filled coordinateUncertaintyInMeters from decimal-place precision (conservative). | epi_taxo: acceptedName(match1); authorship_epig(match1); genus_from_scientificName; family_WFO; order_majorGroup_WCVP [2026-03-12] | CoordinateCleaner QA applied without sea test (validity, equal, zeros, capitals, centroids, gbif, institutions) [2026-03-29]","standardized author names in identifiedBy","Edith Rosario Clemente Arenas, Edison Quispe"
"41","PECS2025_0041","LivingSpecimen",NA,NA,NA,"SPECIES",NA,NA,NA,"Clemente-Arenas, E.R. | Quispe, E.","E","bertelmann_h_2025_PECS",3,"Demosthenesia mandonii",-13.096083,-71.629892,"2025-04-15","change1: Normalized genus (removed indet; enforced capitalization) | change2: Normalized genus (removed indet; enforced capitalization) | change3: Filled coordinateUncertaintyInMeters from decimal-place precision (conservative). | epi_taxo: acceptedName(match1); authorship_epig(match1); genus_from_scientificName; family_WFO; order_majorGroup_WCVP [2026-03-12] | CoordinateCleaner QA applied without sea test (validity, equal, zeros, capitals, centroids, gbif, institutions) [2026-03-29]","standardized author names in identifiedBy","Edith Rosario Clemente Arenas, Edison Quispe"
"42","PECS2025_0042","LivingSpecimen",NA,NA,NA,"SPECIES",NA,NA,NA,"Clemente-Arenas, E.R. | Quispe, E.","E","bertelmann_h_2025_PECS",1,"Elaphoglossum vulcanicum",-13.096083,-71.629892,"2025-04-15","change1: Normalized genus (removed indet; enforced capitalization) | change2: Normalized genus (removed indet; enforced capitalization) | change3: Filled coordinateUncertaintyInMeters from decimal-place precision (conservative). | epi_taxo: acceptedName(match1); authorship_epig(match1); genus_from_scientificName; family_WFO; order_majorGroup_WCVP [2026-03-12] | CoordinateCleaner QA applied without sea test (validity, equal, zeros, capitals, centroids, gbif, institutions) [2026-03-29]","standardized author names in identifiedBy","Edith Rosario Clemente Arenas, Edison Quispe"
"43","PECS2025_0043","LivingSpecimen",NA,NA,NA,"GENUS",NA,NA,NA,"Clemente-Arenas, E.R. | Quispe, E.","E","bertelmann_h_2025_PECS",NA,"",-13.096083,-71.629892,"2025-04-15","change1: SPECIES rank but no valid binomial; kept scientificName=NA | change2: Normalized genus (removed indet; enforced capitalization) | change3: Degraded SPECIESâ†’GENUS (no valid binomial but genus present) | change4: Normalized genus (removed indet; enforced capitalization) | change5: Filled coordinateUncertaintyInMeters from decimal-place precision (conservative). | epi_taxo: acceptedName(match1); authorship_epig(match1); genus_from_scientificName; family_WFO; order_majorGroup_WCVP [2026-03-12] | CoordinateCleaner QA applied without sea test (validity, equal, zeros, capitals, centroids, gbif, institutions) [2026-03-29]","standardized author names in identifiedBy","Edith Rosario Clemente Arenas, Edison Quispe"
"44","PECS2025_0044","LivingSpecimen",NA,NA,NA,"SPECIES",NA,NA,NA,"Clemente-Arenas, E.R. | Quispe, E.","E","bertelmann_h_2025_PECS",1,"Campyloneurum densifolium",-13.096083,-71.629892,"2025-04-15","change1: Normalized genus (removed indet; enforced capitalization) | change2: Normalized genus (removed indet; enforced capitalization) | change3: Filled coordinateUncertaintyInMeters from decimal-place precision (conservative). | epi_taxo: acceptedName(match1); authorship_epig(match1); genus_from_scientificName; family_WFO; order_majorGroup_WCVP [2026-03-12] | CoordinateCleaner QA applied without sea test (validity, equal, zeros, capitals, centroids, gbif, institutions) [2026-03-29]","standardized author names in identifiedBy","Edith Rosario Clemente Arenas, Edison Quispe"
"45","PECS2025_0045","LivingSpecimen",NA,NA,NA,"GENUS",NA,NA,NA,"Clemente-Arenas, E.R. | Quispe, E.","E","bertelmann_h_2025_PECS",NA,"",-13.096083,-71.629892,"2025-04-15","change1: SPECIES rank but no valid binomial; kept scientificName=NA | change2: Normalized genus (removed indet; enforced capitalization) | change3: Degraded SPECIESâ†’GENUS (no valid binomial but genus present) | change4: Normalized genus (removed indet; enforced capitalization) | change5: Filled coordinateUncertaintyInMeters from decimal-place precision (conservative). | epi_taxo: acceptedName(match1); authorship_epig(match1); genus_from_scientificName; family_WFO; order_majorGroup_WCVP [2026-03-12] | CoordinateCleaner QA applied without sea test (validity, equal, zeros, capitals, centroids, gbif, institutions) [2026-03-29]","standardized author names in identifiedBy","Edith Rosario Clemente Arenas, Edison Quispe"
"46","PECS2025_0046","LivingSpecimen",NA,NA,NA,"GENUS",NA,NA,NA,"Clemente-Arenas, E.R. | Quispe, E.","E","bertelmann_h_2025_PECS",NA,"",-13.096083,-71.629892,"2025-04-15","change1: SPECIES rank but no valid binomial; kept scientificName=NA | change2: Normalized genus (removed indet; enforced capitalization) | change3: Degraded SPECIESâ†’GENUS (no valid binomial but genus present) | change4: Normalized genus (removed indet; enforced capitalization) | change5: Filled coordinateUncertaintyInMeters from decimal-place precision (conservative). | epi_taxo: acceptedName(match1); authorship_epig(match1); genus_from_scientificName; family_WFO; order_majorGroup_WCVP [2026-03-12] | CoordinateCleaner QA applied without sea test (validity, equal, zeros, capitals, centroids, gbif, institutions) [2026-03-29]","standardized author names in identifiedBy","Edith Rosario Clemente Arenas, Edison Quispe"
"47","PECS2025_0047","LivingSpecimen",NA,NA,NA,"SPECIES",NA,NA,NA,"Clemente-Arenas, E.R. | Quispe, E.","E","bertelmann_h_2025_PECS",3,"Demosthenesia mandonii",-13.096083,-71.629892,"2025-04-15","change1: Normalized genus (removed indet; enforced capitalization) | change2: Normalized genus (removed indet; enforced capitalization) | change3: Filled coordinateUncertaintyInMeters from decimal-place precision (conservative). | epi_taxo: acceptedName(match1); authorship_epig(match1); genus_from_scientificName; family_WFO; order_majorGroup_WCVP [2026-03-12] | CoordinateCleaner QA applied without sea test (validity, equal, zeros, capitals, centroids, gbif, institutions) [2026-03-29]","standardized author names in identifiedBy","Edith Rosario Clemente Arenas, Edison Quispe"
"48","PECS2025_0048","LivingSpecimen",NA,NA,NA,"SPECIES",NA,NA,NA,"Clemente-Arenas, E.R. | Quispe, E.","E","bertelmann_h_2025_PECS",1,"Grammitis lanigera",-13.096083,-71.629892,"2025-04-15","change1: Normalized genus (removed indet; enforced capitalization) | change2: Normalized genus (removed indet; enforced capitalization) | change3: Filled coordinateUncertaintyInMeters from decimal-place precision (conservative). | epi_taxo: acceptedName(match1); authorship_epig(match1); genus_from_scientificName; family_WFO; order_majorGroup_WCVP [2026-03-12] | CoordinateCleaner QA applied without sea test (validity, equal, zeros, capitals, centroids, gbif, institutions) [2026-03-29]","standardized author names in identifiedBy","Edith Rosario Clemente Arenas, Edison Quispe"
"49","PECS2025_0049","LivingSpecimen",NA,NA,NA,"GENUS",NA,NA,NA,"Clemente-Arenas, E.R. | Quispe, E.","E","bertelmann_h_2025_PECS",NA,"",-13.096083,-71.629892,"2025-04-15","change1: SPECIES rank but no valid binomial; kept scientificName=NA | change2: Normalized genus (removed indet; enforced capitalization) | change3: Degraded SPECIESâ†’GENUS (no valid binomial but genus present) | change4: Normalized genus (removed indet; enforced capitalization) | change5: Filled coordinateUncertaintyInMeters from decimal-place precision (conservative). | epi_taxo: acceptedName(match1); authorship_epig(match1); genus_from_scientificName; family_WFO; order_majorGroup_WCVP [2026-03-12] | CoordinateCleaner QA applied without sea test (validity, equal, zeros, capitals, centroids, gbif, institutions) [2026-03-29]","standardized author names in identifiedBy","Edith Rosario Clemente Arenas, Edison Quispe"
"50","PECS2025_0050","LivingSpecimen",NA,NA,NA,"GENUS",NA,NA,NA,"Clemente-Arenas, E.R. | Quispe, E.","E","bertelmann_h_2025_PECS",NA,"",-13.096083,-71.629892,"2025-04-15","change1: SPECIES rank but no valid binomial; kept scientificName=NA | change2: Normalized genus (removed indet; enforced capitalization) | change3: Degraded SPECIESâ†’GENUS (no valid binomial but genus present) | change4: Normalized genus (removed indet; enforced capitalization) | change5: Filled coordinateUncertaintyInMeters from decimal-place precision (conservative). | epi_taxo: acceptedName(match1); authorship_epig(match1); genus_from_scientificName; family_WFO; order_majorGroup_WCVP [2026-03-12] | CoordinateCleaner QA applied without sea test (validity, equal, zeros, capitals, centroids, gbif, institutions) [2026-03-29]","standardized author names in identifiedBy","Edith Rosario Clemente Arenas, Edison Quispe"
"51","PECS2025_0051","LivingSpecimen",NA,NA,NA,"SPECIES",NA,NA,NA,"Clemente-Arenas, E.R. | Quispe, E.","E","bertelmann_h_2025_PECS",3,"Demosthenesia mandonii",-13.0966069614569,-71.6300929430207,"2025-04-15","change1: Normalized genus (removed indet; enforced capitalization) | change2: Normalized genus (removed indet; enforced capitalization) | change3: Filled coordinateUncertaintyInMeters from decimal-place precision (conservative). | epi_taxo: acceptedName(match1); authorship_epig(match1); genus_from_scientificName; family_WFO; order_majorGroup_WCVP [2026-03-12] | CoordinateCleaner QA applied without sea test (validity, equal, zeros, capitals, centroids, gbif, institutions) [2026-03-29]","standardized author names in identifiedBy","Edith Rosario Clemente Arenas, Edison Quispe"
"52","PECS2025_0052","LivingSpecimen",NA,NA,NA,"GENUS",NA,NA,NA,"Clemente-Arenas, E.R. | Quispe, E.","E","bertelmann_h_2025_PECS",NA,"",-13.0966069614569,-71.6300929430207,"2025-04-15","change1: SPECIES rank but no valid binomial; kept scientificName=NA | change2: Normalized genus (removed indet; enforced capitalization) | change3: Degraded SPECIESâ†’GENUS (no valid binomial but genus present) | change4: Normalized genus (removed indet; enforced capitalization) | change5: Filled coordinateUncertaintyInMeters from decimal-place precision (conservative). | epi_taxo: acceptedName(match1); authorship_epig(match1); genus_from_scientificName; family_WFO; order_majorGroup_WCVP [2026-03-12] | CoordinateCleaner QA applied without sea test (validity, equal, zeros, capitals, centroids, gbif, institutions) [2026-03-29]","standardized author names in identifiedBy","Edith Rosario Clemente Arenas, Edison Quispe"
"53","PECS2025_0053","LivingSpecimen",NA,NA,NA,"SPECIES",NA,NA,NA,"Clemente-Arenas, E.R. | Quispe, E.","E","bertelmann_h_2025_PECS",1,"Grammitis personata",-13.0966069614569,-71.6300929430207,"2025-04-15","change1: Normalized genus (removed indet; enforced capitalization) | change2: Normalized genus (removed indet; enforced capitalization) | change3: Filled coordinateUncertaintyInMeters from decimal-place precision (conservative). | epi_taxo: acceptedName(match1); authorship_epig(match1); genus_from_scientificName; family_WFO; order_majorGroup_WCVP [2026-03-12] | CoordinateCleaner QA applied without sea test (validity, equal, zeros, capitals, centroids, gbif, institutions) [2026-03-29]","standardized author names in identifiedBy","Edith Rosario Clemente Arenas, Edison Quispe"
"54","PECS2025_0054","LivingSpecimen",NA,NA,NA,"SPECIES",NA,NA,NA,"Clemente-Arenas, E.R. | Quispe, E.","E","bertelmann_h_2025_PECS",1,"Elaphoglossum vulcanicum",-13.0966069614569,-71.6300929430207,"2025-04-15","change1: Normalized genus (removed indet; enforced capitalization) | change2: Normalized genus (removed indet; enforced capitalization) | change3: Filled coordinateUncertaintyInMeters from decimal-place precision (conservative). | epi_taxo: acceptedName(match1); authorship_epig(match1); genus_from_scientificName; family_WFO; order_majorGroup_WCVP [2026-03-12] | CoordinateCleaner QA applied without sea test (validity, equal, zeros, capitals, centroids, gbif, institutions) [2026-03-29]","standardized author names in identifiedBy","Edith Rosario Clemente Arenas, Edison Quispe"
"55","PECS2025_0055","LivingSpecimen",NA,NA,NA,"SPECIES",NA,NA,NA,"Clemente-Arenas, E.R. | Quispe, E.","E","bertelmann_h_2025_PECS",3,"Elaphoglossum gramineum",-13.0966069614569,-71.6300929430207,"2025-04-15","change1: Normalized genus (removed indet; enforced capitalization) | change2: Normalized genus (removed indet; enforced capitalization) | change3: Filled coordinateUncertaintyInMeters from decimal-place precision (conservative). | epi_taxo: acceptedName(match1); authorship_epig(match1); genus_from_scientificName; family_WFO; order_majorGroup_WCVP [2026-03-12] | CoordinateCleaner QA applied without sea test (validity, equal, zeros, capitals, centroids, gbif, institutions) [2026-03-29]","standardized author names in identifiedBy","Edith Rosario Clemente Arenas, Edison Quispe"
"56","PECS2025_0056","LivingSpecimen",NA,NA,NA,"GENUS",NA,NA,NA,"Clemente-Arenas, E.R. | Quispe, E.","E","bertelmann_h_2025_PECS",NA,"",-13.0966069614569,-71.6300929430207,"2025-04-15","change1: SPECIES rank but no valid binomial; kept scientificName=NA | change2: Normalized genus (removed indet; enforced capitalization) | change3: Degraded SPECIESâ†’GENUS (no valid binomial but genus present) | change4: Normalized genus (removed indet; enforced capitalization) | change5: Filled coordinateUncertaintyInMeters from decimal-place precision (conservative). | epi_taxo: acceptedName(match1); authorship_epig(match1); genus_from_scientificName; family_WFO; order_majorGroup_WCVP [2026-03-12] | CoordinateCleaner QA applied without sea test (validity, equal, zeros, capitals, centroids, gbif, institutions) [2026-03-29]","standardized author names in identifiedBy","Edith Rosario Clemente Arenas, Edison Quispe"
"57","PECS2025_0057","LivingSpecimen",NA,NA,NA,"SPECIES",NA,NA,NA,"Clemente-Arenas, E.R. | Quispe, E.","E","bertelmann_h_2025_PECS",1,"Elaphoglossum rimbachii",-13.0966069614569,-71.6300929430207,"2025-04-15","change1: Normalized genus (removed indet; enforced capitalization) | change2: Normalized genus (removed indet; enforced capitalization) | change3: Filled coordinateUncertaintyInMeters from decimal-place precision (conservative). | epi_taxo: acceptedName(match1); authorship_epig(match1); genus_from_scientificName; family_WFO; order_majorGroup_WCVP [2026-03-12] | CoordinateCleaner QA applied without sea test (validity, equal, zeros, capitals, centroids, gbif, institutions) [2026-03-29]","standardized author names in identifiedBy","Edith Rosario Clemente Arenas, Edison Quispe"
"58","PECS2025_0058","LivingSpecimen",NA,NA,NA,"SPECIES",NA,NA,NA,"Clemente-Arenas, E.R. | Quispe, E.","E","bertelmann_h_2025_PECS",1,"Grammitis athyrioides",-13.0966069614569,-71.6300929430207,"2025-04-15","change1: Normalized genus (removed indet; enforced capitalization) | change2: Normalized genus (removed indet; enforced capitalization) | change3: Filled coordinateUncertaintyInMeters from decimal-place precision (conservative). | epi_taxo: acceptedName(match1); authorship_epig(match1); genus_from_scientificName; family_WFO; order_majorGroup_WCVP [2026-03-12] | CoordinateCleaner QA applied without sea test (validity, equal, zeros, capitals, centroids, gbif, institutions) [2026-03-29]","standardized author names in identifiedBy","Edith Rosario Clemente Arenas, Edison Quispe"
"59","PECS2025_0059","LivingSpecimen",NA,NA,NA,"SPECIES",NA,NA,NA,"Clemente-Arenas, E.R. | Quispe, E.","E","bertelmann_h_2025_PECS",1,"Grammitis personata",-13.0966069614569,-71.6300929430207,"2025-04-15","change1: Normalized genus (removed indet; enforced capitalization) | change2: Normalized genus (removed indet; enforced capitalization) | change3: Filled coordinateUncertaintyInMeters from decimal-place precision (conservative). | epi_taxo: acceptedName(match1); authorship_epig(match1); genus_from_scientificName; family_WFO; order_majorGroup_WCVP [2026-03-12] | CoordinateCleaner QA applied without sea test (validity, equal, zeros, capitals, centroids, gbif, institutions) [2026-03-29]","standardized author names in identifiedBy","Edith Rosario Clemente Arenas, Edison Quispe"
"60","PECS2025_0060","LivingSpecimen",NA,NA,NA,"SPECIES",NA,NA,NA,"Clemente-Arenas, E.R. | Quispe, E.","E","bertelmann_h_2025_PECS",1,"Elaphoglossum vulcanicum",-13.0966069614569,-71.6300929430207,"2025-04-15","change1: Normalized genus (removed indet; enforced capitalization) | change2: Normalized genus (removed indet; enforced capitalization) | change3: Filled coordinateUncertaintyInMeters from decimal-place precision (conservative). | epi_taxo: acceptedName(match1); authorship_epig(match1); genus_from_scientificName; family_WFO; order_majorGroup_WCVP [2026-03-12] | CoordinateCleaner QA applied without sea test (validity, equal, zeros, capitals, centroids, gbif, institutions) [2026-03-29]","standardized author names in identifiedBy","Edith Rosario Clemente Arenas, Edison Quispe"
"61","PECS2025_0061","LivingSpecimen",NA,NA,NA,"SPECIES",NA,NA,NA,"Clemente-Arenas, E.R. | Quispe, E.","E","bertelmann_h_2025_PECS",3,"Demosthenesia mandonii",-13.0966069614569,-71.6300929430207,"2025-04-15","change1: Normalized genus (removed indet; enforced capitalization) | change2: Normalized genus (removed indet; enforced capitalization) | change3: Filled coordinateUncertaintyInMeters from decimal-place precision (conservative). | epi_taxo: acceptedName(match1); authorship_epig(match1); genus_from_scientificName; family_WFO; order_majorGroup_WCVP [2026-03-12] | CoordinateCleaner QA applied without sea test (validity, equal, zeros, capitals, centroids, gbif, institutions) [2026-03-29]","standardized author names in identifiedBy","Edith Rosario Clemente Arenas, Edison Quispe"
"62","PECS2025_0062","LivingSpecimen",NA,NA,NA,"GENUS",NA,NA,NA,"Clemente-Arenas, E.R. | Quispe, E.","E","bertelmann_h_2025_PECS",NA,"",-13.0966069614569,-71.6300929430207,"2025-04-15","change1: SPECIES rank but no valid binomial; kept scientificName=NA | change2: Normalized genus (removed indet; enforced capitalization) | change3: Degraded SPECIESâ†’GENUS (no valid binomial but genus present) | change4: Normalized genus (removed indet; enforced capitalization) | change5: Filled coordinateUncertaintyInMeters from decimal-place precision (conservative). | epi_taxo: acceptedName(match1); authorship_epig(match1); genus_from_scientificName; family_WFO; order_majorGroup_WCVP [2026-03-12] | CoordinateCleaner QA applied without sea test (validity, equal, zeros, capitals, centroids, gbif, institutions) [2026-03-29]","standardized author names in identifiedBy","Edith Rosario Clemente Arenas, Edison Quispe"
"63","PECS2025_0063","LivingSpecimen",NA,NA,NA,"SPECIES",NA,NA,NA,"Clemente-Arenas, E.R. | Quispe, E.","E","bertelmann_h_2025_PECS",3,"Demosthenesia mandonii",-13.0966069614569,-71.6300929430207,"2025-04-15","change1: Normalized genus (removed indet; enforced capitalization) | change2: Normalized genus (removed indet; enforced capitalization) | change3: Filled coordinateUncertaintyInMeters from decimal-place precision (conservative). | epi_taxo: acceptedName(match1); authorship_epig(match1); genus_from_scientificName; family_WFO; order_majorGroup_WCVP [2026-03-12] | CoordinateCleaner QA applied without sea test (validity, equal, zeros, capitals, centroids, gbif, institutions) [2026-03-29]","standardized author names in identifiedBy","Edith Rosario Clemente Arenas, Edison Quispe"
"64","PECS2025_0064","LivingSpecimen",NA,NA,NA,"SPECIES",NA,NA,NA,"Clemente-Arenas, E.R. | Quispe, E.","E","bertelmann_h_2025_PECS",1,"Fuchsia apetala",-13.0966069614569,-71.6300929430207,"2025-04-15","change1: Normalized genus (removed indet; enforced capitalization) | change2: Normalized genus (removed indet; enforced capitalization) | change3: Filled coordinateUncertaintyInMeters from decimal-place precision (conservative). | epi_taxo: acceptedName(match1); authorship_epig(match1); genus_from_scientificName; family_WFO; order_majorGroup_WCVP [2026-03-12] | CoordinateCleaner QA applied without sea test (validity, equal, zeros, capitals, centroids, gbif, institutions) [2026-03-29]","standardized author names in identifiedBy","Edith Rosario Clemente Arenas, Edison Quispe"
"65","PECS2025_0065","LivingSpecimen",NA,NA,NA,"GENUS",NA,NA,NA,"Clemente-Arenas, E.R. | Quispe, E.","E","bertelmann_h_2025_PECS",NA,"",-13.0966069614569,-71.6300929430207,"2025-04-15","change1: SPECIES rank but no valid binomial; kept scientificName=NA | change2: Normalized genus (removed indet; enforced capitalization) | change3: Degraded SPECIESâ†’GENUS (no valid binomial but genus present) | change4: Normalized genus (removed indet; enforced capitalization) | change5: Filled coordinateUncertaintyInMeters from decimal-place precision (conservative). | epi_taxo: acceptedName(match1); authorship_epig(match1); genus_from_scientificName; family_WFO; order_majorGroup_WCVP [2026-03-12] | CoordinateCleaner QA applied without sea test (validity, equal, zeros, capitals, centroids, gbif, institutions) [2026-03-29]","standardized author names in identifiedBy","Edith Rosario Clemente Arenas, Edison Quispe"
"66","PECS2025_0066","LivingSpecimen",NA,NA,NA,"SPECIES",NA,NA,NA,"Clemente-Arenas, E.R. | Quispe, E.","E","bertelmann_h_2025_PECS",1,"Elaphoglossum glossophyllum",-13.0966069614569,-71.6300929430207,"2025-04-15","change1: Normalized genus (removed indet; enforced capitalization) | change2: Normalized genus (removed indet; enforced capitalization) | change3: Filled coordinateUncertaintyInMeters from decimal-place precision (conservative). | epi_taxo: acceptedName(match1); authorship_epig(match1); genus_from_scientificName; family_WFO; order_majorGroup_WCVP [2026-03-12] | CoordinateCleaner QA applied without sea test (validity, equal, zeros, capitals, centroids, gbif, institutions) [2026-03-29]","standardized author names in identifiedBy","Edith Rosario Clemente Arenas, Edison Quispe"
"67","PECS2025_0067","LivingSpecimen",NA,NA,NA,"SPECIES",NA,NA,NA,"Clemente-Arenas, E.R. | Quispe, E.","E","bertelmann_h_2025_PECS",3,"Demosthenesia mandonii",-13.0966069614569,-71.6300929430207,"2025-04-15","change1: Normalized genus (removed indet; enforced capitalization) | change2: Normalized genus (removed indet; enforced capitalization) | change3: Filled coordinateUncertaintyInMeters from decimal-place precision (conservative). | epi_taxo: acceptedName(match1); authorship_epig(match1); genus_from_scientificName; family_WFO; order_majorGroup_WCVP [2026-03-12] | CoordinateCleaner QA applied without sea test (validity, equal, zeros, capitals, centroids, gbif, institutions) [2026-03-29]","standardized author names in identifiedBy","Edith Rosario Clemente Arenas, Edison Quispe"
"68","PECS2025_0068","LivingSpecimen",NA,NA,NA,"SPECIES",NA,NA,NA,"Clemente-Arenas, E.R. | Quispe, E.","E","bertelmann_h_2025_PECS",1,"Grammitis moniliformis",-13.0966069614569,-71.6300929430207,"2025-04-15","change1: Normalized genus (removed indet; enforced capitalization) | change2: Normalized genus (removed indet; enforced capitalization) | change3: Filled coordinateUncertaintyInMeters from decimal-place precision (conservative). | epi_taxo: acceptedName(match1); authorship_epig(match1); genus_from_scientificName; family_WFO; order_majorGroup_WCVP [2026-03-12] | CoordinateCleaner QA applied without sea test (validity, equal, zeros, capitals, centroids, gbif, institutions) [2026-03-29]","standardized author names in identifiedBy","Edith Rosario Clemente Arenas, Edison Quispe"
"69","PECS2025_0069","LivingSpecimen",NA,NA,NA,"GENUS",NA,NA,NA,"Clemente-Arenas, E.R. | Quispe, E.","E","bertelmann_h_2025_PECS",NA,"",-13.0966069614569,-71.6300929430207,"2025-04-15","change1: SPECIES rank but no valid binomial; kept scientificName=NA | change2: Normalized genus (removed indet; enforced capitalization) | change3: Degraded SPECIESâ†’GENUS (no valid binomial but genus present) | change4: Normalized genus (removed indet; enforced capitalization) | change5: Filled coordinateUncertaintyInMeters from decimal-place precision (conservative). | epi_taxo: acceptedName(match1); authorship_epig(match1); genus_from_scientificName; family_WFO; order_majorGroup_WCVP [2026-03-12] | CoordinateCleaner QA applied without sea test (validity, equal, zeros, capitals, centroids, gbif, institutions) [2026-03-29]","standardized author names in identifiedBy","Edith Rosario Clemente Arenas, Edison Quispe"
"70","PECS2025_0070","LivingSpecimen",NA,NA,NA,"GENUS",NA,NA,NA,"Clemente-Arenas, E.R. | Quispe, E.","E","bertelmann_h_2025_PECS",NA,"",-13.0966069614569,-71.6300929430207,"2025-04-15","change1: SPECIES rank but no valid binomial; kept scientificName=NA | change2: Normalized genus (removed indet; enforced capitalization) | change3: Degraded SPECIESâ†’GENUS (no valid binomial but genus present) | change4: Normalized genus (removed indet; enforced capitalization) | change5: Filled coordinateUncertaintyInMeters from decimal-place precision (conservative). | epi_taxo: acceptedName(match1); authorship_epig(match1); genus_from_scientificName; family_WFO; order_majorGroup_WCVP [2026-03-12] | CoordinateCleaner QA applied without sea test (validity, equal, zeros, capitals, centroids, gbif, institutions) [2026-03-29]","standardized author names in identifiedBy","Edith Rosario Clemente Arenas, Edison Quispe"
"71","PECS2025_0071","LivingSpecimen",NA,NA,NA,"GENUS",NA,NA,NA,"Clemente-Arenas, E.R. | Quispe, E.","E","bertelmann_h_2025_PECS",NA,"",-13.0966069614569,-71.6300929430207,"2025-04-15","change1: SPECIES rank but no valid binomial; kept scientificName=NA | change2: Normalized genus (removed indet; enforced capitalization) | change3: Degraded SPECIESâ†’GENUS (no valid binomial but genus present) | change4: Normalized genus (removed indet; enforced capitalization) | change5: Filled coordinateUncertaintyInMeters from decimal-place precision (conservative). | epi_taxo: acceptedName(match1); authorship_epig(match1); genus_from_scientificName; family_WFO; order_majorGroup_WCVP [2026-03-12] | CoordinateCleaner QA applied without sea test (validity, equal, zeros, capitals, centroids, gbif, institutions) [2026-03-29]","standardized author names in identifiedBy","Edith Rosario Clemente Arenas, Edison Quispe"
"72","PECS2025_0072","LivingSpecimen",NA,NA,NA,"SPECIES",NA,NA,NA,"Clemente-Arenas, E.R. | Quispe, E.","E","bertelmann_h_2025_PECS",1,"Grammitis moniliformis",-13.0966069614569,-71.6300929430207,"2025-04-15","change1: Normalized genus (removed indet; enforced capitalization) | change2: Normalized genus (removed indet; enforced capitalization) | change3: Filled coordinateUncertaintyInMeters from decimal-place precision (conservative). | epi_taxo: acceptedName(match1); authorship_epig(match1); genus_from_scientificName; family_WFO; order_majorGroup_WCVP [2026-03-12] | CoordinateCleaner QA applied without sea test (validity, equal, zeros, capitals, centroids, gbif, institutions) [2026-03-29]","standardized author names in identifiedBy","Edith Rosario Clemente Arenas, Edison Quispe"
"73","PECS2025_0073","LivingSpecimen",NA,NA,NA,"GENUS",NA,NA,NA,"Clemente-Arenas, E.R. | Quispe, E.","E","bertelmann_h_2025_PECS",NA,"",-13.0966069614569,-71.6300929430207,"2025-04-15","change1: SPECIES rank but no valid binomial; kept scientificName=NA | change2: Normalized genus (removed indet; enforced capitalization) | change3: Degraded SPECIESâ†’GENUS (no valid binomial but genus present) | change4: Normalized genus (removed indet; enforced capitalization) | change5: Filled coordinateUncertaintyInMeters from decimal-place precision (conservative). | epi_taxo: acceptedName(match1); authorship_epig(match1); genus_from_scientificName; family_WFO; order_majorGroup_WCVP [2026-03-12] | CoordinateCleaner QA applied without sea test (validity, equal, zeros, capitals, centroids, gbif, institutions) [2026-03-29]","standardized author names in identifiedBy","Edith Rosario Clemente Arenas, Edison Quispe"
"74","PECS2025_0074","LivingSpecimen",NA,NA,NA,"GENUS",NA,NA,NA,"Clemente-Arenas, E.R. | Quispe, E.","E","bertelmann_h_2025_PECS",NA,"",-13.0966069614569,-71.6300929430207,"2025-04-15","change1: SPECIES rank but no valid binomial; kept scientificName=NA | change2: Normalized genus (removed indet; enforced capitalization) | change3: Degraded SPECIESâ†’GENUS (no valid binomial but genus present) | change4: Normalized genus (removed indet; enforced capitalization) | change5: Filled coordinateUncertaintyInMeters from decimal-place precision (conservative). | epi_taxo: acceptedName(match1); authorship_epig(match1); genus_from_scientificName; family_WFO; order_majorGroup_WCVP [2026-03-12] | CoordinateCleaner QA applied without sea test (validity, equal, zeros, capitals, centroids, gbif, institutions) [2026-03-29]","standardized author names in identifiedBy","Edith Rosario Clemente Arenas, Edison Quispe"
"75","PECS2025_0075","LivingSpecimen",NA,NA,NA,"SPECIES",NA,NA,NA,"Clemente-Arenas, E.R. | Quispe, E.","E","bertelmann_h_2025_PECS",3,"Demosthenesia mandonii",-13.096822174081,-71.6303816873297,"2025-04-15","change1: Normalized genus (removed indet; enforced capitalization) | change2: Normalized genus (removed indet; enforced capitalization) | change3: Filled coordinateUncertaintyInMeters from decimal-place precision (conservative). | epi_taxo: acceptedName(match1); authorship_epig(match1); genus_from_scientificName; family_WFO; order_majorGroup_WCVP [2026-03-12] | CoordinateCleaner QA applied without sea test (validity, equal, zeros, capitals, centroids, gbif, institutions) [2026-03-29]","standardized author names in identifiedBy","Edith Rosario Clemente Arenas, Edison Quispe"
"76","PECS2025_0076","LivingSpecimen",NA,NA,NA,"GENUS",NA,NA,NA,"Clemente-Arenas, E.R. | Quispe, E.","E","bertelmann_h_2025_PECS",NA,"",-13.096822174081,-71.6303816873297,"2025-04-15","change1: SPECIES rank but no valid binomial; kept scientificName=NA | change2: Normalized genus (removed indet; enforced capitalization) | change3: Degraded SPECIESâ†’GENUS (no valid binomial but genus present) | change4: Normalized genus (removed indet; enforced capitalization) | change5: Filled coordinateUncertaintyInMeters from decimal-place precision (conservative). | epi_taxo: acceptedName(match1); authorship_epig(match1); genus_from_scientificName; family_WFO; order_majorGroup_WCVP [2026-03-12] | CoordinateCleaner QA applied without sea test (validity, equal, zeros, capitals, centroids, gbif, institutions) [2026-03-29]","standardized author names in identifiedBy","Edith Rosario Clemente Arenas, Edison Quispe"
"77","PECS2025_0077","LivingSpecimen",NA,NA,NA,"SPECIES",NA,NA,NA,"Clemente-Arenas, E.R. | Quispe, E.","E","bertelmann_h_2025_PECS",1,"Elaphoglossum vulcanicum",-13.096822174081,-71.6303816873297,"2025-04-15","change1: Normalized genus (removed indet; enforced capitalization) | change2: Normalized genus (removed indet; enforced capitalization) | change3: Filled coordinateUncertaintyInMeters from decimal-place precision (conservative). | epi_taxo: acceptedName(match1); authorship_epig(match1); genus_from_scientificName; family_WFO; order_majorGroup_WCVP [2026-03-12] | CoordinateCleaner QA applied without sea test (validity, equal, zeros, capitals, centroids, gbif, institutions) [2026-03-29]","standardized author names in identifiedBy","Edith Rosario Clemente Arenas, Edison Quispe"
"78","PECS2025_0078","LivingSpecimen",NA,NA,NA,"SPECIES",NA,NA,NA,"Clemente-Arenas, E.R. | Quispe, E.","E","bertelmann_h_2025_PECS",1,"Grammitis athyrioides",-13.096822174081,-71.6303816873297,"2025-04-15","change1: Normalized genus (removed indet; enforced capitalization) | change2: Normalized genus (removed indet; enforced capitalization) | change3: Filled coordinateUncertaintyInMeters from decimal-place precision (conservative). | epi_taxo: acceptedName(match1); authorship_epig(match1); genus_from_scientificName; family_WFO; order_majorGroup_WCVP [2026-03-12] | CoordinateCleaner QA applied without sea test (validity, equal, zeros, capitals, centroids, gbif, institutions) [2026-03-29]","standardized author names in identifiedBy","Edith Rosario Clemente Arenas, Edison Quispe"
"79","PECS2025_0079","LivingSpecimen",NA,NA,NA,"SPECIES",NA,NA,NA,"Clemente-Arenas, E.R. | Quispe, E.","E","bertelmann_h_2025_PECS",1,"Grammitis personata",-13.096822174081,-71.6303816873297,"2025-04-15","change1: Normalized genus (removed indet; enforced capitalization) | change2: Normalized genus (removed indet; enforced capitalization) | change3: Filled coordinateUncertaintyInMeters from decimal-place precision (conservative). | epi_taxo: acceptedName(match1); authorship_epig(match1); genus_from_scientificName; family_WFO; order_majorGroup_WCVP [2026-03-12] | CoordinateCleaner QA applied without sea test (validity, equal, zeros, capitals, centroids, gbif, institutions) [2026-03-29]","standardized author names in identifiedBy","Edith Rosario Clemente Arenas, Edison Quispe"
"80","PECS2025_0080","LivingSpecimen",NA,NA,NA,"GENUS",NA,NA,NA,"Clemente-Arenas, E.R. | Quispe, E.","E","bertelmann_h_2025_PECS",NA,"",-13.096822174081,-71.6303816873297,"2025-04-15","change1: SPECIES rank but no valid binomial; kept scientificName=NA | change2: Normalized genus (removed indet; enforced capitalization) | change3: Degraded SPECIESâ†’GENUS (no valid binomial but genus present) | change4: Normalized genus (removed indet; enforced capitalization) | change5: Filled coordinateUncertaintyInMeters from decimal-place precision (conservative). | epi_taxo: acceptedName(match1); authorship_epig(match1); genus_from_scientificName; family_WFO; order_majorGroup_WCVP [2026-03-12] | CoordinateCleaner QA applied without sea test (validity, equal, zeros, capitals, centroids, gbif, institutions) [2026-03-29]","standardized author names in identifiedBy","Edith Rosario Clemente Arenas, Edison Quispe"
"81","PECS2025_0081","LivingSpecimen",NA,NA,NA,"SPECIES",NA,NA,NA,"Clemente-Arenas, E.R. | Quispe, E.","E","bertelmann_h_2025_PECS",1,"Grammitis moniliformis",-13.096822174081,-71.6303816873297,"2025-04-15","change1: Normalized genus (removed indet; enforced capitalization) | change2: Normalized genus (removed indet; enforced capitalization) | change3: Filled coordinateUncertaintyInMeters from decimal-place precision (conservative). | epi_taxo: acceptedName(match1); authorship_epig(match1); genus_from_scientificName; family_WFO; order_majorGroup_WCVP [2026-03-12] | CoordinateCleaner QA applied without sea test (validity, equal, zeros, capitals, centroids, gbif, institutions) [2026-03-29]","standardized author names in identifiedBy","Edith Rosario Clemente Arenas, Edison Quispe"
"82","PECS2025_0082","LivingSpecimen",NA,NA,NA,"SPECIES",NA,NA,NA,"Clemente-Arenas, E.R. | Quispe, E.","E","bertelmann_h_2025_PECS",1,"Grammitis moniliformis",-13.096822174081,-71.6303816873297,"2025-04-15","change1: Normalized genus (removed indet; enforced capitalization) | change2: Normalized genus (removed indet; enforced capitalization) | change3: Filled coordinateUncertaintyInMeters from decimal-place precision (conservative). | epi_taxo: acceptedName(match1); authorship_epig(match1); genus_from_scientificName; family_WFO; order_majorGroup_WCVP [2026-03-12] | CoordinateCleaner QA applied without sea test (validity, equal, zeros, capitals, centroids, gbif, institutions) [2026-03-29]","standardized author names in identifiedBy","Edith Rosario Clemente Arenas, Edison Quispe"
"83","PECS2025_0083","LivingSpecimen",NA,NA,NA,"SPECIES",NA,NA,NA,"Clemente-Arenas, E.R. | Quispe, E.","E","bertelmann_h_2025_PECS",1,"Grammitis personata",-13.096822174081,-71.6303816873297,"2025-04-15","change1: Normalized genus (removed indet; enforced capitalization) | change2: Normalized genus (removed indet; enforced capitalization) | change3: Filled coordinateUncertaintyInMeters from decimal-place precision (conservative). | epi_taxo: acceptedName(match1); authorship_epig(match1); genus_from_scientificName; family_WFO; order_majorGroup_WCVP [2026-03-12] | CoordinateCleaner QA applied without sea test (validity, equal, zeros, capitals, centroids, gbif, institutions) [2026-03-29]","standardized author names in identifiedBy","Edith Rosario Clemente Arenas, Edison Quispe"
"84","PECS2025_0084","LivingSpecimen",NA,NA,NA,"GENUS",NA,NA,NA,"Clemente-Arenas, E.R. | Quispe, E.","E","bertelmann_h_2025_PECS",NA,"",-13.096822174081,-71.6303816873297,"2025-04-15","change1: SPECIES rank but no valid binomial; kept scientificName=NA | change2: Normalized genus (removed indet; enforced capitalization) | change3: Degraded SPECIESâ†’GENUS (no valid binomial but genus present) | change4: Normalized genus (removed indet; enforced capitalization) | change5: Filled coordinateUncertaintyInMeters from decimal-place precision (conservative). | epi_taxo: acceptedName(match1); authorship_epig(match1); genus_from_scientificName; family_WFO; order_majorGroup_WCVP [2026-03-12] | CoordinateCleaner QA applied without sea test (validity, equal, zeros, capitals, centroids, gbif, institutions) [2026-03-29]","standardized author names in identifiedBy","Edith Rosario Clemente Arenas, Edison Quispe"
"85","PECS2025_0085","LivingSpecimen",NA,NA,NA,"GENUS",NA,NA,NA,"Clemente-Arenas, E.R. | Quispe, E.","E","bertelmann_h_2025_PECS",NA,"",-13.096822174081,-71.6303816873297,"2025-04-15","change1: SPECIES rank but no valid binomial; kept scientificName=NA | change2: Normalized genus (removed indet; enforced capitalization) | change3: Degraded SPECIESâ†’GENUS (no valid binomial but genus present) | change4: Normalized genus (removed indet; enforced capitalization) | change5: Filled coordinateUncertaintyInMeters from decimal-place precision (conservative). | epi_taxo: acceptedName(match1); authorship_epig(match1); genus_from_scientificName; family_WFO; order_majorGroup_WCVP [2026-03-12] | CoordinateCleaner QA applied without sea test (validity, equal, zeros, capitals, centroids, gbif, institutions) [2026-03-29]","standardized author names in identifiedBy","Edith Rosario Clemente Arenas, Edison Quispe"
"86","PECS2025_0086","LivingSpecimen",NA,NA,NA,"SPECIES",NA,NA,NA,"Clemente-Arenas, E.R. | Quispe, E.","E","bertelmann_h_2025_PECS",1,"Grammitis moniliformis",-13.096822174081,-71.6303816873297,"2025-04-15","change1: Normalized genus (removed indet; enforced capitalization) | change2: Normalized genus (removed indet; enforced capitalization) | change3: Filled coordinateUncertaintyInMeters from decimal-place precision (conservative). | epi_taxo: acceptedName(match1); authorship_epig(match1); genus_from_scientificName; family_WFO; order_majorGroup_WCVP [2026-03-12] | CoordinateCleaner QA applied without sea test (validity, equal, zeros, capitals, centroids, gbif, institutions) [2026-03-29]","standardized author names in identifiedBy","Edith Rosario Clemente Arenas, Edison Quispe"
"87","PECS2025_0087","LivingSpecimen",NA,NA,NA,"SPECIES",NA,NA,NA,"Clemente-Arenas, E.R. | Quispe, E.","E","bertelmann_h_2025_PECS",1,"Fuchsia apetala",-13.096822174081,-71.6303816873297,"2025-04-15","change1: Normalized genus (removed indet; enforced capitalization) | change2: Normalized genus (removed indet; enforced capitalization) | change3: Filled coordinateUncertaintyInMeters from decimal-place precision (conservative). | epi_taxo: acceptedName(match1); authorship_epig(match1); genus_from_scientificName; family_WFO; order_majorGroup_WCVP [2026-03-12] | CoordinateCleaner QA applied without sea test (validity, equal, zeros, capitals, centroids, gbif, institutions) [2026-03-29]","standardized author names in identifiedBy","Edith Rosario Clemente Arenas, Edison Quispe"
"88","PECS2025_0088","LivingSpecimen",NA,NA,NA,"SPECIES",NA,NA,NA,"Clemente-Arenas, E.R. | Quispe, E.","E","bertelmann_h_2025_PECS",1,"Grammitis personata",-13.09681,-71.630565,"2025-04-16","change1: Normalized genus (removed indet; enforced capitalization) | change2: Normalized genus (removed indet; enforced capitalization) | change3: Filled coordinateUncertaintyInMeters from decimal-place precision (conservative). | epi_taxo: acceptedName(match1); authorship_epig(match1); genus_from_scientificName; family_WFO; order_majorGroup_WCVP [2026-03-12] | CoordinateCleaner QA applied without sea test (validity, equal, zeros, capitals, centroids, gbif, institutions) [2026-03-29]","standardized author names in identifiedBy","Edith Rosario Clemente Arenas, Edison Quispe"
"89","PECS2025_0089","LivingSpecimen",NA,NA,NA,"GENUS",NA,NA,NA,"Clemente-Arenas, E.R. | Quispe, E.","E","bertelmann_h_2025_PECS",NA,"",-13.09681,-71.630565,"2025-04-16","change1: SPECIES rank but no valid binomial; kept scientificName=NA | change2: Normalized genus (removed indet; enforced capitalization) | change3: Degraded SPECIESâ†’GENUS (no valid binomial but genus present) | change4: Normalized genus (removed indet; enforced capitalization) | change5: Filled coordinateUncertaintyInMeters from decimal-place precision (conservative). | epi_taxo: acceptedName(match1); authorship_epig(match1); genus_from_scientificName; family_WFO; order_majorGroup_WCVP [2026-03-12] | CoordinateCleaner QA applied without sea test (validity, equal, zeros, capitals, centroids, gbif, institutions) [2026-03-29]","standardized author names in identifiedBy","Edith Rosario Clemente Arenas, Edison Quispe"
"90","PECS2025_0090","LivingSpecimen",NA,NA,NA,"SPECIES",NA,NA,NA,"Clemente-Arenas, E.R. | Quispe, E.","E","bertelmann_h_2025_PECS",1,"Elaphoglossum vulcanicum",-13.09681,-71.630565,"2025-04-16","change1: Normalized genus (removed indet; enforced capitalization) | change2: Normalized genus (removed indet; enforced capitalization) | change3: Filled coordinateUncertaintyInMeters from decimal-place precision (conservative). | epi_taxo: acceptedName(match1); authorship_epig(match1); genus_from_scientificName; family_WFO; order_majorGroup_WCVP [2026-03-12] | CoordinateCleaner QA applied without sea test (validity, equal, zeros, capitals, centroids, gbif, institutions) [2026-03-29]","standardized author names in identifiedBy","Edith Rosario Clemente Arenas, Edison Quispe"
"91","PECS2025_0091","LivingSpecimen",NA,NA,NA,"SPECIES",NA,NA,NA,"Clemente-Arenas, E.R. | Quispe, E.","E","bertelmann_h_2025_PECS",1,"Elaphoglossum rimbachii",-13.09681,-71.630565,"2025-04-16","change1: Normalized genus (removed indet; enforced capitalization) | change2: Normalized genus (removed indet; enforced capitalization) | change3: Filled coordinateUncertaintyInMeters from decimal-place precision (conservative). | epi_taxo: acceptedName(match1); authorship_epig(match1); genus_from_scientificName; family_WFO; order_majorGroup_WCVP [2026-03-12] | CoordinateCleaner QA applied without sea test (validity, equal, zeros, capitals, centroids, gbif, institutions) [2026-03-29]","standardized author names in identifiedBy","Edith Rosario Clemente Arenas, Edison Quispe"
"92","PECS2025_0092","LivingSpecimen",NA,NA,NA,"SPECIES",NA,NA,NA,"Clemente-Arenas, E.R. | Quispe, E.","E","bertelmann_h_2025_PECS",3,"Demosthenesia mandonii",-13.09681,-71.630565,"2025-04-16","change1: Normalized genus (removed indet; enforced capitalization) | change2: Normalized genus (removed indet; enforced capitalization) | change3: Filled coordinateUncertaintyInMeters from decimal-place precision (conservative). | epi_taxo: acceptedName(match1); authorship_epig(match1); genus_from_scientificName; family_WFO; order_majorGroup_WCVP [2026-03-12] | CoordinateCleaner QA applied without sea test (validity, equal, zeros, capitals, centroids, gbif, institutions) [2026-03-29]","standardized author names in identifiedBy","Edith Rosario Clemente Arenas, Edison Quispe"
"93","PECS2025_0093","LivingSpecimen",NA,NA,NA,"GENUS",NA,NA,NA,"Clemente-Arenas, E.R. | Quispe, E.","E","bertelmann_h_2025_PECS",NA,"",-13.09681,-71.630565,"2025-04-16","change1: SPECIES rank but no valid binomial; kept scientificName=NA | change2: Normalized genus (removed indet; enforced capitalization) | change3: Degraded SPECIESâ†’GENUS (no valid binomial but genus present) | change4: Normalized genus (removed indet; enforced capitalization) | change5: Filled coordinateUncertaintyInMeters from decimal-place precision (conservative). | epi_taxo: acceptedName(match1); authorship_epig(match1); genus_from_scientificName; family_WFO; order_majorGroup_WCVP [2026-03-12] | CoordinateCleaner QA applied without sea test (validity, equal, zeros, capitals, centroids, gbif, institutions) [2026-03-29]","standardized author names in identifiedBy","Edith Rosario Clemente Arenas, Edison Quispe"
"94","PECS2025_0094","LivingSpecimen",NA,NA,NA,"SPECIES",NA,NA,NA,"Clemente-Arenas, E.R. | Quispe, E.","E","bertelmann_h_2025_PECS",1,"Grammitis lanigera",-13.09681,-71.630565,"2025-04-16","change1: Normalized genus (removed indet; enforced capitalization) | change2: Normalized genus (removed indet; enforced capitalization) | change3: Filled coordinateUncertaintyInMeters from decimal-place precision (conservative). | epi_taxo: acceptedName(match1); authorship_epig(match1); genus_from_scientificName; family_WFO; order_majorGroup_WCVP [2026-03-12] | CoordinateCleaner QA applied without sea test (validity, equal, zeros, capitals, centroids, gbif, institutions) [2026-03-29]","standardized author names in identifiedBy","Edith Rosario Clemente Arenas, Edison Quispe"
"95","PECS2025_0095","LivingSpecimen",NA,NA,NA,"GENUS",NA,NA,NA,"Clemente-Arenas, E.R. | Quispe, E.","E","bertelmann_h_2025_PECS",NA,"",-13.09681,-71.630565,"2025-04-16","change1: SPECIES rank but no valid binomial; kept scientificName=NA | change2: Normalized genus (removed indet; enforced capitalization) | change3: Degraded SPECIESâ†’GENUS (no valid binomial but genus present) | change4: Normalized genus (removed indet; enforced capitalization) | change5: Filled coordinateUncertaintyInMeters from decimal-place precision (conservative). | epi_taxo: acceptedName(match1); authorship_epig(match1); genus_from_scientificName; family_WFO; order_majorGroup_WCVP [2026-03-12] | CoordinateCleaner QA applied without sea test (validity, equal, zeros, capitals, centroids, gbif, institutions) [2026-03-29]","standardized author names in identifiedBy","Edith Rosario Clemente Arenas, Edison Quispe"
"96","PECS2025_0096","LivingSpecimen",NA,NA,NA,"SPECIES",NA,NA,NA,"Clemente-Arenas, E.R. | Quispe, E.","E","bertelmann_h_2025_PECS",1,"Grammitis moniliformis",-13.09681,-71.630565,"2025-04-16","change1: Normalized genus (removed indet; enforced capitalization) | change2: Normalized genus (removed indet; enforced capitalization) | change3: Filled coordinateUncertaintyInMeters from decimal-place precision (conservative). | epi_taxo: acceptedName(match1); authorship_epig(match1); genus_from_scientificName; family_WFO; order_majorGroup_WCVP [2026-03-12] | CoordinateCleaner QA applied without sea test (validity, equal, zeros, capitals, centroids, gbif, institutions) [2026-03-29]","standardized author names in identifiedBy","Edith Rosario Clemente Arenas, Edison Quispe"
"97","PECS2025_0097","LivingSpecimen",NA,NA,NA,"SPECIES",NA,NA,NA,"Clemente-Arenas, E.R. | Quispe, E.","E","bertelmann_h_2025_PECS",3,"Eria coronaria",-13.09681,-71.630565,"2025-04-16","change1: Normalized genus (removed indet; enforced capitalization) | change2: Normalized genus (removed indet; enforced capitalization) | change3: Filled coordinateUncertaintyInMeters from decimal-place precision (conservative). | epi_taxo: acceptedName(match1); authorship_epig(match1); genus_from_scientificName; family_WFO; order_majorGroup_WCVP [2026-03-12] | CoordinateCleaner QA applied without sea test (validity, equal, zeros, capitals, centroids, gbif, institutions) [2026-03-29]","standardized author names in identifiedBy","Edith Rosario Clemente Arenas, Edison Quispe"
"98","PECS2025_0098","LivingSpecimen",NA,NA,NA,"SPECIES",NA,NA,NA,"Clemente-Arenas, E.R. | Quispe, E.","E","bertelmann_h_2025_PECS",1,"Grammitis athyrioides",-13.09681,-71.630565,"2025-04-16","change1: Normalized genus (removed indet; enforced capitalization) | change2: Normalized genus (removed indet; enforced capitalization) | change3: Filled coordinateUncertaintyInMeters from decimal-place precision (conservative). | epi_taxo: acceptedName(match1); authorship_epig(match1); genus_from_scientificName; family_WFO; order_majorGroup_WCVP [2026-03-12] | CoordinateCleaner QA applied without sea test (validity, equal, zeros, capitals, centroids, gbif, institutions) [2026-03-29]","standardized author names in identifiedBy","Edith Rosario Clemente Arenas, Edison Quispe"
"99","PECS2025_0099","LivingSpecimen",NA,NA,NA,"GENUS",NA,NA,NA,"Clemente-Arenas, E.R. | Quispe, E.","E","bertelmann_h_2025_PECS",NA,"",-13.09681,-71.630565,"2025-04-16","change1: SPECIES rank but no valid binomial; kept scientificName=NA | change2: Normalized genus (removed indet; enforced capitalization) | change3: Degraded SPECIESâ†’GENUS (no valid binomial but genus present) | change4: Normalized genus (removed indet; enforced capitalization) | change5: Filled coordinateUncertaintyInMeters from decimal-place precision (conservative). | epi_taxo: acceptedName(match1); authorship_epig(match1); genus_from_scientificName; family_WFO; order_majorGroup_WCVP [2026-03-12] | CoordinateCleaner QA applied without sea test (validity, equal, zeros, capitals, centroids, gbif, institutions) [2026-03-29]","standardized author names in identifiedBy","Edith Rosario Clemente Arenas, Edison Quispe"
"100","PECS2025_0100","LivingSpecimen",NA,NA,NA,"GENUS",NA,NA,NA,"Clemente-Arenas, E.R. | Quispe, E.","E","bertelmann_h_2025_PECS",NA,"",-13.09681,-71.630565,"2025-04-16","change1: SPECIES rank but no valid binomial; kept scientificName=NA | change2: Normalized genus (removed indet; enforced capitalization) | change3: Degraded SPECIESâ†’GENUS (no valid binomial but genus present) | change4: Normalized genus (removed indet; enforced capitalization) | change5: Filled coordinateUncertaintyInMeters from decimal-place precision (conservative). | epi_taxo: acceptedName(match1); authorship_epig(match1); genus_from_scientificName; family_WFO; order_majorGroup_WCVP [2026-03-12] | CoordinateCleaner QA applied without sea test (validity, equal, zeros, capitals, centroids, gbif, institutions) [2026-03-29]","standardized author names in identifiedBy","Edith Rosario Clemente Arenas, Edison Quispe"
"101","PECS2025_0101","LivingSpecimen",NA,NA,NA,"SPECIES",NA,NA,NA,"Clemente-Arenas, E.R. | Quispe, E.","E","bertelmann_h_2025_PECS",3,"Demosthenesia mandonii",-13.09681,-71.630565,"2025-04-16","change1: Normalized genus (removed indet; enforced capitalization) | change2: Normalized genus (removed indet; enforced capitalization) | change3: Filled coordinateUncertaintyInMeters from decimal-place precision (conservative). | epi_taxo: acceptedName(match1); authorship_epig(match1); genus_from_scientificName; family_WFO; order_majorGroup_WCVP [2026-03-12] | CoordinateCleaner QA applied without sea test (validity, equal, zeros, capitals, centroids, gbif, institutions) [2026-03-29]","standardized author names in identifiedBy","Edith Rosario Clemente Arenas, Edison Quispe"
"102","PECS2025_0102","LivingSpecimen",NA,NA,NA,"SPECIES",NA,NA,NA,"Clemente-Arenas, E.R. | Quispe, E.","E","bertelmann_h_2025_PECS",1,"Elaphoglossum lingua",-13.09681,-71.630565,"2025-04-16","change1: Normalized genus (removed indet; enforced capitalization) | change2: Normalized genus (removed indet; enforced capitalization) | change3: Filled coordinateUncertaintyInMeters from decimal-place precision (conservative). | epi_taxo: acceptedName(match1); authorship_epig(match1); genus_from_scientificName; family_WFO; order_majorGroup_WCVP [2026-03-12] | CoordinateCleaner QA applied without sea test (validity, equal, zeros, capitals, centroids, gbif, institutions) [2026-03-29]","standardized author names in identifiedBy","Edith Rosario Clemente Arenas, Edison Quispe"
"103","PECS2025_0103","LivingSpecimen",NA,NA,NA,"SPECIES",NA,NA,NA,"Clemente-Arenas, E.R. | Quispe, E.","E","bertelmann_h_2025_PECS",1,"Elaphoglossum rimbachii",-13.09681,-71.630565,"2025-04-16","change1: Normalized genus (removed indet; enforced capitalization) | change2: Normalized genus (removed indet; enforced capitalization) | change3: Filled coordinateUncertaintyInMeters from decimal-place precision (conservative). | epi_taxo: acceptedName(match1); authorship_epig(match1); genus_from_scientificName; family_WFO; order_majorGroup_WCVP [2026-03-12] | CoordinateCleaner QA applied without sea test (validity, equal, zeros, capitals, centroids, gbif, institutions) [2026-03-29]","standardized author names in identifiedBy","Edith Rosario Clemente Arenas, Edison Quispe"
"104","PECS2025_0104","LivingSpecimen",NA,NA,NA,"SPECIES",NA,NA,NA,"Clemente-Arenas, E.R. | Quispe, E.","E","bertelmann_h_2025_PECS",1,"Elaphoglossum glossophyllum",-13.09681,-71.630565,"2025-04-16","change1: Normalized genus (removed indet; enforced capitalization) | change2: Normalized genus (removed indet; enforced capitalization) | change3: Filled coordinateUncertaintyInMeters from decimal-place precision (conservative). | epi_taxo: acceptedName(match1); authorship_epig(match1); genus_from_scientificName; family_WFO; order_majorGroup_WCVP [2026-03-12] | CoordinateCleaner QA applied without sea test (validity, equal, zeros, capitals, centroids, gbif, institutions) [2026-03-29]","standardized author names in identifiedBy","Edith Rosario Clemente Arenas, Edison Quispe"
"105","PECS2025_0105","LivingSpecimen",NA,NA,NA,"SPECIES",NA,NA,NA,"Clemente-Arenas, E.R. | Quispe, E.","E","bertelmann_h_2025_PECS",1,"Grammitis moniliformis",-13.09681,-71.630565,"2025-04-16","change1: Normalized genus (removed indet; enforced capitalization) | change2: Normalized genus (removed indet; enforced capitalization) | change3: Filled coordinateUncertaintyInMeters from decimal-place precision (conservative). | epi_taxo: acceptedName(match1); authorship_epig(match1); genus_from_scientificName; family_WFO; order_majorGroup_WCVP [2026-03-12] | CoordinateCleaner QA applied without sea test (validity, equal, zeros, capitals, centroids, gbif, institutions) [2026-03-29]","standardized author names in identifiedBy","Edith Rosario Clemente Arenas, Edison Quispe"
"106","PECS2025_0106","LivingSpecimen",NA,NA,NA,"SPECIES",NA,NA,NA,"Clemente-Arenas, E.R. | Quispe, E.","E","bertelmann_h_2025_PECS",1,"Grammitis personata",-13.09681,-71.630565,"2025-04-16","change1: Normalized genus (removed indet; enforced capitalization) | change2: Normalized genus (removed indet; enforced capitalization) | change3: Filled coordinateUncertaintyInMeters from decimal-place precision (conservative). | epi_taxo: acceptedName(match1); authorship_epig(match1); genus_from_scientificName; family_WFO; order_majorGroup_WCVP [2026-03-12] | CoordinateCleaner QA applied without sea test (validity, equal, zeros, capitals, centroids, gbif, institutions) [2026-03-29]","standardized author names in identifiedBy","Edith Rosario Clemente Arenas, Edison Quispe"
"107","PECS2025_0107","LivingSpecimen",NA,NA,NA,"SPECIES",NA,NA,NA,"Clemente-Arenas, E.R. | Quispe, E.","E","bertelmann_h_2025_PECS",3,"Demosthenesia mandonii",-13.09681,-71.630565,"2025-04-16","change1: Normalized genus (removed indet; enforced capitalization) | change2: Normalized genus (removed indet; enforced capitalization) | change3: Filled coordinateUncertaintyInMeters from decimal-place precision (conservative). | epi_taxo: acceptedName(match1); authorship_epig(match1); genus_from_scientificName; family_WFO; order_majorGroup_WCVP [2026-03-12] | CoordinateCleaner QA applied without sea test (validity, equal, zeros, capitals, centroids, gbif, institutions) [2026-03-29]","standardized author names in identifiedBy","Edith Rosario Clemente Arenas, Edison Quispe"
"108","PECS2025_0108","LivingSpecimen",NA,NA,NA,"GENUS",NA,NA,NA,"Clemente-Arenas, E.R. | Quispe, E.","E","bertelmann_h_2025_PECS",NA,"",-13.09681,-71.630565,"2025-04-16","change1: SPECIES rank but no valid binomial; kept scientificName=NA | change2: Normalized genus (removed indet; enforced capitalization) | change3: Degraded SPECIESâ†’GENUS (no valid binomial but genus present) | change4: Normalized genus (removed indet; enforced capitalization) | change5: Filled coordinateUncertaintyInMeters from decimal-place precision (conservative). | epi_taxo: acceptedName(match1); authorship_epig(match1); genus_from_scientificName; family_WFO; order_majorGroup_WCVP [2026-03-12] | CoordinateCleaner QA applied without sea test (validity, equal, zeros, capitals, centroids, gbif, institutions) [2026-03-29]","standardized author names in identifiedBy","Edith Rosario Clemente Arenas, Edison Quispe"
"109","PECS2025_0109","LivingSpecimen",NA,NA,NA,"SPECIES",NA,NA,NA,"Clemente-Arenas, E.R. | Quispe, E.","E","bertelmann_h_2025_PECS",1,"Grammitis personata",-13.09681,-71.630565,"2025-04-16","change1: Normalized genus (removed indet; enforced capitalization) | change2: Normalized genus (removed indet; enforced capitalization) | change3: Filled coordinateUncertaintyInMeters from decimal-place precision (conservative). | epi_taxo: acceptedName(match1); authorship_epig(match1); genus_from_scientificName; family_WFO; order_majorGroup_WCVP [2026-03-12] | CoordinateCleaner QA applied without sea test (validity, equal, zeros, capitals, centroids, gbif, institutions) [2026-03-29]","standardized author names in identifiedBy","Edith Rosario Clemente Arenas, Edison Quispe"
"110","PECS2025_0110","LivingSpecimen",NA,NA,NA,"SPECIES",NA,NA,NA,"Clemente-Arenas, E.R. | Quispe, E.","E","bertelmann_h_2025_PECS",1,"Grammitis moniliformis",-13.09681,-71.630565,"2025-04-16","change1: Normalized genus (removed indet; enforced capitalization) | change2: Normalized genus (removed indet; enforced capitalization) | change3: Filled coordinateUncertaintyInMeters from decimal-place precision (conservative). | epi_taxo: acceptedName(match1); authorship_epig(match1); genus_from_scientificName; family_WFO; order_majorGroup_WCVP [2026-03-12] | CoordinateCleaner QA applied without sea test (validity, equal, zeros, capitals, centroids, gbif, institutions) [2026-03-29]","standardized author names in identifiedBy","Edith Rosario Clemente Arenas, Edison Quispe"
"111","PECS2025_0111","LivingSpecimen",NA,NA,NA,"SPECIES",NA,NA,NA,"Clemente-Arenas, E.R. | Quispe, E.","E","bertelmann_h_2025_PECS",3,"Demosthenesia mandonii",-13.09681,-71.630565,"2025-04-16","change1: Normalized genus (removed indet; enforced capitalization) | change2: Normalized genus (removed indet; enforced capitalization) | change3: Filled coordinateUncertaintyInMeters from decimal-place precision (conservative). | epi_taxo: acceptedName(match1); authorship_epig(match1); genus_from_scientificName; family_WFO; order_majorGroup_WCVP [2026-03-12] | CoordinateCleaner QA applied without sea test (validity, equal, zeros, capitals, centroids, gbif, institutions) [2026-03-29]","standardized author names in identifiedBy","Edith Rosario Clemente Arenas, Edison Quispe"
"112","PECS2025_0112","LivingSpecimen",NA,NA,NA,"GENUS",NA,NA,NA,"Clemente-Arenas, E.R. | Quispe, E.","E","bertelmann_h_2025_PECS",NA,"",-13.09681,-71.630565,"2025-04-16","change1: SPECIES rank but no valid binomial; kept scientificName=NA | change2: Normalized genus (removed indet; enforced capitalization) | change3: Degraded SPECIESâ†’GENUS (no valid binomial but genus present) | change4: Normalized genus (removed indet; enforced capitalization) | change5: Filled coordinateUncertaintyInMeters from decimal-place precision (conservative). | epi_taxo: acceptedName(match1); authorship_epig(match1); genus_from_scientificName; family_WFO; order_majorGroup_WCVP [2026-03-12] | CoordinateCleaner QA applied without sea test (validity, equal, zeros, capitals, centroids, gbif, institutions) [2026-03-29]","standardized author names in identifiedBy","Edith Rosario Clemente Arenas, Edison Quispe"
"113","PECS2025_0113","LivingSpecimen",NA,NA,NA,"SPECIES",NA,NA,NA,"Clemente-Arenas, E.R. | Quispe, E.","E","bertelmann_h_2025_PECS",1,"Campyloneurum densifolium",-13.09681,-71.630565,"2025-04-16","change1: Normalized genus (removed indet; enforced capitalization) | change2: Normalized genus (removed indet; enforced capitalization) | change3: Filled coordinateUncertaintyInMeters from decimal-place precision (conservative). | epi_taxo: acceptedName(match1); authorship_epig(match1); genus_from_scientificName; family_WFO; order_majorGroup_WCVP [2026-03-12] | CoordinateCleaner QA applied without sea test (validity, equal, zeros, capitals, centroids, gbif, institutions) [2026-03-29]","standardized author names in identifiedBy","Edith Rosario Clemente Arenas, Edison Quispe"
"114","PECS2025_0114","LivingSpecimen",NA,NA,NA,"SPECIES",NA,NA,NA,"Clemente-Arenas, E.R. | Quispe, E.","E","bertelmann_h_2025_PECS",1,"Elaphoglossum rimbachii",-13.09681,-71.630565,"2025-04-16","change1: Normalized genus (removed indet; enforced capitalization) | change2: Normalized genus (removed indet; enforced capitalization) | change3: Filled coordinateUncertaintyInMeters from decimal-place precision (conservative). | epi_taxo: acceptedName(match1); authorship_epig(match1); genus_from_scientificName; family_WFO; order_majorGroup_WCVP [2026-03-12] | CoordinateCleaner QA applied without sea test (validity, equal, zeros, capitals, centroids, gbif, institutions) [2026-03-29]","standardized author names in identifiedBy","Edith Rosario Clemente Arenas, Edison Quispe"
"115","PECS2025_0115","LivingSpecimen",NA,NA,NA,"GENUS",NA,NA,NA,"Clemente-Arenas, E.R. | Quispe, E.","E","bertelmann_h_2025_PECS",NA,"",-13.09681,-71.630565,"2025-04-16","change1: SPECIES rank but no valid binomial; kept scientificName=NA | change2: Normalized genus (removed indet; enforced capitalization) | change3: Degraded SPECIESâ†’GENUS (no valid binomial but genus present) | change4: Normalized genus (removed indet; enforced capitalization) | change5: Filled coordinateUncertaintyInMeters from decimal-place precision (conservative). | epi_taxo: acceptedName(match1); authorship_epig(match1); genus_from_scientificName; family_WFO; order_majorGroup_WCVP [2026-03-12] | CoordinateCleaner QA applied without sea test (validity, equal, zeros, capitals, centroids, gbif, institutions) [2026-03-29]","standardized author names in identifiedBy","Edith Rosario Clemente Arenas, Edison Quispe"
"116","PECS2025_0116","LivingSpecimen",NA,NA,NA,"SPECIES",NA,NA,NA,"Clemente-Arenas, E.R. | Quispe, E.","E","bertelmann_h_2025_PECS",1,"Grammitis moniliformis",-13.09681,-71.630565,"2025-04-16","change1: Normalized genus (removed indet; enforced capitalization) | change2: Normalized genus (removed indet; enforced capitalization) | change3: Filled coordinateUncertaintyInMeters from decimal-place precision (conservative). | epi_taxo: acceptedName(match1); authorship_epig(match1); genus_from_scientificName; family_WFO; order_majorGroup_WCVP [2026-03-12] | CoordinateCleaner QA applied without sea test (validity, equal, zeros, capitals, centroids, gbif, institutions) [2026-03-29]","standardized author names in identifiedBy","Edith Rosario Clemente Arenas, Edison Quispe"
"117","PECS2025_0117","LivingSpecimen",NA,NA,NA,"SPECIES",NA,NA,NA,"Clemente-Arenas, E.R. | Quispe, E.","E","bertelmann_h_2025_PECS",1,"Grammitis personata",-13.09681,-71.630565,"2025-04-16","change1: Normalized genus (removed indet; enforced capitalization) | change2: Normalized genus (removed indet; enforced capitalization) | change3: Filled coordinateUncertaintyInMeters from decimal-place precision (conservative). | epi_taxo: acceptedName(match1); authorship_epig(match1); genus_from_scientificName; family_WFO; order_majorGroup_WCVP [2026-03-12] | CoordinateCleaner QA applied without sea test (validity, equal, zeros, capitals, centroids, gbif, institutions) [2026-03-29]","standardized author names in identifiedBy","Edith Rosario Clemente Arenas, Edison Quispe"
"118","PECS2025_0118","LivingSpecimen",NA,NA,NA,"GENUS",NA,NA,NA,"Clemente-Arenas, E.R. | Quispe, E.","E","bertelmann_h_2025_PECS",NA,"",-13.09681,-71.630565,"2025-04-16","change1: SPECIES rank but no valid binomial; kept scientificName=NA | change2: Normalized genus (removed indet; enforced capitalization) | change3: Degraded SPECIESâ†’GENUS (no valid binomial but genus present) | change4: Normalized genus (removed indet; enforced capitalization) | change5: Filled coordinateUncertaintyInMeters from decimal-place precision (conservative). | epi_taxo: acceptedName(match1); authorship_epig(match1); genus_from_scientificName; family_WFO; order_majorGroup_WCVP [2026-03-12] | CoordinateCleaner QA applied without sea test (validity, equal, zeros, capitals, centroids, gbif, institutions) [2026-03-29]","standardized author names in identifiedBy","Edith Rosario Clemente Arenas, Edison Quispe"
"119","PECS2025_0119","LivingSpecimen",NA,NA,NA,"GENUS",NA,NA,NA,"Clemente-Arenas, E.R. | Quispe, E.","E","bertelmann_h_2025_PECS",NA,"",-13.09681,-71.630565,"2025-04-16","change1: SPECIES rank but no valid binomial; kept scientificName=NA | change2: Normalized genus (removed indet; enforced capitalization) | change3: Degraded SPECIESâ†’GENUS (no valid binomial but genus present) | change4: Normalized genus (removed indet; enforced capitalization) | change5: Filled coordinateUncertaintyInMeters from decimal-place precision (conservative). | epi_taxo: acceptedName(match1); authorship_epig(match1); genus_from_scientificName; family_WFO; order_majorGroup_WCVP [2026-03-12] | CoordinateCleaner QA applied without sea test (validity, equal, zeros, capitals, centroids, gbif, institutions) [2026-03-29]","standardized author names in identifiedBy","Edith Rosario Clemente Arenas, Edison Quispe"
"120","PECS2025_0120","LivingSpecimen",NA,NA,NA,"SPECIES",NA,NA,NA,"Clemente-Arenas, E.R. | Quispe, E.","E","bertelmann_h_2025_PECS",1,"Campyloneurum densifolium",-13.09681,-71.630565,"2025-04-16","change1: Normalized genus (removed indet; enforced capitalization) | change2: Normalized genus (removed indet; enforced capitalization) | change3: Filled coordinateUncertaintyInMeters from decimal-place precision (conservative). | epi_taxo: acceptedName(match1); authorship_epig(match1); genus_from_scientificName; family_WFO; order_majorGroup_WCVP [2026-03-12] | CoordinateCleaner QA applied without sea test (validity, equal, zeros, capitals, centroids, gbif, institutions) [2026-03-29]","standardized author names in identifiedBy","Edith Rosario Clemente Arenas, Edison Quispe"
"121","PECS2025_0121","LivingSpecimen",NA,NA,NA,"SPECIES",NA,NA,NA,"Clemente-Arenas, E.R. | Quispe, E.","E","bertelmann_h_2025_PECS",1,"Grammitis personata",-13.09681,-71.630565,"2025-04-16","change1: Normalized genus (removed indet; enforced capitalization) | change2: Normalized genus (removed indet; enforced capitalization) | change3: Filled coordinateUncertaintyInMeters from decimal-place precision (conservative). | epi_taxo: acceptedName(match1); authorship_epig(match1); genus_from_scientificName; family_WFO; order_majorGroup_WCVP [2026-03-12] | CoordinateCleaner QA applied without sea test (validity, equal, zeros, capitals, centroids, gbif, institutions) [2026-03-29]","standardized author names in identifiedBy","Edith Rosario Clemente Arenas, Edison Quispe"
"122","PECS2025_0122","LivingSpecimen",NA,NA,NA,"SPECIES",NA,NA,NA,"Clemente-Arenas, E.R. | Quispe, E.","E","bertelmann_h_2025_PECS",1,"Grammitis moniliformis",-13.09681,-71.630565,"2025-04-16","change1: Normalized genus (removed indet; enforced capitalization) | change2: Normalized genus (removed indet; enforced capitalization) | change3: Filled coordinateUncertaintyInMeters from decimal-place precision (conservative). | epi_taxo: acceptedName(match1); authorship_epig(match1); genus_from_scientificName; family_WFO; order_majorGroup_WCVP [2026-03-12] | CoordinateCleaner QA applied without sea test (validity, equal, zeros, capitals, centroids, gbif, institutions) [2026-03-29]","standardized author names in identifiedBy","Edith Rosario Clemente Arenas, Edison Quispe"
"123","PECS2025_0123","LivingSpecimen",NA,NA,NA,"GENUS",NA,NA,NA,"Clemente-Arenas, E.R. | Quispe, E.","E","bertelmann_h_2025_PECS",NA,"",-13.09681,-71.630565,"2025-04-16","change1: SPECIES rank but no valid binomial; kept scientificName=NA | change2: Normalized genus (removed indet; enforced capitalization) | change3: Degraded SPECIESâ†’GENUS (no valid binomial but genus present) | change4: Normalized genus (removed indet; enforced capitalization) | change5: Filled coordinateUncertaintyInMeters from decimal-place precision (conservative). | epi_taxo: acceptedName(match1); authorship_epig(match1); genus_from_scientificName; family_WFO; order_majorGroup_WCVP [2026-03-12] | CoordinateCleaner QA applied without sea test (validity, equal, zeros, capitals, centroids, gbif, institutions) [2026-03-29]","standardized author names in identifiedBy","Edith Rosario Clemente Arenas, Edison Quispe"
"124","PECS2025_0124","LivingSpecimen",NA,NA,NA,"GENUS",NA,NA,NA,"Clemente-Arenas, E.R. | Quispe, E.","E","bertelmann_h_2025_PECS",NA,"",-13.09681,-71.630565,"2025-04-16","change1: SPECIES rank but no valid binomial; kept scientificName=NA | change2: Normalized genus (removed indet; enforced capitalization) | change3: Degraded SPECIESâ†’GENUS (no valid binomial but genus present) | change4: Normalized genus (removed indet; enforced capitalization) | change5: Filled coordinateUncertaintyInMeters from decimal-place precision (conservative). | epi_taxo: acceptedName(match1); authorship_epig(match1); genus_from_scientificName; family_WFO; order_majorGroup_WCVP [2026-03-12] | CoordinateCleaner QA applied without sea test (validity, equal, zeros, capitals, centroids, gbif, institutions) [2026-03-29]","standardized author names in identifiedBy","Edith Rosario Clemente Arenas, Edison Quispe"
"125","PECS2025_0125","LivingSpecimen",NA,NA,NA,"SPECIES",NA,NA,NA,"Clemente-Arenas, E.R. | Quispe, E.","E","bertelmann_h_2025_PECS",1,"Grammitis personata",-13.09681,-71.630565,"2025-04-16","change1: Normalized genus (removed indet; enforced capitalization) | change2: Normalized genus (removed indet; enforced capitalization) | change3: Filled coordinateUncertaintyInMeters from decimal-place precision (conservative). | epi_taxo: acceptedName(match1); authorship_epig(match1); genus_from_scientificName; family_WFO; order_majorGroup_WCVP [2026-03-12] | CoordinateCleaner QA applied without sea test (validity, equal, zeros, capitals, centroids, gbif, institutions) [2026-03-29]","standardized author names in identifiedBy","Edith Rosario Clemente Arenas, Edison Quispe"
"126","PECS2025_0126","LivingSpecimen",NA,NA,NA,"GENUS",NA,NA,NA,"Clemente-Arenas, E.R. | Quispe, E.","E","bertelmann_h_2025_PECS",NA,"",-13.09681,-71.630565,"2025-04-16","change1: SPECIES rank but no valid binomial; kept scientificName=NA | change2: Normalized genus (removed indet; enforced capitalization) | change3: Degraded SPECIESâ†’GENUS (no valid binomial but genus present) | change4: Normalized genus (removed indet; enforced capitalization) | change5: Filled coordinateUncertaintyInMeters from decimal-place precision (conservative). | epi_taxo: acceptedName(match1); authorship_epig(match1); genus_from_scientificName; family_WFO; order_majorGroup_WCVP [2026-03-12] | CoordinateCleaner QA applied without sea test (validity, equal, zeros, capitals, centroids, gbif, institutions) [2026-03-29]","standardized author names in identifiedBy","Edith Rosario Clemente Arenas, Edison Quispe"
"127","PECS2025_0127","LivingSpecimen",NA,NA,NA,"SPECIES",NA,NA,NA,"Clemente-Arenas, E.R. | Quispe, E.","E","bertelmann_h_2025_PECS",3,"Demosthenesia mandonii",-13.09681,-71.630565,"2025-04-16","change1: Normalized genus (removed indet; enforced capitalization) | change2: Normalized genus (removed indet; enforced capitalization) | change3: Filled coordinateUncertaintyInMeters from decimal-place precision (conservative). | epi_taxo: acceptedName(match1); authorship_epig(match1); genus_from_scientificName; family_WFO; order_majorGroup_WCVP [2026-03-12] | CoordinateCleaner QA applied without sea test (validity, equal, zeros, capitals, centroids, gbif, institutions) [2026-03-29]","standardized author names in identifiedBy","Edith Rosario Clemente Arenas, Edison Quispe"
"128","PECS2025_0128","LivingSpecimen",NA,NA,NA,"GENUS",NA,NA,NA,"Clemente-Arenas, E.R. | Quispe, E.","E","bertelmann_h_2025_PECS",NA,"",-13.09681,-71.630565,"2025-04-16","change1: SPECIES rank but no valid binomial; kept scientificName=NA | change2: Normalized genus (removed indet; enforced capitalization) | change3: Degraded SPECIESâ†’GENUS (no valid binomial but genus present) | change4: Normalized genus (removed indet; enforced capitalization) | change5: Filled coordinateUncertaintyInMeters from decimal-place precision (conservative). | epi_taxo: acceptedName(match1); authorship_epig(match1); genus_from_scientificName; family_WFO; order_majorGroup_WCVP [2026-03-12] | CoordinateCleaner QA applied without sea test (validity, equal, zeros, capitals, centroids, gbif, institutions) [2026-03-29]","standardized author names in identifiedBy","Edith Rosario Clemente Arenas, Edison Quispe"
