"","occurrenceID","basisOfRecord","typeStatus","associatedReferences","institutionCode","taxonRank","collectionCode","recordedBy","recordNumber","identifiedBy","lifeForm","datasetID","matchCodeEpig","matchedNameEpig","decimalLatitude","decimalLongitude","eventDate","changes","discardReason","verbatimrecordedBy","verbatimidentifiedBy"
"1","BA2025_001","PreservedSpecimen","Evento",NA,"BA","SPECIES","Herbario","Rojas, T.","BA 22963",NA,"E","BA2025",1,"Acanthostachys strobilacea",NA,NA,"1938-06-01","epi_taxo: acceptedName(match1); authorship_epig(match1); genus_from_scientificName; family_WFO; order_majorGroup_WCVP [2026-03-12] | CoordinateCleaner QA applied without sea test (validity, equal, zeros, capitals, centroids, gbif, institutions) [2026-03-29]","","Rojas, T.","-"
"2","BA2025_002","PreservedSpecimen","Evento",NA,"BA","SPECIES","Herbario","Barreto, M.","BA 31372","Barreto, M.","E","BA2025",1,"Acanthostachys strobilacea",NA,NA,"1936-05-24","epi_taxo: acceptedName(match1); authorship_epig(match1); genus_from_scientificName; family_WFO; order_majorGroup_WCVP [2026-03-12] | CoordinateCleaner QA applied without sea test (validity, equal, zeros, capitals, centroids, gbif, institutions) [2026-03-29]","standardized author names and accents corrected in recordedBy / standardized author names and accents corrected in identifiedBy","Mello Barreto","Mello Barreto"
"3","BA2025_003","PreservedSpecimen","Evento",NA,"BA","SPECIES","Herbario","van de Venne. | Wolffhuegel.","BA1069","Hicken, C.M.","E","BA2025",1,"Acanthostachys strobilacea",NA,NA,"2558-01-01","epi_taxo: acceptedName(match1); authorship_epig(match1); genus_from_scientificName; family_WFO; order_majorGroup_WCVP [2026-03-12] | CoordinateCleaner QA applied without sea test (validity, equal, zeros, capitals, centroids, gbif, institutions) [2026-03-29]","standardized author names and accents corrected in recordedBy","Van de Venne & Wolffhuegel","Hicken, C.M."
"4","BA2025_004","PreservedSpecimen","Evento",NA,"BA","SPECIES","Herbario","Perrone, V.R.","BA 54141","Castellanos, A.","E","BA2025",1,"Aechmea recurvata var. recurvata",-25.937071,-54.256221,"1949-10-25","change1: Filled coordinateUncertaintyInMeters from decimal-place precision (conservative). | epi_taxo: acceptedName(match1); authorship_epig(match1); genus_from_scientificName; family_WFO; order_majorGroup_WCVP [2026-03-12] | CoordinateCleaner QA applied without sea test (validity, equal, zeros, capitals, centroids, gbif, institutions) [2026-03-29]","standardized author names and accents corrected in recordedBy","Perrone, Vicente R.","Castellanos, A."
"5","BA2025_005","PreservedSpecimen","Evento",NA,"BA","SPECIES","Herbario","Perez-Moreau, R.","BA 21079","Castellanos, A.","E","BA2025",1,"Aechmea calyculata",NA,NA,"1937-07-26","epi_taxo: acceptedName(match1); authorship_epig(match1); genus_from_scientificName; family_WFO; order_majorGroup_WCVP [2026-03-12] | CoordinateCleaner QA applied without sea test (validity, equal, zeros, capitals, centroids, gbif, institutions) [2026-03-29]","standardized author names and accents corrected in recordedBy","Pérez Moreau","Castellanos, A."
"6","BA2025_006","PreservedSpecimen","Evento",NA,"BA","SPECIES","Herbario","Perez-Moreau, R.","BA21079","Castellanos, A.","E","BA2025",1,"Aechmea calyculata",NA,NA,"1937-07-26","epi_taxo: acceptedName(match1); authorship_epig(match1); genus_from_scientificName; family_WFO; order_majorGroup_WCVP [2026-03-12] | CoordinateCleaner QA applied without sea test (validity, equal, zeros, capitals, centroids, gbif, institutions) [2026-03-29]","standardized author names and accents corrected in recordedBy","Pérez Moreau","Castellanos, A."
"7","BA2025_007","PreservedSpecimen","Evento",NA,"BA","SPECIES","Herbario","Schreiter","BA 29841",NA,"E","BA2025",2,"Aechmea distichantha",NA,NA,"6607-01-01","epi_taxo: acceptedName(match1); authorship_epig(match1); genus_from_scientificName; family_WFO; order_majorGroup_WCVP [2026-03-12] | CoordinateCleaner QA applied without sea test (validity, equal, zeros, capitals, centroids, gbif, institutions) [2026-03-29]","","Schreiter","-"
"8","BA2025_008","PreservedSpecimen","Evento",NA,"BA","SPECIES","Herbario","Venturi, S.","BA 1082",NA,"E","BA2025",2,"Aechmea distichantha",NA,NA,"7580-01-01","epi_taxo: acceptedName(match1); authorship_epig(match1); genus_from_scientificName; family_WFO; order_majorGroup_WCVP [2026-03-12] | CoordinateCleaner QA applied without sea test (validity, equal, zeros, capitals, centroids, gbif, institutions) [2026-03-29]","","Venturi, S.","-"
"9","BA2025_009","PreservedSpecimen","Evento",NA,"BA","SPECIES","Herbario","Venturi, S.","BA 28/706",NA,"E","BA2025",2,"Aechmea distichantha",NA,NA,"1927-12-10","epi_taxo: acceptedName(match1); authorship_epig(match1); genus_from_scientificName; family_WFO; order_majorGroup_WCVP [2026-03-12] | CoordinateCleaner QA applied without sea test (validity, equal, zeros, capitals, centroids, gbif, institutions) [2026-03-29]","","Venturi, S.","-"
"10","BA2025_010","PreservedSpecimen","Evento",NA,"BA","SPECIES","Herbario","Venturi, S.","BA 28/705","Castellanos, A.","E","BA2025",2,"Aechmea distichantha",NA,NA,"1927-12-10","epi_taxo: acceptedName(match1); authorship_epig(match1); genus_from_scientificName; family_WFO; order_majorGroup_WCVP [2026-03-12] | CoordinateCleaner QA applied without sea test (validity, equal, zeros, capitals, centroids, gbif, institutions) [2026-03-29]","","Venturi, S.","Castellanos, A."
"11","BA2025_011","PreservedSpecimen","Evento",NA,"BA","SPECIES","Herbario","Venturi, S.","BA1082",NA,"E","BA2025",2,"Aechmea distichantha",NA,NA,"7580-01-01","epi_taxo: acceptedName(match1); authorship_epig(match1); genus_from_scientificName; family_WFO; order_majorGroup_WCVP [2026-03-12] | CoordinateCleaner QA applied without sea test (validity, equal, zeros, capitals, centroids, gbif, institutions) [2026-03-29]","","Venturi, S.","-"
"12","BA2025_012","PreservedSpecimen","Evento",NA,"BA","SPECIES","Herbario","Marquez, G.J.  |  Yanez, A.","BA","Yanez A. | Marquez G.J.","E","BA2025",1,"Asplenium auritum",NA,NA,"2021-02-23","epi_taxo: acceptedName(match1); authorship_epig(match1); genus_from_scientificName; family_WFO; order_majorGroup_WCVP [2026-03-12] | CoordinateCleaner QA applied without sea test (validity, equal, zeros, capitals, centroids, gbif, institutions) [2026-03-29]","standardized author names and accents corrected in recordedBy / standardized author names and accents corrected in identifiedBy","Marquez G.J. & Yañez A.","Yañez A. & Marquez G.J."
"13","BA2025_013","PreservedSpecimen","Evento",NA,"BA","SPECIES","Herbario","Marquez, G.J. | Yanez, A.","BA","Yanez A. | Marquez G.J.","E","BA2025",1,"Asplenium gastonis",-25.979344,-54.116496,"2021-02-25","change1: Filled coordinateUncertaintyInMeters from decimal-place precision (conservative). | epi_taxo: acceptedName(match1); authorship_epig(match1); genus_from_scientificName; family_WFO; order_majorGroup_WCVP [2026-03-12] | CoordinateCleaner QA applied without sea test (validity, equal, zeros, capitals, centroids, gbif, institutions) [2026-03-29]","standardized author names and accents corrected in recordedBy / standardized author names and accents corrected in identifiedBy","Marquez & Yañez","Yañez A. & Marquez G.J."
"14","BA2025_014","PreservedSpecimen","Evento",NA,"BA","SPECIES","Herbario","Yanez, A. | Marquez, G.J. | Watts, J.","BA","Yanez A. | Marquez G.J.","E","BA2025",1,"Asplenium scandicinum",-26.8745,-54.22614722,"2020-02-11","change1: Filled coordinateUncertaintyInMeters from decimal-place precision (conservative). | epi_taxo: acceptedName(match1); authorship_epig(match1); genus_from_scientificName; family_WFO; order_majorGroup_WCVP [2026-03-12] | CoordinateCleaner QA applied without sea test (validity, equal, zeros, capitals, centroids, gbif, institutions) [2026-03-29]","standardized author names and accents corrected in recordedBy / standardized author names and accents corrected in identifiedBy","Yañez A., Marquez G.J. & Watts J.","Yañez A. & Marquez G.J."
"15","BA2025_015","PreservedSpecimen","Evento",NA,"BA","SPECIES","Herbario","Barreto, M.","BA31368",NA,"E","BA2025",1,"Billbergia amoena",NA,NA,"1933-01-09","epi_taxo: acceptedName(match1); authorship_epig(match1); genus_from_scientificName; family_WFO; order_majorGroup_WCVP [2026-03-12] | CoordinateCleaner QA applied without sea test (validity, equal, zeros, capitals, centroids, gbif, institutions) [2026-03-29]","standardized author names and accents corrected in recordedBy","Mello Barreto","-"
"16","BA2025_016","PreservedSpecimen","Evento",NA,"BA","SPECIES","Herbario","Perez-Moreau, R.","BA 31/2095","Castellanos, A.","E","BA2025",1,"Billbergia nutans",NA,NA,"1931-04-08","epi_taxo: acceptedName(match1); authorship_epig(match1); genus_from_scientificName; family_WFO; order_majorGroup_WCVP [2026-03-12] | CoordinateCleaner QA applied without sea test (validity, equal, zeros, capitals, centroids, gbif, institutions) [2026-03-29]","standardized author names and accents corrected in recordedBy","Pérez Moreau","Castellanos, A."
"17","BA2025_017","PreservedSpecimen","Evento",NA,"BA","SPECIES","Herbario","Perez-Moreau, R.","BA31/2095","Castellanos, A.","E","BA2025",1,"Billbergia nutans",NA,NA,"1931-04-08","epi_taxo: acceptedName(match1); authorship_epig(match1); genus_from_scientificName; family_WFO; order_majorGroup_WCVP [2026-03-12] | CoordinateCleaner QA applied without sea test (validity, equal, zeros, capitals, centroids, gbif, institutions) [2026-03-29]","standardized author names and accents corrected in recordedBy","Pérez Moreau","Castellanos, A."
"18","BA2025_018","PreservedSpecimen","Evento",NA,"BA","SPECIES","Herbario","Suarez, M.E.","BA93087","Suarez, M.E.","E","BA2025",3,"Billbergia zebrina",NA,NA,"2007-12-22","epi_taxo: acceptedName(match1); authorship_epig(match1); genus_from_scientificName; family_WFO; order_majorGroup_WCVP [2026-03-12] | CoordinateCleaner QA applied without sea test (validity, equal, zeros, capitals, centroids, gbif, institutions) [2026-03-29]","standardized author names and accents corrected in recordedBy","Suárez, M.E.","Suarez, M.E."
"19","BA2025_019","PreservedSpecimen","Evento",NA,"BA","SPECIES","Herbario","Tressens, S.G.","BA76062","Pessoa, E.","E","BA2025",1,"Campylocentrum neglectum",NA,NA,"1989-02-24","epi_taxo: acceptedName(match1); authorship_epig(match1); genus_from_scientificName; family_WFO; order_majorGroup_WCVP [2026-03-12] | CoordinateCleaner QA applied without sea test (validity, equal, zeros, capitals, centroids, gbif, institutions) [2026-03-29]","standardized author names and accents corrected in recordedBy","Tressens, S.G. & col.","Pessoa, E."
"20","BA2025_020","PreservedSpecimen","Evento",NA,"BA","SPECIES","Herbario","Jorgensen, P.","BA17325","Pessoa, E.","E","BA2025",1,"Campylocentrum neglectum",NA,NA,"6515-01-01","epi_taxo: acceptedName(match1); authorship_epig(match1); genus_from_scientificName; family_WFO; order_majorGroup_WCVP [2026-03-12] | CoordinateCleaner QA applied without sea test (validity, equal, zeros, capitals, centroids, gbif, institutions) [2026-03-29]","standardized author names and accents corrected in recordedBy","Jörgensen, P.","Pessoa, E."
"21","BA2025_021","PreservedSpecimen","Evento",NA,"BA","GENUS","Herbario","Marquez, G.J. | Yanez, A.","BA","Yanez A. | Marquez G.J.","E","BA2025",NA,"",-25.976298,-54.117047,"2024-03-16","change1: Filled coordinateUncertaintyInMeters from decimal-place precision (conservative). | epi_taxo: acceptedName(match1); authorship_epig(match1); genus_from_scientificName; family_WFO; order_majorGroup_WCVP [2026-03-12] | CoordinateCleaner QA applied without sea test (validity, equal, zeros, capitals, centroids, gbif, institutions) [2026-03-29]","standardized author names and accents corrected in recordedBy / standardized author names and accents corrected in identifiedBy","Marquez & Yañez","Yañez A. & Marquez G.J."
"22","BA2025_022","PreservedSpecimen","Evento",NA,"BA","GENUS","Herbario","Yanez, A. | Cariglino, B. | Melo, C. | Castia, F.","BA","Yanez A. | Marquez G.J.","E","BA2025",NA,"",NA,NA,"2023-04-30","epi_taxo: acceptedName(match1); authorship_epig(match1); genus_from_scientificName; family_WFO; order_majorGroup_WCVP [2026-03-12] | CoordinateCleaner QA applied without sea test (validity, equal, zeros, capitals, centroids, gbif, institutions) [2026-03-29]","standardized author names and accents corrected in recordedBy / standardized author names and accents corrected in identifiedBy","Yañez A., Cariglino B., Melo C. & Castía F.","Yañez A. & Marquez G.J."
"23","BA2025_023","PreservedSpecimen","Evento",NA,"BA","SPECIES","Herbario","Marquez, G.J. | Yanez, A.","BA","Yanez A. | Marquez G.J.","E","BA2025",1,"Campyloneurum aphanophlebium",-25.979344,-54.116496,"2024-03-16","change1: Filled coordinateUncertaintyInMeters from decimal-place precision (conservative). | epi_taxo: acceptedName(match1); authorship_epig(match1); genus_from_scientificName; family_WFO; order_majorGroup_WCVP [2026-03-12] | CoordinateCleaner QA applied without sea test (validity, equal, zeros, capitals, centroids, gbif, institutions) [2026-03-29]","standardized author names and accents corrected in recordedBy / standardized author names and accents corrected in identifiedBy","Marquez & Yañez","Yañez A. & Marquez G.J."
"24","BA2025_024","PreservedSpecimen","Evento",NA,"BA","SPECIES","Herbario","Yanez, A. | Marquez, G.J. | Watts, J.","BA","Yanez A. | Marquez G.J.","E","BA2025",1,"Campyloneurum nitidum",-26.8745,-54.22614722,"2020-02-11","change1: Filled coordinateUncertaintyInMeters from decimal-place precision (conservative). | epi_taxo: acceptedName(match1); authorship_epig(match1); genus_from_scientificName; family_WFO; order_majorGroup_WCVP [2026-03-12] | CoordinateCleaner QA applied without sea test (validity, equal, zeros, capitals, centroids, gbif, institutions) [2026-03-29]","standardized author names and accents corrected in recordedBy / standardized author names and accents corrected in identifiedBy","Yañez A., Marquez G.J. & Watts J.","Yañez A. & Marquez G.J."
"25","BA2025_025","PreservedSpecimen","Evento",NA,"BA","SPECIES","Herbario","Marquez, G.J.  |  Yanez, A.","BA","Yanez A. | Marquez G.J.","E","BA2025",1,"Campyloneurum nitidum",NA,NA,"2021-02-23","change1: Trimmed whitespace in verbatimScientificName (and standardized blanks to NA) | epi_taxo: acceptedName(match1); authorship_epig(match1); genus_from_scientificName; family_WFO; order_majorGroup_WCVP [2026-03-12] | CoordinateCleaner QA applied without sea test (validity, equal, zeros, capitals, centroids, gbif, institutions) [2026-03-29]","standardized author names and accents corrected in recordedBy / standardized author names and accents corrected in identifiedBy","Marquez G.J. & Yañez A.","Yañez A. & Marquez G.J."
"26","BA2025_026","PreservedSpecimen","Evento",NA,"BA","SPECIES","Herbario","Rojas, T.","BA37144",NA,"E","BA2025",1,"Selenicereus setaceus",NA,NA,"1931-03-01","epi_taxo: acceptedName(match1); authorship_epig(match1); genus_from_scientificName; family_WFO; order_majorGroup_WCVP [2026-03-12] | CoordinateCleaner QA applied without sea test (validity, equal, zeros, capitals, centroids, gbif, institutions) [2026-03-29]","","Rojas, T.","-"
"27","BA2025_027","PreservedSpecimen","Evento",NA,"BA","SPECIES","Herbario","Rojas, T.","BA 37134",NA,"E","BA2025",1,"Selenicereus trigonus",NA,NA,"1932-01-01","epi_taxo: acceptedName(match1); authorship_epig(match1); genus_from_scientificName; family_WFO; order_majorGroup_WCVP [2026-03-12] | CoordinateCleaner QA applied without sea test (validity, equal, zeros, capitals, centroids, gbif, institutions) [2026-03-29]","","Rojas, T.","-"
"28","BA2025_028","PreservedSpecimen","Evento",NA,"BA","SPECIES","Herbario","Yanez, A. | Marquez, G.J. | Watts, J.","BA","Yanez A. | Marquez G.J.","E","BA2025",0,"",NA,NA,"2020-02-11","epi_taxo: acceptedName(match1); authorship_epig(match1); genus_from_scientificName; family_WFO; order_majorGroup_WCVP [2026-03-12] | CoordinateCleaner QA applied without sea test (validity, equal, zeros, capitals, centroids, gbif, institutions) [2026-03-29]","standardized author names and accents corrected in recordedBy / standardized author names and accents corrected in identifiedBy","Yañez A., Marquez G.J. & Watts J.","Yañez A. & Marquez G.J."
"29","BA2025_029","PreservedSpecimen","Evento",NA,"BA96142","SPECIES","Herbario","Marquez, G.J.  |  Yanez, A.","BA96142","Yanez A. | Marquez G.J.","E","BA2025",0,"",NA,NA,"2020-12-22","epi_taxo: acceptedName(match1); authorship_epig(match1); genus_from_scientificName; family_WFO; order_majorGroup_WCVP [2026-03-12] | CoordinateCleaner QA applied without sea test (validity, equal, zeros, capitals, centroids, gbif, institutions) [2026-03-29]","standardized author names and accents corrected in recordedBy / standardized author names and accents corrected in identifiedBy","Marquez G.J. & Yañez A.","Yañez A. & Marquez G.J."
"30","BA2025_030","PreservedSpecimen","Evento",NA,"BA","SPECIES","Herbario","Arenas, P.","BA90617","Oakley, L.","E","BA2025",0,"",NA,NA,"1989-02-25","epi_taxo: acceptedName(match1); authorship_epig(match1); genus_from_scientificName; family_WFO; order_majorGroup_WCVP [2026-03-12] | CoordinateCleaner QA applied without sea test (validity, equal, zeros, capitals, centroids, gbif, institutions) [2026-03-29]","standardized author names and accents corrected in recordedBy","Arenas, Pastor","Oakley, L."
"31","BA2025_031","PreservedSpecimen","Evento",NA,"BA","FAMILY","Herbario","Marquez, G.J. | Yanez, A.","BA","Yanez A. | Marquez G.J.","E","BA2025",NA,"",NA,NA,"2024-03-16","epi_taxo: acceptedName(match1); authorship_epig(match1); genus_from_scientificName; family_WFO; order_majorGroup_WCVP [2026-03-12] | CoordinateCleaner QA applied without sea test (validity, equal, zeros, capitals, centroids, gbif, institutions) [2026-03-29]","standardized author names and accents corrected in recordedBy / standardized author names and accents corrected in identifiedBy","Marquez & Yañez","Yañez A. & Marquez G.J."
"32","BA2025_032","PreservedSpecimen","Evento",NA,"BA","FAMILY","Herbario","Marquez, G.J. | Yanez, A.","BA","Yanez A. | Marquez G.J.","E","BA2025",NA,"",NA,NA,"2024-03-16","epi_taxo: acceptedName(match1); authorship_epig(match1); genus_from_scientificName; family_WFO; order_majorGroup_WCVP [2026-03-12] | CoordinateCleaner QA applied without sea test (validity, equal, zeros, capitals, centroids, gbif, institutions) [2026-03-29]","standardized author names and accents corrected in recordedBy / standardized author names and accents corrected in identifiedBy","Marquez & Yañez","Yañez A. & Marquez G.J."
"33","BA2025_033","PreservedSpecimen","Evento",NA,"BA","SPECIES","Herbario","Yanez, A. | Marquez, G.J. | Watts, J.","BA","Yanez A. | Marquez G.J.","HE","BA2025",1,"Blechnum acutum",-26.8745,-54.22614722,"2018-09-18","change1: Filled coordinateUncertaintyInMeters from decimal-place precision (conservative). | epi_taxo: acceptedName(match1); authorship_epig(match1); genus_from_scientificName; family_WFO; order_majorGroup_WCVP [2026-03-12] | CoordinateCleaner QA applied without sea test (validity, equal, zeros, capitals, centroids, gbif, institutions) [2026-03-29]","standardized author names and accents corrected in recordedBy / standardized author names and accents corrected in identifiedBy","Yañez A., Marquez G.J. & Watts J.","Yañez A. & Marquez G.J."
"34","BA2025_034","PreservedSpecimen","Evento",NA,"BA","SPECIES","Herbario","Yanez, A. | Marquez, G.J. | Watts, J.","BA","Yanez A. | Marquez G.J.","HE","BA2025",1,"Blechnum acutum",NA,NA,"2020-02-11","epi_taxo: acceptedName(match1); authorship_epig(match1); genus_from_scientificName; family_WFO; order_majorGroup_WCVP [2026-03-12] | CoordinateCleaner QA applied without sea test (validity, equal, zeros, capitals, centroids, gbif, institutions) [2026-03-29]","standardized author names and accents corrected in recordedBy / standardized author names and accents corrected in identifiedBy","Yañez A., Marquez G.J. & Watts J.","Yañez A. & Marquez G.J."
"35","BA2025_035","PreservedSpecimen","Evento",NA,"BA","GENUS","Herbario","Marquez, G.J. | Yanez, A.","BA","Yanez A. | Marquez G.J.","E","BA2025",NA,"",-25.9835845,-54.114645,"2024-03-16","change1: Trimmed whitespace in verbatimScientificName (and standardized blanks to NA) | change2: Filled coordinateUncertaintyInMeters from decimal-place precision (conservative). | epi_taxo: acceptedName(match1); authorship_epig(match1); genus_from_scientificName; family_WFO; order_majorGroup_WCVP [2026-03-12] | CoordinateCleaner QA applied without sea test (validity, equal, zeros, capitals, centroids, gbif, institutions) [2026-03-29]","standardized author names and accents corrected in recordedBy / standardized author names and accents corrected in identifiedBy","Marquez & Yañez","Yañez A. & Marquez G.J."
"36","BA2025_036","PreservedSpecimen","Evento",NA,"BA","SPECIES","Herbario","Yanez et al.","BA","Yanez A. | Marquez G.J.","E","BA2025",1,"Microgramma mortoniana",NA,NA,"","change1: Trimmed whitespace in verbatimScientificName (and standardized blanks to NA) | epi_taxo: acceptedName(match1); authorship_epig(match1); genus_from_scientificName; family_WFO; order_majorGroup_WCVP [2026-03-12] | CoordinateCleaner QA applied without sea test (validity, equal, zeros, capitals, centroids, gbif, institutions) [2026-03-29]","standardized author names and accents corrected in recordedBy / standardized author names and accents corrected in identifiedBy","Yañez et al.","Yañez A. & Marquez G.J."
"37","BA2025_037","PreservedSpecimen","Evento",NA,"BA","SPECIES","Herbario","Yanez et al.","BA, LP","Yanez A. | Marquez G.J.","E","BA2025",1,"Microgramma mortoniana",NA,NA,"2018-09-18","change1: Trimmed whitespace in verbatimScientificName (and standardized blanks to NA) | epi_taxo: acceptedName(match1); authorship_epig(match1); genus_from_scientificName; family_WFO; order_majorGroup_WCVP [2026-03-12] | CoordinateCleaner QA applied without sea test (validity, equal, zeros, capitals, centroids, gbif, institutions) [2026-03-29]","standardized author names and accents corrected in recordedBy / standardized author names and accents corrected in identifiedBy","Yañez et al.","Yañez A. & Marquez G.J."
"38","BA2025_038","PreservedSpecimen","Evento",NA,"BA","SPECIES","Herbario","Marquez, G.J.  |  Yanez, A.","BA","Yanez A. | Marquez G.J.","E","BA2025",1,"Microgramma squamulosa",NA,NA,"2020-02-11","epi_taxo: acceptedName(match1); authorship_epig(match1); genus_from_scientificName; family_WFO; order_majorGroup_WCVP [2026-03-12] | CoordinateCleaner QA applied without sea test (validity, equal, zeros, capitals, centroids, gbif, institutions) [2026-03-29]","standardized author names and accents corrected in recordedBy / standardized author names and accents corrected in identifiedBy","Marquez G.J. & Yañez A.","Yañez A. & Marquez G.J."
"39","BA2025_039","PreservedSpecimen","Evento",NA,"BA","GENUS","Herbario","Yanez, A. | Cariglino, B. | Melo, C. | Castia, F.","BA","Yanez A. | Marquez G.J.","E","BA2025",NA,"",NA,NA,"2023-04-30","change1: Trimmed whitespace in verbatimScientificName (and standardized blanks to NA) | epi_taxo: acceptedName(match1); authorship_epig(match1); genus_from_scientificName; family_WFO; order_majorGroup_WCVP [2026-03-12] | CoordinateCleaner QA applied without sea test (validity, equal, zeros, capitals, centroids, gbif, institutions) [2026-03-29]","standardized author names and accents corrected in recordedBy / standardized author names and accents corrected in identifiedBy","Yañez A., Cariglino B., Melo C. & Castía F.","Yañez A. & Marquez G.J."
"40","BA2025_040","PreservedSpecimen","Evento",NA,"BA 95137","SPECIES","Herbario","Marquez, G.J. | Grossi, M.A. | Yanez, A.","BA 95137","Yanez A. | Marquez G.J.","E","BA2025",1,"Campyloneurum crassifolium",-26.8715,-54.2265,"2009-03-12","change1: Filled coordinateUncertaintyInMeters from decimal-place precision (conservative). | epi_taxo: acceptedName(match1); authorship_epig(match1); genus_from_scientificName; family_WFO; order_majorGroup_WCVP [2026-03-12] | CoordinateCleaner QA applied without sea test (validity, equal, zeros, capitals, centroids, gbif, institutions) [2026-03-29]","standardized author names and accents corrected in recordedBy / standardized author names and accents corrected in identifiedBy","Marquez G.J., Grossi M.A. & Yañez A.","Yañez A. & Marquez G.J."
"41","BA2025_041","PreservedSpecimen","Evento",NA,"BA","SPECIES","Herbario","Yanez, A. | Marquez, G.J. | Watts, J.","BA","Yanez A. | Marquez G.J.","E","BA2025",1,"Campyloneurum rufosquamatum",-26.8745,-54.22614722,"2020-02-11","change1: Filled coordinateUncertaintyInMeters from decimal-place precision (conservative). | epi_taxo: acceptedName(match1); authorship_epig(match1); genus_from_scientificName; family_WFO; order_majorGroup_WCVP [2026-03-12] | CoordinateCleaner QA applied without sea test (validity, equal, zeros, capitals, centroids, gbif, institutions) [2026-03-29]","standardized author names and accents corrected in recordedBy / standardized author names and accents corrected in identifiedBy","Yañez A., Marquez G.J. & Watts J.","Yañez A. & Marquez G.J."
"42","BA2025_042","PreservedSpecimen","Evento",NA,"BA","GENUS","Herbario","Yanez, A. | Cariglino, B. | Melo, C. | Castia, F.","BA","Yanez A. | Marquez G.J.","E","BA2025",NA,"",NA,NA,"2024-03-16","epi_taxo: acceptedName(match1); authorship_epig(match1); genus_from_scientificName; family_WFO; order_majorGroup_WCVP [2026-03-12] | CoordinateCleaner QA applied without sea test (validity, equal, zeros, capitals, centroids, gbif, institutions) [2026-03-29]","standardized author names and accents corrected in recordedBy / standardized author names and accents corrected in identifiedBy","Yañez A., Cariglino B., Melo C. & Castía F.","Yañez A. & Marquez G.J."
"43","BA2025_043","PreservedSpecimen","Evento",NA,"BA","GENUS","Herbario","Yanez, A. | Cariglino, B. | Melo, C. | Castia, F.","BA","Yanez A. | Marquez G.J.","E","BA2025",NA,"",NA,NA,"2020-02-11","change1: Trimmed whitespace in verbatimScientificName (and standardized blanks to NA) | epi_taxo: acceptedName(match1); authorship_epig(match1); genus_from_scientificName; family_WFO; order_majorGroup_WCVP [2026-03-12] | CoordinateCleaner QA applied without sea test (validity, equal, zeros, capitals, centroids, gbif, institutions) [2026-03-29]","standardized author names and accents corrected in recordedBy / standardized author names and accents corrected in identifiedBy","Yañez A., Cariglino B., Melo C. & Castía F.","Yañez A. & Marquez G.J."
"44","BA2025_044","PreservedSpecimen","Evento",NA,"BA","SPECIES","Herbario","Marquez, G.J.  |  Yanez, A.","BA","Yanez A. | Marquez G.J.","E","BA2025",0,"",NA,NA,"2021-02-25","epi_taxo: acceptedName(match1); authorship_epig(match1); genus_from_scientificName; family_WFO; order_majorGroup_WCVP [2026-03-12] | CoordinateCleaner QA applied without sea test (validity, equal, zeros, capitals, centroids, gbif, institutions) [2026-03-29]","standardized author names and accents corrected in recordedBy / standardized author names and accents corrected in identifiedBy","Marquez G.J. & Yañez A.","Yañez A. & Marquez G.J."
"45","BA2025_045","PreservedSpecimen","Evento",NA,"BA","GENUS","Herbario","Marquez, G.J. | Yanez, A.","BA","Yanez A. | Marquez G.J.","E","BA2025",NA,"",-25.976298,-54.117047,"2024-03-16","change1: Filled coordinateUncertaintyInMeters from decimal-place precision (conservative). | epi_taxo: acceptedName(match1); authorship_epig(match1); genus_from_scientificName; family_WFO; order_majorGroup_WCVP [2026-03-12] | CoordinateCleaner QA applied without sea test (validity, equal, zeros, capitals, centroids, gbif, institutions) [2026-03-29]","standardized author names and accents corrected in recordedBy / standardized author names and accents corrected in identifiedBy","Marquez & Yañez","Yañez A. & Marquez G.J."
"46","BA2025_046","PreservedSpecimen","Evento",NA,"BA","SPECIES","Herbario","Marquez, G.J. | Yanez, A.","BA","Yanez A. | Marquez G.J.","E","BA2025",1,"Pecluma filicula",-25.9851515,-54.108798,"2024-03-15","change1: Filled coordinateUncertaintyInMeters from decimal-place precision (conservative). | epi_taxo: acceptedName(match1); authorship_epig(match1); genus_from_scientificName; family_WFO; order_majorGroup_WCVP [2026-03-12] | CoordinateCleaner QA applied without sea test (validity, equal, zeros, capitals, centroids, gbif, institutions) [2026-03-29]","standardized author names and accents corrected in recordedBy / standardized author names and accents corrected in identifiedBy","Marquez & Yañez","Yañez A. & Marquez G.J."
"47","BA2025_047","PreservedSpecimen","Evento",NA,"BA","SPECIES","Herbario","Marquez, G.J.  |  Yanez, A.","BA","Yanez A. | Marquez G.J.","E","BA2025",1,"Pecluma filicula",NA,NA,"2021-02-25","epi_taxo: acceptedName(match1); authorship_epig(match1); genus_from_scientificName; family_WFO; order_majorGroup_WCVP [2026-03-12] | CoordinateCleaner QA applied without sea test (validity, equal, zeros, capitals, centroids, gbif, institutions) [2026-03-29]","standardized author names and accents corrected in recordedBy / standardized author names and accents corrected in identifiedBy","Marquez G.J. & Yañez A.","Yañez A. & Marquez G.J."
"48","BA2025_048","PreservedSpecimen","Evento",NA,"BA96144","SPECIES","Herbario","Marquez, G.J.  |  Yanez, A.","BA96144","Yanez A. | Marquez G.J.","E","BA2025",1,"Pecluma pectinatiformis",NA,NA,"2021-02-23","change1: Trimmed whitespace in verbatimScientificName (and standardized blanks to NA) | epi_taxo: acceptedName(match1); authorship_epig(match1); genus_from_scientificName; family_WFO; order_majorGroup_WCVP [2026-03-12] | CoordinateCleaner QA applied without sea test (validity, equal, zeros, capitals, centroids, gbif, institutions) [2026-03-29]","standardized author names and accents corrected in recordedBy / standardized author names and accents corrected in identifiedBy","Marquez G.J. & Yañez A.","Yañez A. & Marquez G.J."
"49","BA2025_049","PreservedSpecimen","Evento",NA,"BA","SPECIES","Herbario","Marquez, G.J.  |  Yanez, A.","BA","Yanez A. | Marquez G.J.","E","BA2025",1,"Pecluma sicca",NA,NA,"2024-03-15","epi_taxo: acceptedName(match1); authorship_epig(match1); genus_from_scientificName; family_WFO; order_majorGroup_WCVP [2026-03-12] | CoordinateCleaner QA applied without sea test (validity, equal, zeros, capitals, centroids, gbif, institutions) [2026-03-29]","standardized author names and accents corrected in recordedBy / standardized author names and accents corrected in identifiedBy","Marquez G.J. & Yañez A.","Yañez A. & Marquez G.J."
"50","BA2025_050","PreservedSpecimen","Evento",NA,"BA","SPECIES","Herbario","Marquez, G.J. | Yanez, A.","BA","Yanez A. | Marquez G.J.","E","BA2025",1,"Pecluma sicca",-25.979344,-54.116496,"2024-03-16","change1: Trimmed whitespace in verbatimScientificName (and standardized blanks to NA) | change2: Filled coordinateUncertaintyInMeters from decimal-place precision (conservative). | epi_taxo: acceptedName(match1); authorship_epig(match1); genus_from_scientificName; family_WFO; order_majorGroup_WCVP [2026-03-12] | CoordinateCleaner QA applied without sea test (validity, equal, zeros, capitals, centroids, gbif, institutions) [2026-03-29]","standardized author names and accents corrected in recordedBy / standardized author names and accents corrected in identifiedBy","Marquez & Yañez","Yañez A. & Marquez G.J."
"51","BA2025_051","PreservedSpecimen","Evento",NA,"BA96143","SPECIES","Herbario","Marquez, G.J.  |  Yanez, A.","BA96143","Yanez A. | Marquez G.J.","E","BA2025",1,"Pecluma sicca",NA,NA,"2021-02-24","epi_taxo: acceptedName(match1); authorship_epig(match1); genus_from_scientificName; family_WFO; order_majorGroup_WCVP [2026-03-12] | CoordinateCleaner QA applied without sea test (validity, equal, zeros, capitals, centroids, gbif, institutions) [2026-03-29]","standardized author names and accents corrected in recordedBy / standardized author names and accents corrected in identifiedBy","Marquez G.J. & Yañez A.","Yañez A. & Marquez G.J."
"52","BA2025_052","PreservedSpecimen","Evento",NA,"BA96146","SPECIES","Herbario","Marquez, G.J.  |  Yanez, A.","BA96146","Yanez A. | Marquez G.J.","E","BA2025",1,"Pecluma singeri",NA,NA,"2021-02-23","epi_taxo: acceptedName(match1); authorship_epig(match1); genus_from_scientificName; family_WFO; order_majorGroup_WCVP [2026-03-12] | CoordinateCleaner QA applied without sea test (validity, equal, zeros, capitals, centroids, gbif, institutions) [2026-03-29]","standardized author names and accents corrected in recordedBy / standardized author names and accents corrected in identifiedBy","Marquez G.J. & Yañez A.","Yañez A. & Marquez G.J."
"53","BA2025_053","PreservedSpecimen","Evento",NA,"BA","SPECIES","Herbario","Yanez, A. | Marquez, G.J. | Watts, J.","BA","Yanez A. | Marquez G.J.","E","BA2025",1,"Pecluma truncorum",-26.8745,-54.22614722,"2020-02-11","change1: Filled coordinateUncertaintyInMeters from decimal-place precision (conservative). | epi_taxo: acceptedName(match1); authorship_epig(match1); genus_from_scientificName; family_WFO; order_majorGroup_WCVP [2026-03-12] | CoordinateCleaner QA applied without sea test (validity, equal, zeros, capitals, centroids, gbif, institutions) [2026-03-29]","standardized author names and accents corrected in recordedBy / standardized author names and accents corrected in identifiedBy","Yañez A., Marquez G.J. & Watts J.","Yañez A. & Marquez G.J."
"54","BA2025_054","PreservedSpecimen","Evento",NA,"BA","SPECIES","Herbario","Perez-Moreau, R.","BA48222","Yuncker, T.G.","E","BA2025",1,"Peperomia urocarpa",NA,NA,"1942-01-01","epi_taxo: acceptedName(match1); authorship_epig(match1); genus_from_scientificName; family_WFO; order_majorGroup_WCVP [2026-03-12] | CoordinateCleaner QA applied without sea test (validity, equal, zeros, capitals, centroids, gbif, institutions) [2026-03-29]","standardized author names and accents corrected in recordedBy","Pérez Moreau","Yuncker, T.G."
"55","BA2025_055","PreservedSpecimen","Evento",NA,"BA","SPECIES","Herbario","Quiroga, H.","BA22420","Yuncker, T.G.","E","BA2025",1,"Peperomia urocarpa",NA,NA,"5177-01-01","epi_taxo: acceptedName(match1); authorship_epig(match1); genus_from_scientificName; family_WFO; order_majorGroup_WCVP [2026-03-12] | CoordinateCleaner QA applied without sea test (validity, equal, zeros, capitals, centroids, gbif, institutions) [2026-03-29]","","Quiroga, H.","Yuncker, T.G."
"56","BA2025_056","PreservedSpecimen","Evento",NA,"BA","SPECIES","Herbario","Perez-Moreau, R.","BA31/2128","Yuncker, T.G.","E","BA2025",1,"Peperomia urocarpa",NA,NA,"1931-07-26","epi_taxo: acceptedName(match1); authorship_epig(match1); genus_from_scientificName; family_WFO; order_majorGroup_WCVP [2026-03-12] | CoordinateCleaner QA applied without sea test (validity, equal, zeros, capitals, centroids, gbif, institutions) [2026-03-29]","standardized author names and accents corrected in recordedBy","Pérez Moreau","Yuncker, T.G."
"57","BA2025_057","PreservedSpecimen","Evento",NA,"BA","SPECIES","Herbario","Venturi, S.","BA 17369","Castellanos, A.","E","BA2025",1,"Pfeiffera ianthothele",NA,NA,"7712-01-01","epi_taxo: acceptedName(match1); authorship_epig(match1); genus_from_scientificName; family_WFO; order_majorGroup_WCVP [2026-03-12] | CoordinateCleaner QA applied without sea test (validity, equal, zeros, capitals, centroids, gbif, institutions) [2026-03-29]","","Venturi, S.","Castellanos, A."
"58","BA2025_058","PreservedSpecimen","Evento",NA,"BA","SPECIES","Herbario","Eyerdam, W.J.","BA 41423",NA,"E","BA2025",1,"Pfeiffera ianthothele",NA,NA,"1938-03-10","epi_taxo: acceptedName(match1); authorship_epig(match1); genus_from_scientificName; family_WFO; order_majorGroup_WCVP [2026-03-12] | CoordinateCleaner QA applied without sea test (validity, equal, zeros, capitals, centroids, gbif, institutions) [2026-03-29]","standardized author names and accents corrected in recordedBy","Eyerdam, Walter J.","-"
"59","BA2025_059","PreservedSpecimen","Evento",NA,"BA","SPECIES","Herbario","Eyerdam, W.J.","BA41423",NA,"E","BA2025",1,"Pfeiffera ianthothele",NA,NA,"1938-03-10","epi_taxo: acceptedName(match1); authorship_epig(match1); genus_from_scientificName; family_WFO; order_majorGroup_WCVP [2026-03-12] | CoordinateCleaner QA applied without sea test (validity, equal, zeros, capitals, centroids, gbif, institutions) [2026-03-29]","standardized author names and accents corrected in recordedBy","Eyerdam, Walter J.","-"
"60","BA2025_060","PreservedSpecimen","Evento",NA,"BA","SPECIES","Herbario","Cozzo","BA52398",NA,"E","BA2025",3,"Peperomia rhombea",NA,NA,"1947-09-12","epi_taxo: acceptedName(match1); authorship_epig(match1); genus_from_scientificName; family_WFO; order_majorGroup_WCVP [2026-03-12] | CoordinateCleaner QA applied without sea test (validity, equal, zeros, capitals, centroids, gbif, institutions) [2026-03-29]","","Cozzo","-"
"61","BA2025_061","PreservedSpecimen","Evento",NA,"BA","SPECIES","Herbario","Steinbach, J.","BA22401","Yuncker, T.G.","E","BA2025",0,"",NA,NA,"1916-06-18","epi_taxo: acceptedName(match1); authorship_epig(match1); genus_from_scientificName; family_WFO; order_majorGroup_WCVP [2026-03-12] | CoordinateCleaner QA applied without sea test (validity, equal, zeros, capitals, centroids, gbif, institutions) [2026-03-29]","","Steinbach, J.","Yuncker, T.G."
"62","BA2025_062","PreservedSpecimen","Evento",NA,"BA","SPECIES","Herbario","Yanez, A. | Marquez, G.J. | Watts, J.","BA","Yanez A. | Marquez G.J.","E","BA2025",1,"Pleopeltis hirsutissima",-26.8745,-54.22614722,"2020-02-11","change1: Trimmed whitespace in verbatimScientificName (and standardized blanks to NA) | change2: Filled coordinateUncertaintyInMeters from decimal-place precision (conservative). | epi_taxo: acceptedName(match1); authorship_epig(match1); genus_from_scientificName; family_WFO; order_majorGroup_WCVP [2026-03-12] | CoordinateCleaner QA applied without sea test (validity, equal, zeros, capitals, centroids, gbif, institutions) [2026-03-29]","standardized author names and accents corrected in recordedBy / standardized author names and accents corrected in identifiedBy","Yañez A., Marquez G.J. & Watts J.","Yañez A. & Marquez G.J."
"63","BA2025_063","PreservedSpecimen","Evento",NA,"BA","SPECIES","Herbario","Marquez, G.J.  |  Yanez, A.","BA","Yanez A. | Marquez G.J.","E","BA2025",1,"Pleopeltis hirsutissima",NA,NA,"2021-02-23","epi_taxo: acceptedName(match1); authorship_epig(match1); genus_from_scientificName; family_WFO; order_majorGroup_WCVP [2026-03-12] | CoordinateCleaner QA applied without sea test (validity, equal, zeros, capitals, centroids, gbif, institutions) [2026-03-29]","standardized author names and accents corrected in recordedBy / standardized author names and accents corrected in identifiedBy","Marquez G.J. & Yañez A.","Yañez A. & Marquez G.J."
"64","BA2025_064","PreservedSpecimen","Evento",NA,"BA","SPECIES","Herbario","Marquez, G.J.  |  Yanez, A.","BA","Yanez A. | Marquez G.J.","E","BA2025",1,"Pleopeltis minima",NA,NA,"2021-02-23","epi_taxo: acceptedName(match1); authorship_epig(match1); genus_from_scientificName; family_WFO; order_majorGroup_WCVP [2026-03-12] | CoordinateCleaner QA applied without sea test (validity, equal, zeros, capitals, centroids, gbif, institutions) [2026-03-29]","standardized author names and accents corrected in recordedBy / standardized author names and accents corrected in identifiedBy","Marquez G.J. & Yañez A.","Yañez A. & Marquez G.J."
"65","BA2025_065","PreservedSpecimen","Evento",NA,"BA","SPECIES","Herbario","Marquez, G.J. | Yanez, A.","BA","Yanez A. | Marquez G.J.","E","BA2025",1,"Pleopeltis minima",-25.9851515,-54.108798,"2021-02-23","change1: Filled coordinateUncertaintyInMeters from decimal-place precision (conservative). | epi_taxo: acceptedName(match1); authorship_epig(match1); genus_from_scientificName; family_WFO; order_majorGroup_WCVP [2026-03-12] | CoordinateCleaner QA applied without sea test (validity, equal, zeros, capitals, centroids, gbif, institutions) [2026-03-29]","standardized author names and accents corrected in recordedBy / standardized author names and accents corrected in identifiedBy","Marquez & Yañez","Yañez A. & Marquez G.J."
"66","BA2025_066","PreservedSpecimen","Evento",NA,"BA 95135","SPECIES","Herbario","Marquez, G.J. | Grossi, M.A. | Yanez, A.","BA 95135","Yanez A. | Marquez G.J.","E","BA2025",1,"Pleopeltis minima",-26.8715,-54.2265,"2023-05-01","change1: Trimmed whitespace in verbatimScientificName (and standardized blanks to NA) | change2: Filled coordinateUncertaintyInMeters from decimal-place precision (conservative). | epi_taxo: acceptedName(match1); authorship_epig(match1); genus_from_scientificName; family_WFO; order_majorGroup_WCVP [2026-03-12] | CoordinateCleaner QA applied without sea test (validity, equal, zeros, capitals, centroids, gbif, institutions) [2026-03-29]","standardized author names and accents corrected in recordedBy / standardized author names and accents corrected in identifiedBy","Marquez G.J., Grossi M.A. & Yañez A.","Yañez A. & Marquez G.J."
"67","BA2025_067","PreservedSpecimen","Evento",NA,"BA","SPECIES","Herbario","Yanez et al.","BA, LP","Yanez A. | Marquez G.J.","E","BA2025",1,"Pleopeltis minima",NA,NA,"2009-03-12","change1: Trimmed whitespace in verbatimScientificName (and standardized blanks to NA) | epi_taxo: acceptedName(match1); authorship_epig(match1); genus_from_scientificName; family_WFO; order_majorGroup_WCVP [2026-03-12] | CoordinateCleaner QA applied without sea test (validity, equal, zeros, capitals, centroids, gbif, institutions) [2026-03-29]","standardized author names and accents corrected in recordedBy / standardized author names and accents corrected in identifiedBy","Yañez et al.","Yañez A. & Marquez G.J."
"68","BA2025_068","PreservedSpecimen","Evento",NA,"BA","SPECIES","Herbario","Marquez, G.J.  |  Yanez, A.","BA","Yanez A. | Marquez G.J.","E","BA2025",1,"Pleopeltis pleopeltifolia",NA,NA,"2021-02-23","epi_taxo: acceptedName(match1); authorship_epig(match1); genus_from_scientificName; family_WFO; order_majorGroup_WCVP [2026-03-12] | CoordinateCleaner QA applied without sea test (validity, equal, zeros, capitals, centroids, gbif, institutions) [2026-03-29]","standardized author names and accents corrected in recordedBy / standardized author names and accents corrected in identifiedBy","Marquez G.J. & Yañez A.","Yañez A. & Marquez G.J."
"69","BA2025_069","PreservedSpecimen","Evento",NA,"BA","SPECIES","Herbario","Marquez, G.J. | Yanez, A.","BA","Yanez A. | Marquez G.J.","E","BA2025",1,"Pleopeltis pleopeltifolia",-25.9851515,-54.108798,"2024-03-15","change1: Filled coordinateUncertaintyInMeters from decimal-place precision (conservative). | epi_taxo: acceptedName(match1); authorship_epig(match1); genus_from_scientificName; family_WFO; order_majorGroup_WCVP [2026-03-12] | CoordinateCleaner QA applied without sea test (validity, equal, zeros, capitals, centroids, gbif, institutions) [2026-03-29]","standardized author names and accents corrected in recordedBy / standardized author names and accents corrected in identifiedBy","Marquez & Yañez","Yañez A. & Marquez G.J."
"70","BA2025_070","PreservedSpecimen","Evento",NA,"BA 95140","SPECIES","Herbario","Marquez, G.J. | Grossi, M.A. | Yanez, A.","BA 95140","Yanez A. | Marquez G.J.","E","BA2025",1,"Pleopeltis pleopeltifolia",-26.8715,-54.2265,"2009-03-12","change1: Filled coordinateUncertaintyInMeters from decimal-place precision (conservative). | epi_taxo: acceptedName(match1); authorship_epig(match1); genus_from_scientificName; family_WFO; order_majorGroup_WCVP [2026-03-12] | CoordinateCleaner QA applied without sea test (validity, equal, zeros, capitals, centroids, gbif, institutions) [2026-03-29]","standardized author names and accents corrected in recordedBy / standardized author names and accents corrected in identifiedBy","Marquez G.J., Grossi M.A. & Yañez A.","Yañez A. & Marquez G.J."
"71","BA2025_071","PreservedSpecimen","Evento",NA,"BA","SPECIES","Herbario","Yanez, A. | Marquez, G.J. | Watts, J.","BA","Yanez A. | Marquez G.J.","E","BA2025",1,"Trichomanes angustatum",-26.8715278,-54.22322222,"2020-02-11","change1: Filled coordinateUncertaintyInMeters from decimal-place precision (conservative). | epi_taxo: acceptedName(match1); authorship_epig(match1); genus_from_scientificName; family_WFO; order_majorGroup_WCVP [2026-03-12] | CoordinateCleaner QA applied without sea test (validity, equal, zeros, capitals, centroids, gbif, institutions) [2026-03-29]","standardized author names and accents corrected in recordedBy / standardized author names and accents corrected in identifiedBy","Yañez A., Marquez G.J. & Watts J.","Yañez A. & Marquez G.J."
"72","BA2025_072","PreservedSpecimen","Evento",NA,"BA","SPECIES","Herbario","Venturi, S.","BA 17408",NA,"E","BA2025",1,"Lepismium lumbricoides f. aculeatum",NA,NA,"7184-01-01","epi_taxo: acceptedName(match1); authorship_epig(match1); genus_from_scientificName; family_WFO; order_majorGroup_WCVP [2026-03-12] | CoordinateCleaner QA applied without sea test (validity, equal, zeros, capitals, centroids, gbif, institutions) [2026-03-29]","","Venturi, S.","-"
"73","BA2025_073","PreservedSpecimen","Evento",NA,"BA","SPECIES","Herbario","Schreiter","BA 27/2619","Castellanos, A.","E","BA2025",1,"Lepismium lumbricoides f. aculeatum",NA,NA,"1921-09-29","epi_taxo: acceptedName(match1); authorship_epig(match1); genus_from_scientificName; family_WFO; order_majorGroup_WCVP [2026-03-12] | CoordinateCleaner QA applied without sea test (validity, equal, zeros, capitals, centroids, gbif, institutions) [2026-03-29]","","Schreiter","Castellanos, A."
"74","BA2025_074","PreservedSpecimen","Evento",NA,"BA","SPECIES","Herbario","Venturi, S.","BA17408",NA,"E","BA2025",1,"Lepismium lumbricoides f. aculeatum",NA,NA,"7184-01-01","epi_taxo: acceptedName(match1); authorship_epig(match1); genus_from_scientificName; family_WFO; order_majorGroup_WCVP [2026-03-12] | CoordinateCleaner QA applied without sea test (validity, equal, zeros, capitals, centroids, gbif, institutions) [2026-03-29]","","Venturi, S.","-"
"75","BA2025_075","PreservedSpecimen","Evento",NA,"BA","SPECIES","Herbario","Rojas, T.","BA 37130","Castellanos, A.","E","BA2025",1,"Rhipsalis cereuscula",NA,NA,"7915-01-01","epi_taxo: acceptedName(match1); authorship_epig(match1); genus_from_scientificName; family_WFO; order_majorGroup_WCVP [2026-03-12] | CoordinateCleaner QA applied without sea test (validity, equal, zeros, capitals, centroids, gbif, institutions) [2026-03-29]","","Rojas, T.","Castellanos, A."
"76","BA2025_076","PreservedSpecimen","Evento",NA,"BA","SPECIES","Herbario","Rojas, T.","BA 37129","Castellanos, A.","E","BA2025",1,"Lepismium cruciforme",NA,NA,"6972-01-01","epi_taxo: acceptedName(match1); authorship_epig(match1); genus_from_scientificName; family_WFO; order_majorGroup_WCVP [2026-03-12] | CoordinateCleaner QA applied without sea test (validity, equal, zeros, capitals, centroids, gbif, institutions) [2026-03-29]","","Rojas, T.","Castellanos, A."
"77","BA2025_077","PreservedSpecimen","Evento",NA,"BA","SPECIES","Herbario","Rojas, T.","BA37129","Castellanos, A.","E","BA2025",1,"Lepismium cruciforme",NA,NA,"6972-01-01","epi_taxo: acceptedName(match1); authorship_epig(match1); genus_from_scientificName; family_WFO; order_majorGroup_WCVP [2026-03-12] | CoordinateCleaner QA applied without sea test (validity, equal, zeros, capitals, centroids, gbif, institutions) [2026-03-29]","","Rojas, T.","Castellanos, A."
"78","BA2025_078","PreservedSpecimen","Evento",NA,"BA","SPECIES","Herbario","Rojas, T.","BA 37132","Castellanos, A.","E","BA2025",1,"Lepismium warmingianum",NA,NA,"1930-10-01","epi_taxo: acceptedName(match1); authorship_epig(match1); genus_from_scientificName; family_WFO; order_majorGroup_WCVP [2026-03-12] | CoordinateCleaner QA applied without sea test (validity, equal, zeros, capitals, centroids, gbif, institutions) [2026-03-29]","","Rojas, T.","Castellanos, A."
"79","BA2025_079","PreservedSpecimen","Evento",NA,"BA","SPECIES","Herbario","Rojas, T.","BA37132","Castellanos, A.","E","BA2025",1,"Lepismium warmingianum",NA,NA,"1930-10-01","epi_taxo: acceptedName(match1); authorship_epig(match1); genus_from_scientificName; family_WFO; order_majorGroup_WCVP [2026-03-12] | CoordinateCleaner QA applied without sea test (validity, equal, zeros, capitals, centroids, gbif, institutions) [2026-03-29]","","Rojas, T.","Castellanos, A."
"80","BA2025_080","PreservedSpecimen","Evento",NA,"BA","SPECIES","Herbario","Hauman, L.","BA 17425","Hauman, L.","E","BA2025",1,"Lepismium lorentzianum",NA,NA,"5876-01-01","epi_taxo: acceptedName(match1); authorship_epig(match1); genus_from_scientificName; family_WFO; order_majorGroup_WCVP [2026-03-12] | CoordinateCleaner QA applied without sea test (validity, equal, zeros, capitals, centroids, gbif, institutions) [2026-03-29]","standardized author names and accents corrected in recordedBy","Hauman, Lucien","Hauman, L."
"81","BA2025_081","PreservedSpecimen","Evento",NA,"BA","SPECIES","Herbario","Venturi, S.","BA 74978","Castellanos, A.","E","BA2025",1,"Lepismium lorentzianum",NA,NA,"1920-09-29","epi_taxo: acceptedName(match1); authorship_epig(match1); genus_from_scientificName; family_WFO; order_majorGroup_WCVP [2026-03-12] | CoordinateCleaner QA applied without sea test (validity, equal, zeros, capitals, centroids, gbif, institutions) [2026-03-29]","","Venturi, S.","Castellanos, A."
"82","BA2025_082","PreservedSpecimen","Evento",NA,"BA","SPECIES","Herbario","Schreiter","BA 27/2621","Castellanos, A.","E","BA2025",1,"Lepismium lorentzianum",NA,NA,"7580-01-01","epi_taxo: acceptedName(match1); authorship_epig(match1); genus_from_scientificName; family_WFO; order_majorGroup_WCVP [2026-03-12] | CoordinateCleaner QA applied without sea test (validity, equal, zeros, capitals, centroids, gbif, institutions) [2026-03-29]","","Schreiter","Castellanos, A."
"83","BA2025_083","PreservedSpecimen","Evento",NA,"BA","SPECIES","Herbario","Venturi, S.","BA74978","Castellanos, A.","E","BA2025",1,"Lepismium lorentzianum",NA,NA,"1920-09-29","epi_taxo: acceptedName(match1); authorship_epig(match1); genus_from_scientificName; family_WFO; order_majorGroup_WCVP [2026-03-12] | CoordinateCleaner QA applied without sea test (validity, equal, zeros, capitals, centroids, gbif, institutions) [2026-03-29]","","Venturi, S.","Castellanos, A."
"84","BA2025_084","PreservedSpecimen","Evento",NA,"BA","SPECIES","Herbario","Schreiter","BA 26/1310","Castellanos, A.","E","BA2025",1,"Lepismium lumbricoides",NA,NA,"9324-01-01","epi_taxo: acceptedName(match1); authorship_epig(match1); genus_from_scientificName; family_WFO; order_majorGroup_WCVP [2026-03-12] | CoordinateCleaner QA applied without sea test (validity, equal, zeros, capitals, centroids, gbif, institutions) [2026-03-29]","","Schreiter","Castellanos, A."
"85","BA2025_085","PreservedSpecimen","Evento",NA,"BA","SPECIES","Herbario","Rojas, T.","BA 37131","Castellanos, A.","E","BA2025",1,"Lepismium lumbricoides",NA,NA,"7153-01-01","epi_taxo: acceptedName(match1); authorship_epig(match1); genus_from_scientificName; family_WFO; order_majorGroup_WCVP [2026-03-12] | CoordinateCleaner QA applied without sea test (validity, equal, zeros, capitals, centroids, gbif, institutions) [2026-03-29]","","Rojas, T.","Castellanos, A."
"86","BA2025_086","PreservedSpecimen","Evento",NA,"BA","SPECIES","Herbario","Eyerdam, W.J.  |  Beetle, A.A.","BA 41431",NA,"E","BA2025",1,"Lepismium lumbricoides",NA,NA,"1938-03-10","epi_taxo: acceptedName(match1); authorship_epig(match1); genus_from_scientificName; family_WFO; order_majorGroup_WCVP [2026-03-12] | CoordinateCleaner QA applied without sea test (validity, equal, zeros, capitals, centroids, gbif, institutions) [2026-03-29]","standardized author names and accents corrected in recordedBy","Eyerdam, W.J. & Beetle, A.A.","-"
"87","BA2025_087","PreservedSpecimen","Evento",NA,"BA","SPECIES","Herbario","Eyerdam, W.J.  |  Beetle, A.A.","BA 41430",NA,"E","BA2025",1,"Lepismium lumbricoides",NA,NA,"1938-11-27","epi_taxo: acceptedName(match1); authorship_epig(match1); genus_from_scientificName; family_WFO; order_majorGroup_WCVP [2026-03-12] | CoordinateCleaner QA applied without sea test (validity, equal, zeros, capitals, centroids, gbif, institutions) [2026-03-29]","standardized author names and accents corrected in recordedBy","Eyerdam, W.J. & Beetle, A.A.","-"
"88","BA2025_088","PreservedSpecimen","Evento",NA,"BA","SPECIES","Herbario","Venturi, S.","BA 24/1684",NA,"E","BA2025",1,"Lepismium lumbricoides",NA,NA,"1923-10-27","epi_taxo: acceptedName(match1); authorship_epig(match1); genus_from_scientificName; family_WFO; order_majorGroup_WCVP [2026-03-12] | CoordinateCleaner QA applied without sea test (validity, equal, zeros, capitals, centroids, gbif, institutions) [2026-03-29]","","Venturi, S.","-"
"89","BA2025_089","PreservedSpecimen","Evento",NA,"BA","SPECIES","Herbario","Rojas, T.","BA37131","Castellanos, A.","E","BA2025",1,"Lepismium lumbricoides",NA,NA,"7153-01-01","epi_taxo: acceptedName(match1); authorship_epig(match1); genus_from_scientificName; family_WFO; order_majorGroup_WCVP [2026-03-12] | CoordinateCleaner QA applied without sea test (validity, equal, zeros, capitals, centroids, gbif, institutions) [2026-03-29]","","Rojas, T.","Castellanos, A."
"90","BA2025_090","PreservedSpecimen","Evento",NA,"BA","SPECIES","Herbario","Eyerdam, W.J.  |  Beetle, A.A.","BA41430",NA,"E","BA2025",1,"Lepismium lumbricoides",NA,NA,"1938-11-27","epi_taxo: acceptedName(match1); authorship_epig(match1); genus_from_scientificName; family_WFO; order_majorGroup_WCVP [2026-03-12] | CoordinateCleaner QA applied without sea test (validity, equal, zeros, capitals, centroids, gbif, institutions) [2026-03-29]","standardized author names and accents corrected in recordedBy","Eyerdam, W.J. & Beetle, A.A.","-"
"91","BA2025_091","PreservedSpecimen","Evento",NA,"BA","SPECIES","Herbario","Eyerdam, W.J.  |  Beetle, A.A.","BA41431",NA,"E","BA2025",1,"Lepismium lumbricoides",NA,NA,"1938-03-10","epi_taxo: acceptedName(match1); authorship_epig(match1); genus_from_scientificName; family_WFO; order_majorGroup_WCVP [2026-03-12] | CoordinateCleaner QA applied without sea test (validity, equal, zeros, capitals, centroids, gbif, institutions) [2026-03-29]","standardized author names and accents corrected in recordedBy","Eyerdam, W.J. & Beetle, A.A.","-"
"92","BA2025_092","PreservedSpecimen","Evento",NA,"BA","SPECIES","Herbario","Schreiter","BA 34554",NA,"E","BA2025",1,"Pfeiffera monacantha",NA,NA,"1940-10-01","epi_taxo: acceptedName(match1); authorship_epig(match1); genus_from_scientificName; family_WFO; order_majorGroup_WCVP [2026-03-12] | CoordinateCleaner QA applied without sea test (validity, equal, zeros, capitals, centroids, gbif, institutions) [2026-03-29]","","Schreiter","-"
"93","BA2025_093","PreservedSpecimen","Evento",NA,"BA","SPECIES","Herbario","Eyerdam, W.J.  |  Beetle, A.A.","BA41429",NA,"E","BA2025",1,"Pfeiffera monacantha",NA,NA,"1938-10-19","epi_taxo: acceptedName(match1); authorship_epig(match1); genus_from_scientificName; family_WFO; order_majorGroup_WCVP [2026-03-12] | CoordinateCleaner QA applied without sea test (validity, equal, zeros, capitals, centroids, gbif, institutions) [2026-03-29]","standardized author names and accents corrected in recordedBy","Eyerdam, W.J. & Beetle, A.A.","-"
"94","BA2025_094","PreservedSpecimen","Evento",NA,"BA","SPECIES","Herbario","Schreiter","BA34554",NA,"E","BA2025",1,"Pfeiffera monacantha",NA,NA,"1940-10-01","epi_taxo: acceptedName(match1); authorship_epig(match1); genus_from_scientificName; family_WFO; order_majorGroup_WCVP [2026-03-12] | CoordinateCleaner QA applied without sea test (validity, equal, zeros, capitals, centroids, gbif, institutions) [2026-03-29]","","Schreiter","-"
"95","BA2025_095","PreservedSpecimen","Evento",NA,"BA","SPECIES","Herbario","Fiebrig, C.","BA 29891","Castellanos, A.","E","BA2025",3,"Hatiora salicornioides",NA,NA,"3348-01-01","epi_taxo: acceptedName(match1); authorship_epig(match1); genus_from_scientificName; family_WFO; order_majorGroup_WCVP [2026-03-12] | CoordinateCleaner QA applied without sea test (validity, equal, zeros, capitals, centroids, gbif, institutions) [2026-03-29]","","Fiebrig, C.","Castellanos, A."
"96","BA2025_096","PreservedSpecimen","Evento",NA,"BA","SPECIES","Herbario","Fiebrig, C.","BA29891","Castellanos, A.","E","BA2025",3,"Hatiora salicornioides",NA,NA,"3348-01-01","epi_taxo: acceptedName(match1); authorship_epig(match1); genus_from_scientificName; family_WFO; order_majorGroup_WCVP [2026-03-12] | CoordinateCleaner QA applied without sea test (validity, equal, zeros, capitals, centroids, gbif, institutions) [2026-03-29]","","Fiebrig, C.","Castellanos, A."
"97","BA2025_097","PreservedSpecimen","Evento",NA,"BA","SPECIES","Herbario","Eyerdam, W.J.  |  Beetle, A.A.","BA 41426",NA,"E","BA2025",1,"Rhipsalis shaferi",NA,NA,"1938-10-19","epi_taxo: acceptedName(match1); authorship_epig(match1); genus_from_scientificName; family_WFO; order_majorGroup_WCVP [2026-03-12] | CoordinateCleaner QA applied without sea test (validity, equal, zeros, capitals, centroids, gbif, institutions) [2026-03-29]","standardized author names and accents corrected in recordedBy","Eyerdam, W.J. & Beetle, A.A.","-"
"98","BA2025_098","PreservedSpecimen","Evento",NA,"BA","SPECIES","Herbario","Eyerdam, W.J.  |  Beetle, A.A.","BA41426",NA,"E","BA2025",1,"Rhipsalis shaferi",NA,NA,"1938-10-19","epi_taxo: acceptedName(match1); authorship_epig(match1); genus_from_scientificName; family_WFO; order_majorGroup_WCVP [2026-03-12] | CoordinateCleaner QA applied without sea test (validity, equal, zeros, capitals, centroids, gbif, institutions) [2026-03-29]","standardized author names and accents corrected in recordedBy","Eyerdam, W.J. & Beetle, A.A.","-"
"99","BA2025_099","PreservedSpecimen","Evento",NA,"BA","SPECIES","Herbario","Eyerdam, W.J.  |  Beetle, A.A.","BA 41425",NA,"E","BA2025",3,"Rhipsalis baccifera",NA,NA,"1938-03-10","epi_taxo: acceptedName(match1); authorship_epig(match1); genus_from_scientificName; family_WFO; order_majorGroup_WCVP [2026-03-12] | CoordinateCleaner QA applied without sea test (validity, equal, zeros, capitals, centroids, gbif, institutions) [2026-03-29]","standardized author names and accents corrected in recordedBy","Eyerdam, W.J. & Beetle, A.A.","-"
"100","BA2025_100","PreservedSpecimen","Evento",NA,"BA","SPECIES","Herbario","Schreiter","BA 27/2620","Castellanos, A.","E","BA2025",3,"Rhipsalis baccifera",NA,NA,"1920-10-19","epi_taxo: acceptedName(match1); authorship_epig(match1); genus_from_scientificName; family_WFO; order_majorGroup_WCVP [2026-03-12] | CoordinateCleaner QA applied without sea test (validity, equal, zeros, capitals, centroids, gbif, institutions) [2026-03-29]","","Schreiter","Castellanos, A."
"101","BA2025_101","PreservedSpecimen","Evento",NA,"BA","SPECIES","Herbario","Eyerdam, W.J.  |  Beetle, A.A.","BA41425",NA,"E","BA2025",3,"Rhipsalis baccifera",NA,NA,"1938-03-10","epi_taxo: acceptedName(match1); authorship_epig(match1); genus_from_scientificName; family_WFO; order_majorGroup_WCVP [2026-03-12] | CoordinateCleaner QA applied without sea test (validity, equal, zeros, capitals, centroids, gbif, institutions) [2026-03-29]","standardized author names and accents corrected in recordedBy","Eyerdam, W.J. & Beetle, A.A.","-"
"102","BA2025_102","PreservedSpecimen","Evento",NA,"BA","SPECIES","Herbario","Venturi, S.","BA17432","Castellanos, A.","E","BA2025",3,"Rhipsalis baccifera",NA,NA,"7184-01-01","epi_taxo: acceptedName(match1); authorship_epig(match1); genus_from_scientificName; family_WFO; order_majorGroup_WCVP [2026-03-12] | CoordinateCleaner QA applied without sea test (validity, equal, zeros, capitals, centroids, gbif, institutions) [2026-03-29]","","Venturi, S.","Castellanos, A."
"103","BA2025_103","PreservedSpecimen","Evento",NA,"BA","SPECIES","Herbario","Rojas, T.","BA 65617","Schinini, A.","E","BA2025",1,"Tillandsia aeranthos",NA,NA,"1937-06-01","epi_taxo: acceptedName(match1); authorship_epig(match1); genus_from_scientificName; family_WFO; order_majorGroup_WCVP [2026-03-12] | CoordinateCleaner QA applied without sea test (validity, equal, zeros, capitals, centroids, gbif, institutions) [2026-03-29]","","Rojas, T.","Schinini, A."
"104","BA2025_104","PreservedSpecimen","Evento",NA,"BA","SPECIES","Herbario","Velasco, F.","BA 69681","Velasco, F.","E","BA2025",1,"Tillandsia aeranthos",NA,NA,"1976-10-23","epi_taxo: acceptedName(match1); authorship_epig(match1); genus_from_scientificName; family_WFO; order_majorGroup_WCVP [2026-03-12] | CoordinateCleaner QA applied without sea test (validity, equal, zeros, capitals, centroids, gbif, institutions) [2026-03-29]","standardized author names and accents corrected in recordedBy / standardized author names and accents corrected in identifiedBy","Fernández Velasco","Fernández Velasco"
"105","BA2025_105","PreservedSpecimen","Evento",NA,"BA","SPECIES","Herbario","Paredes, J.","BA 94108",NA,"E","BA2025",1,"Tillandsia aeranthos",-34.716651,-58.294546,"2014-10-19","change1: Filled coordinateUncertaintyInMeters from decimal-place precision (conservative). | epi_taxo: acceptedName(match1); authorship_epig(match1); genus_from_scientificName; family_WFO; order_majorGroup_WCVP [2026-03-12] | CoordinateCleaner QA applied without sea test (validity, equal, zeros, capitals, centroids, gbif, institutions) [2026-03-29]","","Paredes, J.","-"
"106","BA2025_106","PreservedSpecimen","Evento",NA,"BA","SPECIES","Herbario","Velasco, F.","BA69681","Velasco, F.","E","BA2025",1,"Tillandsia aeranthos",NA,NA,"1976-10-23","epi_taxo: acceptedName(match1); authorship_epig(match1); genus_from_scientificName; family_WFO; order_majorGroup_WCVP [2026-03-12] | CoordinateCleaner QA applied without sea test (validity, equal, zeros, capitals, centroids, gbif, institutions) [2026-03-29]","standardized author names and accents corrected in recordedBy / standardized author names and accents corrected in identifiedBy","Fernández Velasco","Fernández Velasco"
"107","BA2025_107","PreservedSpecimen","Evento",NA,"BA","SPECIES","Herbario","Brethes, S.","BA1144","Rossado, A.J.","E","BA2025",1,"Tillandsia aeranthos",-29.787675,-58.057089,"1920-01-01","change1: Filled coordinateUncertaintyInMeters from decimal-place precision (conservative). | epi_taxo: acceptedName(match1); authorship_epig(match1); genus_from_scientificName; family_WFO; order_majorGroup_WCVP [2026-03-12] | CoordinateCleaner QA applied without sea test (validity, equal, zeros, capitals, centroids, gbif, institutions) [2026-03-29]","","Brethes, S.","Rossado, A.J."
"108","BA2025_108","PreservedSpecimen","Evento",NA,"BA","SPECIES","Herbario","Jack, J.G.","BA30/2206","Smith, L.B.","E","BA2025",1,"Tillandsia balbisiana",NA,NA,"1930-01-31","epi_taxo: acceptedName(match1); authorship_epig(match1); genus_from_scientificName; family_WFO; order_majorGroup_WCVP [2026-03-12] | CoordinateCleaner QA applied without sea test (validity, equal, zeros, capitals, centroids, gbif, institutions) [2026-03-29]","","Jack, J.G.","Smith, L.B."
"109","BA2025_109","PreservedSpecimen","Evento",NA,"BA","SPECIES","Herbario","Schreiter","BA27/2340","Castellanos, A.","E","BA2025",1,"Tillandsia bandensis",NA,NA,"8188-01-01","epi_taxo: acceptedName(match1); authorship_epig(match1); genus_from_scientificName; family_WFO; order_majorGroup_WCVP [2026-03-12] | CoordinateCleaner QA applied without sea test (validity, equal, zeros, capitals, centroids, gbif, institutions) [2026-03-29]","","Schreiter","Castellanos, A."
"110","BA2025_110","PreservedSpecimen","Evento",NA,"BA","SPECIES","Herbario","Schreiter","BA5514","Castellanos, A.","E","BA2025",1,"Tillandsia bandensis",NA,NA,"1931-07-11","epi_taxo: acceptedName(match1); authorship_epig(match1); genus_from_scientificName; family_WFO; order_majorGroup_WCVP [2026-03-12] | CoordinateCleaner QA applied without sea test (validity, equal, zeros, capitals, centroids, gbif, institutions) [2026-03-29]","","Schreiter","Castellanos, A."
"111","BA2025_111","PreservedSpecimen","Evento",NA,"BA","SPECIES","Herbario","Krapovickas, A.","BA47844","Castellanos, A.","E","BA2025",1,"Tillandsia bandensis",NA,NA,"1945-06-01","epi_taxo: acceptedName(match1); authorship_epig(match1); genus_from_scientificName; family_WFO; order_majorGroup_WCVP [2026-03-12] | CoordinateCleaner QA applied without sea test (validity, equal, zeros, capitals, centroids, gbif, institutions) [2026-03-29]","","Krapovickas, A.","Castellanos, A."
"112","BA2025_112","PreservedSpecimen","Evento",NA,"BA","SPECIES","Herbario","Burkart, A. | Troncoso, N.S.","BA24/787","Castellanos, A.","E","BA2025",1,"Tillandsia bandensis",NA,NA,"1940-02-15","epi_taxo: acceptedName(match1); authorship_epig(match1); genus_from_scientificName; family_WFO; order_majorGroup_WCVP [2026-03-12] | CoordinateCleaner QA applied without sea test (validity, equal, zeros, capitals, centroids, gbif, institutions) [2026-03-29]","standardized author names and accents corrected in recordedBy","Burkart, Arturo & Troncoso, Nélida S.","Castellanos, A."
"113","BA2025_113","PreservedSpecimen","Evento",NA,"BA","SPECIES","Herbario","Rojas, T.","BA37117","Rossado, A.J.","E","BA2025",1,"Tillandsia bandensis",NA,NA,"6301-01-01","epi_taxo: acceptedName(match1); authorship_epig(match1); genus_from_scientificName; family_WFO; order_majorGroup_WCVP [2026-03-12] | CoordinateCleaner QA applied without sea test (validity, equal, zeros, capitals, centroids, gbif, institutions) [2026-03-29]","","Rojas, T.","Rossado, A.J."
"114","BA2025_114","PreservedSpecimen","Evento",NA,"BA","SPECIES","Herbario","Miguel, L.","BA29812",NA,"E","BA2025",1,"Tillandsia bandensis",NA,NA,"1907-12-21","epi_taxo: acceptedName(match1); authorship_epig(match1); genus_from_scientificName; family_WFO; order_majorGroup_WCVP [2026-03-12] | CoordinateCleaner QA applied without sea test (validity, equal, zeros, capitals, centroids, gbif, institutions) [2026-03-29]","standardized author names and accents corrected in recordedBy","Lillo, Miguel","-"
"115","BA2025_115","PreservedSpecimen","Evento",NA,"BA","SPECIES","Herbario","Venturi, S.","BA1231","Castellanos, A.","E","BA2025",1,"Tillandsia bandensis",NA,NA,"7652-01-01","epi_taxo: acceptedName(match1); authorship_epig(match1); genus_from_scientificName; family_WFO; order_majorGroup_WCVP [2026-03-12] | CoordinateCleaner QA applied without sea test (validity, equal, zeros, capitals, centroids, gbif, institutions) [2026-03-29]","","Venturi, S.","Castellanos, A."
"116","BA2025_116","PreservedSpecimen","Evento",NA,"BA","SPECIES","Herbario","Lorentz, P.G.","BA22866","Castellanos, A.","E","BA2025",1,"Tillandsia aeranthos",NA,NA,"1872-01-01","epi_taxo: acceptedName(match1); authorship_epig(match1); genus_from_scientificName; family_WFO; order_majorGroup_WCVP [2026-03-12] | CoordinateCleaner QA applied without sea test (validity, equal, zeros, capitals, centroids, gbif, institutions) [2026-03-29]","","Lorentz, P.G.","Castellanos, A."
"117","BA2025_117","PreservedSpecimen","Evento",NA,"BA","SPECIES","Herbario","Venturi, S.","BA1233","Castellanos, A.","E","BA2025",1,"Tillandsia bryoides",NA,NA,"8107-01-01","epi_taxo: acceptedName(match1); authorship_epig(match1); genus_from_scientificName; family_WFO; order_majorGroup_WCVP [2026-03-12] | CoordinateCleaner QA applied without sea test (validity, equal, zeros, capitals, centroids, gbif, institutions) [2026-03-29]","","Venturi, S.","Castellanos, A."
"118","BA2025_118","PreservedSpecimen","Evento",NA,"BA","SPECIES","Herbario","Cabrera, A.L.","BA17900","Castellanos, A.","E","BA2025",1,"Tillandsia bryoides",NA,NA,"1936-08-13","epi_taxo: acceptedName(match1); authorship_epig(match1); genus_from_scientificName; family_WFO; order_majorGroup_WCVP [2026-03-12] | CoordinateCleaner QA applied without sea test (validity, equal, zeros, capitals, centroids, gbif, institutions) [2026-03-29]","standardized author names and accents corrected in recordedBy","Cabrera, Ángel L.","Castellanos, A."
"119","BA2025_119","PreservedSpecimen","Evento",NA,"BA","SPECIES","Herbario","Schreiter","BA27/2360","Castellanos, A.","E","BA2025",1,"Tillandsia bryoides",NA,NA,"7895-01-01","epi_taxo: acceptedName(match1); authorship_epig(match1); genus_from_scientificName; family_WFO; order_majorGroup_WCVP [2026-03-12] | CoordinateCleaner QA applied without sea test (validity, equal, zeros, capitals, centroids, gbif, institutions) [2026-03-29]","","Schreiter","Castellanos, A."
"120","BA2025_120","PreservedSpecimen","Evento",NA,"BA","SPECIES","Herbario","Burkart, A. | Troncoso, N.S.","BA 34841","Smith, L.B.","E","BA2025",1,"Tillandsia capillaris",-23.209036,-65.351906,"1940-02-25","change1: Filled coordinateUncertaintyInMeters from decimal-place precision (conservative). | epi_taxo: acceptedName(match1); authorship_epig(match1); genus_from_scientificName; family_WFO; order_majorGroup_WCVP [2026-03-12] | CoordinateCleaner QA applied without sea test (validity, equal, zeros, capitals, centroids, gbif, institutions) [2026-03-29]","standardized author names and accents corrected in recordedBy","Burkart, Arturo & Troncoso, Nélida S.","Smith, L.B."
"121","BA2025_121","PreservedSpecimen","Evento",NA,"BA","SPECIES","Herbario","Burkart, A. | Troncoso, N.S.","BA34841","Smith, L.B.","E","BA2025",1,"Tillandsia capillaris",-23.209036,-65.351906,"1940-02-25","change1: Filled coordinateUncertaintyInMeters from decimal-place precision (conservative). | epi_taxo: acceptedName(match1); authorship_epig(match1); genus_from_scientificName; family_WFO; order_majorGroup_WCVP [2026-03-12] | CoordinateCleaner QA applied without sea test (validity, equal, zeros, capitals, centroids, gbif, institutions) [2026-03-29]","standardized author names and accents corrected in recordedBy","Burkart, Arturo & Troncoso, Nélida S.","Smith, L.B."
"122","BA2025_122","PreservedSpecimen","Evento",NA,"BA","SPECIES","Herbario","Schreiter","BA27/2358","Till, W.","E","BA2025",1,"Tillandsia capillaris",NA,NA,"8349-01-01","epi_taxo: acceptedName(match1); authorship_epig(match1); genus_from_scientificName; family_WFO; order_majorGroup_WCVP [2026-03-12] | CoordinateCleaner QA applied without sea test (validity, equal, zeros, capitals, centroids, gbif, institutions) [2026-03-29]","standardized author names and accents corrected in identifiedBy","Schreiter","Till, Walter"
"123","BA2025_123","PreservedSpecimen","Evento",NA,"BA","SPECIES","Herbario","Job, M.M.","BA63329","Smith, L.B.","E","BA2025",1,"Tillandsia capillaris",NA,NA,"1954-09-12","epi_taxo: acceptedName(match1); authorship_epig(match1); genus_from_scientificName; family_WFO; order_majorGroup_WCVP [2026-03-12] | CoordinateCleaner QA applied without sea test (validity, equal, zeros, capitals, centroids, gbif, institutions) [2026-03-29]","","Job, M.M.","Smith, L.B."
"124","BA2025_124","PreservedSpecimen","Evento",NA,"BA","SPECIES","Herbario","Fevrier, L.H.","BA1134","Castellanos, A.","E","BA2025",1,"Tillandsia bryoides",NA,NA,"4415-01-01","epi_taxo: acceptedName(match1); authorship_epig(match1); genus_from_scientificName; family_WFO; order_majorGroup_WCVP [2026-03-12] | CoordinateCleaner QA applied without sea test (validity, equal, zeros, capitals, centroids, gbif, institutions) [2026-03-29]","standardized author names and accents corrected in recordedBy","Février & L. H.","Castellanos, A."
"125","BA2025_125","PreservedSpecimen","Evento",NA,"BA","SPECIES","Herbario","Schreiter","BA27/2347","Smith","E","BA2025",1,"Tillandsia virescens",NA,NA,"7519-01-01","epi_taxo: acceptedName(match1); authorship_epig(match1); genus_from_scientificName; family_WFO; order_majorGroup_WCVP [2026-03-12] | CoordinateCleaner QA applied without sea test (validity, equal, zeros, capitals, centroids, gbif, institutions) [2026-03-29]","","Schreiter","Smith"
"126","BA2025_126","PreservedSpecimen","Evento",NA,"BA","SPECIES","Herbario","Schreiter","BA27/2357","Castellanos, A.","E","BA2025",1,"Tillandsia virescens",NA,NA,"8165-01-01","epi_taxo: acceptedName(match1); authorship_epig(match1); genus_from_scientificName; family_WFO; order_majorGroup_WCVP [2026-03-12] | CoordinateCleaner QA applied without sea test (validity, equal, zeros, capitals, centroids, gbif, institutions) [2026-03-29]","","Schreiter","Castellanos, A."
"127","BA2025_127","PreservedSpecimen","Evento",NA,"BA","SPECIES","Herbario","Osten, C.","BA29763",NA,"E","BA2025",1,"Tillandsia virescens",NA,NA,"6666-01-01","epi_taxo: acceptedName(match1); authorship_epig(match1); genus_from_scientificName; family_WFO; order_majorGroup_WCVP [2026-03-12] | CoordinateCleaner QA applied without sea test (validity, equal, zeros, capitals, centroids, gbif, institutions) [2026-03-29]","standardized author names and accents corrected in recordedBy","Osten, Cornelius","-"
"128","BA2025_128","PreservedSpecimen","Evento",NA,"BA","SPECIES","Herbario","Venturi, S.","BA25/1605","Castellanos, A.","E","BA2025",1,"Tillandsia virescens",NA,NA,"8926-01-01","epi_taxo: acceptedName(match1); authorship_epig(match1); genus_from_scientificName; family_WFO; order_majorGroup_WCVP [2026-03-12] | CoordinateCleaner QA applied without sea test (validity, equal, zeros, capitals, centroids, gbif, institutions) [2026-03-29]","","Venturi, S.","Castellanos, A."
"129","BA2025_129","PreservedSpecimen","Evento",NA,"BA","SPECIES","Herbario","Venturi, S.","BA1227","Castellanos, A.","E","BA2025",1,"Tillandsia virescens",NA,NA,"1922-08-29","epi_taxo: acceptedName(match1); authorship_epig(match1); genus_from_scientificName; family_WFO; order_majorGroup_WCVP [2026-03-12] | CoordinateCleaner QA applied without sea test (validity, equal, zeros, capitals, centroids, gbif, institutions) [2026-03-29]","","Venturi, S.","Castellanos, A."
"130","BA2025_130","PreservedSpecimen","Evento",NA,"BA","SPECIES","Herbario","Rojas, T.","BA37116",NA,"E","BA2025",3,"Guzmania monostachia",NA,NA,"6301-01-01","epi_taxo: acceptedName(match1); authorship_epig(match1); genus_from_scientificName; family_WFO; order_majorGroup_WCVP [2026-03-12] | CoordinateCleaner QA applied without sea test (validity, equal, zeros, capitals, centroids, gbif, institutions) [2026-03-29]","","Rojas, T.","-"
"131","BA2025_131","PreservedSpecimen","Evento",NA,"BA","SPECIES","Herbario","Schreiter","BA29781","Castellanos, A.","E","BA2025",1,"Tillandsia didisticha",NA,NA,"7092-01-01","epi_taxo: acceptedName(match1); authorship_epig(match1); genus_from_scientificName; family_WFO; order_majorGroup_WCVP [2026-03-12] | CoordinateCleaner QA applied without sea test (validity, equal, zeros, capitals, centroids, gbif, institutions) [2026-03-29]","","Schreiter","Castellanos, A."
"132","BA2025_132","PreservedSpecimen","Evento",NA,"BA","SPECIES","Herbario","Schreiter","BA27/2333","Tardivo, R.C.","E","BA2025",1,"Tillandsia didisticha",NA,NA,"7092-01-01","epi_taxo: acceptedName(match1); authorship_epig(match1); genus_from_scientificName; family_WFO; order_majorGroup_WCVP [2026-03-12] | CoordinateCleaner QA applied without sea test (validity, equal, zeros, capitals, centroids, gbif, institutions) [2026-03-29]","","Schreiter","Tardivo, R.C."
"133","BA2025_133","PreservedSpecimen","Evento",NA,"BA","SPECIES","Herbario","Steinbach, J.","BA27/466","Castellanos, A.","E","BA2025",1,"Tillandsia didisticha",NA,NA,"8929-01-01","epi_taxo: acceptedName(match1); authorship_epig(match1); genus_from_scientificName; family_WFO; order_majorGroup_WCVP [2026-03-12] | CoordinateCleaner QA applied without sea test (validity, equal, zeros, capitals, centroids, gbif, institutions) [2026-03-29]","standardized author names and accents corrected in recordedBy","Steinbach, José","Castellanos, A."
"134","BA2025_134","PreservedSpecimen","Evento",NA,"BA","SPECIES","Herbario","Schreiter","BA27/2365","Castellanos, A.","E","BA2025",1,"Tillandsia duratii",NA,NA,"1920-09-19","epi_taxo: acceptedName(match1); authorship_epig(match1); genus_from_scientificName; family_WFO; order_majorGroup_WCVP [2026-03-12] | CoordinateCleaner QA applied without sea test (validity, equal, zeros, capitals, centroids, gbif, institutions) [2026-03-29]","","Schreiter","Castellanos, A."
"135","BA2025_135","PreservedSpecimen","Evento",NA,"BA","SPECIES","Herbario","Cabrera, A.L.","BA17899","Castellanos, A.","E","BA2025",1,"Tillandsia duratii",NA,NA,"1936-08-13","epi_taxo: acceptedName(match1); authorship_epig(match1); genus_from_scientificName; family_WFO; order_majorGroup_WCVP [2026-03-12] | CoordinateCleaner QA applied without sea test (validity, equal, zeros, capitals, centroids, gbif, institutions) [2026-03-29]","standardized author names and accents corrected in recordedBy","Cabrera, Ángel L.","Castellanos, A."
"136","BA2025_136","PreservedSpecimen","Evento",NA,"BA","SPECIES","Herbario","Venturi, S.","BA1215","Castellanos, A.","E","BA2025",1,"Tillandsia duratii",NA,NA,"1920-08-22","epi_taxo: acceptedName(match1); authorship_epig(match1); genus_from_scientificName; family_WFO; order_majorGroup_WCVP [2026-03-12] | CoordinateCleaner QA applied without sea test (validity, equal, zeros, capitals, centroids, gbif, institutions) [2026-03-29]","","Venturi, S.","Castellanos, A."
"137","BA2025_137","PreservedSpecimen","Evento",NA,"BA","SPECIES","Herbario","Venturi, S.","BA1217","Castellanos, A.","E","BA2025",1,"Tillandsia duratii",NA,NA,"8077-01-01","epi_taxo: acceptedName(match1); authorship_epig(match1); genus_from_scientificName; family_WFO; order_majorGroup_WCVP [2026-03-12] | CoordinateCleaner QA applied without sea test (validity, equal, zeros, capitals, centroids, gbif, institutions) [2026-03-29]","","Venturi, S.","Castellanos, A."
"138","BA2025_138","PreservedSpecimen","Evento",NA,"BA","SPECIES","Herbario","Venturi, S.","BA1218",NA,"E","BA2025",1,"Tillandsia duratii",NA,NA,"1922-09-28","epi_taxo: acceptedName(match1); authorship_epig(match1); genus_from_scientificName; family_WFO; order_majorGroup_WCVP [2026-03-12] | CoordinateCleaner QA applied without sea test (validity, equal, zeros, capitals, centroids, gbif, institutions) [2026-03-29]","","Venturi, S.","-"
"139","BA2025_139","PreservedSpecimen","Evento",NA,"BA","SPECIES","Herbario","Suarez, M.E.","BA93112","Suarez, M.E.","E","BA2025",1,"Tillandsia funebris",NA,NA,"2007-04-07","epi_taxo: acceptedName(match1); authorship_epig(match1); genus_from_scientificName; family_WFO; order_majorGroup_WCVP [2026-03-12] | CoordinateCleaner QA applied without sea test (validity, equal, zeros, capitals, centroids, gbif, institutions) [2026-03-29]","","Suarez, M.E.","Suarez, M.E."
"140","BA2025_140","PreservedSpecimen","Evento",NA,"BA","SPECIES","Herbario","Johnston, I.M.","BA1220","Tardivo, R.C.","E","BA2025",1,"Tillandsia geissei",NA,NA,"9144-01-01","epi_taxo: acceptedName(match1); authorship_epig(match1); genus_from_scientificName; family_WFO; order_majorGroup_WCVP [2026-03-12] | CoordinateCleaner QA applied without sea test (validity, equal, zeros, capitals, centroids, gbif, institutions) [2026-03-29]","standardized author names and accents corrected in recordedBy","Johnston, Ivan M.","Tardivo, R.C."
"141","BA2025_141","PreservedSpecimen","Evento",NA,"BA","SPECIES","Herbario","Rojas, T.","BA21803","Castellanos, A.","E","BA2025",1,"Tillandsia geminiflora",NA,NA,"1933-09-01","epi_taxo: acceptedName(match1); authorship_epig(match1); genus_from_scientificName; family_WFO; order_majorGroup_WCVP [2026-03-12] | CoordinateCleaner QA applied without sea test (validity, equal, zeros, capitals, centroids, gbif, institutions) [2026-03-29]","","Rojas, T.","Castellanos, A."
"142","BA2025_142","PreservedSpecimen","Evento",NA,"BA","SPECIES","Herbario","Schreiter","BA5402","Smith, L.B.","E","BA2025",1,"Tillandsia gilliesii",NA,NA,"1931-12-01","epi_taxo: acceptedName(match1); authorship_epig(match1); genus_from_scientificName; family_WFO; order_majorGroup_WCVP [2026-03-12] | CoordinateCleaner QA applied without sea test (validity, equal, zeros, capitals, centroids, gbif, institutions) [2026-03-29]","","Schreiter","Smith, L.B."
"143","BA2025_143","PreservedSpecimen","Evento",NA,"BA","SPECIES","Herbario","Osten, C.","BA29759",NA,"E","BA2025",1,"Tillandsia virescens",NA,NA,"1918-04-15","epi_taxo: acceptedName(match1); authorship_epig(match1); genus_from_scientificName; family_WFO; order_majorGroup_WCVP [2026-03-12] | CoordinateCleaner QA applied without sea test (validity, equal, zeros, capitals, centroids, gbif, institutions) [2026-03-29]","standardized author names and accents corrected in recordedBy","Osten, Cornelius","-"
"144","BA2025_144","PreservedSpecimen","Evento",NA,"BA","SPECIES","Herbario","Osten, C.","BA30/965","Castellanos, A.","E","BA2025",1,"Tillandsia virescens",NA,NA,"6666-01-01","epi_taxo: acceptedName(match1); authorship_epig(match1); genus_from_scientificName; family_WFO; order_majorGroup_WCVP [2026-03-12] | CoordinateCleaner QA applied without sea test (validity, equal, zeros, capitals, centroids, gbif, institutions) [2026-03-29]","standardized author names and accents corrected in recordedBy","Osten, Cornelius","Castellanos, A."
"145","BA2025_145","PreservedSpecimen","Evento",NA,"BA","SPECIES","Herbario","Venturi, S.","BA1228","Castellanos, A.","E","BA2025",1,"Tillandsia virescens",NA,NA,"1922-09-14","epi_taxo: acceptedName(match1); authorship_epig(match1); genus_from_scientificName; family_WFO; order_majorGroup_WCVP [2026-03-12] | CoordinateCleaner QA applied without sea test (validity, equal, zeros, capitals, centroids, gbif, institutions) [2026-03-29]","","Venturi, S.","Castellanos, A."
"146","BA2025_146","PreservedSpecimen","Evento",NA,"BA","SPECIES","Herbario","Schreiter","BA27/2354","Castellanos, A.","E","BA2025",1,"Tillandsia virescens",NA,NA,"7833-01-01","epi_taxo: acceptedName(match1); authorship_epig(match1); genus_from_scientificName; family_WFO; order_majorGroup_WCVP [2026-03-12] | CoordinateCleaner QA applied without sea test (validity, equal, zeros, capitals, centroids, gbif, institutions) [2026-03-29]","","Schreiter","Castellanos, A."
"147","BA2025_147","PreservedSpecimen","Evento",NA,"BA","SPECIES","Herbario","Steinbach, J.","BA25/2462",NA,"E","BA2025",1,"Tillandsia virescens",NA,NA,"1920-03-23","epi_taxo: acceptedName(match1); authorship_epig(match1); genus_from_scientificName; family_WFO; order_majorGroup_WCVP [2026-03-12] | CoordinateCleaner QA applied without sea test (validity, equal, zeros, capitals, centroids, gbif, institutions) [2026-03-29]","standardized author names and accents corrected in recordedBy","Steinbach, José","-"
"148","BA2025_148","PreservedSpecimen","Evento",NA,"BA","SPECIES","Herbario","Venturi, S.","BA1232","Castellanos, A.","E","BA2025",1,"Tillandsia virescens",NA,NA,"1922-09-26","epi_taxo: acceptedName(match1); authorship_epig(match1); genus_from_scientificName; family_WFO; order_majorGroup_WCVP [2026-03-12] | CoordinateCleaner QA applied without sea test (validity, equal, zeros, capitals, centroids, gbif, institutions) [2026-03-29]","","Venturi, S.","Castellanos, A."
"149","BA2025_149","PreservedSpecimen","Evento",NA,"BA","SPECIES","Herbario","Schreiter","BA 27/2352","Castellanos, A.","E","BA2025",1,"Tillandsia ixioides",NA,NA,"1923-08-19","epi_taxo: acceptedName(match1); authorship_epig(match1); genus_from_scientificName; family_WFO; order_majorGroup_WCVP [2026-03-12] | CoordinateCleaner QA applied without sea test (validity, equal, zeros, capitals, centroids, gbif, institutions) [2026-03-29]","","Schreiter","Castellanos, A."
"150","BA2025_150","PreservedSpecimen","Evento",NA,"BA","SPECIES","Herbario","Schreiter","BA 27/2351","Castellanos, A.","E","BA2025",1,"Tillandsia ixioides",NA,NA,"6306-01-01","epi_taxo: acceptedName(match1); authorship_epig(match1); genus_from_scientificName; family_WFO; order_majorGroup_WCVP [2026-03-12] | CoordinateCleaner QA applied without sea test (validity, equal, zeros, capitals, centroids, gbif, institutions) [2026-03-29]","","Schreiter","Castellanos, A."
"151","BA2025_151","PreservedSpecimen","Evento",NA,"BA","SPECIES","Herbario","Venturi, S.","BA 1153","Castellanos, A.","E","BA2025",1,"Tillandsia ixioides",NA,NA,"7526-01-01","epi_taxo: acceptedName(match1); authorship_epig(match1); genus_from_scientificName; family_WFO; order_majorGroup_WCVP [2026-03-12] | CoordinateCleaner QA applied without sea test (validity, equal, zeros, capitals, centroids, gbif, institutions) [2026-03-29]","","Venturi, S.","Castellanos, A."
"152","BA2025_152","PreservedSpecimen","Evento",NA,"BA","SPECIES","Herbario","Venturi, S.","BA1153","Castellanos, A.","E","BA2025",1,"Tillandsia ixioides",NA,NA,"7526-01-01","epi_taxo: acceptedName(match1); authorship_epig(match1); genus_from_scientificName; family_WFO; order_majorGroup_WCVP [2026-03-12] | CoordinateCleaner QA applied without sea test (validity, equal, zeros, capitals, centroids, gbif, institutions) [2026-03-29]","","Venturi, S.","Castellanos, A."
"153","BA2025_153","PreservedSpecimen","Evento",NA,"BA","SPECIES","Herbario","Schreiter","BA29819",NA,"E","BA2025",1,"Tillandsia ixioides",NA,NA,"6306-01-01","epi_taxo: acceptedName(match1); authorship_epig(match1); genus_from_scientificName; family_WFO; order_majorGroup_WCVP [2026-03-12] | CoordinateCleaner QA applied without sea test (validity, equal, zeros, capitals, centroids, gbif, institutions) [2026-03-29]","","Schreiter","-"
"154","BA2025_154","PreservedSpecimen","Evento",NA,"BA","SPECIES","Herbario","Venturi, S.","BA1152","Castellanos, A.","E","BA2025",1,"Tillandsia ixioides",NA,NA,"7153-01-01","epi_taxo: acceptedName(match1); authorship_epig(match1); genus_from_scientificName; family_WFO; order_majorGroup_WCVP [2026-03-12] | CoordinateCleaner QA applied without sea test (validity, equal, zeros, capitals, centroids, gbif, institutions) [2026-03-29]","","Venturi, S.","Castellanos, A."
"155","BA2025_155","PreservedSpecimen","Evento",NA,"BA","SPECIES","Herbario","Venturi, S.","BA 1213","Castellanos, A.","E","BA2025",1,"Tillandsia jucunda",NA,NA,"1922-09-15","epi_taxo: acceptedName(match1); authorship_epig(match1); genus_from_scientificName; family_WFO; order_majorGroup_WCVP [2026-03-12] | CoordinateCleaner QA applied without sea test (validity, equal, zeros, capitals, centroids, gbif, institutions) [2026-03-29]","","Venturi, S.","Castellanos, A."
"156","BA2025_156","PreservedSpecimen","Evento",NA,"BA","SPECIES","Herbario","Schreiter","BA 27/2339","Castellanos, A.","E","BA2025",1,"Tillandsia jucunda",NA,NA,"1922-07-13","epi_taxo: acceptedName(match1); authorship_epig(match1); genus_from_scientificName; family_WFO; order_majorGroup_WCVP [2026-03-12] | CoordinateCleaner QA applied without sea test (validity, equal, zeros, capitals, centroids, gbif, institutions) [2026-03-29]","","Schreiter","Castellanos, A."
"157","BA2025_157","PreservedSpecimen","Evento",NA,"BA","SPECIES","Herbario","Venturi, S.","BA1213","Castellanos, A.","E","BA2025",1,"Tillandsia jucunda",NA,NA,"1922-09-15","epi_taxo: acceptedName(match1); authorship_epig(match1); genus_from_scientificName; family_WFO; order_majorGroup_WCVP [2026-03-12] | CoordinateCleaner QA applied without sea test (validity, equal, zeros, capitals, centroids, gbif, institutions) [2026-03-29]","","Venturi, S.","Castellanos, A."
"158","BA2025_158","PreservedSpecimen","Evento",NA,"BA","SPECIES","Herbario","Jack, J.G.","BA30/2215","Smith, L.B.","E","BA2025",1,"Tillandsia juncea",NA,NA,"1928-01-03","epi_taxo: acceptedName(match1); authorship_epig(match1); genus_from_scientificName; family_WFO; order_majorGroup_WCVP [2026-03-12] | CoordinateCleaner QA applied without sea test (validity, equal, zeros, capitals, centroids, gbif, institutions) [2026-03-29]","","Jack, J.G.","Smith, L.B."
"159","BA2025_159","PreservedSpecimen","Evento",NA,"BA","SPECIES","Herbario","Johnston, I.M.","BA1221",NA,"E","BA2025",1,"Tillandsia landbeckii",NA,NA,"1925-11-17","epi_taxo: acceptedName(match1); authorship_epig(match1); genus_from_scientificName; family_WFO; order_majorGroup_WCVP [2026-03-12] | CoordinateCleaner QA applied without sea test (validity, equal, zeros, capitals, centroids, gbif, institutions) [2026-03-29]","standardized author names and accents corrected in recordedBy","Johnston, Ivan M.","-"
"160","BA2025_160","PreservedSpecimen","Evento",NA,"BA","SPECIES","Herbario","Schreiter","BA27/2353","Castellanos, A.","E","BA2025",1,"Tillandsia capillaris",NA,NA,"1921-10-30","epi_taxo: acceptedName(match1); authorship_epig(match1); genus_from_scientificName; family_WFO; order_majorGroup_WCVP [2026-03-12] | CoordinateCleaner QA applied without sea test (validity, equal, zeros, capitals, centroids, gbif, institutions) [2026-03-29]","","Schreiter","Castellanos, A."
"161","BA2025_161","PreservedSpecimen","Evento",NA,"BA","SPECIES","Herbario","Castellanos, A.","BA45959",NA,"E","BA2025",1,"Tillandsia capillaris",NA,NA,"1920-01-20","epi_taxo: acceptedName(match1); authorship_epig(match1); genus_from_scientificName; family_WFO; order_majorGroup_WCVP [2026-03-12] | CoordinateCleaner QA applied without sea test (validity, equal, zeros, capitals, centroids, gbif, institutions) [2026-03-29]","","Castellanos, A.","-"
"162","BA2025_162","PreservedSpecimen","Evento",NA,"BA","SPECIES","Herbario","Suarez, M.E.","BA 93167","Suarez, M.E.","E","BA2025",1,"Tillandsia loliacea",-23.474804,-62.888378,"2007-08-07","change1: Filled coordinateUncertaintyInMeters from decimal-place precision (conservative). | epi_taxo: acceptedName(match1); authorship_epig(match1); genus_from_scientificName; family_WFO; order_majorGroup_WCVP [2026-03-12] | CoordinateCleaner QA applied without sea test (validity, equal, zeros, capitals, centroids, gbif, institutions) [2026-03-29]","","Suarez, M.E.","Suarez, M.E."
"163","BA2025_163","PreservedSpecimen","Evento",NA,"BA","SPECIES","Herbario","Schreiter","BA26/1234",NA,"E","BA2025",1,"Tillandsia lorentziana",NA,NA,"1925-11-30","epi_taxo: acceptedName(match1); authorship_epig(match1); genus_from_scientificName; family_WFO; order_majorGroup_WCVP [2026-03-12] | CoordinateCleaner QA applied without sea test (validity, equal, zeros, capitals, centroids, gbif, institutions) [2026-03-29]","","Schreiter","-"
"164","BA2025_164","PreservedSpecimen","Evento",NA,"BA","SPECIES","Herbario","Schreiter","BA27/2342","Castellanos, A.","E","BA2025",1,"Tillandsia lorentziana",NA,NA,"6880-01-01","epi_taxo: acceptedName(match1); authorship_epig(match1); genus_from_scientificName; family_WFO; order_majorGroup_WCVP [2026-03-12] | CoordinateCleaner QA applied without sea test (validity, equal, zeros, capitals, centroids, gbif, institutions) [2026-03-29]","","Schreiter","Castellanos, A."
"165","BA2025_165","PreservedSpecimen","Evento",NA,"BA","SPECIES","Herbario","Schreiter","BA29779",NA,"E","BA2025",1,"Tillandsia lorentziana",NA,NA,"6788-01-01","epi_taxo: acceptedName(match1); authorship_epig(match1); genus_from_scientificName; family_WFO; order_majorGroup_WCVP [2026-03-12] | CoordinateCleaner QA applied without sea test (validity, equal, zeros, capitals, centroids, gbif, institutions) [2026-03-29]","","Schreiter","-"
"166","BA2025_166","PreservedSpecimen","Evento",NA,"BA","SPECIES","Herbario","Miguel, L.","BA29780",NA,"E","BA2025",1,"Tillandsia lorentziana",NA,NA,"7337-01-01","epi_taxo: acceptedName(match1); authorship_epig(match1); genus_from_scientificName; family_WFO; order_majorGroup_WCVP [2026-03-12] | CoordinateCleaner QA applied without sea test (validity, equal, zeros, capitals, centroids, gbif, institutions) [2026-03-29]","standardized author names and accents corrected in recordedBy","Lillo, Miguel","-"
"167","BA2025_167","PreservedSpecimen","Evento",NA,"BA","SPECIES","Herbario","Venturi, S.","BA1219","Castellanos, A.","E","BA2025",1,"Tillandsia lorentziana",NA,NA,"1920-12-29","epi_taxo: acceptedName(match1); authorship_epig(match1); genus_from_scientificName; family_WFO; order_majorGroup_WCVP [2026-03-12] | CoordinateCleaner QA applied without sea test (validity, equal, zeros, capitals, centroids, gbif, institutions) [2026-03-29]","","Venturi, S.","Castellanos, A."
"168","BA2025_168","PreservedSpecimen","Evento",NA,"BA","SPECIES","Herbario","Steinbach, J.","BA16651","Castellanos, A.","E","BA2025",1,"Tillandsia lorentziana",NA,NA,"1921-12-21","epi_taxo: acceptedName(match1); authorship_epig(match1); genus_from_scientificName; family_WFO; order_majorGroup_WCVP [2026-03-12] | CoordinateCleaner QA applied without sea test (validity, equal, zeros, capitals, centroids, gbif, institutions) [2026-03-29]","standardized author names and accents corrected in recordedBy","Steinbach, José","Castellanos, A."
"169","BA2025_169","PreservedSpecimen","Evento",NA,"BA","SPECIES","Herbario","Leite, J.E.","BA48850","Smith, L.B.","E","BA2025",1,"Tillandsia mallemontii",NA,NA,"1941-12-01","epi_taxo: acceptedName(match1); authorship_epig(match1); genus_from_scientificName; family_WFO; order_majorGroup_WCVP [2026-03-12] | CoordinateCleaner QA applied without sea test (validity, equal, zeros, capitals, centroids, gbif, institutions) [2026-03-29]","","Leite, J.E.","Smith, L.B."
"170","BA2025_170","PreservedSpecimen","Evento",NA,"BA","SPECIES","Herbario","Lorentz, P.G.  |  Hieronymus, G.","BA1160","Hauman, L.","E","BA2025",1,"Aechmea serrata",NA,NA,"","epi_taxo: acceptedName(match1); authorship_epig(match1); genus_from_scientificName; family_WFO; order_majorGroup_WCVP [2026-03-12] | CoordinateCleaner QA applied without sea test (validity, equal, zeros, capitals, centroids, gbif, institutions) [2026-03-29]","standardized author names and accents corrected in recordedBy","Lorentz, P.G. & Hieronymus, G.","Hauman, L."
"171","BA2025_171","PreservedSpecimen","Evento",NA,"BA","SPECIES","Herbario","Venturi, S.","BA25/1601","Subils, R.","E","BA2025",1,"Tillandsia myosura",NA,NA,"8926-01-01","epi_taxo: acceptedName(match1); authorship_epig(match1); genus_from_scientificName; family_WFO; order_majorGroup_WCVP [2026-03-12] | CoordinateCleaner QA applied without sea test (validity, equal, zeros, capitals, centroids, gbif, institutions) [2026-03-29]","standardized author names and accents corrected in identifiedBy","Venturi, S.","Subils, Rosa"
"172","BA2025_172","PreservedSpecimen","Evento",NA,"BA","SPECIES","Herbario","Venturi, S.","BA1224","Castellanos, A.","E","BA2025",1,"Tillandsia myosura",NA,NA,"1920-11-22","epi_taxo: acceptedName(match1); authorship_epig(match1); genus_from_scientificName; family_WFO; order_majorGroup_WCVP [2026-03-12] | CoordinateCleaner QA applied without sea test (validity, equal, zeros, capitals, centroids, gbif, institutions) [2026-03-29]","standardized author names and accents corrected in identifiedBy","Venturi, S.","Castellanos, Alberto"
"173","BA2025_173","PreservedSpecimen","Evento",NA,"BA","SPECIES","Herbario","Schreiter","BA27/2336","Castellanos, A.","E","BA2025",1,"Tillandsia myosura",NA,NA,"7923-01-01","epi_taxo: acceptedName(match1); authorship_epig(match1); genus_from_scientificName; family_WFO; order_majorGroup_WCVP [2026-03-12] | CoordinateCleaner QA applied without sea test (validity, equal, zeros, capitals, centroids, gbif, institutions) [2026-03-29]","standardized author names and accents corrected in identifiedBy","Schreiter","Castellanos, Alberto"
"174","BA2025_174","PreservedSpecimen","Evento",NA,"BA","SPECIES","Herbario","Schreiter","BA74963",NA,"E","BA2025",1,"Tillandsia myosura",NA,NA,"8280-01-01","epi_taxo: acceptedName(match1); authorship_epig(match1); genus_from_scientificName; family_WFO; order_majorGroup_WCVP [2026-03-12] | CoordinateCleaner QA applied without sea test (validity, equal, zeros, capitals, centroids, gbif, institutions) [2026-03-29]","","Schreiter","-"
"175","BA2025_175","PreservedSpecimen","Evento",NA,"BA","SPECIES","Herbario","Schreiter","BA29755","Castellanos, A.","E","BA2025",1,"Tillandsia myosura",NA,NA,"7122-01-01","epi_taxo: acceptedName(match1); authorship_epig(match1); genus_from_scientificName; family_WFO; order_majorGroup_WCVP [2026-03-12] | CoordinateCleaner QA applied without sea test (validity, equal, zeros, capitals, centroids, gbif, institutions) [2026-03-29]","standardized author names and accents corrected in identifiedBy","Schreiter","Castellanos, Alberto"
"176","BA2025_176","PreservedSpecimen","Evento",NA,"BA","SPECIES","Herbario","Schreiter","BA92229",NA,"E","BA2025",1,"Tillandsia myosura",NA,NA,"1930-09-14","epi_taxo: acceptedName(match1); authorship_epig(match1); genus_from_scientificName; family_WFO; order_majorGroup_WCVP [2026-03-12] | CoordinateCleaner QA applied without sea test (validity, equal, zeros, capitals, centroids, gbif, institutions) [2026-03-29]","","Schreiter","-"
"177","BA2025_177","PreservedSpecimen","Evento",NA,"BA","SPECIES","Herbario","Venturi, S.","BA1223","Castellanos, A.","E","BA2025",1,"Tillandsia myosura",NA,NA,"1921-10-22","epi_taxo: acceptedName(match1); authorship_epig(match1); genus_from_scientificName; family_WFO; order_majorGroup_WCVP [2026-03-12] | CoordinateCleaner QA applied without sea test (validity, equal, zeros, capitals, centroids, gbif, institutions) [2026-03-29]","standardized author names and accents corrected in identifiedBy","Venturi, S.","Castellanos, Alberto"
"178","BA2025_178","PreservedSpecimen","Evento",NA,"BA","SPECIES","Herbario","Hauman, L.","BA1168","Hauman, L.","E","BA2025",1,"Tillandsia myosura",NA,NA,"4415-01-01","epi_taxo: acceptedName(match1); authorship_epig(match1); genus_from_scientificName; family_WFO; order_majorGroup_WCVP [2026-03-12] | CoordinateCleaner QA applied without sea test (validity, equal, zeros, capitals, centroids, gbif, institutions) [2026-03-29]","standardized author names and accents corrected in recordedBy / standardized author names and accents corrected in identifiedBy","Hauman, Lucien","Hauman, Lucien"
"179","BA2025_179","PreservedSpecimen","Evento",NA,"BA","SPECIES","Herbario","Rojas, T.","BA65616",NA,"E","BA2025",3,"Tillandsia virescens",NA,NA,"6423-01-01","epi_taxo: acceptedName(match1); authorship_epig(match1); genus_from_scientificName; family_WFO; order_majorGroup_WCVP [2026-03-12] | CoordinateCleaner QA applied without sea test (validity, equal, zeros, capitals, centroids, gbif, institutions) [2026-03-29]","","Rojas, T.","-"
"180","BA2025_180","PreservedSpecimen","Evento",NA,"BA","SPECIES","Herbario","Schreiter","BA29821",NA,"E","BA2025",3,"Tillandsia virescens",NA,NA,"1917-06-30","epi_taxo: acceptedName(match1); authorship_epig(match1); genus_from_scientificName; family_WFO; order_majorGroup_WCVP [2026-03-12] | CoordinateCleaner QA applied without sea test (validity, equal, zeros, capitals, centroids, gbif, institutions) [2026-03-29]","","Schreiter","-"
"181","BA2025_181","PreservedSpecimen","Evento",NA,"BA","SPECIES","Herbario","Venturi, S.","BA1212","Castellanos, A.","E","BA2025",3,"Tillandsia virescens",NA,NA,"1922-09-22","epi_taxo: acceptedName(match1); authorship_epig(match1); genus_from_scientificName; family_WFO; order_majorGroup_WCVP [2026-03-12] | CoordinateCleaner QA applied without sea test (validity, equal, zeros, capitals, centroids, gbif, institutions) [2026-03-29]","standardized author names and accents corrected in identifiedBy","Venturi, S.","Castellanos, Alberto"
"182","BA2025_182","PreservedSpecimen","Evento",NA,"BA","SPECIES","Herbario","Cabrera, A.L.","BA17897","Castellanos, A.","E","BA2025",3,"Tillandsia virescens",NA,NA,"1936-08-23","epi_taxo: acceptedName(match1); authorship_epig(match1); genus_from_scientificName; family_WFO; order_majorGroup_WCVP [2026-03-12] | CoordinateCleaner QA applied without sea test (validity, equal, zeros, capitals, centroids, gbif, institutions) [2026-03-29]","standardized author names and accents corrected in recordedBy / standardized author names and accents corrected in identifiedBy","Cabrera, Ángel L.","Castellanos, Alberto"
"183","BA2025_183","PreservedSpecimen","Evento",NA,"BA","SPECIES","Herbario","Schreiter","BA27/2338","Hassler, E.","E","BA2025",3,"Tillandsia virescens",NA,NA,"1918-08-31","epi_taxo: acceptedName(match1); authorship_epig(match1); genus_from_scientificName; family_WFO; order_majorGroup_WCVP [2026-03-12] | CoordinateCleaner QA applied without sea test (validity, equal, zeros, capitals, centroids, gbif, institutions) [2026-03-29]","","Schreiter","Hassler, E."
"184","BA2025_184","PreservedSpecimen","Evento",NA,"BA","SPECIES","Herbario","Rojas, T.","BA21804","Castellanos, A.","E","BA2025",3,"Tillandsia virescens",NA,NA,"1933-10-01","epi_taxo: acceptedName(match1); authorship_epig(match1); genus_from_scientificName; family_WFO; order_majorGroup_WCVP [2026-03-12] | CoordinateCleaner QA applied without sea test (validity, equal, zeros, capitals, centroids, gbif, institutions) [2026-03-29]","standardized author names and accents corrected in identifiedBy","Rojas, T.","Castellanos, Alberto"
"185","BA2025_185","PreservedSpecimen","Evento",NA,"BA","SPECIES","Herbario","Castellanos, A.","BA30/407","Castellanos, A.","E","BA2025",1,"Tillandsia virescens",NA,NA,"1930-09-02","epi_taxo: acceptedName(match1); authorship_epig(match1); genus_from_scientificName; family_WFO; order_majorGroup_WCVP [2026-03-12] | CoordinateCleaner QA applied without sea test (validity, equal, zeros, capitals, centroids, gbif, institutions) [2026-03-29]","standardized author names and accents corrected in recordedBy / standardized author names and accents corrected in identifiedBy","Castellanos, Alberto","Castellanos, Alberto"
"186","BA2025_186","PreservedSpecimen","Evento",NA,"BA","SPECIES","Herbario","Burkart, A. | Troncoso, N.S.","BA34840","Castellanos, A.","E","BA2025",1,"Tillandsia virescens",-23.209036,-65.351906,"1940-02-29","change1: Filled coordinateUncertaintyInMeters from decimal-place precision (conservative). | epi_taxo: acceptedName(match1); authorship_epig(match1); genus_from_scientificName; family_WFO; order_majorGroup_WCVP [2026-03-12] | CoordinateCleaner QA applied without sea test (validity, equal, zeros, capitals, centroids, gbif, institutions) [2026-03-29]","standardized author names and accents corrected in recordedBy / standardized author names and accents corrected in identifiedBy","Burkart, Arturo & Troncoso, Nélida S.","Castellanos, Alberto"
"187","BA2025_187","PreservedSpecimen","Evento",NA,"BA","SPECIES","Herbario","Curtiss, A.H.","BA 9335",NA,"E","BA2025",1,"Tillandsia recurvata",NA,NA,"","epi_taxo: acceptedName(match1); authorship_epig(match1); genus_from_scientificName; family_WFO; order_majorGroup_WCVP [2026-03-12] | CoordinateCleaner QA applied without sea test (validity, equal, zeros, capitals, centroids, gbif, institutions) [2026-03-29]","","Curtiss, A.H.","-"
"188","BA2025_188","PreservedSpecimen","Evento",NA,"BA","SPECIES","Herbario","Curtiss, A.H.","BA9335",NA,"E","BA2025",1,"Tillandsia recurvata",NA,NA,"","epi_taxo: acceptedName(match1); authorship_epig(match1); genus_from_scientificName; family_WFO; order_majorGroup_WCVP [2026-03-12] | CoordinateCleaner QA applied without sea test (validity, equal, zeros, capitals, centroids, gbif, institutions) [2026-03-29]","","Curtiss, A.H.","-"
"189","BA2025_189","PreservedSpecimen","Evento",NA,"BA","SPECIES","Herbario","Jack, J.G.","BA30/2212","Smith, L.B.","E","BA2025",1,"Tillandsia recurvata",NA,NA,"1927-10-08","epi_taxo: acceptedName(match1); authorship_epig(match1); genus_from_scientificName; family_WFO; order_majorGroup_WCVP [2026-03-12] | CoordinateCleaner QA applied without sea test (validity, equal, zeros, capitals, centroids, gbif, institutions) [2026-03-29]","","Jack, J.G.","Smith, L.B."
"190","BA2025_190","PreservedSpecimen","Evento",NA,"BA","SPECIES","Herbario","Schreiter","BA29749",NA,"E","BA2025",1,"Tillandsia recurvata",NA,NA,"6941-01-01","epi_taxo: acceptedName(match1); authorship_epig(match1); genus_from_scientificName; family_WFO; order_majorGroup_WCVP [2026-03-12] | CoordinateCleaner QA applied without sea test (validity, equal, zeros, capitals, centroids, gbif, institutions) [2026-03-29]","","Schreiter","-"
"191","BA2025_191","PreservedSpecimen","Evento",NA,"BA","SPECIES","Herbario","Venturi, S.","BA24/85","Castellanos, A.","E","BA2025",1,"Tillandsia recurvata",NA,NA,"8919-01-01","epi_taxo: acceptedName(match1); authorship_epig(match1); genus_from_scientificName; family_WFO; order_majorGroup_WCVP [2026-03-12] | CoordinateCleaner QA applied without sea test (validity, equal, zeros, capitals, centroids, gbif, institutions) [2026-03-29]","standardized author names and accents corrected in identifiedBy","Venturi, S.","Castellanos, Alberto"
"192","BA2025_192","PreservedSpecimen","Evento",NA,"BA","SPECIES","Herbario","Schreiter","BA27/2363","Castellanos, A.","E","BA2025",1,"Tillandsia recurvata",NA,NA,"6941-01-01","epi_taxo: acceptedName(match1); authorship_epig(match1); genus_from_scientificName; family_WFO; order_majorGroup_WCVP [2026-03-12] | CoordinateCleaner QA applied without sea test (validity, equal, zeros, capitals, centroids, gbif, institutions) [2026-03-29]","standardized author names and accents corrected in identifiedBy","Schreiter","Castellanos, Alberto"
"193","BA2025_193","PreservedSpecimen","Evento",NA,"BA","SPECIES","Herbario","Diaz, R.","BA5399","Castellanos, A.","E","BA2025",1,"Tillandsia recurvata",NA,NA,"1932-01-01","epi_taxo: acceptedName(match1); authorship_epig(match1); genus_from_scientificName; family_WFO; order_majorGroup_WCVP [2026-03-12] | CoordinateCleaner QA applied without sea test (validity, equal, zeros, capitals, centroids, gbif, institutions) [2026-03-29]","standardized author names and accents corrected in recordedBy / standardized author names and accents corrected in identifiedBy","Díaz, R.","Castellanos, Alberto"
"194","BA2025_194","PreservedSpecimen","Evento",NA,"BA","SPECIES","Herbario","Venturi, S.","BA1584",NA,"E","BA2025",1,"Tillandsia recurvata",NA,NA,"6941-01-01","epi_taxo: acceptedName(match1); authorship_epig(match1); genus_from_scientificName; family_WFO; order_majorGroup_WCVP [2026-03-12] | CoordinateCleaner QA applied without sea test (validity, equal, zeros, capitals, centroids, gbif, institutions) [2026-03-29]","","Venturi, S.","-"
"195","BA2025_195","PreservedSpecimen","Evento",NA,"BA","SPECIES","Herbario","Molfino, J.F.","BA1230","Castellanos, A.","E","BA2025",1,"Tillandsia recurvata",NA,NA,"7397-01-01","epi_taxo: acceptedName(match1); authorship_epig(match1); genus_from_scientificName; family_WFO; order_majorGroup_WCVP [2026-03-12] | CoordinateCleaner QA applied without sea test (validity, equal, zeros, capitals, centroids, gbif, institutions) [2026-03-29]","standardized author names and accents corrected in identifiedBy","Molfino, J.F.","Castellanos, Alberto"
"196","BA2025_196","PreservedSpecimen","Evento",NA,"BA","SPECIES","Herbario","Guerrero, E.L.","BA94030",NA,"E","BA2025",1,"Tillandsia recurvata",NA,NA,"2013-08-08","epi_taxo: acceptedName(match1); authorship_epig(match1); genus_from_scientificName; family_WFO; order_majorGroup_WCVP [2026-03-12] | CoordinateCleaner QA applied without sea test (validity, equal, zeros, capitals, centroids, gbif, institutions) [2026-03-29]","","Guerrero, E.L.","-"
"197","BA2025_197","PreservedSpecimen","Evento",NA,"BA","SPECIES","Herbario","Steinbach, J.","BA28/1299",NA,"E","BA2025",1,"Tillandsia recurvata",NA,NA,"9833-01-01","epi_taxo: acceptedName(match1); authorship_epig(match1); genus_from_scientificName; family_WFO; order_majorGroup_WCVP [2026-03-12] | CoordinateCleaner QA applied without sea test (validity, equal, zeros, capitals, centroids, gbif, institutions) [2026-03-29]","standardized author names and accents corrected in recordedBy","Steinbach, José","-"
"198","BA2025_198","PreservedSpecimen","Evento",NA,"BA","SPECIES","Herbario","Legrand, C.D.","BA21802",NA,"E","BA2025",1,"Tillandsia recurvata",NA,NA,"1937-03-10","epi_taxo: acceptedName(match1); authorship_epig(match1); genus_from_scientificName; family_WFO; order_majorGroup_WCVP [2026-03-12] | CoordinateCleaner QA applied without sea test (validity, equal, zeros, capitals, centroids, gbif, institutions) [2026-03-29]","standardized author names and accents corrected in recordedBy","Legrand, C. Diego","-"
"199","BA2025_199","PreservedSpecimen","Evento",NA,"BA","SPECIES","Herbario","Schreiter","BA27/2361","Castellanos, A.","E","BA2025",1,"Tillandsia retorta",NA,NA,"7550-01-01","epi_taxo: acceptedName(match1); authorship_epig(match1); genus_from_scientificName; family_WFO; order_majorGroup_WCVP [2026-03-12] | CoordinateCleaner QA applied without sea test (validity, equal, zeros, capitals, centroids, gbif, institutions) [2026-03-29]","standardized author names and accents corrected in identifiedBy","Schreiter","Castellanos, Alberto"
"200","BA2025_200","PreservedSpecimen","Evento",NA,"BA","SPECIES","Herbario","Venturi, S.","BA25/1600",NA,"E","BA2025",1,"Tillandsia retorta",NA,NA,"1924-09-26","epi_taxo: acceptedName(match1); authorship_epig(match1); genus_from_scientificName; family_WFO; order_majorGroup_WCVP [2026-03-12] | CoordinateCleaner QA applied without sea test (validity, equal, zeros, capitals, centroids, gbif, institutions) [2026-03-29]","","Venturi, S.","-"
"201","BA2025_201","PreservedSpecimen","Evento",NA,"BA","SPECIES","Herbario","Venturi, S.","BA1225","Castellanos, A.","E","BA2025",1,"Tillandsia retorta",NA,NA,"7650-01-01","epi_taxo: acceptedName(match1); authorship_epig(match1); genus_from_scientificName; family_WFO; order_majorGroup_WCVP [2026-03-12] | CoordinateCleaner QA applied without sea test (validity, equal, zeros, capitals, centroids, gbif, institutions) [2026-03-29]","standardized author names and accents corrected in identifiedBy","Venturi, S.","Castellanos, Alberto"
"202","BA2025_202","PreservedSpecimen","Evento",NA,"BA","SPECIES","Herbario","Perrone, V.R.","BA69676",NA,"E","BA2025",1,"Tillandsia retorta",NA,NA,"1977-07-25","epi_taxo: acceptedName(match1); authorship_epig(match1); genus_from_scientificName; family_WFO; order_majorGroup_WCVP [2026-03-12] | CoordinateCleaner QA applied without sea test (validity, equal, zeros, capitals, centroids, gbif, institutions) [2026-03-29]","standardized author names and accents corrected in recordedBy","Perrone, Vicente R.","-"
"203","BA2025_203","PreservedSpecimen","Evento",NA,"BA","SPECIES","Herbario","Castellano","BA10330",NA,"E","BA2025",1,"Tillandsia retorta",-32.032011,-65.025671,"1927-11-30","change1: Filled coordinateUncertaintyInMeters from decimal-place precision (conservative). | epi_taxo: acceptedName(match1); authorship_epig(match1); genus_from_scientificName; family_WFO; order_majorGroup_WCVP [2026-03-12] | CoordinateCleaner QA applied without sea test (validity, equal, zeros, capitals, centroids, gbif, institutions) [2026-03-29]","","Castellano","-"
"204","BA2025_204","PreservedSpecimen","Evento",NA,"BA","SPECIES","Herbario","Vitek, E.","BA73353","Till, W.","E","BA2025",1,"Tillandsia schiedeana",NA,NA,"1983-07-20","epi_taxo: acceptedName(match1); authorship_epig(match1); genus_from_scientificName; family_WFO; order_majorGroup_WCVP [2026-03-12] | CoordinateCleaner QA applied without sea test (validity, equal, zeros, capitals, centroids, gbif, institutions) [2026-03-29]","standardized author names and accents corrected in recordedBy / standardized author names and accents corrected in identifiedBy","Vitek, Ernst","Till, Walter"
"205","BA2025_205","PreservedSpecimen","Evento",NA,"BA","SPECIES","Herbario","Schreiter","BA 27/2341","Castellanos, A.","E","BA2025",3,"Racinaea hasei",NA,NA,"7641-01-01","epi_taxo: acceptedName(match1); authorship_epig(match1); genus_from_scientificName; family_WFO; order_majorGroup_WCVP [2026-03-12] | CoordinateCleaner QA applied without sea test (validity, equal, zeros, capitals, centroids, gbif, institutions) [2026-03-29]","","Schreiter","Castellanos, A."
"206","BA2025_206","PreservedSpecimen","Evento",NA,"BA","SPECIES","Herbario","Schreiter","BA 29776","Castellanos, A.","E","BA2025",3,"Racinaea hasei",NA,NA,"1924-09-30","epi_taxo: acceptedName(match1); authorship_epig(match1); genus_from_scientificName; family_WFO; order_majorGroup_WCVP [2026-03-12] | CoordinateCleaner QA applied without sea test (validity, equal, zeros, capitals, centroids, gbif, institutions) [2026-03-29]","","Schreiter","Castellanos, A."
"207","BA2025_207","PreservedSpecimen","Evento",NA,"BA","SPECIES","Herbario","Schreiter","BA29775",NA,"E","BA2025",3,"Racinaea hasei",NA,NA,"1919-02-25","epi_taxo: acceptedName(match1); authorship_epig(match1); genus_from_scientificName; family_WFO; order_majorGroup_WCVP [2026-03-12] | CoordinateCleaner QA applied without sea test (validity, equal, zeros, capitals, centroids, gbif, institutions) [2026-03-29]","","Schreiter","-"
"208","BA2025_208","PreservedSpecimen","Evento",NA,"BA","GENUS","Herbario","Schreiter","BA 65619",NA,"E","BA2025",NA,"",NA,NA,"1920-11-26","epi_taxo: acceptedName(match1); authorship_epig(match1); genus_from_scientificName; family_WFO; order_majorGroup_WCVP [2026-03-12] | CoordinateCleaner QA applied without sea test (validity, equal, zeros, capitals, centroids, gbif, institutions) [2026-03-29]","","Schreiter","-"
"209","BA2025_209","PreservedSpecimen","Evento",NA,"BA","GENUS","Herbario","Fiebrig, C.","BA 65618",NA,"E","BA2025",NA,"",NA,NA,"","epi_taxo: acceptedName(match1); authorship_epig(match1); genus_from_scientificName; family_WFO; order_majorGroup_WCVP [2026-03-12] | CoordinateCleaner QA applied without sea test (validity, equal, zeros, capitals, centroids, gbif, institutions) [2026-03-29]","","Fiebrig, C.","-"
"210","BA2025_210","PreservedSpecimen","Evento",NA,"BA","GENUS","Herbario","Partridge, W.H.","BA 58425",NA,"E","BA2025",NA,"",NA,NA,"1947-09-22","epi_taxo: acceptedName(match1); authorship_epig(match1); genus_from_scientificName; family_WFO; order_majorGroup_WCVP [2026-03-12] | CoordinateCleaner QA applied without sea test (validity, equal, zeros, capitals, centroids, gbif, institutions) [2026-03-29]","","Partridge, W.H.","-"
"211","BA2025_211","PreservedSpecimen","Evento",NA,"BA","GENUS","Herbario","Partridge, W.H.","BA 58426",NA,"E","BA2025",NA,"",NA,NA,"1947-09-24","epi_taxo: acceptedName(match1); authorship_epig(match1); genus_from_scientificName; family_WFO; order_majorGroup_WCVP [2026-03-12] | CoordinateCleaner QA applied without sea test (validity, equal, zeros, capitals, centroids, gbif, institutions) [2026-03-29]","","Partridge, W.H.","-"
"212","BA2025_212","PreservedSpecimen","Evento",NA,"BA","GENUS","Herbario","Schreiter","BA 29784",NA,"E","BA2025",NA,"",NA,NA,"6819-01-01","epi_taxo: acceptedName(match1); authorship_epig(match1); genus_from_scientificName; family_WFO; order_majorGroup_WCVP [2026-03-12] | CoordinateCleaner QA applied without sea test (validity, equal, zeros, capitals, centroids, gbif, institutions) [2026-03-29]","","Schreiter","-"
"213","BA2025_213","PreservedSpecimen","Evento",NA,"BA","GENUS","Herbario","Partridge, W.H.","BA58425",NA,"E","BA2025",NA,"",NA,NA,"1947-09-22","epi_taxo: acceptedName(match1); authorship_epig(match1); genus_from_scientificName; family_WFO; order_majorGroup_WCVP [2026-03-12] | CoordinateCleaner QA applied without sea test (validity, equal, zeros, capitals, centroids, gbif, institutions) [2026-03-29]","","Partridge, W.H.","-"
"214","BA2025_214","PreservedSpecimen","Evento",NA,"BA","GENUS","Herbario","Schreiter","BA65619",NA,"E","BA2025",NA,"",NA,NA,"1920-11-26","epi_taxo: acceptedName(match1); authorship_epig(match1); genus_from_scientificName; family_WFO; order_majorGroup_WCVP [2026-03-12] | CoordinateCleaner QA applied without sea test (validity, equal, zeros, capitals, centroids, gbif, institutions) [2026-03-29]","","Schreiter","-"
"215","BA2025_215","PreservedSpecimen","Evento",NA,"BA","GENUS","Herbario","Schreiter","BA29794",NA,"E","BA2025",NA,"",NA,NA,"7184-01-01","epi_taxo: acceptedName(match1); authorship_epig(match1); genus_from_scientificName; family_WFO; order_majorGroup_WCVP [2026-03-12] | CoordinateCleaner QA applied without sea test (validity, equal, zeros, capitals, centroids, gbif, institutions) [2026-03-29]","","Schreiter","-"
"216","BA2025_216","PreservedSpecimen","Evento",NA,"BA","GENUS","Herbario","Schreiter","BA29795",NA,"E","BA2025",NA,"",NA,NA,"6676-01-01","epi_taxo: acceptedName(match1); authorship_epig(match1); genus_from_scientificName; family_WFO; order_majorGroup_WCVP [2026-03-12] | CoordinateCleaner QA applied without sea test (validity, equal, zeros, capitals, centroids, gbif, institutions) [2026-03-29]","","Schreiter","-"
"217","BA2025_217","PreservedSpecimen","Evento",NA,"BA","GENUS","Herbario","Arriaga, M.O. et al.","BA75945",NA,"E","BA2025",NA,"",NA,NA,"1989-01-23","change1: Corrected taxonRank (SPECIES→GENUS); scientificName simplified (Genus sp./spp. → Genus). | epi_taxo: acceptedName(match1); authorship_epig(match1); genus_from_scientificName; family_WFO; order_majorGroup_WCVP [2026-03-12] | CoordinateCleaner QA applied without sea test (validity, equal, zeros, capitals, centroids, gbif, institutions) [2026-03-29]","standardized author names and accents corrected in recordedBy","Arriaga, M.O. & et al.","-"
"218","BA2025_218","PreservedSpecimen","Evento",NA,"BA","GENUS","Herbario","Bodenbender, W.","BA65757",NA,"E","BA2025",NA,"",-31.471267,-64.849603,"1905-03-15","change1: Corrected taxonRank (SPECIES→GENUS); scientificName simplified (Genus sp./spp. → Genus). | change2: Filled coordinateUncertaintyInMeters from decimal-place precision (conservative). | epi_taxo: acceptedName(match1); authorship_epig(match1); genus_from_scientificName; family_WFO; order_majorGroup_WCVP [2026-03-12] | CoordinateCleaner QA applied without sea test (validity, equal, zeros, capitals, centroids, gbif, institutions) [2026-03-29]","standardized author names and accents corrected in recordedBy","Bodenbender, Wilhelm","-"
"219","BA2025_219","PreservedSpecimen","Evento",NA,"BA","SPECIES","Herbario","Suarez, M.E.","BA91859","Suarez, M.E.","E","BA2025",1,"Tillandsia streptocarpa",-23.474804,-62.888378,"2005-10-12","change1: Filled coordinateUncertaintyInMeters from decimal-place precision (conservative). | epi_taxo: acceptedName(match1); authorship_epig(match1); genus_from_scientificName; family_WFO; order_majorGroup_WCVP [2026-03-12] | CoordinateCleaner QA applied without sea test (validity, equal, zeros, capitals, centroids, gbif, institutions) [2026-03-29]","standardized author names and accents corrected in recordedBy / standardized author names and accents corrected in identifiedBy","Suárez, M.E.","Suárez, M.E."
"220","BA2025_220","PreservedSpecimen","Evento",NA,"BA","SPECIES","Herbario","Suarez, M.E.","BA91861","Suarez, M.E.","E","BA2025",1,"Tillandsia streptocarpa",-23.474804,-62.888378,"2005-11-20","change1: Filled coordinateUncertaintyInMeters from decimal-place precision (conservative). | epi_taxo: acceptedName(match1); authorship_epig(match1); genus_from_scientificName; family_WFO; order_majorGroup_WCVP [2026-03-12] | CoordinateCleaner QA applied without sea test (validity, equal, zeros, capitals, centroids, gbif, institutions) [2026-03-29]","standardized author names and accents corrected in recordedBy / standardized author names and accents corrected in identifiedBy","Suárez, M.E.","Suárez, M.E."
"221","BA2025_221","PreservedSpecimen","Evento",NA,"BA","SPECIES","Herbario","Suarez, M.E.","BA91860","Suarez, M.E.","E","BA2025",1,"Tillandsia streptocarpa",-23.474804,-62.888378,"2005-11-18","change1: Filled coordinateUncertaintyInMeters from decimal-place precision (conservative). | epi_taxo: acceptedName(match1); authorship_epig(match1); genus_from_scientificName; family_WFO; order_majorGroup_WCVP [2026-03-12] | CoordinateCleaner QA applied without sea test (validity, equal, zeros, capitals, centroids, gbif, institutions) [2026-03-29]","standardized author names and accents corrected in recordedBy / standardized author names and accents corrected in identifiedBy","Suárez, M.E.","Suárez, M.E."
"222","BA2025_222","PreservedSpecimen","Evento",NA,"BA","SPECIES","Herbario","Rojas, T.","BA37122",NA,"E","BA2025",1,"Tillandsia streptocarpa",NA,NA,"6331-01-01","epi_taxo: acceptedName(match1); authorship_epig(match1); genus_from_scientificName; family_WFO; order_majorGroup_WCVP [2026-03-12] | CoordinateCleaner QA applied without sea test (validity, equal, zeros, capitals, centroids, gbif, institutions) [2026-03-29]","","Rojas, T.","-"
"223","BA2025_223","PreservedSpecimen","Evento",NA,"BA","SPECIES","Herbario","Rojas, T.","BA37123",NA,"E","BA2025",1,"Tillandsia streptocarpa",NA,NA,"6180-01-01","epi_taxo: acceptedName(match1); authorship_epig(match1); genus_from_scientificName; family_WFO; order_majorGroup_WCVP [2026-03-12] | CoordinateCleaner QA applied without sea test (validity, equal, zeros, capitals, centroids, gbif, institutions) [2026-03-29]","","Rojas, T.","-"
"224","BA2025_224","PreservedSpecimen","Evento",NA,"BA","SPECIES","Herbario","Steinbach, J.","BA27/465",NA,"E","BA2025",1,"Tillandsia streptocarpa",NA,NA,"8929-01-01","epi_taxo: acceptedName(match1); authorship_epig(match1); genus_from_scientificName; family_WFO; order_majorGroup_WCVP [2026-03-12] | CoordinateCleaner QA applied without sea test (validity, equal, zeros, capitals, centroids, gbif, institutions) [2026-03-29]","standardized author names and accents corrected in recordedBy","Steinbach, José","-"
"225","BA2025_225","PreservedSpecimen","Evento",NA,"BA","SPECIES","Herbario","Steinbach, J.","BA8071","Smith, L.B.","E","BA2025",1,"Tillandsia streptocarpa",NA,NA,"1921-12-21","epi_taxo: acceptedName(match1); authorship_epig(match1); genus_from_scientificName; family_WFO; order_majorGroup_WCVP [2026-03-12] | CoordinateCleaner QA applied without sea test (validity, equal, zeros, capitals, centroids, gbif, institutions) [2026-03-29]","standardized author names and accents corrected in recordedBy","Steinbach, José","Smith, L.B."
"226","BA2025_226","PreservedSpecimen","Evento",NA,"BA","SPECIES","Herbario","Smith, L.B.","BA6309",NA,"E","BA2025",1,"Tillandsia stricta",NA,NA,"1929-02-03","epi_taxo: acceptedName(match1); authorship_epig(match1); genus_from_scientificName; family_WFO; order_majorGroup_WCVP [2026-03-12] | CoordinateCleaner QA applied without sea test (validity, equal, zeros, capitals, centroids, gbif, institutions) [2026-03-29]","","Smith, L.B.","-"
"227","BA2025_227","PreservedSpecimen","Evento",NA,"BA","SPECIES","Herbario","Barreto, M.","BA31371","Castellanos, A.","E","BA2025",1,"Tillandsia stricta",NA,NA,"1937-09-23","epi_taxo: acceptedName(match1); authorship_epig(match1); genus_from_scientificName; family_WFO; order_majorGroup_WCVP [2026-03-12] | CoordinateCleaner QA applied without sea test (validity, equal, zeros, capitals, centroids, gbif, institutions) [2026-03-29]","standardized author names and accents corrected in recordedBy / standardized author names and accents corrected in identifiedBy","Mello Barreto","Castellanos, Alberto"
"228","BA2025_228","PreservedSpecimen","Evento",NA,"BA","SPECIES","Herbario","Burkart, A. | Troncoso, N.S.","BA 34844","Castellanos, A.","E","BA2025",1,"Tillandsia spiralipetala",NA,NA,"1940-02-23","epi_taxo: acceptedName(match1); authorship_epig(match1); genus_from_scientificName; family_WFO; order_majorGroup_WCVP [2026-03-12] | CoordinateCleaner QA applied without sea test (validity, equal, zeros, capitals, centroids, gbif, institutions) [2026-03-29]","standardized author names and accents corrected in recordedBy / standardized author names and accents corrected in identifiedBy","Burkart, Arturo & Troncoso, Nélida S.","Castellanos, Alberto"
"229","BA2025_229","PreservedSpecimen","Evento",NA,"BA","SPECIES","Herbario","Burkart, A. | Troncoso, N.S.","BA34844","Castellanos, A.","E","BA2025",1,"Tillandsia spiralipetala",NA,NA,"1940-02-23","epi_taxo: acceptedName(match1); authorship_epig(match1); genus_from_scientificName; family_WFO; order_majorGroup_WCVP [2026-03-12] | CoordinateCleaner QA applied without sea test (validity, equal, zeros, capitals, centroids, gbif, institutions) [2026-03-29]","standardized author names and accents corrected in recordedBy / standardized author names and accents corrected in identifiedBy","Burkart, Arturo & Troncoso, Nélida S.","Castellanos, Alberto"
"230","BA2025_230","PreservedSpecimen","Evento",NA,"BA","SPECIES","Herbario","Osten, C.","BA29805",NA,"E","BA2025",1,"Tillandsia spiralipetala",NA,NA,"1915-08-25","epi_taxo: acceptedName(match1); authorship_epig(match1); genus_from_scientificName; family_WFO; order_majorGroup_WCVP [2026-03-12] | CoordinateCleaner QA applied without sea test (validity, equal, zeros, capitals, centroids, gbif, institutions) [2026-03-29]","standardized author names and accents corrected in recordedBy","Osten, Cornelius","-"
"231","BA2025_231","PreservedSpecimen","Evento",NA,"BA","SPECIES","Herbario","Schreiter","BA29808",NA,"E","BA2025",1,"Tillandsia spiralipetala",NA,NA,"6880-01-01","epi_taxo: acceptedName(match1); authorship_epig(match1); genus_from_scientificName; family_WFO; order_majorGroup_WCVP [2026-03-12] | CoordinateCleaner QA applied without sea test (validity, equal, zeros, capitals, centroids, gbif, institutions) [2026-03-29]","","Schreiter","-"
"232","BA2025_232","PreservedSpecimen","Evento",NA,"BA","SPECIES","Herbario","Schreiter","BA27/2355","Castellanos, A.","E","BA2025",1,"Tillandsia spiralipetala",NA,NA,"1921-12-27","epi_taxo: acceptedName(match1); authorship_epig(match1); genus_from_scientificName; family_WFO; order_majorGroup_WCVP [2026-03-12] | CoordinateCleaner QA applied without sea test (validity, equal, zeros, capitals, centroids, gbif, institutions) [2026-03-29]","standardized author names and accents corrected in identifiedBy","Schreiter","Castellanos, Alberto"
"233","BA2025_233","PreservedSpecimen","Evento",NA,"BA","SPECIES","Herbario","Rojas, T.","BA22690",NA,"E","BA2025",1,"Tillandsia spiralipetala",NA,NA,"1937-06-01","epi_taxo: acceptedName(match1); authorship_epig(match1); genus_from_scientificName; family_WFO; order_majorGroup_WCVP [2026-03-12] | CoordinateCleaner QA applied without sea test (validity, equal, zeros, capitals, centroids, gbif, institutions) [2026-03-29]","","Rojas, T.","-"
"234","BA2025_234","PreservedSpecimen","Evento",NA,"BA","SPECIES","Herbario","Miguel, L.","BA29809",NA,"E","BA2025",1,"Tillandsia spiralipetala",NA,NA,"1644-01-01","epi_taxo: acceptedName(match1); authorship_epig(match1); genus_from_scientificName; family_WFO; order_majorGroup_WCVP [2026-03-12] | CoordinateCleaner QA applied without sea test (validity, equal, zeros, capitals, centroids, gbif, institutions) [2026-03-29]","standardized author names and accents corrected in recordedBy","Lillo, Miguel","-"
"235","BA2025_235","PreservedSpecimen","Evento",NA,"BA","SPECIES","Herbario","Venturi, S.","BA1236","Castellanos, A.","E","BA2025",1,"Tillandsia spiralipetala",NA,NA,"7275-01-01","epi_taxo: acceptedName(match1); authorship_epig(match1); genus_from_scientificName; family_WFO; order_majorGroup_WCVP [2026-03-12] | CoordinateCleaner QA applied without sea test (validity, equal, zeros, capitals, centroids, gbif, institutions) [2026-03-29]","standardized author names and accents corrected in identifiedBy","Venturi, S.","Castellanos, Alberto"
"236","BA2025_236","PreservedSpecimen","Evento",NA,"BA","SPECIES","Herbario","Peirano, A.","BA13114","Castellanos, A.","E","BA2025",1,"Tillandsia reichenbachii",NA,NA,"1933-11-21","epi_taxo: acceptedName(match1); authorship_epig(match1); genus_from_scientificName; family_WFO; order_majorGroup_WCVP [2026-03-12] | CoordinateCleaner QA applied without sea test (validity, equal, zeros, capitals, centroids, gbif, institutions) [2026-03-29]","standardized author names and accents corrected in identifiedBy","Peirano, A.","Castellanos, Alberto"
"237","BA2025_237","PreservedSpecimen","Evento",NA,"BA","SPECIES","Herbario","Schreiter","BA29822","Castellanos, A.","E","BA2025",1,"Tillandsia reichenbachii",NA,NA,"7519-01-01","epi_taxo: acceptedName(match1); authorship_epig(match1); genus_from_scientificName; family_WFO; order_majorGroup_WCVP [2026-03-12] | CoordinateCleaner QA applied without sea test (validity, equal, zeros, capitals, centroids, gbif, institutions) [2026-03-29]","standardized author names and accents corrected in identifiedBy","Schreiter","Castellanos, Alberto"
"238","BA2025_238","PreservedSpecimen","Evento",NA,"BA","SPECIES","Herbario","Schreiter","BA29824","Castellanos, A.","E","BA2025",1,"Tillandsia reichenbachii",NA,NA,"6849-01-01","epi_taxo: acceptedName(match1); authorship_epig(match1); genus_from_scientificName; family_WFO; order_majorGroup_WCVP [2026-03-12] | CoordinateCleaner QA applied without sea test (validity, equal, zeros, capitals, centroids, gbif, institutions) [2026-03-29]","standardized author names and accents corrected in identifiedBy","Schreiter","Castellanos, Alberto"
"239","BA2025_239","PreservedSpecimen","Evento",NA,"BA","SPECIES","Herbario","Schreiter","BA27/2349","Smith","E","BA2025",1,"Tillandsia reichenbachii",NA,NA,"6910-01-01","epi_taxo: acceptedName(match1); authorship_epig(match1); genus_from_scientificName; family_WFO; order_majorGroup_WCVP [2026-03-12] | CoordinateCleaner QA applied without sea test (validity, equal, zeros, capitals, centroids, gbif, institutions) [2026-03-29]","","Schreiter","Smith"
"240","BA2025_240","PreservedSpecimen","Evento",NA,"BA","SPECIES","Herbario","Schreiter","BA26/1231","Smith","E","BA2025",1,"Tillandsia reichenbachii",NA,NA,"9263-01-01","epi_taxo: acceptedName(match1); authorship_epig(match1); genus_from_scientificName; family_WFO; order_majorGroup_WCVP [2026-03-12] | CoordinateCleaner QA applied without sea test (validity, equal, zeros, capitals, centroids, gbif, institutions) [2026-03-29]","","Schreiter","Smith"
"241","BA2025_241","PreservedSpecimen","Evento",NA,"BA","SPECIES","Herbario","Schreiter","BA27/2343","Castellanos, A.","E","BA2025",3,"Tillandsia juncea",NA,NA,"1920-09-29","epi_taxo: acceptedName(match1); authorship_epig(match1); genus_from_scientificName; family_WFO; order_majorGroup_WCVP [2026-03-12] | CoordinateCleaner QA applied without sea test (validity, equal, zeros, capitals, centroids, gbif, institutions) [2026-03-29]","standardized author names and accents corrected in identifiedBy","Schreiter","Castellanos, Alberto"
"242","BA2025_242","PreservedSpecimen","Evento",NA,"BA","SPECIES","Herbario","Schreiter","BA29771",NA,"E","BA2025",3,"Tillandsia juncea",NA,NA,"6819-01-01","epi_taxo: acceptedName(match1); authorship_epig(match1); genus_from_scientificName; family_WFO; order_majorGroup_WCVP [2026-03-12] | CoordinateCleaner QA applied without sea test (validity, equal, zeros, capitals, centroids, gbif, institutions) [2026-03-29]","","Schreiter","-"
"243","BA2025_243","PreservedSpecimen","Evento",NA,"BA","SPECIES","Herbario","Schreiter","BA27/2346",NA,"E","BA2025",1,"Tillandsia usneoides",NA,NA,"1919-09-29","epi_taxo: acceptedName(match1); authorship_epig(match1); genus_from_scientificName; family_WFO; order_majorGroup_WCVP [2026-03-12] | CoordinateCleaner QA applied without sea test (validity, equal, zeros, capitals, centroids, gbif, institutions) [2026-03-29]","","Schreiter","-"
"244","BA2025_244","PreservedSpecimen","Evento",NA,"BA","SPECIES","Herbario","Schreiter","BA29751",NA,"E","BA2025",1,"Tillandsia usneoides",NA,NA,"1919-09-29","epi_taxo: acceptedName(match1); authorship_epig(match1); genus_from_scientificName; family_WFO; order_majorGroup_WCVP [2026-03-12] | CoordinateCleaner QA applied without sea test (validity, equal, zeros, capitals, centroids, gbif, institutions) [2026-03-29]","","Schreiter","-"
"245","BA2025_245","PreservedSpecimen","Evento",NA,"BA","SPECIES","Herbario","Curtiss, A.H.","BA9339",NA,"E","BA2025",1,"Tillandsia usneoides",NA,NA,"","epi_taxo: acceptedName(match1); authorship_epig(match1); genus_from_scientificName; family_WFO; order_majorGroup_WCVP [2026-03-12] | CoordinateCleaner QA applied without sea test (validity, equal, zeros, capitals, centroids, gbif, institutions) [2026-03-29]","","Curtiss, A.H.","-"
"246","BA2025_246","PreservedSpecimen","Evento",NA,"BA","SPECIES","Herbario","Venturi, S.","BA1195",NA,"E","BA2025",1,"Tillandsia usneoides",NA,NA,"7427-01-01","epi_taxo: acceptedName(match1); authorship_epig(match1); genus_from_scientificName; family_WFO; order_majorGroup_WCVP [2026-03-12] | CoordinateCleaner QA applied without sea test (validity, equal, zeros, capitals, centroids, gbif, institutions) [2026-03-29]","","Venturi, S.","-"
"247","BA2025_247","PreservedSpecimen","Evento",NA,"BA","SPECIES","Herbario","Rojas, T.","BA37145",NA,"E","BA2025",1,"Tillandsia usneoides",NA,NA,"1939-01-01","epi_taxo: acceptedName(match1); authorship_epig(match1); genus_from_scientificName; family_WFO; order_majorGroup_WCVP [2026-03-12] | CoordinateCleaner QA applied without sea test (validity, equal, zeros, capitals, centroids, gbif, institutions) [2026-03-29]","","Rojas, T.","-"
"248","BA2025_248","PreservedSpecimen","Evento",NA,"BA","SPECIES","Herbario","Burkart, A. | Troncoso, N.S.","BA34843",NA,"E","BA2025",1,"Tillandsia usneoides",NA,NA,"1940-02-28","epi_taxo: acceptedName(match1); authorship_epig(match1); genus_from_scientificName; family_WFO; order_majorGroup_WCVP [2026-03-12] | CoordinateCleaner QA applied without sea test (validity, equal, zeros, capitals, centroids, gbif, institutions) [2026-03-29]","standardized author names and accents corrected in recordedBy","Burkart, Arturo & Troncoso, Nélida S.","-"
"249","BA2025_249","PreservedSpecimen","Evento",NA,"BA","SPECIES","Herbario","Jack, J.G.","BA30/2210","Smith, L.B.","E","BA2025",1,"Tillandsia variabilis",NA,NA,"1930-11-03","epi_taxo: acceptedName(match1); authorship_epig(match1); genus_from_scientificName; family_WFO; order_majorGroup_WCVP [2026-03-12] | CoordinateCleaner QA applied without sea test (validity, equal, zeros, capitals, centroids, gbif, institutions) [2026-03-29]","","Jack, J.G.","Smith, L.B."
"250","BA2025_250","PreservedSpecimen","Evento",NA,"BA","SPECIES","Herbario","Venturi, S.","BA1229",NA,"E","BA2025",1,"Tillandsia virescens",NA,NA,"8379-01-01","epi_taxo: acceptedName(match1); authorship_epig(match1); genus_from_scientificName; family_WFO; order_majorGroup_WCVP [2026-03-12] | CoordinateCleaner QA applied without sea test (validity, equal, zeros, capitals, centroids, gbif, institutions) [2026-03-29]","","Venturi, S.","-"
"251","BA2025_251","PreservedSpecimen","Evento",NA,"BA","SPECIES","Herbario","Schreiter","BA29769",NA,"E","BA2025",1,"Tillandsia xiphioides",NA,NA,"1920-02-24","epi_taxo: acceptedName(match1); authorship_epig(match1); genus_from_scientificName; family_WFO; order_majorGroup_WCVP [2026-03-12] | CoordinateCleaner QA applied without sea test (validity, equal, zeros, capitals, centroids, gbif, institutions) [2026-03-29]","","Schreiter","-"
"252","BA2025_252","PreservedSpecimen","Evento",NA,"BA","SPECIES","Herbario","Schreiter","BA4481","Tardivo, R.C.","E","BA2025",1,"Tillandsia xiphioides",NA,NA,"1931-12-01","epi_taxo: acceptedName(match1); authorship_epig(match1); genus_from_scientificName; family_WFO; order_majorGroup_WCVP [2026-03-12] | CoordinateCleaner QA applied without sea test (validity, equal, zeros, capitals, centroids, gbif, institutions) [2026-03-29]","","Schreiter","Tardivo, R.C."
"253","BA2025_253","PreservedSpecimen","Evento",NA,"BA","SPECIES","Herbario","Rodriguez","BA1201","Castellanos, A.","E","BA2025",1,"Tillandsia xiphioides",NA,NA,"1913-12-27","epi_taxo: acceptedName(match1); authorship_epig(match1); genus_from_scientificName; family_WFO; order_majorGroup_WCVP [2026-03-12] | CoordinateCleaner QA applied without sea test (validity, equal, zeros, capitals, centroids, gbif, institutions) [2026-03-29]","standardized author names and accents corrected in recordedBy / standardized author names and accents corrected in identifiedBy","Rodríguez","Castellanos, Alberto"
"254","BA2025_254","PreservedSpecimen","Evento",NA,"BA","SPECIES","Herbario","Venturi, S.","BA1202",NA,"E","BA2025",1,"Tillandsia xiphioides",NA,NA,"8380-01-01","epi_taxo: acceptedName(match1); authorship_epig(match1); genus_from_scientificName; family_WFO; order_majorGroup_WCVP [2026-03-12] | CoordinateCleaner QA applied without sea test (validity, equal, zeros, capitals, centroids, gbif, institutions) [2026-03-29]","","Venturi, S.","-"
"255","BA2025_255","PreservedSpecimen","Evento",NA,"BA","GENUS","Herbario","Perrone, V.R.","BA 54152",NA,"E","BA2025",NA,"",NA,NA,"1949-02-11","epi_taxo: acceptedName(match1); authorship_epig(match1); genus_from_scientificName; family_WFO; order_majorGroup_WCVP [2026-03-12] | CoordinateCleaner QA applied without sea test (validity, equal, zeros, capitals, centroids, gbif, institutions) [2026-03-29]","standardized author names and accents corrected in recordedBy","Perrone, Vicente R.","-"
"256","BA2025_256","PreservedSpecimen","Evento",NA,"BA","GENUS","Herbario","Yanez, A. | Marquez, G.J. | Watts, J.","BA","Yanez A. | Marquez G.J.","E","BA2025",NA,"",NA,NA,"2020-02-11","epi_taxo: acceptedName(match1); authorship_epig(match1); genus_from_scientificName; family_WFO; order_majorGroup_WCVP [2026-03-12] | CoordinateCleaner QA applied without sea test (validity, equal, zeros, capitals, centroids, gbif, institutions) [2026-03-29]","standardized author names and accents corrected in recordedBy / standardized author names and accents corrected in identifiedBy","Yañez A., Marquez G.J. & Watts J.","Yañez A. & Marquez G.J."
"257","BA2025_257","PreservedSpecimen","Evento",NA,"BA","SPECIES","Herbario","Smith, L.B.","BA 6308",NA,"E","BA2025",1,"Vriesea itatiaiae",NA,NA,"1929-05-01","epi_taxo: acceptedName(match1); authorship_epig(match1); genus_from_scientificName; family_WFO; order_majorGroup_WCVP [2026-03-12] | CoordinateCleaner QA applied without sea test (validity, equal, zeros, capitals, centroids, gbif, institutions) [2026-03-29]","","Smith, L.B.","-"
"258","BA2025_258","PreservedSpecimen","Evento",NA,"BA","SPECIES","Herbario","Smith, L.B.","BA6308",NA,"E","BA2025",1,"Vriesea itatiaiae",NA,NA,"1929-05-01","epi_taxo: acceptedName(match1); authorship_epig(match1); genus_from_scientificName; family_WFO; order_majorGroup_WCVP [2026-03-12] | CoordinateCleaner QA applied without sea test (validity, equal, zeros, capitals, centroids, gbif, institutions) [2026-03-29]","","Smith, L.B.","-"
"259","BA2025_259","PreservedSpecimen","Evento",NA,"BA","SPECIES","Herbario","Rojas, T.","BA 31375",NA,"E","BA2025",3,"Tillandsia werneriana",NA,NA,"1930-09-01","epi_taxo: acceptedName(match1); authorship_epig(match1); genus_from_scientificName; family_WFO; order_majorGroup_WCVP [2026-03-12] | CoordinateCleaner QA applied without sea test (validity, equal, zeros, capitals, centroids, gbif, institutions) [2026-03-29]","","Rojas, T.","-"
"260","BA2025_260","PreservedSpecimen","Evento",NA,"BA","SPECIES","Herbario","Rojas, T.","BA31375",NA,"E","BA2025",3,"Tillandsia werneriana",NA,NA,"1930-09-01","epi_taxo: acceptedName(match1); authorship_epig(match1); genus_from_scientificName; family_WFO; order_majorGroup_WCVP [2026-03-12] | CoordinateCleaner QA applied without sea test (validity, equal, zeros, capitals, centroids, gbif, institutions) [2026-03-29]","","Rojas, T.","-"
"261","BA2025_261","PreservedSpecimen","Evento",NA,"BA","SPECIES","Herbario","Schreiter","BA 29825","Castellanos, A.","E","BA2025",3,"Werauhia nutans",NA,NA,"1918-12-25","epi_taxo: acceptedName(match1); authorship_epig(match1); genus_from_scientificName; family_WFO; order_majorGroup_WCVP [2026-03-12] | CoordinateCleaner QA applied without sea test (validity, equal, zeros, capitals, centroids, gbif, institutions) [2026-03-29]","","Schreiter","Castellanos, A."
"262","BA2025_262","PreservedSpecimen","Evento",NA,"BA","SPECIES","Herbario","Balansa, B.","BA65755","Hassler, E.","E","BA2025",3,"Werauhia nutans",NA,NA,"","epi_taxo: acceptedName(match1); authorship_epig(match1); genus_from_scientificName; family_WFO; order_majorGroup_WCVP [2026-03-12] | CoordinateCleaner QA applied without sea test (validity, equal, zeros, capitals, centroids, gbif, institutions) [2026-03-29]","","Balansa, B.","Hassler, E."
"263","BA2025_263","PreservedSpecimen","Evento",NA,"BA","SPECIES","Herbario","Venturi, S.","BA1206",NA,"E","BA2025",3,"Werauhia nutans",NA,NA,"6941-01-01","epi_taxo: acceptedName(match1); authorship_epig(match1); genus_from_scientificName; family_WFO; order_majorGroup_WCVP [2026-03-12] | CoordinateCleaner QA applied without sea test (validity, equal, zeros, capitals, centroids, gbif, institutions) [2026-03-29]","","Venturi, S.","-"
"264","BA2025_264","PreservedSpecimen","Evento",NA,"BA","SPECIES","Herbario","Killip, E.P. | Smith, A.C.","BA 42665","Killip, E.P.","E","BA2025",0,"",NA,NA,"9689-01-01","epi_taxo: acceptedName(match1); authorship_epig(match1); genus_from_scientificName; family_WFO; order_majorGroup_WCVP [2026-03-12] | CoordinateCleaner QA applied without sea test (validity, equal, zeros, capitals, centroids, gbif, institutions) [2026-03-29]","standardized author names and accents corrected in recordedBy / standardized author names and accents corrected in identifiedBy","Killip, E.P. & Smith, Albert C.","Killip, E. P."
"265","BA2025_265","PreservedSpecimen","Evento",NA,"BA","SPECIES","Herbario","Killip, E.P. | Smith, A.C.","BA42665","Killip, E.P.","E","BA2025",0,"",NA,NA,"9689-01-01","epi_taxo: acceptedName(match1); authorship_epig(match1); genus_from_scientificName; family_WFO; order_majorGroup_WCVP [2026-03-12] | CoordinateCleaner QA applied without sea test (validity, equal, zeros, capitals, centroids, gbif, institutions) [2026-03-29]","standardized author names and accents corrected in recordedBy / standardized author names and accents corrected in identifiedBy","Killip, E.P. & Smith, Albert C.","Killip, E. P."
