"";"occurrenceID";"country";"countryCode";"stateProvince";"locality";"decimalLatitude";"decimalLongitude";"coordinateUncertaintyInMeters";"datasetID";".ok_for_analysis";"eventDate";"changes";"ok.2";"discardReason"
"1";"SURCO:396";"COLOMBIA";"CO";NA;"Municipio de Acevedo. PNN Cueva de Los Guacharos.El Pesebre";"1.60636111";"-76.0955";8405;"SURCO2025";TRUE;"2012-04-27";"change1: Set taxonRank=SPECIES from binomial scientificName. | change2: Filled coordinateUncertaintyInMeters from decimal-place precision (conservative). | epi_taxo: acceptedName(match1); authorship_epig(match1); genus_from_scientificName; family_WFO; order_majorGroup_WCVP [2026-03-11] | CoordinateCleaner QA applied without sea test (validity, equal, zeros, capitals, centroids, gbif, institutions) [2026-04-14] | CoordinateCleaner QA applied without sea test (validity, equal, zeros, capitals, centroids, gbif, institutions) [2026-04-14]";TRUE;"Corrected: points were corrected according to locality"
"2";"SURCO:301";"COLOMBIA";"CO";NA;"Municipio de Acevedo. Corredor Biologico Guacharos Purace";"1.61766667";"-76.10206389";7783;"SURCO2025";TRUE;"2024-10-24";"change1: Set taxonRank=SPECIES from binomial scientificName. | change2: Trimmed whitespace in verbatimScientificName (and standardized blanks to NA) | change3: Filled coordinateUncertaintyInMeters from decimal-place precision (conservative). | epi_taxo: acceptedName(match1); authorship_epig(match1); genus_from_scientificName; family_WFO; order_majorGroup_WCVP [2026-03-11] | CoordinateCleaner QA applied without sea test (validity, equal, zeros, capitals, centroids, gbif, institutions) [2026-04-14] | CoordinateCleaner QA applied without sea test (validity, equal, zeros, capitals, centroids, gbif, institutions) [2026-04-14]";TRUE;"Corrected: points were corrected according to locality"
"3";"SURCO:290";"COLOMBIA";"CO";NA;"Municipio de Acevedo, Corredor biologico Guacharos Purace";"1.65365833";"-76.10732222";2579;"SURCO2025";TRUE;"2025-02-15";"change1: Trimmed whitespace in scientificName (and standardized blanks to NA) | change2: Trimmed whitespace in verbatimScientificName (and standardized blanks to NA) | change3: Corrected taxonRank (SPECIES→FORM); kept scientificName as-is. | change4: Filled coordinateUncertaintyInMeters from decimal-place precision (conservative). | epi_taxo: acceptedName(match1); authorship_epig(match1); genus_from_scientificName; family_WFO; order_majorGroup_WCVP [2026-03-11] | CoordinateCleaner QA applied without sea test (validity, equal, zeros, capitals, centroids, gbif, institutions) [2026-04-14] | CoordinateCleaner QA applied without sea test (validity, equal, zeros, capitals, centroids, gbif, institutions) [2026-04-14]";TRUE;"Corrected: points were corrected according to locality"
"4";"SURCO:300";"COLOMBIA";"CO";NA;"Municipio de Palestina, Vereda Villa del Macizo.Corredor biologico Guacharos Purace.";"1.65401667";"-76.18291667";9191;"SURCO2025";TRUE;"2024-10-22";"change1: Set taxonRank=SPECIES from binomial scientificName. | change2: Trimmed whitespace in verbatimScientificName (and standardized blanks to NA) | change3: Filled coordinateUncertaintyInMeters from decimal-place precision (conservative). | epi_taxo: acceptedName(match1); authorship_epig(match1); genus_from_scientificName; family_WFO; order_majorGroup_WCVP [2026-03-11] | CoordinateCleaner QA applied without sea test (validity, equal, zeros, capitals, centroids, gbif, institutions) [2026-04-14] | CoordinateCleaner QA applied without sea test (validity, equal, zeros, capitals, centroids, gbif, institutions) [2026-04-14]";TRUE;"Corrected: points were corrected according to locality"
"5";"SURCO:399";"COLOMBIA";"CO";NA;"Municipio de Palestina, corredor biologico Guacharos Purace";"1.65828333";"-76.11061111";7174;"SURCO2025";TRUE;"2025-02-15";"change1: Set taxonRank=SPECIES from binomial scientificName. | change2: Filled coordinateUncertaintyInMeters from decimal-place precision (conservative). | epi_taxo: acceptedName(match1); authorship_epig(match1); genus_from_scientificName; family_WFO; order_majorGroup_WCVP [2026-03-11] | CoordinateCleaner QA applied without sea test (validity, equal, zeros, capitals, centroids, gbif, institutions) [2026-04-14] | CoordinateCleaner QA applied without sea test (validity, equal, zeros, capitals, centroids, gbif, institutions) [2026-04-14]";TRUE;"Corrected: points were corrected according to locality"
"6";"SURCO:392";"COLOMBIA";"CO";NA;"Municipio de Palestina. Corredor Biologico Guacgharos Purace";"1.65913611";"-76.10023889";2490;"SURCO2025";TRUE;"2024-05-25";"change1: Set taxonRank=SPECIES from binomial scientificName. | change2: Filled coordinateUncertaintyInMeters from decimal-place precision (conservative). | epi_taxo: acceptedName(match1); authorship_epig(match1); genus_from_scientificName; family_WFO; order_majorGroup_WCVP [2026-03-11] | CoordinateCleaner QA applied without sea test (validity, equal, zeros, capitals, centroids, gbif, institutions) [2026-04-14] | CoordinateCleaner QA applied without sea test (validity, equal, zeros, capitals, centroids, gbif, institutions) [2026-04-14]";TRUE;"Corrected: points were corrected according to locality"
"7";"SURCO:484";"COLOMBIA";"CO";NA;"Municipio de Palestina. Corredor Biologico Guacgharos Purace";"1.65913611";"-76.10023889";9477;"SURCO2025";TRUE;"2024-10-25";"change1: Set taxonRank=SPECIES from binomial scientificName. | change2: Corrected taxonRank (SPECIES→FORM); kept scientificName as-is. | change3: Filled coordinateUncertaintyInMeters from decimal-place precision (conservative). | epi_taxo: acceptedName(match1); authorship_epig(match1); genus_from_scientificName; family_WFO; order_majorGroup_WCVP [2026-03-11] | CoordinateCleaner QA applied without sea test (validity, equal, zeros, capitals, centroids, gbif, institutions) [2026-04-14] | CoordinateCleaner QA applied without sea test (validity, equal, zeros, capitals, centroids, gbif, institutions) [2026-04-14]";TRUE;"Corrected: points were corrected according to locality"
"8";"SURCO:439";"COLOMBIA";"CO";NA;"Municipio de Palestina. Corredor Biologico Guacgharos Purace";"1.66074444";"-76.18469444";5753;"SURCO2025";TRUE;"2024-10-24";"change1: Set taxonRank=SPECIES from binomial scientificName. | change2: Filled coordinateUncertaintyInMeters from decimal-place precision (conservative). | epi_taxo: acceptedName(match1); authorship_epig(match1); genus_from_scientificName; family_WFO; order_majorGroup_WCVP [2026-03-11] | CoordinateCleaner QA applied without sea test (validity, equal, zeros, capitals, centroids, gbif, institutions) [2026-04-14] | CoordinateCleaner QA applied without sea test (validity, equal, zeros, capitals, centroids, gbif, institutions) [2026-04-14]";TRUE;"Corrected: points were corrected according to locality"
"9";"SURCO:327";"COLOMBIA";"CO";NA;"Municipio de Palestina. Corredor Biologico Guacgharos Purace";"1.66186389";"-76.11061111";8775;"SURCO2025";TRUE;"2025-02-15";"change1: Set taxonRank=SPECIES from binomial scientificName. | change2: Filled coordinateUncertaintyInMeters from decimal-place precision (conservative). | epi_taxo: acceptedName(match1); authorship_epig(match1); genus_from_scientificName; family_WFO; order_majorGroup_WCVP [2026-03-11] | CoordinateCleaner QA applied without sea test (validity, equal, zeros, capitals, centroids, gbif, institutions) [2026-04-14] | CoordinateCleaner QA applied without sea test (validity, equal, zeros, capitals, centroids, gbif, institutions) [2026-04-14]";TRUE;"Corrected: points were corrected according to locality"
"10";"SURCO:257";"COLOMBIA";"CO";NA;"Municipio de Pitalito, Vereda el Cedro (Bosque-reserva natural)";"1.66413056";"-76.22809444";362;"SURCO2025";TRUE;"2022-04-28";"change1: Set taxonRank=SPECIES from binomial scientificName. | change2: Corrected taxonRank (SPECIES→FORM); kept scientificName as-is. | change3: Filled coordinateUncertaintyInMeters from decimal-place precision (conservative). | epi_taxo: acceptedName(match1); authorship_epig(match1); genus_from_scientificName; family_WFO; order_majorGroup_WCVP [2026-03-11] | CoordinateCleaner QA applied without sea test (validity, equal, zeros, capitals, centroids, gbif, institutions) [2026-04-14] | CoordinateCleaner QA applied without sea test (validity, equal, zeros, capitals, centroids, gbif, institutions) [2026-04-14]";TRUE;"Corrected: points were corrected according to locality"
"11";"SURCO:428";"COLOMBIA";"CO";NA;"Municipio de Acevedo, Corredor biologico Guacharos Purace";"1.67101944";"-76.105225";5006;"SURCO2025";TRUE;"2024-10-23";"change1: Set taxonRank=SPECIES from binomial scientificName. | change2: Filled coordinateUncertaintyInMeters from decimal-place precision (conservative). | epi_taxo: acceptedName(match1); authorship_epig(match1); genus_from_scientificName; family_WFO; order_majorGroup_WCVP [2026-03-11] | CoordinateCleaner QA applied without sea test (validity, equal, zeros, capitals, centroids, gbif, institutions) [2026-04-14] | CoordinateCleaner QA applied without sea test (validity, equal, zeros, capitals, centroids, gbif, institutions) [2026-04-14]";TRUE;"Corrected: points were corrected according to locality"
"12";"SURCO:603";"COLOMBIA";"CO";NA;"Municipio de Acevedo, Corredor biologico Guacharos Purace";"1.67101944";"-76.105225";3704;"SURCO2025";TRUE;"2024-10-24";"change1: Set taxonRank=SPECIES from binomial scientificName. | change2: Trimmed whitespace in verbatimScientificName (and standardized blanks to NA) | change3: Filled coordinateUncertaintyInMeters from decimal-place precision (conservative). | epi_taxo: acceptedName(match1); authorship_epig(match1); genus_from_scientificName; family_WFO; order_majorGroup_WCVP [2026-03-11] | CoordinateCleaner QA applied without sea test (validity, equal, zeros, capitals, centroids, gbif, institutions) [2026-04-14] | CoordinateCleaner QA applied without sea test (validity, equal, zeros, capitals, centroids, gbif, institutions) [2026-04-14]";TRUE;"Corrected: points were corrected according to locality"
"13";"SURCO:529";"COLOMBIA";"CO";NA;"Municipio de Palestina, Vereda Santa Barbara, Reserva Natural de La Sociedad Civil El Encanto";"1.72094444";"-76.11930556";7871;"SURCO2025";TRUE;"2018-04-29";"change1: Set taxonRank=SPECIES from binomial scientificName. | change2: Trimmed whitespace in verbatimScientificName (and standardized blanks to NA) | change3: Filled coordinateUncertaintyInMeters from decimal-place precision (conservative). | epi_taxo: acceptedName(match1); authorship_epig(match1); genus_from_scientificName; family_WFO; order_majorGroup_WCVP [2026-03-11] | CoordinateCleaner QA applied without sea test (validity, equal, zeros, capitals, centroids, gbif, institutions) [2026-04-14] | CoordinateCleaner QA applied without sea test (validity, equal, zeros, capitals, centroids, gbif, institutions) [2026-04-14]";TRUE;"Corrected: points were corrected according to locality"
"14";"SURCO:532";"COLOMBIA";"CO";NA;"Municipio de Palestina, Vereda Santa Barbara, Finca La Esperanza";"1.72847222";"-76.11522222";7130;"SURCO2025";TRUE;"2005-10-25";"change1: Set taxonRank=SPECIES from binomial scientificName. | change2: Trimmed whitespace in verbatimScientificName (and standardized blanks to NA) | change3: Filled coordinateUncertaintyInMeters from decimal-place precision (conservative). | epi_taxo: acceptedName(match1); authorship_epig(match1); genus_from_scientificName; family_WFO; order_majorGroup_WCVP [2026-03-11] | CoordinateCleaner QA applied without sea test (validity, equal, zeros, capitals, centroids, gbif, institutions) [2026-04-14] | CoordinateCleaner QA applied without sea test (validity, equal, zeros, capitals, centroids, gbif, institutions) [2026-04-14]";TRUE;"Corrected: points were corrected according to locality"
"15";"SURCO:340";"COLOMBIA";"CO";NA;"Municipio de San Agustin, via a Isnos";"1.9";"-76.3";5566;"SURCO2025";TRUE;"2007-03-14";"change1: Set taxonRank=SPECIES from binomial scientificName. | change2: Filled coordinateUncertaintyInMeters from decimal-place precision (conservative). | epi_taxo: acceptedName(match1); authorship_epig(match1); genus_from_scientificName; family_WFO; order_majorGroup_WCVP [2026-03-11] | CoordinateCleaner QA applied without sea test (validity, equal, zeros, capitals, centroids, gbif, institutions) [2026-04-14] | CoordinateCleaner QA applied without sea test (validity, equal, zeros, capitals, centroids, gbif, institutions) [2026-04-14]";TRUE;"Corrected: points were corrected according to locality"
"16";"SURCO:468";"COLOMBIA";"CO";NA;"Municipio de Isnos, Finca el Manabtial, Asociacion de reservas Naturales de la Sociedad Civil El Cedral";"1.93305833";"-76.22933056";6259;"SURCO2025";TRUE;"2022-03-13";"change1: Set taxonRank=SPECIES from binomial scientificName. | change2: Filled coordinateUncertaintyInMeters from decimal-place precision (conservative). | epi_taxo: acceptedName(match1); authorship_epig(match1); genus_from_scientificName; family_WFO; order_majorGroup_WCVP [2026-03-11] | CoordinateCleaner QA applied without sea test (validity, equal, zeros, capitals, centroids, gbif, institutions) [2026-04-14] | CoordinateCleaner QA applied without sea test (validity, equal, zeros, capitals, centroids, gbif, institutions) [2026-04-14]";TRUE;"Corrected: points were corrected according to locality"
"17";"SURCO:381";"COLOMBIA";"CO";NA;"Municipio de San Agustin, Vereda Mesitas, Estrecho del Magdalena";"2.54772222";"-76.50131667";6173;"SURCO2025";TRUE;"2021-09-07";"change1: Set taxonRank=SPECIES from binomial scientificName. | change2: Corrected taxonRank (SPECIES→FORM); kept scientificName as-is. | change3: Filled coordinateUncertaintyInMeters from decimal-place precision (conservative). | epi_taxo: acceptedName(match1); authorship_epig(match1); genus_from_scientificName; family_WFO; order_majorGroup_WCVP [2026-03-11] | CoordinateCleaner QA applied without sea test (validity, equal, zeros, capitals, centroids, gbif, institutions) [2026-04-14] | CoordinateCleaner QA applied without sea test (validity, equal, zeros, capitals, centroids, gbif, institutions) [2026-04-14]";TRUE;"Corrected: points were corrected according to locality"
"18";"SURCO:288";"COLOMBIA";"CO";NA;"Municipio de Palestina, Reserva La Riviera, bosque";"2.14568056";"-75.51933333";5537;"SURCO2025";TRUE;"2022-02-09";"change1: Set taxonRank=SPECIES from binomial scientificName. | change2: Filled coordinateUncertaintyInMeters from decimal-place precision (conservative). | epi_taxo: acceptedName(match1); authorship_epig(match1); genus_from_scientificName; family_WFO; order_majorGroup_WCVP [2026-03-11] | CoordinateCleaner QA applied without sea test (validity, equal, zeros, capitals, centroids, gbif, institutions) [2026-04-14] | CoordinateCleaner QA applied without sea test (validity, equal, zeros, capitals, centroids, gbif, institutions) [2026-04-14]";TRUE;"Corrected: points were corrected according to locality"
"19";"SURCO:289";"COLOMBIA";"CO";NA;"Municipio de Palestina, Reserva La Riviera, bosque";"2.14568056";"-75.51933333";8323;"SURCO2025";TRUE;"2022-02-09";"change1: Set taxonRank=SPECIES from binomial scientificName. | change2: Filled coordinateUncertaintyInMeters from decimal-place precision (conservative). | epi_taxo: acceptedName(match1); authorship_epig(match1); genus_from_scientificName; family_WFO; order_majorGroup_WCVP [2026-03-11] | CoordinateCleaner QA applied without sea test (validity, equal, zeros, capitals, centroids, gbif, institutions) [2026-04-14] | CoordinateCleaner QA applied without sea test (validity, equal, zeros, capitals, centroids, gbif, institutions) [2026-04-14]";TRUE;"Corrected: points were corrected according to locality"
"20";"SURCO:552";"COLOMBIA";"CO";NA;"Municipio de Garzon, vereda Las Mercedes. area amortiguadora del Parque Natural Regional Cerro Paramo de Miraflores";"2.14719722";"-75.52216389";4285;"SURCO2025";TRUE;"2024-09-28";"change1: Trimmed whitespace in scientificName (and standardized blanks to NA) | change2: Trimmed whitespace in verbatimScientificName (and standardized blanks to NA) | change3: Filled coordinateUncertaintyInMeters from decimal-place precision (conservative). | epi_taxo: acceptedName(match1); authorship_epig(match1); genus_from_scientificName; family_WFO; order_majorGroup_WCVP [2026-03-11] | CoordinateCleaner QA applied without sea test (validity, equal, zeros, capitals, centroids, gbif, institutions) [2026-04-14] | CoordinateCleaner QA applied without sea test (validity, equal, zeros, capitals, centroids, gbif, institutions) [2026-04-14]";TRUE;"Corrected: points were corrected according to locality"
"21";"SURCO:438";"COLOMBIA";"CO";NA;"Municipio de Purace, Vereda Tijeras, zona de amoriguacion PNN Purace";"2.16944444";"-76.12677778";6083;"SURCO2025";TRUE;"2016-10-20";"change1: Set taxonRank=SPECIES from binomial scientificName. | change2: Filled coordinateUncertaintyInMeters from decimal-place precision (conservative). | epi_taxo: acceptedName(match1); authorship_epig(match1); genus_from_scientificName; family_WFO; order_majorGroup_WCVP [2026-03-11] | CoordinateCleaner QA applied without sea test (validity, equal, zeros, capitals, centroids, gbif, institutions) [2026-04-14] | CoordinateCleaner QA applied without sea test (validity, equal, zeros, capitals, centroids, gbif, institutions) [2026-04-14]";TRUE;"Corrected: points were corrected according to locality"
"22";"SURCO:492";"COLOMBIA";"CO";NA;"Municipio de La Argentina.DMRI Serrania de Las Minas";"2.17931667";"-75.92759444";4730;"SURCO2025";TRUE;"2024-09-22";"change1: Set taxonRank=SPECIES from binomial scientificName. | change2: Trimmed whitespace in verbatimScientificName (and standardized blanks to NA) | change3: Corrected taxonRank (SPECIES→FORM); kept scientificName as-is. | change4: Filled coordinateUncertaintyInMeters from decimal-place precision (conservative). | epi_taxo: acceptedName(match1); authorship_epig(match1); genus_from_scientificName; family_WFO; order_majorGroup_WCVP [2026-03-11] | CoordinateCleaner QA applied without sea test (validity, equal, zeros, capitals, centroids, gbif, institutions) [2026-04-14] | CoordinateCleaner QA applied without sea test (validity, equal, zeros, capitals, centroids, gbif, institutions) [2026-04-14]";TRUE;"Corrected: points were corrected according to locality"
"23";"SURCO:437";"COLOMBIA";"CO";NA;"Municipio de La Plata, Vereda Maria, Reserva Meremberg";"2.18430556";"-76.36730556";7861;"SURCO2025";TRUE;"2015-04-29";"change1: Set taxonRank=SPECIES from binomial scientificName. | change2: Filled coordinateUncertaintyInMeters from decimal-place precision (conservative). | epi_taxo: acceptedName(match1); authorship_epig(match1); genus_from_scientificName; family_WFO; order_majorGroup_WCVP [2026-03-11] | CoordinateCleaner QA applied without sea test (validity, equal, zeros, capitals, centroids, gbif, institutions) [2026-04-14] | CoordinateCleaner QA applied without sea test (validity, equal, zeros, capitals, centroids, gbif, institutions) [2026-04-14]";TRUE;"Corrected: points were corrected according to locality"
"24";"SURCO:329";"COLOMBIA";"CO";NA;"Municipio de La Argentina";"2.19266944";"-75.9878";6;"SURCO2025";TRUE;"2024-05-30";"change1: Set taxonRank=SPECIES from binomial scientificName. | change2: Filled coordinateUncertaintyInMeters from decimal-place precision (conservative). | epi_taxo: acceptedName(match1); authorship_epig(match1); genus_from_scientificName; family_WFO; order_majorGroup_WCVP [2026-03-11] | CoordinateCleaner QA applied without sea test (validity, equal, zeros, capitals, centroids, gbif, institutions) [2026-04-14] | CoordinateCleaner QA applied without sea test (validity, equal, zeros, capitals, centroids, gbif, institutions) [2026-04-14]";TRUE;"Corrected: points were corrected according to locality"
"25";"SURCO:305";"COLOMBIA";"CO";NA;"Municipio de La Argentina. Reserva Aranzazu, area amortiguadora del Parque Natural Regional Serrania de Las Minas";"2.19878333";"-75.91931944";3300;"SURCO2025";TRUE;"2024-09-21";"change1: Set taxonRank=SPECIES from binomial scientificName. | change2: Filled coordinateUncertaintyInMeters from decimal-place precision (conservative). | epi_taxo: acceptedName(match1); authorship_epig(match1); genus_from_scientificName; family_WFO; order_majorGroup_WCVP [2026-03-11] | CoordinateCleaner QA applied without sea test (validity, equal, zeros, capitals, centroids, gbif, institutions) [2026-04-14] | CoordinateCleaner QA applied without sea test (validity, equal, zeros, capitals, centroids, gbif, institutions) [2026-04-14]";TRUE;"Corrected: points were corrected according to locality"
"26";"SURCO:391";"COLOMBIA";"CO";NA;"Municipio de la Plata, Reserva de la Sociedad Civil Merenberg";"2.21657778";"-76.11637778";3161;"SURCO2025";TRUE;"2024-06-08";"change1: Set taxonRank=SPECIES from binomial scientificName. | change2: Filled coordinateUncertaintyInMeters from decimal-place precision (conservative). | epi_taxo: acceptedName(match1); authorship_epig(match1); genus_from_scientificName; family_WFO; order_majorGroup_WCVP [2026-03-11] | CoordinateCleaner QA applied without sea test (validity, equal, zeros, capitals, centroids, gbif, institutions) [2026-04-14] | CoordinateCleaner QA applied without sea test (validity, equal, zeros, capitals, centroids, gbif, institutions) [2026-04-14]";TRUE;"Corrected: points were corrected according to locality"
"27";"SURCO:508";"COLOMBIA";"CO";NA;"Municipio de La Plata, Vereda Maria, Reserva Meremberg";"2.21930556";"-76.11605556";3462;"SURCO2025";TRUE;"2014-10-21";"change1: Set taxonRank=SPECIES from binomial scientificName. | change2: Trimmed whitespace in verbatimScientificName (and standardized blanks to NA) | change3: Filled coordinateUncertaintyInMeters from decimal-place precision (conservative). | epi_taxo: acceptedName(match1); authorship_epig(match1); genus_from_scientificName; family_WFO; order_majorGroup_WCVP [2026-03-11] | CoordinateCleaner QA applied without sea test (validity, equal, zeros, capitals, centroids, gbif, institutions) [2026-04-14] | CoordinateCleaner QA applied without sea test (validity, equal, zeros, capitals, centroids, gbif, institutions) [2026-04-14]";TRUE;"Corrected: points were corrected according to locality"
"28";"SURCO:549";"COLOMBIA";"CO";NA;"Municipio de La Plata, Vereda Maria, Reserva Meremberg";"2.21930556";"-76.11605556";3868;"SURCO2025";TRUE;"2014-10-21";"change1: Trimmed whitespace in scientificName (and standardized blanks to NA) | change2: Trimmed whitespace in verbatimScientificName (and standardized blanks to NA) | change3: Filled coordinateUncertaintyInMeters from decimal-place precision (conservative). | epi_taxo: acceptedName(match1); authorship_epig(match1); genus_from_scientificName; family_WFO; order_majorGroup_WCVP [2026-03-11] | CoordinateCleaner QA applied without sea test (validity, equal, zeros, capitals, centroids, gbif, institutions) [2026-04-14] | CoordinateCleaner QA applied without sea test (validity, equal, zeros, capitals, centroids, gbif, institutions) [2026-04-14]";TRUE;"Corrected: points were corrected according to locality"
"29";"SURCO:302";"COLOMBIA";"CO";NA;"Municipio de la Plata, Inspeccion de Belen, Vereda La Maria, Hacienda Meremberg";"2.22344444";"-76.13055556";4092;"SURCO2025";TRUE;"2013-04-17";"change1: Set taxonRank=SPECIES from binomial scientificName. | change2: Filled coordinateUncertaintyInMeters from decimal-place precision (conservative). | epi_taxo: acceptedName(match1); authorship_epig(match1); genus_from_scientificName; family_WFO; order_majorGroup_WCVP [2026-03-11] | CoordinateCleaner QA applied without sea test (validity, equal, zeros, capitals, centroids, gbif, institutions) [2026-04-14] | CoordinateCleaner QA applied without sea test (validity, equal, zeros, capitals, centroids, gbif, institutions) [2026-04-14]";TRUE;"Corrected: points were corrected according to locality"
"30";"SURCO:308";"COLOMBIA";"CO";NA;"Municipio de Garzon, Parque Natural Regional Paramo Cerro de Miraflores";"2.238225";"-75.42978056";2962;"SURCO2025";TRUE;"2024-02-29";"change1: Set taxonRank=SPECIES from binomial scientificName. | change2: Filled coordinateUncertaintyInMeters from decimal-place precision (conservative). | epi_taxo: acceptedName(match1); authorship_epig(match1); genus_from_scientificName; family_WFO; order_majorGroup_WCVP [2026-03-11] | CoordinateCleaner QA applied without sea test (validity, equal, zeros, capitals, centroids, gbif, institutions) [2026-04-14] | CoordinateCleaner QA applied without sea test (validity, equal, zeros, capitals, centroids, gbif, institutions) [2026-04-14]";TRUE;"Corrected: points were corrected according to locality"
"31";"SURCO:309";"COLOMBIA";"CO";NA;"Municipio de Garzon, Parque Natural Regional Paramo Cerro de Miraflores";"2.24089722";"-75.42978056";8839;"SURCO2025";TRUE;"2024-02-29";"change1: Set taxonRank=SPECIES from binomial scientificName. | change2: Filled coordinateUncertaintyInMeters from decimal-place precision (conservative). | epi_taxo: acceptedName(match1); authorship_epig(match1); genus_from_scientificName; family_WFO; order_majorGroup_WCVP [2026-03-11] | CoordinateCleaner QA applied without sea test (validity, equal, zeros, capitals, centroids, gbif, institutions) [2026-04-14] | CoordinateCleaner QA applied without sea test (validity, equal, zeros, capitals, centroids, gbif, institutions) [2026-04-14]";TRUE;"Corrected: points were corrected according to locality"
"32";"SURCO:310";"COLOMBIA";"CO";NA;"Municipio de Garzon, Parque Natural Regional Paramo Cerro de Miraflores";"2.24089722";"-75.42978056";4572;"SURCO2025";TRUE;"2024-02-29";"change1: Set taxonRank=SPECIES from binomial scientificName. | change2: Filled coordinateUncertaintyInMeters from decimal-place precision (conservative). | epi_taxo: acceptedName(match1); authorship_epig(match1); genus_from_scientificName; family_WFO; order_majorGroup_WCVP [2026-03-11] | CoordinateCleaner QA applied without sea test (validity, equal, zeros, capitals, centroids, gbif, institutions) [2026-04-14] | CoordinateCleaner QA applied without sea test (validity, equal, zeros, capitals, centroids, gbif, institutions) [2026-04-14]";TRUE;"Corrected: points were corrected according to locality"
"33";"SURCO:311";"COLOMBIA";"CO";NA;"Municipio de Garzon, Parque Natural Regional Paramo Cerro de Miraflores";"2.24089722";"-75.42978056";9439;"SURCO2025";TRUE;"2024-02-29";"change1: Set taxonRank=SPECIES from binomial scientificName. | change2: Filled coordinateUncertaintyInMeters from decimal-place precision (conservative). | epi_taxo: acceptedName(match1); authorship_epig(match1); genus_from_scientificName; family_WFO; order_majorGroup_WCVP [2026-03-11] | CoordinateCleaner QA applied without sea test (validity, equal, zeros, capitals, centroids, gbif, institutions) [2026-04-14] | CoordinateCleaner QA applied without sea test (validity, equal, zeros, capitals, centroids, gbif, institutions) [2026-04-14]";TRUE;"Corrected: points were corrected according to locality"
"34";"SURCO:386";"COLOMBIA";"CO";NA;"Municipio de Garzon, Parque Natural Regional Paramo Cerro de Miraflores";"2.24089722";"-75.42933333";7659;"SURCO2025";TRUE;"2024-02-26";"change1: Set taxonRank=SPECIES from binomial scientificName. | change2: Filled coordinateUncertaintyInMeters from decimal-place precision (conservative). | epi_taxo: acceptedName(match1); authorship_epig(match1); genus_from_scientificName; family_WFO; order_majorGroup_WCVP [2026-03-11] | CoordinateCleaner QA applied without sea test (validity, equal, zeros, capitals, centroids, gbif, institutions) [2026-04-14] | CoordinateCleaner QA applied without sea test (validity, equal, zeros, capitals, centroids, gbif, institutions) [2026-04-14]";TRUE;"Corrected: points were corrected according to locality"
"35";"SURCO:395";"COLOMBIA";"CO";NA;"Municipio de Garzon, Parque Natural Regional Paramo Cerro de Miraflores";"2.23433333";"-75.43243056";4130;"SURCO2025";TRUE;"2024-02-29";"change1: Set taxonRank=SPECIES from binomial scientificName. | change2: Filled coordinateUncertaintyInMeters from decimal-place precision (conservative). | epi_taxo: acceptedName(match1); authorship_epig(match1); genus_from_scientificName; family_WFO; order_majorGroup_WCVP [2026-03-11] | CoordinateCleaner QA applied without sea test (validity, equal, zeros, capitals, centroids, gbif, institutions) [2026-04-14] | CoordinateCleaner QA applied without sea test (validity, equal, zeros, capitals, centroids, gbif, institutions) [2026-04-14]";TRUE;"Corrected: points were corrected according to locality"
"36";"SURCO:398";"COLOMBIA";"CO";NA;"Municipio de Garzon, Parque Natural Regional Paramo Cerro de Miraflores";"2.23433333";"-75.43243056";3430;"SURCO2025";TRUE;"2024-02-29";"change1: Set taxonRank=SPECIES from binomial scientificName. | change2: Filled coordinateUncertaintyInMeters from decimal-place precision (conservative). | epi_taxo: acceptedName(match1); authorship_epig(match1); genus_from_scientificName; family_WFO; order_majorGroup_WCVP [2026-03-11] | CoordinateCleaner QA applied without sea test (validity, equal, zeros, capitals, centroids, gbif, institutions) [2026-04-14] | CoordinateCleaner QA applied without sea test (validity, equal, zeros, capitals, centroids, gbif, institutions) [2026-04-14]";TRUE;"Corrected: points were corrected according to locality"
"37";"SURCO:385";"COLOMBIA";"CO";NA;"Municipio de Garzon, Parque Natural Regional Paramo Cerro de Miraflores";"2.23486111";"-75.43041667";8414;"SURCO2025";TRUE;"2024-02-27";"change1: Set taxonRank=SPECIES from binomial scientificName. | change2: Filled coordinateUncertaintyInMeters from decimal-place precision (conservative). | epi_taxo: acceptedName(match1); authorship_epig(match1); genus_from_scientificName; family_WFO; order_majorGroup_WCVP [2026-03-11] | CoordinateCleaner QA applied without sea test (validity, equal, zeros, capitals, centroids, gbif, institutions) [2026-04-14] | CoordinateCleaner QA applied without sea test (validity, equal, zeros, capitals, centroids, gbif, institutions) [2026-04-14]";TRUE;"Corrected: points were corrected according to locality"
"38";"SURCO:528";"COLOMBIA";"CO";NA;"Municipio de Garzon.Zona de Amortiguacion Cerro Paramo de Miraflores";"2.24861111";"-75.4895";6;"SURCO2025";TRUE;"2018-03-21";"change1: Set taxonRank=SPECIES from binomial scientificName. | change2: Trimmed whitespace in verbatimScientificName (and standardized blanks to NA) | change3: Filled coordinateUncertaintyInMeters from decimal-place precision (conservative). | epi_taxo: acceptedName(match1); authorship_epig(match1); genus_from_scientificName; family_WFO; order_majorGroup_WCVP [2026-03-11] | CoordinateCleaner QA applied without sea test (validity, equal, zeros, capitals, centroids, gbif, institutions) [2026-04-14] | CoordinateCleaner QA applied without sea test (validity, equal, zeros, capitals, centroids, gbif, institutions) [2026-04-14]";TRUE;"Corrected: points were corrected according to locality"
"39";"SURCO:322";"COLOMBIA";"CO";NA;"Municipio de El Pital, Vereda Los Olivos, microcuenca El Obispo";"2.27105";"-77.84673056";1;"SURCO2025";TRUE;"2021-12-01";"change1: Set taxonRank=SPECIES from binomial scientificName. | change2: Filled coordinateUncertaintyInMeters from decimal-place precision (conservative). | epi_taxo: acceptedName(match1); authorship_epig(match1); genus_from_scientificName; family_WFO; order_majorGroup_WCVP [2026-03-11] | CoordinateCleaner QA applied without sea test (validity, equal, zeros, capitals, centroids, gbif, institutions) [2026-04-14] | CoordinateCleaner QA applied without sea test (validity, equal, zeros, capitals, centroids, gbif, institutions) [2026-04-14]";TRUE;"Corrected: points were corrected according to locality"
"40";"SURCO:341";"COLOMBIA";"CO";NA;"Municipio de El Pital, Vereda Los Olivos, microcuenca El Obispo";"2.29081111";"-72.85106389";5266;"SURCO2025";TRUE;"2022-02-14";"change1: Set taxonRank=SPECIES from binomial scientificName. | change2: Filled coordinateUncertaintyInMeters from decimal-place precision (conservative). | epi_taxo: acceptedName(match1); authorship_epig(match1); genus_from_scientificName; family_WFO; order_majorGroup_WCVP [2026-03-11] | CoordinateCleaner QA applied without sea test (validity, equal, zeros, capitals, centroids, gbif, institutions) [2026-04-14] | CoordinateCleaner QA applied without sea test (validity, equal, zeros, capitals, centroids, gbif, institutions) [2026-04-14]";TRUE;"Corrected: points were corrected according to locality"
"41";"SURCO:291";"COLOMBIA";"CO";NA;"Municipio de Purace, Bosque Alto Andino, zona de amortiguacion del Parque Natural Purace";"2.30588889";"-76.24441667";8668;"SURCO2025";TRUE;"2016-05-05";"change1: Set taxonRank=SPECIES from binomial scientificName. | change2: Filled coordinateUncertaintyInMeters from decimal-place precision (conservative). | epi_taxo: acceptedName(match1); authorship_epig(match1); genus_from_scientificName; family_WFO; order_majorGroup_WCVP [2026-03-11] | CoordinateCleaner QA applied without sea test (validity, equal, zeros, capitals, centroids, gbif, institutions) [2026-04-14] | CoordinateCleaner QA applied without sea test (validity, equal, zeros, capitals, centroids, gbif, institutions) [2026-04-14]";TRUE;"Corrected: points were corrected according to locality"
"42";"SURCO:458";"COLOMBIA";"CO";NA;"Municipio de Purace, Bosque Alto Andino, zona de amortiguacion del Parque Natural Purace";"2.30588889";"-76.24441667";1950;"SURCO2025";TRUE;"2016-05-05";"change1: Set taxonRank=HYBRID from hybrid marker (x/×). | change2: Filled coordinateUncertaintyInMeters from decimal-place precision (conservative). | epi_taxo: acceptedName(match1); authorship_epig(match1); genus_from_scientificName; family_WFO; order_majorGroup_WCVP [2026-03-11] | CoordinateCleaner QA applied without sea test (validity, equal, zeros, capitals, centroids, gbif, institutions) [2026-04-14] | CoordinateCleaner QA applied without sea test (validity, equal, zeros, capitals, centroids, gbif, institutions) [2026-04-14]";TRUE;"Corrected: points were corrected according to locality"
"43";"SURCO:307";"COLOMBIA";"CO";NA;"Municipio de Purace";"2.33969444";"-76.49705556";5433;"SURCO2025";TRUE;"2015-04-28";"change1: Set taxonRank=SPECIES from binomial scientificName. | change2: Filled coordinateUncertaintyInMeters from decimal-place precision (conservative). | epi_taxo: acceptedName(match1); authorship_epig(match1); genus_from_scientificName; family_WFO; order_majorGroup_WCVP [2026-03-11] | CoordinateCleaner QA applied without sea test (validity, equal, zeros, capitals, centroids, gbif, institutions) [2026-04-14] | CoordinateCleaner QA applied without sea test (validity, equal, zeros, capitals, centroids, gbif, institutions) [2026-04-14]";TRUE;"Corrected: points were corrected according to locality"
"44";"SURCO:244";"COLOMBIA";"CO";NA;"Municipio de Gigante, Vereda Alto Corazal, humedal La Cumbre";"2.34963889";"-75.46986111";2680;"SURCO2025";TRUE;"2012-08-31";"change1: Set taxonRank=SPECIES from binomial scientificName. | change2: Trimmed whitespace in verbatimScientificName (and standardized blanks to NA) | change3: Filled coordinateUncertaintyInMeters from decimal-place precision (conservative). | epi_taxo: acceptedName(match1); authorship_epig(match1); genus_from_scientificName; family_WFO; order_majorGroup_WCVP [2026-03-11] | CoordinateCleaner QA applied without sea test (validity, equal, zeros, capitals, centroids, gbif, institutions) [2026-04-14] | CoordinateCleaner QA applied without sea test (validity, equal, zeros, capitals, centroids, gbif, institutions) [2026-04-14]";TRUE;"Corrected: points were corrected according to locality"
"45";"SURCO:546";"COLOMBIA";"CO";NA;"Municipio de la Plata, Inspeccion de Belen, Vereda La Maria, Hacienda Meremberg";"2.39555556";"-75.45";556;"SURCO2025";TRUE;"2012-10-24";"change1: Trimmed whitespace in scientificName (and standardized blanks to NA) | change2: Trimmed whitespace in verbatimScientificName (and standardized blanks to NA) | change3: Filled coordinateUncertaintyInMeters from decimal-place precision (conservative). | epi_taxo: acceptedName(match1); authorship_epig(match1); genus_from_scientificName; family_WFO; order_majorGroup_WCVP [2026-03-11] | CoordinateCleaner QA applied without sea test (validity, equal, zeros, capitals, centroids, gbif, institutions) [2026-04-14] | CoordinateCleaner QA applied without sea test (validity, equal, zeros, capitals, centroids, gbif, institutions) [2026-04-14]";TRUE;"Corrected: points were corrected according to locality"
"46";"SURCO:547";"COLOMBIA";"CO";NA;"Municipio de la Plata, Inspeccion de Belen, Vereda La Maria, Hacienda Meremberg";"2.39555556";"-75.45";556;"SURCO2025";TRUE;"2012-10-24";"change1: Trimmed whitespace in scientificName (and standardized blanks to NA) | change2: Trimmed whitespace in verbatimScientificName (and standardized blanks to NA) | change3: Filled coordinateUncertaintyInMeters from decimal-place precision (conservative). | epi_taxo: acceptedName(match1); authorship_epig(match1); genus_from_scientificName; family_WFO; order_majorGroup_WCVP [2026-03-11] | CoordinateCleaner QA applied without sea test (validity, equal, zeros, capitals, centroids, gbif, institutions) [2026-04-14] | CoordinateCleaner QA applied without sea test (validity, equal, zeros, capitals, centroids, gbif, institutions) [2026-04-14]";TRUE;"Corrected: points were corrected according to locality"
"47";"SURCO:313";"COLOMBIA";"CO";NA;"Municipio de Hobo. Predios Eco Hotel Los Pinos";"2.48618889";"-75.46973611";4800;"SURCO2025";TRUE;"2024-06-11";"change1: Set taxonRank=SPECIES from binomial scientificName. | change2: Filled coordinateUncertaintyInMeters from decimal-place precision (conservative). | epi_taxo: acceptedName(match1); authorship_epig(match1); genus_from_scientificName; family_WFO; order_majorGroup_WCVP [2026-03-11] | CoordinateCleaner QA applied without sea test (validity, equal, zeros, capitals, centroids, gbif, institutions) [2026-04-14] | CoordinateCleaner QA applied without sea test (validity, equal, zeros, capitals, centroids, gbif, institutions) [2026-04-14]";TRUE;"Corrected: points were corrected according to locality"
"48";"SURCO:330";"COLOMBIA";"CO";NA;"Municipio de Hobo. Predios Eco Hotel Los Pinos";"2.48618889";"-75.46973611";4289;"SURCO2025";TRUE;"2024-06-11";"change1: Set taxonRank=SPECIES from binomial scientificName. | change2: Filled coordinateUncertaintyInMeters from decimal-place precision (conservative). | epi_taxo: acceptedName(match1); authorship_epig(match1); genus_from_scientificName; family_WFO; order_majorGroup_WCVP [2026-03-11] | CoordinateCleaner QA applied without sea test (validity, equal, zeros, capitals, centroids, gbif, institutions) [2026-04-14] | CoordinateCleaner QA applied without sea test (validity, equal, zeros, capitals, centroids, gbif, institutions) [2026-04-14]";TRUE;"Corrected: points were corrected according to locality"
"49";"SURCO:461";"COLOMBIA";"CO";NA;"Municipio de Colombia, Vereda El Dorado";"2.62713889";"-75.73102778";3568;"SURCO2025";TRUE;"2013-09-28";"change1: Set taxonRank=SPECIES from binomial scientificName. | change2: Filled coordinateUncertaintyInMeters from decimal-place precision (conservative). | epi_taxo: acceptedName(match1); authorship_epig(match1); genus_from_scientificName; family_WFO; order_majorGroup_WCVP [2026-03-11] | CoordinateCleaner QA applied without sea test (validity, equal, zeros, capitals, centroids, gbif, institutions) [2026-04-14] | CoordinateCleaner QA applied without sea test (validity, equal, zeros, capitals, centroids, gbif, institutions) [2026-04-14]";TRUE;"Corrected: points were corrected according to locality"
"50";"SURCO:387";"COLOMBIA";"CO";NA;"Municipio de iquira, Vereda Juancho, sector Tarpeya";"2.66555556";"-75.66813889";2055;"SURCO2025";TRUE;"2022-12-05";"change1: Set taxonRank=SPECIES from binomial scientificName. | change2: Filled coordinateUncertaintyInMeters from decimal-place precision (conservative). | epi_taxo: acceptedName(match1); authorship_epig(match1); genus_from_scientificName; family_WFO; order_majorGroup_WCVP [2026-03-11] | CoordinateCleaner QA applied without sea test (validity, equal, zeros, capitals, centroids, gbif, institutions) [2026-04-14] | CoordinateCleaner QA applied without sea test (validity, equal, zeros, capitals, centroids, gbif, institutions) [2026-04-14]";TRUE;"Corrected: points were corrected according to locality"
"51";"SURCO:390";"COLOMBIA";"CO";NA;"Municipio de iquira, Vereda Juancho. Sector Tarpeya";"2.66591667";"-75.66977778";2560;"SURCO2025";TRUE;"2022-12-05";"change1: Set taxonRank=SPECIES from binomial scientificName. | change2: Filled coordinateUncertaintyInMeters from decimal-place precision (conservative). | epi_taxo: acceptedName(match1); authorship_epig(match1); genus_from_scientificName; family_WFO; order_majorGroup_WCVP [2026-03-11] | CoordinateCleaner QA applied without sea test (validity, equal, zeros, capitals, centroids, gbif, institutions) [2026-04-14] | CoordinateCleaner QA applied without sea test (validity, equal, zeros, capitals, centroids, gbif, institutions) [2026-04-14]";TRUE;"Corrected: points were corrected according to locality"
"52";"SURCO:393";"COLOMBIA";"CO";NA;"Municipio de iquira, Vereda Juancho. Sector Tarpeya";"2.66886111";"-75.66858333";4386;"SURCO2025";TRUE;"2022-12-06";"change1: Set taxonRank=SPECIES from binomial scientificName. | change2: Filled coordinateUncertaintyInMeters from decimal-place precision (conservative). | epi_taxo: acceptedName(match1); authorship_epig(match1); genus_from_scientificName; family_WFO; order_majorGroup_WCVP [2026-03-11] | CoordinateCleaner QA applied without sea test (validity, equal, zeros, capitals, centroids, gbif, institutions) [2026-04-14] | CoordinateCleaner QA applied without sea test (validity, equal, zeros, capitals, centroids, gbif, institutions) [2026-04-14]";TRUE;"Corrected: points were corrected according to locality"
"53";"SURCO:256";"COLOMBIA";"CO";NA;"Municipio de Neiva, Vereda La Plata";"2.74072222";"-75.08119444";33938;"SURCO2025";TRUE;"2021-02-13";"change1: Set taxonRank=SPECIES from binomial scientificName. | change2: Trimmed whitespace in verbatimScientificName (and standardized blanks to NA) | change3: Filled coordinateUncertaintyInMeters from decimal-place precision (conservative). | epi_taxo: acceptedName(match1); authorship_epig(match1); genus_from_scientificName; family_WFO; order_majorGroup_WCVP [2026-03-11] | CoordinateCleaner QA applied without sea test (validity, equal, zeros, capitals, centroids, gbif, institutions) [2026-04-14] | CoordinateCleaner QA applied without sea test (validity, equal, zeros, capitals, centroids, gbif, institutions) [2026-04-14]";TRUE;"Corrected: points were corrected according to locality"
"54";"SURCO:389";"COLOMBIA";"CO";NA;"Municipio de Neiva, vereda La Plata";"2.74072222";"-75.08119444";2761;"SURCO2025";TRUE;"2021-02-13";"change1: Set taxonRank=SPECIES from binomial scientificName. | change2: Filled coordinateUncertaintyInMeters from decimal-place precision (conservative). | epi_taxo: acceptedName(match1); authorship_epig(match1); genus_from_scientificName; family_WFO; order_majorGroup_WCVP [2026-03-11] | CoordinateCleaner QA applied without sea test (validity, equal, zeros, capitals, centroids, gbif, institutions) [2026-04-14] | CoordinateCleaner QA applied without sea test (validity, equal, zeros, capitals, centroids, gbif, institutions) [2026-04-14]";TRUE;"Corrected: points were corrected according to locality"
"55";"SURCO:401";"COLOMBIA";"CO";NA;"Municipio de Neiva, Vereda La Plata";"2.74072222";"-75.08119444";8026;"SURCO2025";TRUE;"2021-02-13";"change1: Set taxonRank=SPECIES from binomial scientificName. | change2: Corrected taxonRank (SPECIES→FORM); kept scientificName as-is. | change3: Filled coordinateUncertaintyInMeters from decimal-place precision (conservative). | epi_taxo: acceptedName(match1); authorship_epig(match1); genus_from_scientificName; family_WFO; order_majorGroup_WCVP [2026-03-11] | CoordinateCleaner QA applied without sea test (validity, equal, zeros, capitals, centroids, gbif, institutions) [2026-04-14] | CoordinateCleaner QA applied without sea test (validity, equal, zeros, capitals, centroids, gbif, institutions) [2026-04-14]";TRUE;"Corrected: points were corrected according to locality"
"56";"SURCO:410";"COLOMBIA";"CO";NA;"Municipio de Neiva, vereda La Plata";"2.74072222";"-75.08119444";1699;"SURCO2025";TRUE;"2021-02-13";"change1: Set taxonRank=SPECIES from binomial scientificName. | change2: Trimmed whitespace in verbatimScientificName (and standardized blanks to NA) | change3: Corrected taxonRank (SPECIES→FORM); kept scientificName as-is. | change4: Filled coordinateUncertaintyInMeters from decimal-place precision (conservative). | epi_taxo: acceptedName(match1); authorship_epig(match1); genus_from_scientificName; family_WFO; order_majorGroup_WCVP [2026-03-11] | CoordinateCleaner QA applied without sea test (validity, equal, zeros, capitals, centroids, gbif, institutions) [2026-04-14] | CoordinateCleaner QA applied without sea test (validity, equal, zeros, capitals, centroids, gbif, institutions) [2026-04-14]";TRUE;"Corrected: points were corrected according to locality"
"57";"SURCO:342";"COLOMBIA";"CO";NA;"Municipio de Rivera, Vereda Rio Blanco";"2.74452778";"-75.17930556";3290;"SURCO2025";TRUE;"2019-08-07";"change1: Set taxonRank=SPECIES from binomial scientificName. | change2: Filled coordinateUncertaintyInMeters from decimal-place precision (conservative). | epi_taxo: acceptedName(match1); authorship_epig(match1); genus_from_scientificName; family_WFO; order_majorGroup_WCVP [2026-03-11] | CoordinateCleaner QA applied without sea test (validity, equal, zeros, capitals, centroids, gbif, institutions) [2026-04-14] | CoordinateCleaner QA applied without sea test (validity, equal, zeros, capitals, centroids, gbif, institutions) [2026-04-14]";TRUE;"Corrected: points were corrected according to locality"
"58";"SURCO:434";"COLOMBIA";"CO";NA;"Municipio de Neiva, Vereda La Plata";"2.75458333";"-75.08708333";8889;"SURCO2025";TRUE;"2019-09-30";"change1: Set taxonRank=SPECIES from binomial scientificName. | change2: Filled coordinateUncertaintyInMeters from decimal-place precision (conservative). | epi_taxo: acceptedName(match1); authorship_epig(match1); genus_from_scientificName; family_WFO; order_majorGroup_WCVP [2026-03-11] | CoordinateCleaner QA applied without sea test (validity, equal, zeros, capitals, centroids, gbif, institutions) [2026-04-14] | CoordinateCleaner QA applied without sea test (validity, equal, zeros, capitals, centroids, gbif, institutions) [2026-04-14]";TRUE;"Corrected: points were corrected according to locality"
"59";"SURCO:258";"COLOMBIA";"CO";NA;"Municipio de Santa Maria, Vereda Carmen de Bolivar";"2.82212778";"-75.65995";1;"SURCO2025";TRUE;"2020-11-02";"change1: Set taxonRank=SPECIES from binomial scientificName. | change2: Filled coordinateUncertaintyInMeters from decimal-place precision (conservative). | epi_taxo: acceptedName(match1); authorship_epig(match1); genus_from_scientificName; family_WFO; order_majorGroup_WCVP [2026-03-11] | CoordinateCleaner QA applied without sea test (validity, equal, zeros, capitals, centroids, gbif, institutions) [2026-04-14] | CoordinateCleaner QA applied without sea test (validity, equal, zeros, capitals, centroids, gbif, institutions) [2026-04-14]";TRUE;"Corrected: points were corrected according to locality"
"60";"SURCO:441";"COLOMBIA";"CO";NA;"Municipio de Iquira";"2.82761111";"-75.49069444";8776;"SURCO2025";TRUE;"2019-11-25";"change1: Set taxonRank=SPECIES from binomial scientificName. | change2: Filled coordinateUncertaintyInMeters from decimal-place precision (conservative). | epi_taxo: acceptedName(match1); authorship_epig(match1); genus_from_scientificName; family_WFO; order_majorGroup_WCVP [2026-03-11] | CoordinateCleaner QA applied without sea test (validity, equal, zeros, capitals, centroids, gbif, institutions) [2026-04-14] | CoordinateCleaner QA applied without sea test (validity, equal, zeros, capitals, centroids, gbif, institutions) [2026-04-14]";TRUE;"Corrected: points were corrected according to locality"
"61";"SURCO:403";"COLOMBIA";"CO";NA;"Municipio de Santa Maria, Vereda El Carmen de Bolivar";"2.83752778";"-75.65808333";2239;"SURCO2025";TRUE;"2020-10-30";"change1: Set taxonRank=SPECIES from binomial scientificName. | change2: Filled coordinateUncertaintyInMeters from decimal-place precision (conservative). | epi_taxo: acceptedName(match1); authorship_epig(match1); genus_from_scientificName; family_WFO; order_majorGroup_WCVP [2026-03-11] | CoordinateCleaner QA applied without sea test (validity, equal, zeros, capitals, centroids, gbif, institutions) [2026-04-14] | CoordinateCleaner QA applied without sea test (validity, equal, zeros, capitals, centroids, gbif, institutions) [2026-04-14]";TRUE;"Corrected: points were corrected according to locality"
"62";"SURCO:293";"COLOMBIA";"CO";NA;"Municipio de Santa Maria, Vereda Santa Librada";"2.86786111";"-75.64958333";6437;"SURCO2025";TRUE;"2019-11-10";"change1: Set taxonRank=SPECIES from binomial scientificName. | change2: Filled coordinateUncertaintyInMeters from decimal-place precision (conservative). | epi_taxo: acceptedName(match1); authorship_epig(match1); genus_from_scientificName; family_WFO; order_majorGroup_WCVP [2026-03-11] | CoordinateCleaner QA applied without sea test (validity, equal, zeros, capitals, centroids, gbif, institutions) [2026-04-14] | CoordinateCleaner QA applied without sea test (validity, equal, zeros, capitals, centroids, gbif, institutions) [2026-04-14]";TRUE;"Corrected: points were corrected according to locality"
"63";"SURCO:69";"COLOMBIA";"CO";NA;"Municipio de Neiva. Parque Isla el Mohan";"2.92277778";"-75.29777778";2524;"SURCO2025";TRUE;"2019-11-17";"change1: Set taxonRank=SPECIES from binomial scientificName. | change2: Filled coordinateUncertaintyInMeters from decimal-place precision (conservative). | epi_taxo: acceptedName(match1); authorship_epig(match1); genus_from_scientificName; family_WFO; order_majorGroup_WCVP [2026-03-11] | CoordinateCleaner QA applied without sea test (validity, equal, zeros, capitals, centroids, gbif, institutions) [2026-04-14] | CoordinateCleaner QA applied without sea test (validity, equal, zeros, capitals, centroids, gbif, institutions) [2026-04-14]";TRUE;"Corrected: points were corrected according to locality"
"64";"SURCO:328";"COLOMBIA";"CO";NA;"Municipio de Santa Maria, Vereda Jerusalen. area de influencia del PNN Nevado del Huila";"2.98358056";"-75.65378889";5566;"SURCO2025";TRUE;"2025-02-17";"change1: Set taxonRank=SPECIES from binomial scientificName. | change2: Trimmed whitespace in verbatimScientificName (and standardized blanks to NA) | change3: Filled coordinateUncertaintyInMeters from decimal-place precision (conservative). | epi_taxo: acceptedName(match1); authorship_epig(match1); genus_from_scientificName; family_WFO; order_majorGroup_WCVP [2026-03-11] | CoordinateCleaner QA applied without sea test (validity, equal, zeros, capitals, centroids, gbif, institutions) [2026-04-14] | CoordinateCleaner QA applied without sea test (validity, equal, zeros, capitals, centroids, gbif, institutions) [2026-04-14]";TRUE;"Corrected: points were corrected according to locality"
"65";"SURCO:397";"COLOMBIA";"CO";NA;"Municipio de La Argentina. Humedad La Vega";"2.12654167";"-76.03675833";1863;"SURCO2025";TRUE;"2024-05-31";"change1: Set taxonRank=SPECIES from binomial scientificName. | change2: Filled coordinateUncertaintyInMeters from decimal-place precision (conservative). | epi_taxo: acceptedName(match1); authorship_epig(match1); genus_from_scientificName; family_WFO; order_majorGroup_WCVP [2026-03-11] | CoordinateCleaner QA applied without sea test (validity, equal, zeros, capitals, centroids, gbif, institutions) [2026-04-14] | CoordinateCleaner QA applied without sea test (validity, equal, zeros, capitals, centroids, gbif, institutions) [2026-04-14]";TRUE;"Corrected: points were corrected according to locality"
"66";"SURCO:409";"COLOMBIA";"CO";NA;"Municipio de Garzon. area amortiguadora del Parque Natural Regional Cerro Paramo Miraflores";"2.14138889";"-75.52426389";7431;"SURCO2025";TRUE;"2024-09-28";"change1: Trimmed whitespace in scientificName (and standardized blanks to NA) | change2: Trimmed whitespace in verbatimScientificName (and standardized blanks to NA) | change3: Filled coordinateUncertaintyInMeters from decimal-place precision (conservative). | epi_taxo: acceptedName(match1); authorship_epig(match1); genus_from_scientificName; family_WFO; order_majorGroup_WCVP [2026-03-11] | CoordinateCleaner QA applied without sea test (validity, equal, zeros, capitals, centroids, gbif, institutions) [2026-04-14] | CoordinateCleaner QA applied without sea test (validity, equal, zeros, capitals, centroids, gbif, institutions) [2026-04-14]";TRUE;"Corrected: points were corrected according to locality"
"67";"SURCO:374";"COLOMBIA";"CO";NA;"Municipio de Garzon, vereda Las Mercedes. area amortiguadora del Parque Natural Regional Cerro Paramo de Miraflores";"2.14715556";"-75.52290833";5497;"SURCO2025";TRUE;"2024-09-28";"change1: Set taxonRank=SPECIES from binomial scientificName. | change2: Filled coordinateUncertaintyInMeters from decimal-place precision (conservative). | epi_taxo: acceptedName(match1); authorship_epig(match1); genus_from_scientificName; family_WFO; order_majorGroup_WCVP [2026-03-11] | CoordinateCleaner QA applied without sea test (validity, equal, zeros, capitals, centroids, gbif, institutions) [2026-04-14] | CoordinateCleaner QA applied without sea test (validity, equal, zeros, capitals, centroids, gbif, institutions) [2026-04-14]";TRUE;"Corrected: points were corrected according to locality"
"68";"SURCO:375";"COLOMBIA";"CO";NA;"Municipio de Garzon, vereda Las Mercedes. area amortiguadora del Parque Natural Regional Cerro Paramo de Miraflores";"2.14719722";"-75.52216389";1963;"SURCO2025";TRUE;"2024-09-28";"change1: Set taxonRank=SPECIES from binomial scientificName. | change2: Filled coordinateUncertaintyInMeters from decimal-place precision (conservative). | epi_taxo: acceptedName(match1); authorship_epig(match1); genus_from_scientificName; family_WFO; order_majorGroup_WCVP [2026-03-11] | CoordinateCleaner QA applied without sea test (validity, equal, zeros, capitals, centroids, gbif, institutions) [2026-04-14] | CoordinateCleaner QA applied without sea test (validity, equal, zeros, capitals, centroids, gbif, institutions) [2026-04-14]";TRUE;"Corrected: points were corrected according to locality"
"69";"SURCO:406";"COLOMBIA";"CO";NA;"Municipio de Garzon, Vereda Las Mercedas";"2.14747778";"-75.52293611";7535;"SURCO2025";TRUE;"2023-11-15";"change1: Set taxonRank=SPECIES from binomial scientificName. | change2: Corrected taxonRank (SPECIES→FORM); kept scientificName as-is. | change3: Filled coordinateUncertaintyInMeters from decimal-place precision (conservative). | epi_taxo: acceptedName(match1); authorship_epig(match1); genus_from_scientificName; family_WFO; order_majorGroup_WCVP [2026-03-11] | CoordinateCleaner QA applied without sea test (validity, equal, zeros, capitals, centroids, gbif, institutions) [2026-04-14] | CoordinateCleaner QA applied without sea test (validity, equal, zeros, capitals, centroids, gbif, institutions) [2026-04-14]";TRUE;"Corrected: points were corrected according to locality"
"70";"SURCO:467";"COLOMBIA";"CO";NA;"Municipio de Garzon, Vereda Las Mercedas";"2.14803333";"-75.52293611";8245;"SURCO2025";TRUE;"2023-11-15";"change1: Set taxonRank=SPECIES from binomial scientificName. | change2: Filled coordinateUncertaintyInMeters from decimal-place precision (conservative). | epi_taxo: acceptedName(match1); authorship_epig(match1); genus_from_scientificName; family_WFO; order_majorGroup_WCVP [2026-03-11] | CoordinateCleaner QA applied without sea test (validity, equal, zeros, capitals, centroids, gbif, institutions) [2026-04-14] | CoordinateCleaner QA applied without sea test (validity, equal, zeros, capitals, centroids, gbif, institutions) [2026-04-14]";TRUE;"Corrected: points were corrected according to locality"
"71";"SURCO:483";"COLOMBIA";"CO";NA;"Municipio de Garzon, vereda Las Mercedes. area amortiguadora del Parque Natural Regional Cerro Paramo de Miraflores";"2.14878056";"-75.52525";1;"SURCO2025";TRUE;"2024-09-28";"change1: Set taxonRank=SPECIES from binomial scientificName. | change2: Corrected taxonRank (SPECIES→FORM); kept scientificName as-is. | change3: Filled coordinateUncertaintyInMeters from decimal-place precision (conservative). | epi_taxo: acceptedName(match1); authorship_epig(match1); genus_from_scientificName; family_WFO; order_majorGroup_WCVP [2026-03-11] | CoordinateCleaner QA applied without sea test (validity, equal, zeros, capitals, centroids, gbif, institutions) [2026-04-14] | CoordinateCleaner QA applied without sea test (validity, equal, zeros, capitals, centroids, gbif, institutions) [2026-04-14]";TRUE;"Corrected: points were corrected according to locality"
"72";"SURCO:491";"COLOMBIA";"CO";NA;"Municipio de Garzon, vereda Las Mercedes. area amortiguadora del Parque Natural Regional Cerro Paramo de Miraflores";"2.14878056";"-75.52525";1;"SURCO2025";TRUE;"2024-09-28";"change1: Set taxonRank=SPECIES from binomial scientificName. | change2: Filled coordinateUncertaintyInMeters from decimal-place precision (conservative). | epi_taxo: acceptedName(match1); authorship_epig(match1); genus_from_scientificName; family_WFO; order_majorGroup_WCVP [2026-03-11] | CoordinateCleaner QA applied without sea test (validity, equal, zeros, capitals, centroids, gbif, institutions) [2026-04-14] | CoordinateCleaner QA applied without sea test (validity, equal, zeros, capitals, centroids, gbif, institutions) [2026-04-14]";TRUE;"Corrected: points were corrected according to locality"
"73";"SURCO:463";"COLOMBIA";"CO";NA;"Municipio de Garzon, vereda El Meson, en la ruta que va hacia el area de amortiguamiento del PNR Paramo de Miraflores";"2.15452778";"-75.53988333";6963;"SURCO2025";TRUE;"2023-11-15";"change1: Set taxonRank=SPECIES from binomial scientificName. | change2: Corrected taxonRank (SPECIES→FORM); kept scientificName as-is. | change3: Filled coordinateUncertaintyInMeters from decimal-place precision (conservative). | epi_taxo: acceptedName(match1); authorship_epig(match1); genus_from_scientificName; family_WFO; order_majorGroup_WCVP [2026-03-11] | CoordinateCleaner QA applied without sea test (validity, equal, zeros, capitals, centroids, gbif, institutions) [2026-04-14] | CoordinateCleaner QA applied without sea test (validity, equal, zeros, capitals, centroids, gbif, institutions) [2026-04-14]";TRUE;"Corrected: points were corrected according to locality"
"74";"SURCO:298";"COLOMBIA";"CO";NA;"Municipio de Santa Maria, Vereda Jerusalen. area de influencia del PNN Nevado del Huila";"3.02194444";"-75.65378889";7060;"SURCO2025";TRUE;"2025-02-17";"change1: Set taxonRank=SPECIES from binomial scientificName. | change2: Trimmed whitespace in verbatimScientificName (and standardized blanks to NA) | change3: Corrected taxonRank (SPECIES→FORM); kept scientificName as-is. | change4: Filled coordinateUncertaintyInMeters from decimal-place precision (conservative). | epi_taxo: acceptedName(match1); authorship_epig(match1); genus_from_scientificName; family_WFO; order_majorGroup_WCVP [2026-03-11] | CoordinateCleaner QA applied without sea test (validity, equal, zeros, capitals, centroids, gbif, institutions) [2026-04-14] | CoordinateCleaner QA applied without sea test (validity, equal, zeros, capitals, centroids, gbif, institutions) [2026-04-14]";TRUE;"Corrected: points were corrected according to locality"
"75";"SURCO:604";"COLOMBIA";"CO";NA;"Municipio de Santa Maria, Vereda Jerusalen. area de influencia del PNN Nevado del Huila";"3.02194444";"-75.65378889";1889;"SURCO2025";TRUE;"2025-02-17";"change1: Set taxonRank=SPECIES from binomial scientificName. | change2: Trimmed whitespace in verbatimScientificName (and standardized blanks to NA) | change3: Filled coordinateUncertaintyInMeters from decimal-place precision (conservative). | epi_taxo: acceptedName(match1); authorship_epig(match1); genus_from_scientificName; family_WFO; order_majorGroup_WCVP [2026-03-11] | CoordinateCleaner QA applied without sea test (validity, equal, zeros, capitals, centroids, gbif, institutions) [2026-04-14] | CoordinateCleaner QA applied without sea test (validity, equal, zeros, capitals, centroids, gbif, institutions) [2026-04-14]";TRUE;"Corrected: points were corrected according to locality"
"76";"SURCO:326";"COLOMBIA";"CO";NA;"Municipio de Colombia, Vereda El Dorado";"3.282225";"-74.67946389";4094;"SURCO2025";TRUE;"2021-09-10";"change1: Set taxonRank=SPECIES from binomial scientificName. | change2: Filled coordinateUncertaintyInMeters from decimal-place precision (conservative). | epi_taxo: acceptedName(match1); authorship_epig(match1); genus_from_scientificName; family_WFO; order_majorGroup_WCVP [2026-03-11] | CoordinateCleaner QA applied without sea test (validity, equal, zeros, capitals, centroids, gbif, institutions) [2026-04-14] | CoordinateCleaner QA applied without sea test (validity, equal, zeros, capitals, centroids, gbif, institutions) [2026-04-14]";TRUE;"Corrected: points were corrected according to locality"
"77";"SURCO:432";"COLOMBIA";"CO";NA;"Municipio de Colombia, Vereda El Dorado";"3.282225";"-74.67946389";9548;"SURCO2025";TRUE;"2021-09-10";"change1: Set taxonRank=SPECIES from binomial scientificName. | change2: Filled coordinateUncertaintyInMeters from decimal-place precision (conservative). | epi_taxo: acceptedName(match1); authorship_epig(match1); genus_from_scientificName; family_WFO; order_majorGroup_WCVP [2026-03-11] | CoordinateCleaner QA applied without sea test (validity, equal, zeros, capitals, centroids, gbif, institutions) [2026-04-14] | CoordinateCleaner QA applied without sea test (validity, equal, zeros, capitals, centroids, gbif, institutions) [2026-04-14]";TRUE;"Corrected: points were corrected according to locality"
"78";"SURCO:343";"COLOMBIA";"CO";NA;"Municipio de Colombia, Vereda El Dorado";"3.28803056";"-74.69090278";7838;"SURCO2025";TRUE;"2021-09-10";"change1: Set taxonRank=SPECIES from binomial scientificName. | change2: Filled coordinateUncertaintyInMeters from decimal-place precision (conservative). | epi_taxo: acceptedName(match1); authorship_epig(match1); genus_from_scientificName; family_WFO; order_majorGroup_WCVP [2026-03-11] | CoordinateCleaner QA applied without sea test (validity, equal, zeros, capitals, centroids, gbif, institutions) [2026-04-14] | CoordinateCleaner QA applied without sea test (validity, equal, zeros, capitals, centroids, gbif, institutions) [2026-04-14]";TRUE;"Corrected: points were corrected according to locality"
"79";"SURCO:466";"COLOMBIA";"CO";NA;"Municipio de Colombia, Vereda La Legiosa";"3.29236111";"-74.72772222";7356;"SURCO2025";TRUE;"2021-09-10";"change1: Set taxonRank=SPECIES from binomial scientificName. | change2: Corrected taxonRank (SPECIES→FORM); kept scientificName as-is. | change3: Filled coordinateUncertaintyInMeters from decimal-place precision (conservative). | epi_taxo: acceptedName(match1); authorship_epig(match1); genus_from_scientificName; family_WFO; order_majorGroup_WCVP [2026-03-11] | CoordinateCleaner QA applied without sea test (validity, equal, zeros, capitals, centroids, gbif, institutions) [2026-04-14] | CoordinateCleaner QA applied without sea test (validity, equal, zeros, capitals, centroids, gbif, institutions) [2026-04-14]";TRUE;"Corrected: points were corrected according to locality"
"80";"SURCO:408";"COLOMBIA";"CO";NA;"Municipio de Colombia, Vereda El Dorado";"3.30680556";"-74.70416667";5835;"SURCO2025";TRUE;"2020-02-27";"change1: Set taxonRank=SPECIES from binomial scientificName. | change2: Filled coordinateUncertaintyInMeters from decimal-place precision (conservative). | epi_taxo: acceptedName(match1); authorship_epig(match1); genus_from_scientificName; family_WFO; order_majorGroup_WCVP [2026-03-11] | CoordinateCleaner QA applied without sea test (validity, equal, zeros, capitals, centroids, gbif, institutions) [2026-04-14] | CoordinateCleaner QA applied without sea test (validity, equal, zeros, capitals, centroids, gbif, institutions) [2026-04-14]";TRUE;"Corrected: points were corrected according to locality"
"81";"SURCO:294";"COLOMBIA";"CO";NA;"Municipio de Colombia, Vereda El Dorado";"3.30966667";"-74.6885";6;"SURCO2025";TRUE;"2019-08-07";"change1: Set taxonRank=SPECIES from binomial scientificName. | change2: Trimmed whitespace in verbatimScientificName (and standardized blanks to NA) | change3: Filled coordinateUncertaintyInMeters from decimal-place precision (conservative). | epi_taxo: acceptedName(match1); authorship_epig(match1); genus_from_scientificName; family_WFO; order_majorGroup_WCVP [2026-03-11] | CoordinateCleaner QA applied without sea test (validity, equal, zeros, capitals, centroids, gbif, institutions) [2026-04-14] | CoordinateCleaner QA applied without sea test (validity, equal, zeros, capitals, centroids, gbif, institutions) [2026-04-14]";TRUE;"Corrected: points were corrected according to locality"
"82";"SURCO:411";"COLOMBIA";"CO";NA;"Municipio de Colombia, Vereda El Dorado";"3.31052778";"-74.68175";1;"SURCO2025";TRUE;"2020-02-27";"change1: Set taxonRank=SPECIES from binomial scientificName. | change2: Corrected taxonRank (SPECIES→FORM); kept scientificName as-is. | change3: Filled coordinateUncertaintyInMeters from decimal-place precision (conservative). | epi_taxo: acceptedName(match1); authorship_epig(match1); genus_from_scientificName; family_WFO; order_majorGroup_WCVP [2026-03-11] | CoordinateCleaner QA applied without sea test (validity, equal, zeros, capitals, centroids, gbif, institutions) [2026-04-14] | CoordinateCleaner QA applied without sea test (validity, equal, zeros, capitals, centroids, gbif, institutions) [2026-04-14]";TRUE;"Corrected: points were corrected according to locality"
"83";"SURCO:279";"COLOMBIA";"CO";NA;"Municipio de Colombia, Vereda El Dorado";"3.31333333";"-74.67427778";2361;"SURCO2025";TRUE;"2019-09-30";"change1: Set taxonRank=SPECIES from binomial scientificName. | change2: Corrected taxonRank (SPECIES→FORM); kept scientificName as-is. | change3: Filled coordinateUncertaintyInMeters from decimal-place precision (conservative). | epi_taxo: acceptedName(match1); authorship_epig(match1); genus_from_scientificName; family_WFO; order_majorGroup_WCVP [2026-03-11] | CoordinateCleaner QA applied without sea test (validity, equal, zeros, capitals, centroids, gbif, institutions) [2026-04-14] | CoordinateCleaner QA applied without sea test (validity, equal, zeros, capitals, centroids, gbif, institutions) [2026-04-14]";TRUE;"Corrected: points were corrected according to locality"
"84";"SURCO:474";"COLOMBIA";"CO";NA;"Municipio de Colombia, Vereda El Dorado";"3.31405556";"-74.662";56;"SURCO2025";TRUE;"2019-09-28";"change1: Set taxonRank=SPECIES from binomial scientificName. | change2: Filled coordinateUncertaintyInMeters from decimal-place precision (conservative). | epi_taxo: acceptedName(match1); authorship_epig(match1); genus_from_scientificName; family_WFO; order_majorGroup_WCVP [2026-03-11] | CoordinateCleaner QA applied without sea test (validity, equal, zeros, capitals, centroids, gbif, institutions) [2026-04-14] | CoordinateCleaner QA applied without sea test (validity, equal, zeros, capitals, centroids, gbif, institutions) [2026-04-14]";TRUE;"Corrected: points were corrected according to locality"
"85";"SURCO:448";"COLOMBIA";"CO";NA;"Municipio de Colombia, Vereda El Dorado";"3.31522222";"-74.67197222";2591;"SURCO2025";TRUE;"2019-09-28";"change1: Set taxonRank=SPECIES from binomial scientificName. | change2: Filled coordinateUncertaintyInMeters from decimal-place precision (conservative). | epi_taxo: acceptedName(match1); authorship_epig(match1); genus_from_scientificName; family_WFO; order_majorGroup_WCVP [2026-03-11] | CoordinateCleaner QA applied without sea test (validity, equal, zeros, capitals, centroids, gbif, institutions) [2026-04-14] | CoordinateCleaner QA applied without sea test (validity, equal, zeros, capitals, centroids, gbif, institutions) [2026-04-14]";TRUE;"Corrected: points were corrected according to locality"
"86";"SURCO:426";"COLOMBIA";"CO";NA;"Municipio de Colombia, Vereda El Dorado";"3.31946667";"-74.65205556";8763;"SURCO2025";TRUE;"2020-02-27";"change1: Set taxonRank=SPECIES from binomial scientificName. | change2: Filled coordinateUncertaintyInMeters from decimal-place precision (conservative). | epi_taxo: acceptedName(match1); authorship_epig(match1); genus_from_scientificName; family_WFO; order_majorGroup_WCVP [2026-03-11] | CoordinateCleaner QA applied without sea test (validity, equal, zeros, capitals, centroids, gbif, institutions) [2026-04-14] | CoordinateCleaner QA applied without sea test (validity, equal, zeros, capitals, centroids, gbif, institutions) [2026-04-14]";TRUE;"Corrected: points were corrected according to locality"
"87";"SURCO:427";"COLOMBIA";"CO";NA;"Municipio de Colombia, Vereda El Dorado";"3.31946667";"-74.65205556";6116;"SURCO2025";TRUE;"2020-02-27";"change1: Set taxonRank=SPECIES from binomial scientificName. | change2: Filled coordinateUncertaintyInMeters from decimal-place precision (conservative). | epi_taxo: acceptedName(match1); authorship_epig(match1); genus_from_scientificName; family_WFO; order_majorGroup_WCVP [2026-03-11] | CoordinateCleaner QA applied without sea test (validity, equal, zeros, capitals, centroids, gbif, institutions) [2026-04-14] | CoordinateCleaner QA applied without sea test (validity, equal, zeros, capitals, centroids, gbif, institutions) [2026-04-14]";TRUE;"Corrected: points were corrected according to locality"
"88";"SURCO:323";"COLOMBIA";"CO";NA;"Municipio de Colombia, Vereda El Dorado";"3.32000556";"-74.652";56;"SURCO2025";TRUE;"2021-01-23";"change1: Set taxonRank=SPECIES from binomial scientificName. | change2: Filled coordinateUncertaintyInMeters from decimal-place precision (conservative). | epi_taxo: acceptedName(match1); authorship_epig(match1); genus_from_scientificName; family_WFO; order_majorGroup_WCVP [2026-03-11] | CoordinateCleaner QA applied without sea test (validity, equal, zeros, capitals, centroids, gbif, institutions) [2026-04-14] | CoordinateCleaner QA applied without sea test (validity, equal, zeros, capitals, centroids, gbif, institutions) [2026-04-14]";TRUE;"Corrected: points were corrected according to locality"
"89";"SURCO:324";"COLOMBIA";"CO";NA;"Municipio de Colombia, Vereda El Dorado";"3.32000556";"-74.652";56;"SURCO2025";TRUE;"2021-01-23";"change1: Set taxonRank=SPECIES from binomial scientificName. | change2: Filled coordinateUncertaintyInMeters from decimal-place precision (conservative). | epi_taxo: acceptedName(match1); authorship_epig(match1); genus_from_scientificName; family_WFO; order_majorGroup_WCVP [2026-03-11] | CoordinateCleaner QA applied without sea test (validity, equal, zeros, capitals, centroids, gbif, institutions) [2026-04-14] | CoordinateCleaner QA applied without sea test (validity, equal, zeros, capitals, centroids, gbif, institutions) [2026-04-14]";TRUE;"Corrected: points were corrected according to locality"
"90";"SURCO:325";"COLOMBIA";"CO";NA;"Municipio de Colombia, Vereda El Dorado";"3.32000556";"-74.652";56;"SURCO2025";TRUE;"2021-01-23";"change1: Set taxonRank=SPECIES from binomial scientificName. | change2: Filled coordinateUncertaintyInMeters from decimal-place precision (conservative). | epi_taxo: acceptedName(match1); authorship_epig(match1); genus_from_scientificName; family_WFO; order_majorGroup_WCVP [2026-03-11] | CoordinateCleaner QA applied without sea test (validity, equal, zeros, capitals, centroids, gbif, institutions) [2026-04-14] | CoordinateCleaner QA applied without sea test (validity, equal, zeros, capitals, centroids, gbif, institutions) [2026-04-14]";TRUE;"Corrected: points were corrected according to locality"
"91";"SURCO:425";"COLOMBIA";"CO";NA;"Municipio de Colombia, Vereda El Dorado";"3.32005556";"-74.652";56;"SURCO2025";TRUE;"2021-01-23";"change1: Set taxonRank=SPECIES from binomial scientificName. | change2: Filled coordinateUncertaintyInMeters from decimal-place precision (conservative). | epi_taxo: acceptedName(match1); authorship_epig(match1); genus_from_scientificName; family_WFO; order_majorGroup_WCVP [2026-03-11] | CoordinateCleaner QA applied without sea test (validity, equal, zeros, capitals, centroids, gbif, institutions) [2026-04-14] | CoordinateCleaner QA applied without sea test (validity, equal, zeros, capitals, centroids, gbif, institutions) [2026-04-14]";TRUE;"Corrected: points were corrected according to locality"
"92";"SURCO:471";"COLOMBIA";"CO";NA;"Municipio de Colombia, Vereda El Dorado";"3.32005556";"-74.652";56;"SURCO2025";TRUE;"2020-02-27";"change1: Set taxonRank=SPECIES from binomial scientificName. | change2: Filled coordinateUncertaintyInMeters from decimal-place precision (conservative). | epi_taxo: acceptedName(match1); authorship_epig(match1); genus_from_scientificName; family_WFO; order_majorGroup_WCVP [2026-03-11] | CoordinateCleaner QA applied without sea test (validity, equal, zeros, capitals, centroids, gbif, institutions) [2026-04-14] | CoordinateCleaner QA applied without sea test (validity, equal, zeros, capitals, centroids, gbif, institutions) [2026-04-14]";TRUE;"Corrected: points were corrected according to locality"
"93";"SURCO:472";"COLOMBIA";"CO";NA;"Municipio de Colombia, Vereda El Dorado";"3.32005556";"-74.652";56;"SURCO2025";TRUE;"2020-02-27";"change1: Set taxonRank=SPECIES from binomial scientificName. | change2: Filled coordinateUncertaintyInMeters from decimal-place precision (conservative). | epi_taxo: acceptedName(match1); authorship_epig(match1); genus_from_scientificName; family_WFO; order_majorGroup_WCVP [2026-03-11] | CoordinateCleaner QA applied without sea test (validity, equal, zeros, capitals, centroids, gbif, institutions) [2026-04-14] | CoordinateCleaner QA applied without sea test (validity, equal, zeros, capitals, centroids, gbif, institutions) [2026-04-14]";TRUE;"Corrected: points were corrected according to locality"
"94";"SURCO:460";"COLOMBIA";"CO";NA;"Municipio de Colombia, Vereda Santa Barbara";"3.34238889";"-74.75536111";4691;"SURCO2025";TRUE;"2019-01-26";"change1: Set taxonRank=SPECIES from binomial scientificName. | change2: Filled coordinateUncertaintyInMeters from decimal-place precision (conservative). | epi_taxo: acceptedName(match1); authorship_epig(match1); genus_from_scientificName; family_WFO; order_majorGroup_WCVP [2026-03-11] | CoordinateCleaner QA applied without sea test (validity, equal, zeros, capitals, centroids, gbif, institutions) [2026-04-14] | CoordinateCleaner QA applied without sea test (validity, equal, zeros, capitals, centroids, gbif, institutions) [2026-04-14]";TRUE;"Corrected: points were corrected according to locality"
"95";"SURCO:70";"COLOMBIA";"CO";NA;"Municipio de Neiva. Ecoreserva La Tribuna. Pozo 67, zona 1";"3.06501667";"-75.37825";1;"SURCO2025";TRUE;"2022-01-28";"change1: Set taxonRank=SPECIES from binomial scientificName. | change2: Filled coordinateUncertaintyInMeters from decimal-place precision (conservative). | epi_taxo: acceptedName(match1); authorship_epig(match1); genus_from_scientificName; family_WFO; order_majorGroup_WCVP [2026-03-11] | CoordinateCleaner QA applied without sea test (validity, equal, zeros, capitals, centroids, gbif, institutions) [2026-04-14] | CoordinateCleaner QA applied without sea test (validity, equal, zeros, capitals, centroids, gbif, institutions) [2026-04-14]";TRUE;"Corrected: points were corrected according to locality"
"96";"SURCO:71";"COLOMBIA";"CO";NA;"Municipio de Neiva. Ecoreserva La Tribuna. Pozo 67, zona 1";"3.06501667";"-75.37825";1;"SURCO2025";TRUE;"2022-01-28";"change1: Set taxonRank=SPECIES from binomial scientificName. | change2: Filled coordinateUncertaintyInMeters from decimal-place precision (conservative). | epi_taxo: acceptedName(match1); authorship_epig(match1); genus_from_scientificName; family_WFO; order_majorGroup_WCVP [2026-03-11] | CoordinateCleaner QA applied without sea test (validity, equal, zeros, capitals, centroids, gbif, institutions) [2026-04-14] | CoordinateCleaner QA applied without sea test (validity, equal, zeros, capitals, centroids, gbif, institutions) [2026-04-14]";TRUE;"Corrected: points were corrected according to locality"
"97";"SURCO:72";"COLOMBIA";"CO";NA;"Municipio de Neiva. Ecoreserva La Tribuna. Pozo 67, zona 1";"3.06501667";"-75.37825";1;"SURCO2025";TRUE;"2022-01-28";"change1: Set taxonRank=SPECIES from binomial scientificName. | change2: Filled coordinateUncertaintyInMeters from decimal-place precision (conservative). | epi_taxo: acceptedName(match1); authorship_epig(match1); genus_from_scientificName; family_WFO; order_majorGroup_WCVP [2026-03-11] | CoordinateCleaner QA applied without sea test (validity, equal, zeros, capitals, centroids, gbif, institutions) [2026-04-14] | CoordinateCleaner QA applied without sea test (validity, equal, zeros, capitals, centroids, gbif, institutions) [2026-04-14]";TRUE;"Corrected: points were corrected according to locality"
"98";"SURCO:73";"COLOMBIA";"CO";NA;"Municipio de Neiva. Ecoreserva La Tribuna. Pozo 67, zona 1";"3.06501667";"-75.37825";1;"SURCO2025";TRUE;"2022-01-28";"change1: Set taxonRank=SPECIES from binomial scientificName. | change2: Filled coordinateUncertaintyInMeters from decimal-place precision (conservative). | epi_taxo: acceptedName(match1); authorship_epig(match1); genus_from_scientificName; family_WFO; order_majorGroup_WCVP [2026-03-11] | CoordinateCleaner QA applied without sea test (validity, equal, zeros, capitals, centroids, gbif, institutions) [2026-04-14] | CoordinateCleaner QA applied without sea test (validity, equal, zeros, capitals, centroids, gbif, institutions) [2026-04-14]";TRUE;"Corrected: points were corrected according to locality"
"99";"SURCO:433";"COLOMBIA";"CO";NA;"Municipio de Colombia, Vereda El Dorado";"3.53333333";"-75.10145278";3817;"SURCO2025";TRUE;"2021-01-23";"change1: Set taxonRank=SPECIES from binomial scientificName. | change2: Filled coordinateUncertaintyInMeters from decimal-place precision (conservative). | epi_taxo: acceptedName(match1); authorship_epig(match1); genus_from_scientificName; family_WFO; order_majorGroup_WCVP [2026-03-11] | CoordinateCleaner QA applied without sea test (validity, equal, zeros, capitals, centroids, gbif, institutions) [2026-04-14] | CoordinateCleaner QA applied without sea test (validity, equal, zeros, capitals, centroids, gbif, institutions) [2026-04-14]";TRUE;"Corrected: points were corrected according to locality"
"100";"SURCO:440";"COLOMBIA";"CO";NA;"Municipio de Colombia, Vereda El Dorado";"3.55452778";"-75.07863889";9384;"SURCO2025";TRUE;"2021-01-23";"change1: Set taxonRank=SPECIES from binomial scientificName. | change2: Filled coordinateUncertaintyInMeters from decimal-place precision (conservative). | epi_taxo: acceptedName(match1); authorship_epig(match1); genus_from_scientificName; family_WFO; order_majorGroup_WCVP [2026-03-11] | CoordinateCleaner QA applied without sea test (validity, equal, zeros, capitals, centroids, gbif, institutions) [2026-04-14] | CoordinateCleaner QA applied without sea test (validity, equal, zeros, capitals, centroids, gbif, institutions) [2026-04-14]";TRUE;"Corrected: points were corrected according to locality"
"101";"SURCO:414";"COLOMBIA";"CO";NA;"Municipio de Colombia, Vereda El Dorado";"3.55455556";"-75.07752778";1706;"SURCO2025";TRUE;"2021-01-23";"change1: Set taxonRank=SPECIES from binomial scientificName. | change2: Filled coordinateUncertaintyInMeters from decimal-place precision (conservative). | epi_taxo: acceptedName(match1); authorship_epig(match1); genus_from_scientificName; family_WFO; order_majorGroup_WCVP [2026-03-11] | CoordinateCleaner QA applied without sea test (validity, equal, zeros, capitals, centroids, gbif, institutions) [2026-04-14] | CoordinateCleaner QA applied without sea test (validity, equal, zeros, capitals, centroids, gbif, institutions) [2026-04-14]";TRUE;"Corrected: points were corrected according to locality"
"102";"SURCO:208";"COLOMBIA";"CO";NA;"Municipio de la Plata. Via La Plata-Villa Losada";"1.60636111";"-76.0955";6;"SURCO2025";TRUE;"2016-10-19";"change1: Set taxonRank=SPECIES from binomial scientificName. | change2: Trimmed whitespace in genus (and standardized blanks to NA) | change3: Filled coordinateUncertaintyInMeters from decimal-place precision (conservative). | epi_taxo: acceptedName(match1); authorship_epig(match1); genus_from_scientificName; family_WFO; order_majorGroup_WCVP [2026-03-11] | CoordinateCleaner QA applied without sea test (validity, equal, zeros, capitals, centroids, gbif, institutions) [2026-04-14] | CoordinateCleaner QA applied without sea test (validity, equal, zeros, capitals, centroids, gbif, institutions) [2026-04-14]";TRUE;"Corrected: points were corrected according to locality"
"103";"SURCO:456";"COLOMBIA";"CO";NA;"Municipio de Acevedo, PNN Cueva de los Guacharos, El Pesebre";"1.60636111";"-76.0955";6;"SURCO2025";TRUE;"2012-04-27";"change1: Set taxonRank=SPECIES from binomial scientificName. | change2: Filled coordinateUncertaintyInMeters from decimal-place precision (conservative). | epi_taxo: acceptedName(match1); authorship_epig(match1); genus_from_scientificName; family_WFO; order_majorGroup_WCVP [2026-03-11] | CoordinateCleaner QA applied without sea test (validity, equal, zeros, capitals, centroids, gbif, institutions) [2026-04-14] | CoordinateCleaner QA applied without sea test (validity, equal, zeros, capitals, centroids, gbif, institutions) [2026-04-14]";TRUE;"Corrected: points were corrected according to locality"
"104";"SURCO:263";"COLOMBIA";"CO";NA;"Municipio de Acevedo, Corredor biologico Guacharos Purace";"1.61567778";"-76.10123611";1518;"SURCO2025";TRUE;"2024-10-23";"change1: Set taxonRank=SPECIES from binomial scientificName. | change2: Trimmed whitespace in verbatimScientificName (and standardized blanks to NA) | change3: Filled coordinateUncertaintyInMeters from decimal-place precision (conservative). | epi_taxo: acceptedName(match1); authorship_epig(match1); genus_from_scientificName; family_WFO; order_majorGroup_WCVP [2026-03-11] | CoordinateCleaner QA applied without sea test (validity, equal, zeros, capitals, centroids, gbif, institutions) [2026-04-14] | CoordinateCleaner QA applied without sea test (validity, equal, zeros, capitals, centroids, gbif, institutions) [2026-04-14]";TRUE;"Corrected: points were corrected according to locality"
"105";"SURCO:264";"COLOMBIA";"CO";NA;"Municipio de Acevedo, Corredor biologico Guacharos Purace";"1.61567778";"-76.10123611";1518;"SURCO2025";TRUE;"2024-10-23";"change1: Set taxonRank=SPECIES from binomial scientificName. | change2: Trimmed whitespace in verbatimScientificName (and standardized blanks to NA) | change3: Filled coordinateUncertaintyInMeters from decimal-place precision (conservative). | epi_taxo: acceptedName(match1); authorship_epig(match1); genus_from_scientificName; family_WFO; order_majorGroup_WCVP [2026-03-11] | CoordinateCleaner QA applied without sea test (validity, equal, zeros, capitals, centroids, gbif, institutions) [2026-04-14] | CoordinateCleaner QA applied without sea test (validity, equal, zeros, capitals, centroids, gbif, institutions) [2026-04-14]";TRUE;"Corrected: points were corrected according to locality"
"106";"SURCO:350";"COLOMBIA";"CO";NA;"Municipio de Acevedo, Corredor biologico Guacharos Purace";"1.63328889";"-76.102725";7915;"SURCO2025";TRUE;"2025-02-15";"change1: Set taxonRank=SPECIES from binomial scientificName. | change2: Trimmed whitespace in verbatimScientificName (and standardized blanks to NA) | change3: Filled coordinateUncertaintyInMeters from decimal-place precision (conservative). | epi_taxo: acceptedName(match1); authorship_epig(match1); genus_from_scientificName; family_WFO; order_majorGroup_WCVP [2026-03-11] | CoordinateCleaner QA applied without sea test (validity, equal, zeros, capitals, centroids, gbif, institutions) [2026-04-14] | CoordinateCleaner QA applied without sea test (validity, equal, zeros, capitals, centroids, gbif, institutions) [2026-04-14]";TRUE;"Corrected: points were corrected according to locality"
"107";"SURCO:170";"COLOMBIA";"CO";NA;"Municipio de Acevedo, Corregimiento San Adolfo, vereda La Ilusion. Camino a la Cueva de Los Guacharos, Bosque de Colombobalanus excelsa";"1.64938889";"-76.03580556";6852;"SURCO2025";TRUE;"2014-02-22";"change1: Set taxonRank=SPECIES from binomial scientificName. | change2: Filled coordinateUncertaintyInMeters from decimal-place precision (conservative). | epi_taxo: acceptedName(match1); authorship_epig(match1); genus_from_scientificName; family_WFO; order_majorGroup_WCVP [2026-03-11] | CoordinateCleaner QA applied without sea test (validity, equal, zeros, capitals, centroids, gbif, institutions) [2026-04-14] | CoordinateCleaner QA applied without sea test (validity, equal, zeros, capitals, centroids, gbif, institutions) [2026-04-14]";TRUE;"Corrected: points were corrected according to locality"
"108";"SURCO:169";"COLOMBIA";"CO";NA;"Municipio de Acevedo, Corregimiento San Adolfo, vereda La Ilusion. Camino a la Cueva de Los Guacharos, Bosque de Colombobalanus excelsa";"1.6555";"-76.03080556";6;"SURCO2025";TRUE;"2014-02-20";"change1: Set taxonRank=SPECIES from binomial scientificName. | change2: Filled coordinateUncertaintyInMeters from decimal-place precision (conservative). | epi_taxo: acceptedName(match1); authorship_epig(match1); genus_from_scientificName; family_WFO; order_majorGroup_WCVP [2026-03-11] | CoordinateCleaner QA applied without sea test (validity, equal, zeros, capitals, centroids, gbif, institutions) [2026-04-14] | CoordinateCleaner QA applied without sea test (validity, equal, zeros, capitals, centroids, gbif, institutions) [2026-04-14]";TRUE;"Corrected: points were corrected according to locality"
"109";"SURCO:33";"COLOMBIA";"CO";NA;"Municipio de Palestina, Vereda Villa del Macizo.Corredor biologico Guacharos Purace.";"1.65554167";"-76.10774167";8207;"SURCO2025";TRUE;"2024-10-22";"change1: Trimmed whitespace in scientificName (and standardized blanks to NA) | change2: Trimmed whitespace in verbatimScientificName (and standardized blanks to NA) | change3: Filled coordinateUncertaintyInMeters from decimal-place precision (conservative). | epi_taxo: acceptedName(match1); authorship_epig(match1); genus_from_scientificName; family_WFO; order_majorGroup_WCVP [2026-03-11] | CoordinateCleaner QA applied without sea test (validity, equal, zeros, capitals, centroids, gbif, institutions) [2026-04-14] | CoordinateCleaner QA applied without sea test (validity, equal, zeros, capitals, centroids, gbif, institutions) [2026-04-14]";TRUE;"Corrected: points were corrected according to locality"
"110";"SURCO:455";"COLOMBIA";"CO";NA;"Municipio de Palestina, Vereda Villa del Macizo.Corredor biologico Guacharos Purace.";"1.65554167";"-76.10774167";6211;"SURCO2025";TRUE;"2024-10-22";"change1: Set taxonRank=SPECIES from binomial scientificName. | change2: Filled coordinateUncertaintyInMeters from decimal-place precision (conservative). | epi_taxo: acceptedName(match1); authorship_epig(match1); genus_from_scientificName; family_WFO; order_majorGroup_WCVP [2026-03-11] | CoordinateCleaner QA applied without sea test (validity, equal, zeros, capitals, centroids, gbif, institutions) [2026-04-14] | CoordinateCleaner QA applied without sea test (validity, equal, zeros, capitals, centroids, gbif, institutions) [2026-04-14]";TRUE;"Corrected: points were corrected according to locality"
"111";"SURCO:454";"COLOMBIA";"CO";NA;"Municipio de Palestina, Zona de amortiguacion PNN Cueva de los Guacharos. Reserva la Riviera";"1.65780556";"-76.18669444";4127;"SURCO2025";TRUE;"2018-10-25";"change1: Set taxonRank=SPECIES from binomial scientificName. | change2: Filled coordinateUncertaintyInMeters from decimal-place precision (conservative). | epi_taxo: acceptedName(match1); authorship_epig(match1); genus_from_scientificName; family_WFO; order_majorGroup_WCVP [2026-03-11] | CoordinateCleaner QA applied without sea test (validity, equal, zeros, capitals, centroids, gbif, institutions) [2026-04-14] | CoordinateCleaner QA applied without sea test (validity, equal, zeros, capitals, centroids, gbif, institutions) [2026-04-14]";TRUE;"Corrected: points were corrected according to locality"
"112";"SURCO:34";"COLOMBIA";"CO";NA;"Municipio de Palestina, Vereda Villa del Macizo.Corredor biologico Guacharos Purace.";"1.65913611";"-76.10023889";7342;"SURCO2025";TRUE;"2024-10-25";"change1: Trimmed whitespace in scientificName (and standardized blanks to NA) | change2: Trimmed whitespace in verbatimScientificName (and standardized blanks to NA) | change3: Filled coordinateUncertaintyInMeters from decimal-place precision (conservative). | epi_taxo: acceptedName(match1); authorship_epig(match1); genus_from_scientificName; family_WFO; order_majorGroup_WCVP [2026-03-11] | CoordinateCleaner QA applied without sea test (validity, equal, zeros, capitals, centroids, gbif, institutions) [2026-04-14] | CoordinateCleaner QA applied without sea test (validity, equal, zeros, capitals, centroids, gbif, institutions) [2026-04-14]";TRUE;"Corrected: points were corrected according to locality"
"113";"SURCO:190";"COLOMBIA";"CO";NA;"Municipio de Palestina, Zona de amortiguacion PNN Cueva de los Guacharos. Reserva la Riviera";"1.65925";"-76.18608333";1;"SURCO2025";TRUE;"2018-10-25";"change1: Set taxonRank=SPECIES from binomial scientificName. | change2: Filled coordinateUncertaintyInMeters from decimal-place precision (conservative). | epi_taxo: acceptedName(match1); authorship_epig(match1); genus_from_scientificName; family_WFO; order_majorGroup_WCVP [2026-03-11] | CoordinateCleaner QA applied without sea test (validity, equal, zeros, capitals, centroids, gbif, institutions) [2026-04-14] | CoordinateCleaner QA applied without sea test (validity, equal, zeros, capitals, centroids, gbif, institutions) [2026-04-14]";TRUE;"Corrected: points were corrected according to locality"
"114";"SURCO:145";"COLOMBIA";"CO";NA;"Municipio de Palestina.Zona de amortiguacion PNN Cueva de los Guacharos.Reserva La Riviera";"1.66411111";"-76.18791667";33938;"SURCO2025";TRUE;"2018-10-25";"change1: Set taxonRank=SPECIES from binomial scientificName. | change2: Filled coordinateUncertaintyInMeters from decimal-place precision (conservative). | epi_taxo: acceptedName(match1); authorship_epig(match1); genus_from_scientificName; family_WFO; order_majorGroup_WCVP [2026-03-11] | CoordinateCleaner QA applied without sea test (validity, equal, zeros, capitals, centroids, gbif, institutions) [2026-04-14] | CoordinateCleaner QA applied without sea test (validity, equal, zeros, capitals, centroids, gbif, institutions) [2026-04-14]";TRUE;"Corrected: points were corrected according to locality"
"115";"SURCO:146";"COLOMBIA";"CO";NA;"Municipio de Palestina.Zona de amortiguacion PNN Cueva de los Guacharos.Reserva La Riviera";"1.66411111";"-76.18791667";33938;"SURCO2025";TRUE;"2018-10-25";"change1: Set taxonRank=SPECIES from binomial scientificName. | change2: Filled coordinateUncertaintyInMeters from decimal-place precision (conservative). | epi_taxo: acceptedName(match1); authorship_epig(match1); genus_from_scientificName; family_WFO; order_majorGroup_WCVP [2026-03-11] | CoordinateCleaner QA applied without sea test (validity, equal, zeros, capitals, centroids, gbif, institutions) [2026-04-14] | CoordinateCleaner QA applied without sea test (validity, equal, zeros, capitals, centroids, gbif, institutions) [2026-04-14]";TRUE;"Corrected: points were corrected according to locality"
"116";"SURCO:32";"COLOMBIA";"CO";NA;"Municipio de Palestina. Vereda La Mensura, reserva Drymofhila Caudata";"1.66458333";"-76.10825";1;"SURCO2025";TRUE;"2019-11-07";"change1: Set taxonRank=SPECIES from binomial scientificName. | change2: Filled coordinateUncertaintyInMeters from decimal-place precision (conservative). | epi_taxo: acceptedName(match1); authorship_epig(match1); genus_from_scientificName; family_WFO; order_majorGroup_WCVP [2026-03-11] | CoordinateCleaner QA applied without sea test (validity, equal, zeros, capitals, centroids, gbif, institutions) [2026-04-14] | CoordinateCleaner QA applied without sea test (validity, equal, zeros, capitals, centroids, gbif, institutions) [2026-04-14]";TRUE;"Corrected: points were corrected according to locality"
"117";"SURCO:49";"COLOMBIA";"CO";NA;"Municipio de Acevedo. Vereda Villa Fatima";"1.67304722";"-75.91984444";6308;"SURCO2025";TRUE;"2023-01-06";"change1: Set taxonRank=SPECIES from binomial scientificName. | change2: Filled coordinateUncertaintyInMeters from decimal-place precision (conservative). | epi_taxo: acceptedName(match1); authorship_epig(match1); genus_from_scientificName; family_WFO; order_majorGroup_WCVP [2026-03-11] | CoordinateCleaner QA applied without sea test (validity, equal, zeros, capitals, centroids, gbif, institutions) [2026-04-14] | CoordinateCleaner QA applied without sea test (validity, equal, zeros, capitals, centroids, gbif, institutions) [2026-04-14]";TRUE;"Corrected: points were corrected according to locality"
"118";"SURCO:53";"COLOMBIA";"CO";NA;"Municipio de Acevedo. Vereda Villa Fatima";"1.67304722";"-75.91984444";7196;"SURCO2025";TRUE;"2023-01-25";"change1: Set taxonRank=SPECIES from binomial scientificName. | change2: Filled coordinateUncertaintyInMeters from decimal-place precision (conservative). | epi_taxo: acceptedName(match1); authorship_epig(match1); genus_from_scientificName; family_WFO; order_majorGroup_WCVP [2026-03-11] | CoordinateCleaner QA applied without sea test (validity, equal, zeros, capitals, centroids, gbif, institutions) [2026-04-14] | CoordinateCleaner QA applied without sea test (validity, equal, zeros, capitals, centroids, gbif, institutions) [2026-04-14]";TRUE;"Corrected: points were corrected according to locality"
"119";"SURCO:57";"COLOMBIA";"CO";NA;"Municipio de Acevedo. Vereda Villa Fatima";"1.67304722";"-75.91984444";4536;"SURCO2025";TRUE;"2023-01-06";"change1: Set taxonRank=SPECIES from binomial scientificName. | change2: Filled coordinateUncertaintyInMeters from decimal-place precision (conservative). | epi_taxo: acceptedName(match1); authorship_epig(match1); genus_from_scientificName; family_WFO; order_majorGroup_WCVP [2026-03-11] | CoordinateCleaner QA applied without sea test (validity, equal, zeros, capitals, centroids, gbif, institutions) [2026-04-14] | CoordinateCleaner QA applied without sea test (validity, equal, zeros, capitals, centroids, gbif, institutions) [2026-04-14]";TRUE;"Corrected: points were corrected according to locality"
"120";"SURCO:238";"COLOMBIA";"CO";NA;"Municipio de Acevedo, Vereda Villa Fatima";"1.67304722";"-77.91984444";9550;"SURCO2025";TRUE;"2023-01-06";"change1: Set taxonRank=SPECIES from binomial scientificName. | change2: Filled coordinateUncertaintyInMeters from decimal-place precision (conservative). | epi_taxo: acceptedName(match1); authorship_epig(match1); genus_from_scientificName; family_WFO; order_majorGroup_WCVP [2026-03-11] | CoordinateCleaner QA applied without sea test (validity, equal, zeros, capitals, centroids, gbif, institutions) [2026-04-14] | CoordinateCleaner QA applied without sea test (validity, equal, zeros, capitals, centroids, gbif, institutions) [2026-04-14]";TRUE;"Corrected: points were corrected according to locality"
"121";"SURCO:42";"COLOMBIA";"CO";NA;"Municipio de San Agustin a 500m del Hostal Manu Viajeros";"1.70158333";"-76.2895";6;"SURCO2025";TRUE;"2019-07-18";"change1: Set taxonRank=SPECIES from binomial scientificName. | change2: Filled coordinateUncertaintyInMeters from decimal-place precision (conservative). | epi_taxo: acceptedName(match1); authorship_epig(match1); genus_from_scientificName; family_WFO; order_majorGroup_WCVP [2026-03-11] | CoordinateCleaner QA applied without sea test (validity, equal, zeros, capitals, centroids, gbif, institutions) [2026-04-14] | CoordinateCleaner QA applied without sea test (validity, equal, zeros, capitals, centroids, gbif, institutions) [2026-04-14]";TRUE;"Corrected: points were corrected according to locality"
"122";"SURCO:382";"COLOMBIA";"CO";NA;"Municipio de Palestina, Vereda Santa Barbara, Reserva El Encanto";"1.72166667";"-76.11861111";7087;"SURCO2025";TRUE;"2017-10-12";"change1: Set taxonRank=SPECIES from binomial scientificName. | change2: Corrected taxonRank (SPECIES→FORM); kept scientificName as-is. | change3: Filled coordinateUncertaintyInMeters from decimal-place precision (conservative). | epi_taxo: acceptedName(match1); authorship_epig(match1); genus_from_scientificName; family_WFO; order_majorGroup_WCVP [2026-03-11] | CoordinateCleaner QA applied without sea test (validity, equal, zeros, capitals, centroids, gbif, institutions) [2026-04-14] | CoordinateCleaner QA applied without sea test (validity, equal, zeros, capitals, centroids, gbif, institutions) [2026-04-14]";TRUE;"Corrected: points were corrected according to locality"
"123";"SURCO:479";"COLOMBIA";"CO";NA;"Municipio de Palestina, Vereda Santa Barbara, Reserva El Encanto";"1.72275";"-76.11861111";1;"SURCO2025";TRUE;"2017-10-12";"change1: Set taxonRank=SPECIES from binomial scientificName. | change2: Corrected taxonRank (SPECIES→FORM); kept scientificName as-is. | change3: Filled coordinateUncertaintyInMeters from decimal-place precision (conservative). | epi_taxo: acceptedName(match1); authorship_epig(match1); genus_from_scientificName; family_WFO; order_majorGroup_WCVP [2026-03-11] | CoordinateCleaner QA applied without sea test (validity, equal, zeros, capitals, centroids, gbif, institutions) [2026-04-14] | CoordinateCleaner QA applied without sea test (validity, equal, zeros, capitals, centroids, gbif, institutions) [2026-04-14]";TRUE;"Corrected: points were corrected according to locality"
"124";"SURCO:220";"COLOMBIA";"CO";NA;"Municipio de Palestina, Vereda Santa Barbara";"1.72847222";"-76.11522222";2226;"SURCO2025";TRUE;"2005-10-25";"change1: Set taxonRank=SPECIES from binomial scientificName. | change2: Trimmed whitespace in verbatimScientificName (and standardized blanks to NA) | change3: Filled coordinateUncertaintyInMeters from decimal-place precision (conservative). | epi_taxo: acceptedName(match1); authorship_epig(match1); genus_from_scientificName; family_WFO; order_majorGroup_WCVP [2026-03-11] | CoordinateCleaner QA applied without sea test (validity, equal, zeros, capitals, centroids, gbif, institutions) [2026-04-14] | CoordinateCleaner QA applied without sea test (validity, equal, zeros, capitals, centroids, gbif, institutions) [2026-04-14]";TRUE;"Corrected: points were corrected according to locality"
"125";"SURCO:79";"COLOMBIA";"CO";NA;"Municipio de Acevedo. Vereda Las Delicias";"2.04055556";"-76.09222222";3501;"SURCO2025";TRUE;"2014-01-06";"change1: Set taxonRank=SPECIES from binomial scientificName. | change2: Filled coordinateUncertaintyInMeters from decimal-place precision (conservative). | epi_taxo: acceptedName(match1); authorship_epig(match1); genus_from_scientificName; family_WFO; order_majorGroup_WCVP [2026-03-11] | CoordinateCleaner QA applied without sea test (validity, equal, zeros, capitals, centroids, gbif, institutions) [2026-04-14] | CoordinateCleaner QA applied without sea test (validity, equal, zeros, capitals, centroids, gbif, institutions) [2026-04-14]";TRUE;"Corrected: points were corrected according to locality"
"126";"SURCO:260";"COLOMBIA";"CO";NA;"Municipio de Acevedo, Vereda las Delicias";"2.04055556";"-76.09222222";2388;"SURCO2025";TRUE;"2014-01-03";"change1: Set taxonRank=SPECIES from binomial scientificName. | change2: Trimmed whitespace in verbatimScientificName (and standardized blanks to NA) | change3: Corrected taxonRank (SPECIES→FORM); kept scientificName as-is. | change4: Filled coordinateUncertaintyInMeters from decimal-place precision (conservative). | epi_taxo: acceptedName(match1); authorship_epig(match1); genus_from_scientificName; family_WFO; order_majorGroup_WCVP [2026-03-11] | CoordinateCleaner QA applied without sea test (validity, equal, zeros, capitals, centroids, gbif, institutions) [2026-04-14] | CoordinateCleaner QA applied without sea test (validity, equal, zeros, capitals, centroids, gbif, institutions) [2026-04-14]";TRUE;"Corrected: points were corrected according to locality"
"127";"SURCO:261";"COLOMBIA";"CO";NA;"Municipio de Acevedo, Vereda las Delicias";"2.04055556";"-76.09222222";897;"SURCO2025";TRUE;"2014-01-03";"change1: Set taxonRank=SPECIES from binomial scientificName. | change2: Trimmed whitespace in verbatimScientificName (and standardized blanks to NA) | change3: Corrected taxonRank (SPECIES→FORM); kept scientificName as-is. | change4: Filled coordinateUncertaintyInMeters from decimal-place precision (conservative). | epi_taxo: acceptedName(match1); authorship_epig(match1); genus_from_scientificName; family_WFO; order_majorGroup_WCVP [2026-03-11] | CoordinateCleaner QA applied without sea test (validity, equal, zeros, capitals, centroids, gbif, institutions) [2026-04-14] | CoordinateCleaner QA applied without sea test (validity, equal, zeros, capitals, centroids, gbif, institutions) [2026-04-14]";TRUE;"Corrected: points were corrected according to locality"
"128";"SURCO:58";"COLOMBIA";"CO";NA;"Municipio de San Agustin. Vereda La Castellana, Reserva Privada Los Yalcones, Intefluo quebrada El Palmar- rio Balseros";"1.79555556";"-76.35138889";4877;"SURCO2025";TRUE;"2005-08-20";"change1: Set taxonRank=SPECIES from binomial scientificName. | change2: Filled coordinateUncertaintyInMeters from decimal-place precision (conservative). | epi_taxo: acceptedName(match1); authorship_epig(match1); genus_from_scientificName; family_WFO; order_majorGroup_WCVP [2026-03-11] | CoordinateCleaner QA applied without sea test (validity, equal, zeros, capitals, centroids, gbif, institutions) [2026-04-14] | CoordinateCleaner QA applied without sea test (validity, equal, zeros, capitals, centroids, gbif, institutions) [2026-04-14]";TRUE;"Corrected: points were corrected according to locality"
"129";"SURCO:03";"COLOMBIA";"CO";NA;"Municipio de Acevedo, Vereda Delicias";"1.94055556";"-76.01416667";6856;"SURCO2025";TRUE;"2014-01-04";"change1: Set taxonRank=SPECIES from binomial scientificName. | change2: Filled coordinateUncertaintyInMeters from decimal-place precision (conservative). | epi_taxo: acceptedName(match1); authorship_epig(match1); genus_from_scientificName; family_WFO; order_majorGroup_WCVP [2026-03-11] | CoordinateCleaner QA applied without sea test (validity, equal, zeros, capitals, centroids, gbif, institutions) [2026-04-14] | CoordinateCleaner QA applied without sea test (validity, equal, zeros, capitals, centroids, gbif, institutions) [2026-04-14]";TRUE;"Corrected: points were corrected according to locality"
"130";"SURCO:04";"COLOMBIA";"CO";NA;"Municipio de Acevedo, Vereda Delicias";"1.94055556";"-76.01416667";6856;"SURCO2025";TRUE;"2014-01-05";"change1: Set taxonRank=SPECIES from binomial scientificName. | change2: Filled coordinateUncertaintyInMeters from decimal-place precision (conservative). | epi_taxo: acceptedName(match1); authorship_epig(match1); genus_from_scientificName; family_WFO; order_majorGroup_WCVP [2026-03-11] | CoordinateCleaner QA applied without sea test (validity, equal, zeros, capitals, centroids, gbif, institutions) [2026-04-14] | CoordinateCleaner QA applied without sea test (validity, equal, zeros, capitals, centroids, gbif, institutions) [2026-04-14]";TRUE;"Corrected: points were corrected according to locality"
"131";"SURCO:05";"COLOMBIA";"CO";NA;"Municipio de Acevedo, Vereda Delicias";"1.94055556";"-76.01416667";6856;"SURCO2025";TRUE;"2014-01-06";"change1: Set taxonRank=SPECIES from binomial scientificName. | change2: Filled coordinateUncertaintyInMeters from decimal-place precision (conservative). | epi_taxo: acceptedName(match1); authorship_epig(match1); genus_from_scientificName; family_WFO; order_majorGroup_WCVP [2026-03-11] | CoordinateCleaner QA applied without sea test (validity, equal, zeros, capitals, centroids, gbif, institutions) [2026-04-14] | CoordinateCleaner QA applied without sea test (validity, equal, zeros, capitals, centroids, gbif, institutions) [2026-04-14]";TRUE;"Corrected: points were corrected according to locality"
"132";"SURCO:276";"COLOMBIA";"CO";NA;"Municipio de San Agustin, Vereda Los Cauchos.En predios de la Reserva de la Sociedad Civil CIMA";"1.81644722";"-76.22745833";5018;"SURCO2025";TRUE;"2023-11-16";"change1: Set taxonRank=SPECIES from binomial scientificName. | change2: Corrected taxonRank (SPECIES→FORM); kept scientificName as-is. | change3: Filled coordinateUncertaintyInMeters from decimal-place precision (conservative). | epi_taxo: acceptedName(match1); authorship_epig(match1); genus_from_scientificName; family_WFO; order_majorGroup_WCVP [2026-03-11] | CoordinateCleaner QA applied without sea test (validity, equal, zeros, capitals, centroids, gbif, institutions) [2026-04-14] | CoordinateCleaner QA applied without sea test (validity, equal, zeros, capitals, centroids, gbif, institutions) [2026-04-14]";TRUE;"Corrected: points were corrected according to locality"
"133";"SURCO:347";"COLOMBIA";"CO";NA;"Municipio de San Agustin, Vereda Los Cauchos.En predios de la Reserva de la Sociedad Civil CIMA";"1.81644722";"-76.22745833";5382;"SURCO2025";TRUE;"2023-11-16";"change1: Set taxonRank=SPECIES from binomial scientificName. | change2: Filled coordinateUncertaintyInMeters from decimal-place precision (conservative). | epi_taxo: acceptedName(match1); authorship_epig(match1); genus_from_scientificName; family_WFO; order_majorGroup_WCVP [2026-03-11] | CoordinateCleaner QA applied without sea test (validity, equal, zeros, capitals, centroids, gbif, institutions) [2026-04-14] | CoordinateCleaner QA applied without sea test (validity, equal, zeros, capitals, centroids, gbif, institutions) [2026-04-14]";TRUE;"Corrected: points were corrected according to locality"
"134";"SURCO:348";"COLOMBIA";"CO";NA;"Municipio de San Agustin, Vereda Los Cauchos.En predios de la Reserva de la Sociedad Civil CIMA";"1.81644722";"-76.22745833";8118;"SURCO2025";TRUE;"2023-11-16";"change1: Set taxonRank=SPECIES from binomial scientificName. | change2: Filled coordinateUncertaintyInMeters from decimal-place precision (conservative). | epi_taxo: acceptedName(match1); authorship_epig(match1); genus_from_scientificName; family_WFO; order_majorGroup_WCVP [2026-03-11] | CoordinateCleaner QA applied without sea test (validity, equal, zeros, capitals, centroids, gbif, institutions) [2026-04-14] | CoordinateCleaner QA applied without sea test (validity, equal, zeros, capitals, centroids, gbif, institutions) [2026-04-14]";TRUE;"Corrected: points were corrected according to locality"
"135";"SURCO:277";"COLOMBIA";"CO";NA;"Municipio de Acevedo, En ruta hacia los Tuneles, Caqueta";"1.82326111";"-75.80071389";4467;"SURCO2025";TRUE;"2023-10-04";"change1: Set taxonRank=SPECIES from binomial scientificName. | change2: Corrected taxonRank (SPECIES→FORM); kept scientificName as-is. | change3: Filled coordinateUncertaintyInMeters from decimal-place precision (conservative). | epi_taxo: acceptedName(match1); authorship_epig(match1); genus_from_scientificName; family_WFO; order_majorGroup_WCVP [2026-03-11] | CoordinateCleaner QA applied without sea test (validity, equal, zeros, capitals, centroids, gbif, institutions) [2026-04-14] | CoordinateCleaner QA applied without sea test (validity, equal, zeros, capitals, centroids, gbif, institutions) [2026-04-14]";TRUE;"Corrected: points were corrected according to locality"
"136";"SURCO:50";"COLOMBIA";"CO";NA;"Municipio de Acevedo. Vereda Villa Fatima";"1.82868889";"-77.03009722";7272;"SURCO2025";TRUE;"2023-01-24";"change1: Set taxonRank=SPECIES from binomial scientificName. | change2: Filled coordinateUncertaintyInMeters from decimal-place precision (conservative). | epi_taxo: acceptedName(match1); authorship_epig(match1); genus_from_scientificName; family_WFO; order_majorGroup_WCVP [2026-03-11] | CoordinateCleaner QA applied without sea test (validity, equal, zeros, capitals, centroids, gbif, institutions) [2026-04-14] | CoordinateCleaner QA applied without sea test (validity, equal, zeros, capitals, centroids, gbif, institutions) [2026-04-14]";TRUE;"Corrected: points were corrected according to locality"
"137";"SURCO:51";"COLOMBIA";"CO";NA;"Municipio de Acevedo. Vereda Villa Fatima";"1.82868889";"-77.03009722";9269;"SURCO2025";TRUE;"2023-01-24";"change1: Set taxonRank=SPECIES from binomial scientificName. | change2: Filled coordinateUncertaintyInMeters from decimal-place precision (conservative). | epi_taxo: acceptedName(match1); authorship_epig(match1); genus_from_scientificName; family_WFO; order_majorGroup_WCVP [2026-03-11] | CoordinateCleaner QA applied without sea test (validity, equal, zeros, capitals, centroids, gbif, institutions) [2026-04-14] | CoordinateCleaner QA applied without sea test (validity, equal, zeros, capitals, centroids, gbif, institutions) [2026-04-14]";TRUE;"Corrected: points were corrected according to locality"
"138";"SURCO:52";"COLOMBIA";"CO";NA;"Municipio de Acevedo. Vereda Villa Fatima";"1.82868889";"-77.03009722";9437;"SURCO2025";TRUE;"2023-01-24";"change1: Set taxonRank=SPECIES from binomial scientificName. | change2: Filled coordinateUncertaintyInMeters from decimal-place precision (conservative). | epi_taxo: acceptedName(match1); authorship_epig(match1); genus_from_scientificName; family_WFO; order_majorGroup_WCVP [2026-03-11] | CoordinateCleaner QA applied without sea test (validity, equal, zeros, capitals, centroids, gbif, institutions) [2026-04-14] | CoordinateCleaner QA applied without sea test (validity, equal, zeros, capitals, centroids, gbif, institutions) [2026-04-14]";TRUE;"Corrected: points were corrected according to locality"
"139";"SURCO:59";"COLOMBIA";"CO";NA;"Municipio de Acevedo, Vereda Brisas";"1.85155833";"-77.04027222";5307;"SURCO2025";TRUE;"2023-01-08";"change1: Set taxonRank=SPECIES from binomial scientificName. | change2: Filled coordinateUncertaintyInMeters from decimal-place precision (conservative). | epi_taxo: acceptedName(match1); authorship_epig(match1); genus_from_scientificName; family_WFO; order_majorGroup_WCVP [2026-03-11] | CoordinateCleaner QA applied without sea test (validity, equal, zeros, capitals, centroids, gbif, institutions) [2026-04-14] | CoordinateCleaner QA applied without sea test (validity, equal, zeros, capitals, centroids, gbif, institutions) [2026-04-14]";TRUE;"Corrected: points were corrected according to locality"
"140";"SURCO:81";"COLOMBIA";"CO";NA;"Municipio de San Agustin, Vereda Arauca 1, Resguardo Indigena Yanacona, Casa De Elvia";"1.87316667";"-76.32113889";2935;"SURCO2025";TRUE;"2012-07-22";"change1: Set taxonRank=SPECIES from binomial scientificName. | change2: Filled coordinateUncertaintyInMeters from decimal-place precision (conservative). | epi_taxo: acceptedName(match1); authorship_epig(match1); genus_from_scientificName; family_WFO; order_majorGroup_WCVP [2026-03-11] | CoordinateCleaner QA applied without sea test (validity, equal, zeros, capitals, centroids, gbif, institutions) [2026-04-14] | CoordinateCleaner QA applied without sea test (validity, equal, zeros, capitals, centroids, gbif, institutions) [2026-04-14]";TRUE;"Corrected: points were corrected according to locality"
"141";"SURCO:82";"COLOMBIA";"CO";NA;"Municipio de San Agustin, Vereda Arauca 1, Resguardo Indigena Yanacona, Casa De Elvia";"1.87316667";"-76.32113889";7598;"SURCO2025";TRUE;"2012-07-22";"change1: Set taxonRank=SPECIES from binomial scientificName. | change2: Filled coordinateUncertaintyInMeters from decimal-place precision (conservative). | epi_taxo: acceptedName(match1); authorship_epig(match1); genus_from_scientificName; family_WFO; order_majorGroup_WCVP [2026-03-11] | CoordinateCleaner QA applied without sea test (validity, equal, zeros, capitals, centroids, gbif, institutions) [2026-04-14] | CoordinateCleaner QA applied without sea test (validity, equal, zeros, capitals, centroids, gbif, institutions) [2026-04-14]";TRUE;"Corrected: points were corrected according to locality"
"142";"SURCO:83";"COLOMBIA";"CO";NA;"Municipio de San Agustin, Vereda Arauca 1, Resguardo Indigena Yanacona, Casa De Elvia";"1.87316667";"-76.32113889";6648;"SURCO2025";TRUE;"2012-07-22";"change1: Set taxonRank=SPECIES from binomial scientificName. | change2: Filled coordinateUncertaintyInMeters from decimal-place precision (conservative). | epi_taxo: acceptedName(match1); authorship_epig(match1); genus_from_scientificName; family_WFO; order_majorGroup_WCVP [2026-03-11] | CoordinateCleaner QA applied without sea test (validity, equal, zeros, capitals, centroids, gbif, institutions) [2026-04-14] | CoordinateCleaner QA applied without sea test (validity, equal, zeros, capitals, centroids, gbif, institutions) [2026-04-14]";TRUE;"Corrected: points were corrected according to locality"
"143";"SURCO:84";"COLOMBIA";"CO";NA;"Municipio de San Agustin, Vereda Arauca 1, Resguardo Indigena Yanacona, Casa De Elvia";"1.87316667";"-76.32113889";5846;"SURCO2025";TRUE;"2012-07-22";"change1: Set taxonRank=SPECIES from binomial scientificName. | change2: Filled coordinateUncertaintyInMeters from decimal-place precision (conservative). | epi_taxo: acceptedName(match1); authorship_epig(match1); genus_from_scientificName; family_WFO; order_majorGroup_WCVP [2026-03-11] | CoordinateCleaner QA applied without sea test (validity, equal, zeros, capitals, centroids, gbif, institutions) [2026-04-14] | CoordinateCleaner QA applied without sea test (validity, equal, zeros, capitals, centroids, gbif, institutions) [2026-04-14]";TRUE;"Corrected: points were corrected according to locality"
"144";"SURCO:236";"COLOMBIA";"CO";NA;"Municipio de San Agustin, carretera via Mesitas";"1.87361111";"-76.28869444";1610;"SURCO2025";TRUE;"2019-06-17";"change1: Set taxonRank=SPECIES from binomial scientificName. | change2: Corrected taxonRank (SPECIES→FORM); kept scientificName as-is. | change3: Filled coordinateUncertaintyInMeters from decimal-place precision (conservative). | epi_taxo: acceptedName(match1); authorship_epig(match1); genus_from_scientificName; family_WFO; order_majorGroup_WCVP [2026-03-11] | CoordinateCleaner QA applied without sea test (validity, equal, zeros, capitals, centroids, gbif, institutions) [2026-04-14] | CoordinateCleaner QA applied without sea test (validity, equal, zeros, capitals, centroids, gbif, institutions) [2026-04-14]";TRUE;"Corrected: points were corrected according to locality"
"145";"SURCO:464";"COLOMBIA";"CO";NA;"Municipio de San Agustin";"1.95472222";"-76.29055556";9387;"SURCO2025";TRUE;"2019-08-18";"change1: Set taxonRank=SPECIES from binomial scientificName. | change2: Corrected taxonRank (SPECIES→FORM); kept scientificName as-is. | change3: Filled coordinateUncertaintyInMeters from decimal-place precision (conservative). | epi_taxo: acceptedName(match1); authorship_epig(match1); genus_from_scientificName; family_WFO; order_majorGroup_WCVP [2026-03-11] | CoordinateCleaner QA applied without sea test (validity, equal, zeros, capitals, centroids, gbif, institutions) [2026-04-14] | CoordinateCleaner QA applied without sea test (validity, equal, zeros, capitals, centroids, gbif, institutions) [2026-04-14]";TRUE;"Corrected: points were corrected according to locality"
"146";"SURCO:267";"COLOMBIA";"CO";NA;"Municipio de San Agustin, Verda Mesitas";"1.87633333";"-76.2935";6;"SURCO2025";TRUE;"2019-06-17";"change1: Trimmed whitespace in scientificName (and standardized blanks to NA) | change2: Filled coordinateUncertaintyInMeters from decimal-place precision (conservative). | epi_taxo: acceptedName(match1); authorship_epig(match1); genus_from_scientificName; family_WFO; order_majorGroup_WCVP [2026-03-11] | CoordinateCleaner QA applied without sea test (validity, equal, zeros, capitals, centroids, gbif, institutions) [2026-04-14] | CoordinateCleaner QA applied without sea test (validity, equal, zeros, capitals, centroids, gbif, institutions) [2026-04-14]";TRUE;"Corrected: points were corrected according to locality"
"147";"SURCO:465";"COLOMBIA";"CO";NA;"Municipio de San Agustin, vereda Mesitas";"1.87941667";"-76.29283333";5907;"SURCO2025";TRUE;"2019-07-18";"change1: Set taxonRank=SPECIES from binomial scientificName. | change2: Corrected taxonRank (SPECIES→FORM); kept scientificName as-is. | change3: Filled coordinateUncertaintyInMeters from decimal-place precision (conservative). | epi_taxo: acceptedName(match1); authorship_epig(match1); genus_from_scientificName; family_WFO; order_majorGroup_WCVP [2026-03-11] | CoordinateCleaner QA applied without sea test (validity, equal, zeros, capitals, centroids, gbif, institutions) [2026-04-14] | CoordinateCleaner QA applied without sea test (validity, equal, zeros, capitals, centroids, gbif, institutions) [2026-04-14]";TRUE;"Corrected: points were corrected according to locality"
"148";"SURCO:476";"COLOMBIA";"CO";NA;"Municipio de San Agustin, vereda Mesitas";"1.87941667";"-76.29283333";3854;"SURCO2025";TRUE;"2019-06-17";"change1: Set taxonRank=SPECIES from binomial scientificName. | change2: Corrected taxonRank (SPECIES→FORM); kept scientificName as-is. | change3: Filled coordinateUncertaintyInMeters from decimal-place precision (conservative). | epi_taxo: acceptedName(match1); authorship_epig(match1); genus_from_scientificName; family_WFO; order_majorGroup_WCVP [2026-03-11] | CoordinateCleaner QA applied without sea test (validity, equal, zeros, capitals, centroids, gbif, institutions) [2026-04-14] | CoordinateCleaner QA applied without sea test (validity, equal, zeros, capitals, centroids, gbif, institutions) [2026-04-14]";TRUE;"Corrected: points were corrected according to locality"
"149";"SURCO:477";"COLOMBIA";"CO";NA;"Municipio de San Agustin, vereda Mesitas";"1.87947222";"-76.29484722";2038;"SURCO2025";TRUE;"2023-03-29";"change1: Set taxonRank=SPECIES from binomial scientificName. | change2: Corrected taxonRank (SPECIES→FORM); kept scientificName as-is. | change3: Filled coordinateUncertaintyInMeters from decimal-place precision (conservative). | epi_taxo: acceptedName(match1); authorship_epig(match1); genus_from_scientificName; family_WFO; order_majorGroup_WCVP [2026-03-11] | CoordinateCleaner QA applied without sea test (validity, equal, zeros, capitals, centroids, gbif, institutions) [2026-04-14] | CoordinateCleaner QA applied without sea test (validity, equal, zeros, capitals, centroids, gbif, institutions) [2026-04-14]";TRUE;"Corrected: points were corrected according to locality"
"150";"SURCO:30";"COLOMBIA";"CO";NA;"Municipio de San Agustin, Vereda, mesitas, quebrada 5 chorros";"1.88019444";"-76.29469444";3498;"SURCO2025";TRUE;"2021-09-07";"change1: Canonicalized scientificName to binomial and moved trailing authorship. | change2: Filled coordinateUncertaintyInMeters from decimal-place precision (conservative). | epi_taxo: acceptedName(match1); authorship_epig(match1); genus_from_scientificName; family_WFO; order_majorGroup_WCVP [2026-03-11] | CoordinateCleaner QA applied without sea test (validity, equal, zeros, capitals, centroids, gbif, institutions) [2026-04-14] | CoordinateCleaner QA applied without sea test (validity, equal, zeros, capitals, centroids, gbif, institutions) [2026-04-14]";TRUE;"Corrected: points were corrected according to locality"
"151";"SURCO:31";"COLOMBIA";"CO";NA;"Municipio de San Agustin, Vereda, mesitas, quebrada 5 chorros";"1.88019444";"-76.29469444";5835;"SURCO2025";TRUE;"2021-09-08";"change1: Canonicalized scientificName to binomial and moved trailing authorship. | change2: Filled coordinateUncertaintyInMeters from decimal-place precision (conservative). | epi_taxo: acceptedName(match1); authorship_epig(match1); genus_from_scientificName; family_WFO; order_majorGroup_WCVP [2026-03-11] | CoordinateCleaner QA applied without sea test (validity, equal, zeros, capitals, centroids, gbif, institutions) [2026-04-14] | CoordinateCleaner QA applied without sea test (validity, equal, zeros, capitals, centroids, gbif, institutions) [2026-04-14]";TRUE;"Corrected: points were corrected according to locality"
"152";"SURCO:87";"COLOMBIA";"CO";NA;"Municipio de San Agustin, vereda Quebradon, Resguardo indigena Yanacona.";"1.88163889";"-76.3365";6;"SURCO2025";TRUE;"2012-08-30";"change1: Set taxonRank=SPECIES from binomial scientificName. | change2: Filled coordinateUncertaintyInMeters from decimal-place precision (conservative). | epi_taxo: acceptedName(match1); authorship_epig(match1); genus_from_scientificName; family_WFO; order_majorGroup_WCVP [2026-03-11] | CoordinateCleaner QA applied without sea test (validity, equal, zeros, capitals, centroids, gbif, institutions) [2026-04-14] | CoordinateCleaner QA applied without sea test (validity, equal, zeros, capitals, centroids, gbif, institutions) [2026-04-14]";TRUE;"Corrected: points were corrected according to locality"
"153";"SURCO:265";"COLOMBIA";"CO";NA;"Municipio de San Agustin , Vereda Mesitas";"1.88192222";"-76.29585";1;"SURCO2025";TRUE;"2024-05-14";"change1: Trimmed whitespace in scientificName (and standardized blanks to NA) | change2: Filled coordinateUncertaintyInMeters from decimal-place precision (conservative). | epi_taxo: acceptedName(match1); authorship_epig(match1); genus_from_scientificName; family_WFO; order_majorGroup_WCVP [2026-03-11] | CoordinateCleaner QA applied without sea test (validity, equal, zeros, capitals, centroids, gbif, institutions) [2026-04-14] | CoordinateCleaner QA applied without sea test (validity, equal, zeros, capitals, centroids, gbif, institutions) [2026-04-14]";TRUE;"Corrected: points were corrected according to locality"
"154";"SURCO:01";"COLOMBIA";"CO";NA;"Municipio de San Agustin, vereda Quebradon, Resguardo indigena Yanacona.";"1.88286111";"-76.337";56;"SURCO2025";TRUE;"2012-08-31";"change1: Set taxonRank=SPECIES from binomial scientificName. | change2: Filled coordinateUncertaintyInMeters from decimal-place precision (conservative). | epi_taxo: acceptedName(match1); authorship_epig(match1); genus_from_scientificName; family_WFO; order_majorGroup_WCVP [2026-03-11] | CoordinateCleaner QA applied without sea test (validity, equal, zeros, capitals, centroids, gbif, institutions) [2026-04-14] | CoordinateCleaner QA applied without sea test (validity, equal, zeros, capitals, centroids, gbif, institutions) [2026-04-14]";TRUE;"Corrected: points were corrected according to locality"
"155";"SURCO:270";"COLOMBIA";"CO";NA;"Municipio de San Agustin, Vereda La Antigua";"1.91972222";"-76.48222222";2226;"SURCO2025";TRUE;"2022-07-08";"change1: Trimmed whitespace in scientificName (and standardized blanks to NA) | change2: Filled coordinateUncertaintyInMeters from decimal-place precision (conservative). | epi_taxo: acceptedName(match1); authorship_epig(match1); genus_from_scientificName; family_WFO; order_majorGroup_WCVP [2026-03-11] | CoordinateCleaner QA applied without sea test (validity, equal, zeros, capitals, centroids, gbif, institutions) [2026-04-14] | CoordinateCleaner QA applied without sea test (validity, equal, zeros, capitals, centroids, gbif, institutions) [2026-04-14]";TRUE;"Corrected: points were corrected according to locality"
"156";"SURCO:482";"COLOMBIA";"CO";NA;"Municipio de San Agustin";"7.101902";"-73.026364";56;"SURCO2025";FALSE;"2022-07-09";"change1: Set taxonRank=SPECIES from binomial scientificName. | change2: Corrected taxonRank (SPECIES→FORM); kept scientificName as-is. | change3: Filled coordinateUncertaintyInMeters from decimal-place precision (conservative). | epi_taxo: acceptedName(match1); authorship_epig(match1); genus_from_scientificName; family_WFO; order_majorGroup_WCVP [2026-03-11] | CoordinateCleaner QA applied without sea test (validity, equal, zeros, capitals, centroids, gbif, institutions) [2026-04-14] | CoordinateCleaner QA applied without sea test (validity, equal, zeros, capitals, centroids, gbif, institutions) [2026-04-14]";TRUE;"Corrected: points were corrected according to locality"
"157";"SURCO:157";"COLOMBIA";"CO";NA;"Municipio de San Agustin, Vereda Estrecho, Resguardo Indigena Yanacona";"1.92655556";"-76.30252778";362;"SURCO2025";TRUE;"2012-09-26";"change1: Set taxonRank=SPECIES from binomial scientificName. | change2: Filled coordinateUncertaintyInMeters from decimal-place precision (conservative). | epi_taxo: acceptedName(match1); authorship_epig(match1); genus_from_scientificName; family_WFO; order_majorGroup_WCVP [2026-03-11] | CoordinateCleaner QA applied without sea test (validity, equal, zeros, capitals, centroids, gbif, institutions) [2026-04-14] | CoordinateCleaner QA applied without sea test (validity, equal, zeros, capitals, centroids, gbif, institutions) [2026-04-14]";TRUE;"Corrected: points were corrected according to locality"
"158";"SURCO:259";"COLOMBIA";"CO";NA;"Municipio de Isnos, Finca el Manabtial, Asociacion de reservas Naturales de la Sociedad Civil El Cedral";"1.93305833";"-76.22933056";6852;"SURCO2025";TRUE;"2022-03-13";"change1: Set taxonRank=SPECIES from binomial scientificName. | change2: Corrected taxonRank (SPECIES→FORM); kept scientificName as-is. | change3: Filled coordinateUncertaintyInMeters from decimal-place precision (conservative). | epi_taxo: acceptedName(match1); authorship_epig(match1); genus_from_scientificName; family_WFO; order_majorGroup_WCVP [2026-03-11] | CoordinateCleaner QA applied without sea test (validity, equal, zeros, capitals, centroids, gbif, institutions) [2026-04-14] | CoordinateCleaner QA applied without sea test (validity, equal, zeros, capitals, centroids, gbif, institutions) [2026-04-14]";TRUE;"Corrected: points were corrected according to locality"
"159";"SURCO:280";"COLOMBIA";"CO";NA;"Municipio de San Jose de Isnos, En ruta hacia la Finca El Manantial";"1.93305833";"-76.22933056";2526;"SURCO2025";TRUE;"2022-11-18";"change1: Set taxonRank=SPECIES from binomial scientificName. | change2: Corrected taxonRank (SPECIES→FORM); kept scientificName as-is. | change3: Filled coordinateUncertaintyInMeters from decimal-place precision (conservative). | epi_taxo: acceptedName(match1); authorship_epig(match1); genus_from_scientificName; family_WFO; order_majorGroup_WCVP [2026-03-11] | CoordinateCleaner QA applied without sea test (validity, equal, zeros, capitals, centroids, gbif, institutions) [2026-04-14] | CoordinateCleaner QA applied without sea test (validity, equal, zeros, capitals, centroids, gbif, institutions) [2026-04-14]";TRUE;"Corrected: points were corrected according to locality"
"160";"SURCO:281";"COLOMBIA";"CO";NA;"Municipio de Isnos, Finca el Manabtial, Asociacion de reservas Naturales de la Sociedad Civil El Cedral";"1.93305833";"-76.22933056";4997;"SURCO2025";TRUE;"2022-06-13";"change1: Set taxonRank=SPECIES from binomial scientificName. | change2: Corrected taxonRank (SPECIES→FORM); kept scientificName as-is. | change3: Filled coordinateUncertaintyInMeters from decimal-place precision (conservative). | epi_taxo: acceptedName(match1); authorship_epig(match1); genus_from_scientificName; family_WFO; order_majorGroup_WCVP [2026-03-11] | CoordinateCleaner QA applied without sea test (validity, equal, zeros, capitals, centroids, gbif, institutions) [2026-04-14] | CoordinateCleaner QA applied without sea test (validity, equal, zeros, capitals, centroids, gbif, institutions) [2026-04-14]";TRUE;"Corrected: points were corrected according to locality"
"161";"SURCO:287";"COLOMBIA";"CO";NA;"Municipio de Isnos, Finca el Manabtial, Asociacion de reservas Naturales de la Sociedad Civil El Cedral";"1.93305833";"-76.22933056";1789;"SURCO2025";TRUE;"2022-03-13";"change1: Trimmed whitespace in scientificName (and standardized blanks to NA) | change2: Trimmed whitespace in verbatimScientificName (and standardized blanks to NA) | change3: Filled coordinateUncertaintyInMeters from decimal-place precision (conservative). | epi_taxo: acceptedName(match1); authorship_epig(match1); genus_from_scientificName; family_WFO; order_majorGroup_WCVP [2026-03-11] | CoordinateCleaner QA applied without sea test (validity, equal, zeros, capitals, centroids, gbif, institutions) [2026-04-14] | CoordinateCleaner QA applied without sea test (validity, equal, zeros, capitals, centroids, gbif, institutions) [2026-04-14]";TRUE;"Corrected: points were corrected according to locality"
"162";"SURCO:424";"COLOMBIA";"CO";NA;"Municipio de Isnos, Finca el Manabtial, Asociacion de reservas Naturales de la Sociedad Civil El Cedral";"1.93305833";"-76.22933056";8272;"SURCO2025";TRUE;"2022-03-13";"change1: Set taxonRank=SPECIES from binomial scientificName. | change2: Corrected taxonRank (SPECIES→FORM); kept scientificName as-is. | change3: Filled coordinateUncertaintyInMeters from decimal-place precision (conservative). | epi_taxo: acceptedName(match1); authorship_epig(match1); genus_from_scientificName; family_WFO; order_majorGroup_WCVP [2026-03-11] | CoordinateCleaner QA applied without sea test (validity, equal, zeros, capitals, centroids, gbif, institutions) [2026-04-14] | CoordinateCleaner QA applied without sea test (validity, equal, zeros, capitals, centroids, gbif, institutions) [2026-04-14]";TRUE;"Corrected: points were corrected according to locality"
"163";"SURCO:493";"COLOMBIA";"CO";NA;"Municipio de Isnos, Finca el Manabtial, Asociacion de reservas Naturales de la Sociedad Civil El Cedral";"1.93305833";"-76.22933056";4106;"SURCO2025";TRUE;"2022-03-13";"change1: Set taxonRank=SPECIES from binomial scientificName. | change2: Filled coordinateUncertaintyInMeters from decimal-place precision (conservative). | epi_taxo: acceptedName(match1); authorship_epig(match1); genus_from_scientificName; family_WFO; order_majorGroup_WCVP [2026-03-11] | CoordinateCleaner QA applied without sea test (validity, equal, zeros, capitals, centroids, gbif, institutions) [2026-04-14] | CoordinateCleaner QA applied without sea test (validity, equal, zeros, capitals, centroids, gbif, institutions) [2026-04-14]";TRUE;"Corrected: points were corrected according to locality"
"164";"SURCO:355";"COLOMBIA";"CO";NA;"Municipio de Isnos, Finca el Manabtial, Asociacion de reservas Naturales de la Sociedad Civil El Cedral";"1.93326111";"-76.22884722";1838;"SURCO2025";TRUE;"2022-03-13";"change1: Set taxonRank=SPECIES from binomial scientificName. | change2: Filled coordinateUncertaintyInMeters from decimal-place precision (conservative). | epi_taxo: acceptedName(match1); authorship_epig(match1); genus_from_scientificName; family_WFO; order_majorGroup_WCVP [2026-03-11] | CoordinateCleaner QA applied without sea test (validity, equal, zeros, capitals, centroids, gbif, institutions) [2026-04-14] | CoordinateCleaner QA applied without sea test (validity, equal, zeros, capitals, centroids, gbif, institutions) [2026-04-14]";TRUE;"Corrected: points were corrected according to locality"
"165";"SURCO:358";"COLOMBIA";"CO";NA;"Municipio de Isnos, Finca el Manabtial, Asociacion de reservas Naturales de la Sociedad Civil El Cedral";"1.93326111";"-76.22884722";2625;"SURCO2025";TRUE;"2022-03-13";"change1: Set taxonRank=SPECIES from binomial scientificName. | change2: Filled coordinateUncertaintyInMeters from decimal-place precision (conservative). | epi_taxo: acceptedName(match1); authorship_epig(match1); genus_from_scientificName; family_WFO; order_majorGroup_WCVP [2026-03-11] | CoordinateCleaner QA applied without sea test (validity, equal, zeros, capitals, centroids, gbif, institutions) [2026-04-14] | CoordinateCleaner QA applied without sea test (validity, equal, zeros, capitals, centroids, gbif, institutions) [2026-04-14]";TRUE;"Corrected: points were corrected according to locality"
"166";"SURCO:359";"COLOMBIA";"CO";NA;"Municipio de Isnos, Finca el Manabtial, Asociacion de reservas Naturales de la Sociedad Civil El Cedral";"1.93326111";"-76.22884722";5562;"SURCO2025";TRUE;"2022-03-13";"change1: Set taxonRank=SPECIES from binomial scientificName. | change2: Filled coordinateUncertaintyInMeters from decimal-place precision (conservative). | epi_taxo: acceptedName(match1); authorship_epig(match1); genus_from_scientificName; family_WFO; order_majorGroup_WCVP [2026-03-11] | CoordinateCleaner QA applied without sea test (validity, equal, zeros, capitals, centroids, gbif, institutions) [2026-04-14] | CoordinateCleaner QA applied without sea test (validity, equal, zeros, capitals, centroids, gbif, institutions) [2026-04-14]";TRUE;"Corrected: points were corrected according to locality"
"167";"SURCO:376";"COLOMBIA";"CO";NA;"Municipio de Isnos, Finca el Manabtial, Asociacion de reservas Naturales de la Sociedad Civil El Cedral";"1.93326111";"-76.22884722";6072;"SURCO2025";TRUE;"2022-03-13";"change1: Set taxonRank=SPECIES from binomial scientificName. | change2: Filled coordinateUncertaintyInMeters from decimal-place precision (conservative). | epi_taxo: acceptedName(match1); authorship_epig(match1); genus_from_scientificName; family_WFO; order_majorGroup_WCVP [2026-03-11] | CoordinateCleaner QA applied without sea test (validity, equal, zeros, capitals, centroids, gbif, institutions) [2026-04-14] | CoordinateCleaner QA applied without sea test (validity, equal, zeros, capitals, centroids, gbif, institutions) [2026-04-14]";TRUE;"Corrected: points were corrected according to locality"
"168";"SURCO:377";"COLOMBIA";"CO";NA;"Municipio de Isnos, Finca el Manabtial, Asociacion de reservas Naturales de la Sociedad Civil El Cedral";"1.93326111";"-76.22884722";4293;"SURCO2025";TRUE;"2022-02-13";"change1: Set taxonRank=SPECIES from binomial scientificName. | change2: Filled coordinateUncertaintyInMeters from decimal-place precision (conservative). | epi_taxo: acceptedName(match1); authorship_epig(match1); genus_from_scientificName; family_WFO; order_majorGroup_WCVP [2026-03-11] | CoordinateCleaner QA applied without sea test (validity, equal, zeros, capitals, centroids, gbif, institutions) [2026-04-14] | CoordinateCleaner QA applied without sea test (validity, equal, zeros, capitals, centroids, gbif, institutions) [2026-04-14]";TRUE;"Corrected: points were corrected according to locality"
"169";"SURCO:459";"COLOMBIA";"CO";NA;"Municipio de Isnos, Finca el Manabtial, Asociacion de reservas Naturales de la Sociedad Civil El Cedral";"1.93326111";"-76.22884722";9366;"SURCO2025";TRUE;"2022-03-13";"change1: Set taxonRank=SPECIES from binomial scientificName. | change2: Filled coordinateUncertaintyInMeters from decimal-place precision (conservative). | epi_taxo: acceptedName(match1); authorship_epig(match1); genus_from_scientificName; family_WFO; order_majorGroup_WCVP [2026-03-11] | CoordinateCleaner QA applied without sea test (validity, equal, zeros, capitals, centroids, gbif, institutions) [2026-04-14] | CoordinateCleaner QA applied without sea test (validity, equal, zeros, capitals, centroids, gbif, institutions) [2026-04-14]";TRUE;"Corrected: points were corrected according to locality"
"170";"SURCO:254";"COLOMBIA";"CO";NA;"Municipio de Isnos, Finca el Manabtial, Asociacion de reservas Naturales de la Sociedad Civil El Cedral";"1.93340556";"-76.22894167";33938;"SURCO2025";TRUE;"2022-03-13";"change1: Set taxonRank=SPECIES from binomial scientificName. | change2: Filled coordinateUncertaintyInMeters from decimal-place precision (conservative). | epi_taxo: acceptedName(match1); authorship_epig(match1); genus_from_scientificName; family_WFO; order_majorGroup_WCVP [2026-03-11] | CoordinateCleaner QA applied without sea test (validity, equal, zeros, capitals, centroids, gbif, institutions) [2026-04-14] | CoordinateCleaner QA applied without sea test (validity, equal, zeros, capitals, centroids, gbif, institutions) [2026-04-14]";TRUE;"Corrected: points were corrected according to locality"
"171";"SURCO:436";"COLOMBIA";"CO";NA;"Municipio de Isnos, Finca el Manabtial, Asociacion de reservas Naturales de la Sociedad Civil El Cedral";"1.93340556";"-76.22894167";4989;"SURCO2025";TRUE;"2022-03-13";"change1: Set taxonRank=SPECIES from binomial scientificName. | change2: Filled coordinateUncertaintyInMeters from decimal-place precision (conservative). | epi_taxo: acceptedName(match1); authorship_epig(match1); genus_from_scientificName; family_WFO; order_majorGroup_WCVP [2026-03-11] | CoordinateCleaner QA applied without sea test (validity, equal, zeros, capitals, centroids, gbif, institutions) [2026-04-14] | CoordinateCleaner QA applied without sea test (validity, equal, zeros, capitals, centroids, gbif, institutions) [2026-04-14]";TRUE;"Corrected: points were corrected according to locality"
"172";"SURCO:269";"COLOMBIA";"CO";NA;"Municipio de Isnos, Finca el Manabtial, Asociacion de reservas Naturales de la Sociedad Civil El Cedral";"1.93565278";"-76.23045556";1518;"SURCO2025";TRUE;"2022-03-13";"change1: Trimmed whitespace in scientificName (and standardized blanks to NA) | change2: Filled coordinateUncertaintyInMeters from decimal-place precision (conservative). | epi_taxo: acceptedName(match1); authorship_epig(match1); genus_from_scientificName; family_WFO; order_majorGroup_WCVP [2026-03-11] | CoordinateCleaner QA applied without sea test (validity, equal, zeros, capitals, centroids, gbif, institutions) [2026-04-14] | CoordinateCleaner QA applied without sea test (validity, equal, zeros, capitals, centroids, gbif, institutions) [2026-04-14]";TRUE;"Corrected: points were corrected according to locality"
"173";"SURCO:344";"COLOMBIA";"CO";NA;"Municipio de Isnos, Finca el Manabtial, Asociacion de reservas Naturales de la Sociedad Civil El Cedral";"1.93565278";"-76.23045556";3422;"SURCO2025";TRUE;"2022-03-13";"change1: Set taxonRank=SPECIES from binomial scientificName. | change2: Corrected taxonRank (SPECIES→FORM); kept scientificName as-is. | change3: Filled coordinateUncertaintyInMeters from decimal-place precision (conservative). | epi_taxo: acceptedName(match1); authorship_epig(match1); genus_from_scientificName; family_WFO; order_majorGroup_WCVP [2026-03-11] | CoordinateCleaner QA applied without sea test (validity, equal, zeros, capitals, centroids, gbif, institutions) [2026-04-14] | CoordinateCleaner QA applied without sea test (validity, equal, zeros, capitals, centroids, gbif, institutions) [2026-04-14]";TRUE;"Corrected: points were corrected according to locality"
"174";"SURCO:462";"COLOMBIA";"CO";NA;"Municipio de Isnos, Finca el Manabtial, Asociacion de reservas Naturales de la Sociedad Civil El Cedral";"1.93565278";"-76.23045556";2256;"SURCO2025";TRUE;"2022-03-13";"change1: Set taxonRank=SPECIES from binomial scientificName. | change2: Corrected taxonRank (SPECIES→FORM); kept scientificName as-is. | change3: Filled coordinateUncertaintyInMeters from decimal-place precision (conservative). | epi_taxo: acceptedName(match1); authorship_epig(match1); genus_from_scientificName; family_WFO; order_majorGroup_WCVP [2026-03-11] | CoordinateCleaner QA applied without sea test (validity, equal, zeros, capitals, centroids, gbif, institutions) [2026-04-14] | CoordinateCleaner QA applied without sea test (validity, equal, zeros, capitals, centroids, gbif, institutions) [2026-04-14]";TRUE;"Corrected: points were corrected according to locality"
"175";"SURCO:407";"COLOMBIA";"CO";NA;"Municipio de Isnos, Finca el Manabtial, Asociacion de reservas Naturales de la Sociedad Civil El Cedral";"1.95580556";"-76.23118056";4587;"SURCO2025";TRUE;"2022-03-12";"change1: Set taxonRank=SPECIES from binomial scientificName. | change2: Filled coordinateUncertaintyInMeters from decimal-place precision (conservative). | epi_taxo: acceptedName(match1); authorship_epig(match1); genus_from_scientificName; family_WFO; order_majorGroup_WCVP [2026-03-11] | CoordinateCleaner QA applied without sea test (validity, equal, zeros, capitals, centroids, gbif, institutions) [2026-04-14] | CoordinateCleaner QA applied without sea test (validity, equal, zeros, capitals, centroids, gbif, institutions) [2026-04-14]";TRUE;"Corrected: points were corrected according to locality"
"176";"SURCO:40";"COLOMBIA";"CO";NA;"Municipio de San Agustin. Vereda Mesitas. Parque Arqueologico de San Agustin";"2.48408333";"-76.45852778";8175;"SURCO2025";TRUE;"2017-04-19";"change1: Set taxonRank=SPECIES from binomial scientificName. | change2: Filled coordinateUncertaintyInMeters from decimal-place precision (conservative). | epi_taxo: acceptedName(match1); authorship_epig(match1); genus_from_scientificName; family_WFO; order_majorGroup_WCVP [2026-03-11] | CoordinateCleaner QA applied without sea test (validity, equal, zeros, capitals, centroids, gbif, institutions) [2026-04-14] | CoordinateCleaner QA applied without sea test (validity, equal, zeros, capitals, centroids, gbif, institutions) [2026-04-14]";TRUE;"Corrected: points were corrected according to locality"
"177";"SURCO:41";"COLOMBIA";"CO";NA;"Municipio de San Agustin. Vereda Mesitas. Parque Arqueologico de San Agustin";"2.48408333";"-76.45852778";7914;"SURCO2025";TRUE;"2017-04-20";"change1: Set taxonRank=SPECIES from binomial scientificName. | change2: Filled coordinateUncertaintyInMeters from decimal-place precision (conservative). | epi_taxo: acceptedName(match1); authorship_epig(match1); genus_from_scientificName; family_WFO; order_majorGroup_WCVP [2026-03-11] | CoordinateCleaner QA applied without sea test (validity, equal, zeros, capitals, centroids, gbif, institutions) [2026-04-14] | CoordinateCleaner QA applied without sea test (validity, equal, zeros, capitals, centroids, gbif, institutions) [2026-04-14]";TRUE;"Corrected: points were corrected according to locality"
"178";"SURCO:354";"COLOMBIA";"CO";NA;"Municipio de La Argentina, Finca El Corazon";"2.18781389";"-75.98361944";7033;"SURCO2025";TRUE;"2024-05-31";"change1: Set taxonRank=SPECIES from binomial scientificName. | change2: Filled coordinateUncertaintyInMeters from decimal-place precision (conservative). | epi_taxo: acceptedName(match1); authorship_epig(match1); genus_from_scientificName; family_WFO; order_majorGroup_WCVP [2026-03-11] | CoordinateCleaner QA applied without sea test (validity, equal, zeros, capitals, centroids, gbif, institutions) [2026-04-14] | CoordinateCleaner QA applied without sea test (validity, equal, zeros, capitals, centroids, gbif, institutions) [2026-04-14]";TRUE;"Corrected: points were corrected according to locality"
"179";"SURCO:447";"COLOMBIA";"CO";NA;"Municipio de La Argentina. Reserva Aranzazu, area amortiguadora del Parque Natural Regional Serrania de Las Minas";"2.19878333";"-75.42941389";3653;"SURCO2025";TRUE;"2024-09-22";"change1: Set taxonRank=SPECIES from binomial scientificName. | change2: Filled coordinateUncertaintyInMeters from decimal-place precision (conservative). | epi_taxo: acceptedName(match1); authorship_epig(match1); genus_from_scientificName; family_WFO; order_majorGroup_WCVP [2026-03-11] | CoordinateCleaner QA applied without sea test (validity, equal, zeros, capitals, centroids, gbif, institutions) [2026-04-14] | CoordinateCleaner QA applied without sea test (validity, equal, zeros, capitals, centroids, gbif, institutions) [2026-04-14]";TRUE;"Corrected: points were corrected according to locality"
"180";"SURCO:89";"COLOMBIA";"CO";NA;"Municipio de la Plata, Vereda Belen, hacienda Meremberg";"2.20546667";"-76.11637778";7161;"SURCO2025";TRUE;"2024-06-08";"change1: Set taxonRank=SPECIES from binomial scientificName. | change2: Filled coordinateUncertaintyInMeters from decimal-place precision (conservative). | epi_taxo: acceptedName(match1); authorship_epig(match1); genus_from_scientificName; family_WFO; order_majorGroup_WCVP [2026-03-11] | CoordinateCleaner QA applied without sea test (validity, equal, zeros, capitals, centroids, gbif, institutions) [2026-04-14] | CoordinateCleaner QA applied without sea test (validity, equal, zeros, capitals, centroids, gbif, institutions) [2026-04-14]";TRUE;"Corrected: points were corrected according to locality"
"181";"SURCO:90";"COLOMBIA";"CO";NA;"Municipio de la Plata, Vereda Belen, hacienda Meremberg";"2.20546667";"-76.11637778";4886;"SURCO2025";TRUE;"2024-06-08";"change1: Set taxonRank=SPECIES from binomial scientificName. | change2: Filled coordinateUncertaintyInMeters from decimal-place precision (conservative). | epi_taxo: acceptedName(match1); authorship_epig(match1); genus_from_scientificName; family_WFO; order_majorGroup_WCVP [2026-03-11] | CoordinateCleaner QA applied without sea test (validity, equal, zeros, capitals, centroids, gbif, institutions) [2026-04-14] | CoordinateCleaner QA applied without sea test (validity, equal, zeros, capitals, centroids, gbif, institutions) [2026-04-14]";TRUE;"Corrected: points were corrected according to locality"
"182";"SURCO:501";"COLOMBIA";"CO";NA;"Municipio de Tarqui, serrania de las Minas, Vereda Las Minas";"2.20835556";"-75.88211111";7060;"SURCO2025";TRUE;"2024-07-13";"change1: Set taxonRank=SPECIES from binomial scientificName. | change2: Trimmed whitespace in verbatimScientificName (and standardized blanks to NA) | change3: Filled coordinateUncertaintyInMeters from decimal-place precision (conservative). | epi_taxo: acceptedName(match1); authorship_epig(match1); genus_from_scientificName; family_WFO; order_majorGroup_WCVP [2026-03-11] | CoordinateCleaner QA applied without sea test (validity, equal, zeros, capitals, centroids, gbif, institutions) [2026-04-14] | CoordinateCleaner QA applied without sea test (validity, equal, zeros, capitals, centroids, gbif, institutions) [2026-04-14]";TRUE;"Corrected: points were corrected according to locality"
"183";"SURCO:502";"COLOMBIA";"CO";NA;"Municipio de Tarqui, serrania de las Minas, Vereda Las Minas";"2.20835556";"-75.88211111";8562;"SURCO2025";TRUE;"2024-07-13";"change1: Set taxonRank=SPECIES from binomial scientificName. | change2: Trimmed whitespace in verbatimScientificName (and standardized blanks to NA) | change3: Filled coordinateUncertaintyInMeters from decimal-place precision (conservative). | epi_taxo: acceptedName(match1); authorship_epig(match1); genus_from_scientificName; family_WFO; order_majorGroup_WCVP [2026-03-11] | CoordinateCleaner QA applied without sea test (validity, equal, zeros, capitals, centroids, gbif, institutions) [2026-04-14] | CoordinateCleaner QA applied without sea test (validity, equal, zeros, capitals, centroids, gbif, institutions) [2026-04-14]";TRUE;"Corrected: points were corrected according to locality"
"184";"SURCO:498";"COLOMBIA";"CO";NA;"Municipio de la Plata, Vereda La Maria, Camino Meremberg";"2.21233333";"-78.11525";1;"SURCO2025";TRUE;"2015-04-29";"change1: Set taxonRank=SPECIES from binomial scientificName. | change2: Filled coordinateUncertaintyInMeters from decimal-place precision (conservative). | epi_taxo: acceptedName(match1); authorship_epig(match1); genus_from_scientificName; family_WFO; order_majorGroup_WCVP [2026-03-11] | CoordinateCleaner QA applied without sea test (validity, equal, zeros, capitals, centroids, gbif, institutions) [2026-04-14] | CoordinateCleaner QA applied without sea test (validity, equal, zeros, capitals, centroids, gbif, institutions) [2026-04-14]";TRUE;"Corrected: points were corrected according to locality"
"185";"SURCO:499";"COLOMBIA";"CO";NA;"Municipio de la Plata, Vereda La Maria, Camino Meremberg";"2.21238889";"-78.11525";1;"SURCO2025";TRUE;"2015-04-27";"change1: Set taxonRank=SPECIES from binomial scientificName. | change2: Filled coordinateUncertaintyInMeters from decimal-place precision (conservative). | epi_taxo: acceptedName(match1); authorship_epig(match1); genus_from_scientificName; family_WFO; order_majorGroup_WCVP [2026-03-11] | CoordinateCleaner QA applied without sea test (validity, equal, zeros, capitals, centroids, gbif, institutions) [2026-04-14] | CoordinateCleaner QA applied without sea test (validity, equal, zeros, capitals, centroids, gbif, institutions) [2026-04-14]";TRUE;"Corrected: points were corrected according to locality"
"186";"SURCO:35";"COLOMBIA";"CO";NA;"Municipio de La Argentina. Reserva Aranzazu, area amortiguadora del Parque Natural Regional Serrania de Las Minas";"2.20151389";"-75.91150556";5977;"SURCO2025";TRUE;"2024-09-21";"change1: Set taxonRank=SPECIES from binomial scientificName. | change2: Trimmed whitespace in verbatimScientificName (and standardized blanks to NA) | change3: Filled coordinateUncertaintyInMeters from decimal-place precision (conservative). | epi_taxo: acceptedName(match1); authorship_epig(match1); genus_from_scientificName; family_WFO; order_majorGroup_WCVP [2026-03-11] | CoordinateCleaner QA applied without sea test (validity, equal, zeros, capitals, centroids, gbif, institutions) [2026-04-14] | CoordinateCleaner QA applied without sea test (validity, equal, zeros, capitals, centroids, gbif, institutions) [2026-04-14]";TRUE;"Corrected: points were corrected according to locality"
"187";"SURCO:36";"COLOMBIA";"CO";NA;"Municipio de La Argentina. Reserva Aranzazu, area amortiguadora del Parque Natural Regional Serrania de Las Minas";"2.20151389";"-75.91150556";6080;"SURCO2025";TRUE;"2024-09-21";"change1: Set taxonRank=SPECIES from binomial scientificName. | change2: Trimmed whitespace in verbatimScientificName (and standardized blanks to NA) | change3: Filled coordinateUncertaintyInMeters from decimal-place precision (conservative). | epi_taxo: acceptedName(match1); authorship_epig(match1); genus_from_scientificName; family_WFO; order_majorGroup_WCVP [2026-03-11] | CoordinateCleaner QA applied without sea test (validity, equal, zeros, capitals, centroids, gbif, institutions) [2026-04-14] | CoordinateCleaner QA applied without sea test (validity, equal, zeros, capitals, centroids, gbif, institutions) [2026-04-14]";TRUE;"Corrected: points were corrected according to locality"
"188";"SURCO:37";"COLOMBIA";"CO";NA;"Municipio de La Argentina. Reserva Aranzazu, area amortiguadora del Parque Natural Regional Serrania de Las Minas";"2.20151389";"-75.91150556";9512;"SURCO2025";TRUE;"2024-09-21";"change1: Set taxonRank=SPECIES from binomial scientificName. | change2: Trimmed whitespace in verbatimScientificName (and standardized blanks to NA) | change3: Filled coordinateUncertaintyInMeters from decimal-place precision (conservative). | epi_taxo: acceptedName(match1); authorship_epig(match1); genus_from_scientificName; family_WFO; order_majorGroup_WCVP [2026-03-11] | CoordinateCleaner QA applied without sea test (validity, equal, zeros, capitals, centroids, gbif, institutions) [2026-04-14] | CoordinateCleaner QA applied without sea test (validity, equal, zeros, capitals, centroids, gbif, institutions) [2026-04-14]";TRUE;"Corrected: points were corrected according to locality"
"189";"SURCO:38";"COLOMBIA";"CO";NA;"Municipio de La Argentina. Reserva Aranzazu, area amortiguadora del Parque Natural Regional Serrania de Las Minas";"2.20151389";"-75.91150556";4699;"SURCO2025";TRUE;"2024-09-21";"change1: Set taxonRank=SPECIES from binomial scientificName. | change2: Trimmed whitespace in verbatimScientificName (and standardized blanks to NA) | change3: Filled coordinateUncertaintyInMeters from decimal-place precision (conservative). | epi_taxo: acceptedName(match1); authorship_epig(match1); genus_from_scientificName; family_WFO; order_majorGroup_WCVP [2026-03-11] | CoordinateCleaner QA applied without sea test (validity, equal, zeros, capitals, centroids, gbif, institutions) [2026-04-14] | CoordinateCleaner QA applied without sea test (validity, equal, zeros, capitals, centroids, gbif, institutions) [2026-04-14]";TRUE;"Corrected: points were corrected according to locality"
"190";"SURCO:47";"COLOMBIA";"CO";NA;"Municipio de La Argentina. Reserva Aranzazu, area amortiguadora del Parque Natural Regional Serrania de Las Minas";"2.20151389";"-75.91150556";6751;"SURCO2025";TRUE;"2024-09-21";"change1: Set taxonRank=SPECIES from binomial scientificName. | change2: Filled coordinateUncertaintyInMeters from decimal-place precision (conservative). | epi_taxo: acceptedName(match1); authorship_epig(match1); genus_from_scientificName; family_WFO; order_majorGroup_WCVP [2026-03-11] | CoordinateCleaner QA applied without sea test (validity, equal, zeros, capitals, centroids, gbif, institutions) [2026-04-14] | CoordinateCleaner QA applied without sea test (validity, equal, zeros, capitals, centroids, gbif, institutions) [2026-04-14]";TRUE;"Corrected: points were corrected according to locality"
"191";"SURCO:91";"COLOMBIA";"CO";NA;"Municipio de la Plata, Vereda Belen, hacienda Meremberg";"2.21665";"-76.11281944";1;"SURCO2025";TRUE;"2022-07-28";"change1: Set taxonRank=SPECIES from binomial scientificName. | change2: Filled coordinateUncertaintyInMeters from decimal-place precision (conservative). | epi_taxo: acceptedName(match1); authorship_epig(match1); genus_from_scientificName; family_WFO; order_majorGroup_WCVP [2026-03-11] | CoordinateCleaner QA applied without sea test (validity, equal, zeros, capitals, centroids, gbif, institutions) [2026-04-14] | CoordinateCleaner QA applied without sea test (validity, equal, zeros, capitals, centroids, gbif, institutions) [2026-04-14]";TRUE;"Corrected: points were corrected according to locality"
"192";"SURCO:92";"COLOMBIA";"CO";NA;"Municipio de la Plata, Vereda Belen, hacienda Meremberg";"2.21665";"-76.11281944";1;"SURCO2025";TRUE;"2022-07-28";"change1: Set taxonRank=SPECIES from binomial scientificName. | change2: Filled coordinateUncertaintyInMeters from decimal-place precision (conservative). | epi_taxo: acceptedName(match1); authorship_epig(match1); genus_from_scientificName; family_WFO; order_majorGroup_WCVP [2026-03-11] | CoordinateCleaner QA applied without sea test (validity, equal, zeros, capitals, centroids, gbif, institutions) [2026-04-14] | CoordinateCleaner QA applied without sea test (validity, equal, zeros, capitals, centroids, gbif, institutions) [2026-04-14]";TRUE;"Corrected: points were corrected according to locality"
"193";"SURCO:490";"COLOMBIA";"CO";NA;"Municipio de la Plata, Reserva de la Sociedad Civil Merenberg";"2.21657778";"-76.11637778";8959;"SURCO2025";TRUE;"2024-06-08";"change1: Set taxonRank=SPECIES from binomial scientificName. | change2: Trimmed whitespace in genus (and standardized blanks to NA) | change3: Filled coordinateUncertaintyInMeters from decimal-place precision (conservative). | epi_taxo: acceptedName(match1); authorship_epig(match1); genus_from_scientificName; family_WFO; order_majorGroup_WCVP [2026-03-11] | CoordinateCleaner QA applied without sea test (validity, equal, zeros, capitals, centroids, gbif, institutions) [2026-04-14] | CoordinateCleaner QA applied without sea test (validity, equal, zeros, capitals, centroids, gbif, institutions) [2026-04-14]";TRUE;"Corrected: points were corrected according to locality"
"194";"SURCO:19";"COLOMBIA";"CO";NA;"Municipio de la Plata, Vereda Belen, hacienda Meremberg";"2.21930556";"-76.11605556";897;"SURCO2025";TRUE;"2014-10-21";"change1: Set taxonRank=SPECIES from binomial scientificName. | change2: Filled coordinateUncertaintyInMeters from decimal-place precision (conservative). | epi_taxo: acceptedName(match1); authorship_epig(match1); genus_from_scientificName; family_WFO; order_majorGroup_WCVP [2026-03-11] | CoordinateCleaner QA applied without sea test (validity, equal, zeros, capitals, centroids, gbif, institutions) [2026-04-14] | CoordinateCleaner QA applied without sea test (validity, equal, zeros, capitals, centroids, gbif, institutions) [2026-04-14]";TRUE;"Corrected: points were corrected according to locality"
"195";"SURCO:371";"COLOMBIA";"CO";NA;"Municipio de la Plata, Vereda La Maria, Camino Meremberg";"2.22016667";"-76.12675";1;"SURCO2025";TRUE;"2014-10-23";"change1: Set taxonRank=SPECIES from binomial scientificName. | change2: Filled coordinateUncertaintyInMeters from decimal-place precision (conservative). | epi_taxo: acceptedName(match1); authorship_epig(match1); genus_from_scientificName; family_WFO; order_majorGroup_WCVP [2026-03-11] | CoordinateCleaner QA applied without sea test (validity, equal, zeros, capitals, centroids, gbif, institutions) [2026-04-14] | CoordinateCleaner QA applied without sea test (validity, equal, zeros, capitals, centroids, gbif, institutions) [2026-04-14]";TRUE;"Corrected: points were corrected according to locality"
"196";"SURCO:372";"COLOMBIA";"CO";NA;"Municipio de la Plata, Inspeccion de Belen, Vereda La Maria, Hacienda Meremberg";"2.22113611";"-76.11344444";3772;"SURCO2025";TRUE;"2016-05-04";"change1: Set taxonRank=SPECIES from binomial scientificName. | change2: Filled coordinateUncertaintyInMeters from decimal-place precision (conservative). | epi_taxo: acceptedName(match1); authorship_epig(match1); genus_from_scientificName; family_WFO; order_majorGroup_WCVP [2026-03-11] | CoordinateCleaner QA applied without sea test (validity, equal, zeros, capitals, centroids, gbif, institutions) [2026-04-14] | CoordinateCleaner QA applied without sea test (validity, equal, zeros, capitals, centroids, gbif, institutions) [2026-04-14]";TRUE;"Corrected: points were corrected according to locality"
"197";"SURCO:210";"COLOMBIA";"CO";NA;"Municipio de Garzon, vereda El Vergel, Cerro Paramo de Miraflores";"2.23861111";"-75.47527778";1518;"SURCO2025";TRUE;"2023-05-06";"change1: Canonicalized scientificName to binomial and moved trailing authorship. | change2: Filled coordinateUncertaintyInMeters from decimal-place precision (conservative). | epi_taxo: acceptedName(match1); authorship_epig(match1); genus_from_scientificName; family_WFO; order_majorGroup_WCVP [2026-03-11] | CoordinateCleaner QA applied without sea test (validity, equal, zeros, capitals, centroids, gbif, institutions) [2026-04-14] | CoordinateCleaner QA applied without sea test (validity, equal, zeros, capitals, centroids, gbif, institutions) [2026-04-14]";TRUE;"Corrected: points were corrected according to locality"
"198";"SURCO:211";"COLOMBIA";"CO";NA;"Municipio de Garzon, vereda El Vergel, Cerro Paramo de Miraflores";"2.23861111";"-75.47527778";1518;"SURCO2025";TRUE;"2023-05-07";"change1: Canonicalized scientificName to binomial and moved trailing authorship. | change2: Filled coordinateUncertaintyInMeters from decimal-place precision (conservative). | epi_taxo: acceptedName(match1); authorship_epig(match1); genus_from_scientificName; family_WFO; order_majorGroup_WCVP [2026-03-11] | CoordinateCleaner QA applied without sea test (validity, equal, zeros, capitals, centroids, gbif, institutions) [2026-04-14] | CoordinateCleaner QA applied without sea test (validity, equal, zeros, capitals, centroids, gbif, institutions) [2026-04-14]";TRUE;"Corrected: points were corrected according to locality"
"199";"SURCO:212";"COLOMBIA";"CO";NA;"Municipio de Garzon, vereda El Vergel, Cerro Paramo de Miraflores";"2.23861111";"-75.47527778";1518;"SURCO2025";TRUE;"2023-05-08";"change1: Canonicalized scientificName to binomial and moved trailing authorship. | change2: Filled coordinateUncertaintyInMeters from decimal-place precision (conservative). | epi_taxo: acceptedName(match1); authorship_epig(match1); genus_from_scientificName; family_WFO; order_majorGroup_WCVP [2026-03-11] | CoordinateCleaner QA applied without sea test (validity, equal, zeros, capitals, centroids, gbif, institutions) [2026-04-14] | CoordinateCleaner QA applied without sea test (validity, equal, zeros, capitals, centroids, gbif, institutions) [2026-04-14]";TRUE;"Corrected: points were corrected according to locality"
"200";"SURCO:29";"COLOMBIA";"CO";NA;"Municipio de El Pital. Vereda Los Olivos, microcuenca El Obispo";"2.25338889";"-65.81111111";2400;"SURCO2025";TRUE;"2021-12-21";"change1: Set taxonRank=SPECIES from binomial scientificName. | change2: Filled coordinateUncertaintyInMeters from decimal-place precision (conservative). | epi_taxo: acceptedName(match1); authorship_epig(match1); genus_from_scientificName; family_WFO; order_majorGroup_WCVP [2026-03-11] | CoordinateCleaner QA applied without sea test (validity, equal, zeros, capitals, centroids, gbif, institutions) [2026-04-14] | CoordinateCleaner QA applied without sea test (validity, equal, zeros, capitals, centroids, gbif, institutions) [2026-04-14]";TRUE;"Corrected: points were corrected according to locality"
"201";"SURCO:504";"COLOMBIA";"CO";NA;"Municipio de El Pital.Vereda Los Olivos, microcuenca El Obispo";"2.27038889";"-75.84650556";9444;"SURCO2025";TRUE;"2021-11-13";"change1: Set taxonRank=SPECIES from binomial scientificName. | change2: Trimmed whitespace in verbatimScientificName (and standardized blanks to NA) | change3: Filled coordinateUncertaintyInMeters from decimal-place precision (conservative). | epi_taxo: acceptedName(match1); authorship_epig(match1); genus_from_scientificName; family_WFO; order_majorGroup_WCVP [2026-03-11] | CoordinateCleaner QA applied without sea test (validity, equal, zeros, capitals, centroids, gbif, institutions) [2026-04-14] | CoordinateCleaner QA applied without sea test (validity, equal, zeros, capitals, centroids, gbif, institutions) [2026-04-14]";TRUE;"Corrected: points were corrected according to locality"
"202";"SURCO:75";"COLOMBIA";"CO";NA;"Municipio de El Pital. Vereda Los Olivos, microcuenca El Burro";"2.27280556";"-76.177725";6225;"SURCO2025";TRUE;"2021-12-04";"change1: Set taxonRank=SPECIES from binomial scientificName. | change2: Filled coordinateUncertaintyInMeters from decimal-place precision (conservative). | epi_taxo: acceptedName(match1); authorship_epig(match1); genus_from_scientificName; family_WFO; order_majorGroup_WCVP [2026-03-11] | CoordinateCleaner QA applied without sea test (validity, equal, zeros, capitals, centroids, gbif, institutions) [2026-04-14] | CoordinateCleaner QA applied without sea test (validity, equal, zeros, capitals, centroids, gbif, institutions) [2026-04-14]";TRUE;"Corrected: points were corrected according to locality"
"203";"SURCO:349";"COLOMBIA";"CO";NA;"Municipio de Garzon, Reserva Natural Privada Taky-Hualylla";"2.28333333";"-75.58333333";6380;"SURCO2025";TRUE;"2022-09-14";"change1: Set taxonRank=SPECIES from binomial scientificName. | change2: Filled coordinateUncertaintyInMeters from decimal-place precision (conservative). | epi_taxo: acceptedName(match1); authorship_epig(match1); genus_from_scientificName; family_WFO; order_majorGroup_WCVP [2026-03-11] | CoordinateCleaner QA applied without sea test (validity, equal, zeros, capitals, centroids, gbif, institutions) [2026-04-14] | CoordinateCleaner QA applied without sea test (validity, equal, zeros, capitals, centroids, gbif, institutions) [2026-04-14]";TRUE;"Corrected: points were corrected according to locality"
"204";"SURCO:521";"COLOMBIA";"CO";NA;"Municipio de Garzon, Reserva Natural Privada Taky-Hualylla";"2.28333333";"-75.58333333";2663;"SURCO2025";TRUE;"2002-09-14";"change1: Set taxonRank=SPECIES from binomial scientificName. | change2: Trimmed whitespace in verbatimScientificName (and standardized blanks to NA) | change3: Filled coordinateUncertaintyInMeters from decimal-place precision (conservative). | epi_taxo: acceptedName(match1); authorship_epig(match1); genus_from_scientificName; family_WFO; order_majorGroup_WCVP [2026-03-11] | CoordinateCleaner QA applied without sea test (validity, equal, zeros, capitals, centroids, gbif, institutions) [2026-04-14] | CoordinateCleaner QA applied without sea test (validity, equal, zeros, capitals, centroids, gbif, institutions) [2026-04-14]";TRUE;"Corrected: points were corrected according to locality"
"205";"SURCO:378";"COLOMBIA";"CO";NA;"Municipio de El Pital, Vereda Los Olivos, microcuenca El Obispo";"2.29120556";"-75.86822778";8203;"SURCO2025";TRUE;"2022-04-12";"change1: Set taxonRank=SPECIES from binomial scientificName. | change2: Filled coordinateUncertaintyInMeters from decimal-place precision (conservative). | epi_taxo: acceptedName(match1); authorship_epig(match1); genus_from_scientificName; family_WFO; order_majorGroup_WCVP [2026-03-11] | CoordinateCleaner QA applied without sea test (validity, equal, zeros, capitals, centroids, gbif, institutions) [2026-04-14] | CoordinateCleaner QA applied without sea test (validity, equal, zeros, capitals, centroids, gbif, institutions) [2026-04-14]";TRUE;"Corrected: points were corrected according to locality"
"206";"SURCO:185";"COLOMBIA";"CO";NA;"Municipio de El Pital,Vereda de Los Olivos, microcuenca El Obispo";"2.29378333";"-75.88";556;"SURCO2025";TRUE;"2022-02-14";"change1: Set taxonRank=SPECIES from binomial scientificName. | change2: Filled coordinateUncertaintyInMeters from decimal-place precision (conservative). | epi_taxo: acceptedName(match1); authorship_epig(match1); genus_from_scientificName; family_WFO; order_majorGroup_WCVP [2026-03-11] | CoordinateCleaner QA applied without sea test (validity, equal, zeros, capitals, centroids, gbif, institutions) [2026-04-14] | CoordinateCleaner QA applied without sea test (validity, equal, zeros, capitals, centroids, gbif, institutions) [2026-04-14]";TRUE;"Corrected: points were corrected according to locality"
"207";"SURCO:140";"COLOMBIA";"CO";NA;"Municipio de El Pital, Vereda Santa Rosa, microcuenca, El Burro";"2.29621389";"-75.866375";2680;"SURCO2025";TRUE;"2021-12-21";"change1: Set taxonRank=SPECIES from binomial scientificName. | change2: Filled coordinateUncertaintyInMeters from decimal-place precision (conservative). | epi_taxo: acceptedName(match1); authorship_epig(match1); genus_from_scientificName; family_WFO; order_majorGroup_WCVP [2026-03-11] | CoordinateCleaner QA applied without sea test (validity, equal, zeros, capitals, centroids, gbif, institutions) [2026-04-14] | CoordinateCleaner QA applied without sea test (validity, equal, zeros, capitals, centroids, gbif, institutions) [2026-04-14]";TRUE;"Corrected: points were corrected according to locality"
"208";"SURCO:486";"COLOMBIA";"CO";NA;"Municipio de Purace";"2.30759444";"-76.47916667";2401;"SURCO2025";TRUE;"2015-04-29";"change1: Set taxonRank=SPECIES from binomial scientificName. | change2: Trimmed whitespace in genus (and standardized blanks to NA) | change3: Filled coordinateUncertaintyInMeters from decimal-place precision (conservative). | epi_taxo: acceptedName(match1); authorship_epig(match1); genus_from_scientificName; family_WFO; order_majorGroup_WCVP [2026-03-11] | CoordinateCleaner QA applied without sea test (validity, equal, zeros, capitals, centroids, gbif, institutions) [2026-04-14] | CoordinateCleaner QA applied without sea test (validity, equal, zeros, capitals, centroids, gbif, institutions) [2026-04-14]";TRUE;"Corrected: points were corrected according to locality"
"209";"SURCO:457";"COLOMBIA";"CO";NA;"Municipio de Gigante, Vereda Alto Corazal, humedal La Cumbre";"2.31694444";"-75.46966667";9449;"SURCO2025";TRUE;"2012-10-07";"change1: Set taxonRank=SPECIES from binomial scientificName. | change2: Filled coordinateUncertaintyInMeters from decimal-place precision (conservative). | epi_taxo: acceptedName(match1); authorship_epig(match1); genus_from_scientificName; family_WFO; order_majorGroup_WCVP [2026-03-11] | CoordinateCleaner QA applied without sea test (validity, equal, zeros, capitals, centroids, gbif, institutions) [2026-04-14] | CoordinateCleaner QA applied without sea test (validity, equal, zeros, capitals, centroids, gbif, institutions) [2026-04-14]";TRUE;"Corrected: points were corrected according to locality"
"210";"SURCO:503";"COLOMBIA";"CO";NA;"Municipio de Gigante, Vereda Alto Corazal, humedal La Cumbre";"2.33361111";"-75.46966667";6603;"SURCO2025";TRUE;"2012-06-09";"change1: Trimmed whitespace in scientificName (and standardized blanks to NA) | change2: Trimmed whitespace in verbatimScientificName (and standardized blanks to NA) | change3: Filled coordinateUncertaintyInMeters from decimal-place precision (conservative). | epi_taxo: acceptedName(match1); authorship_epig(match1); genus_from_scientificName; family_WFO; order_majorGroup_WCVP [2026-03-11] | CoordinateCleaner QA applied without sea test (validity, equal, zeros, capitals, centroids, gbif, institutions) [2026-04-14] | CoordinateCleaner QA applied without sea test (validity, equal, zeros, capitals, centroids, gbif, institutions) [2026-04-14]";TRUE;"Corrected: points were corrected according to locality"
"211";"SURCO:186";"COLOMBIA";"CO";NA;"Municipio de la Plata, Inspeccion de Belen, Vereda La Maria, Hacienda Meremberg";"2.33813889";"-76.07508333";2388;"SURCO2025";TRUE;"2016-10-19";"change1: Set taxonRank=SPECIES from binomial scientificName. | change2: Filled coordinateUncertaintyInMeters from decimal-place precision (conservative). | epi_taxo: acceptedName(match1); authorship_epig(match1); genus_from_scientificName; family_WFO; order_majorGroup_WCVP [2026-03-11] | CoordinateCleaner QA applied without sea test (validity, equal, zeros, capitals, centroids, gbif, institutions) [2026-04-14] | CoordinateCleaner QA applied without sea test (validity, equal, zeros, capitals, centroids, gbif, institutions) [2026-04-14]";TRUE;"Corrected: points were corrected according to locality"
"212";"SURCO:28";"COLOMBIA";"CO";NA;"Municipio de Iquira, Vereda Juancho. Sector Tarpeya";"2.66630556";"-75.67036111";4707;"SURCO2025";TRUE;"2022-10-29";"change1: Set taxonRank=SPECIES from binomial scientificName. | change2: Filled coordinateUncertaintyInMeters from decimal-place precision (conservative). | epi_taxo: acceptedName(match1); authorship_epig(match1); genus_from_scientificName; family_WFO; order_majorGroup_WCVP [2026-03-11] | CoordinateCleaner QA applied without sea test (validity, equal, zeros, capitals, centroids, gbif, institutions) [2026-04-14] | CoordinateCleaner QA applied without sea test (validity, equal, zeros, capitals, centroids, gbif, institutions) [2026-04-14]";TRUE;"Corrected: points were corrected according to locality"
"213";"SURCO:278";"COLOMBIA";"CO";NA;"Municipio de Iquira, Vereda Juancho. Sector Tarpeya";"2.67197222";"-75.66969444";1610;"SURCO2025";TRUE;"2022-12-05";"change1: Set taxonRank=SPECIES from binomial scientificName. | change2: Corrected taxonRank (SPECIES→FORM); kept scientificName as-is. | change3: Filled coordinateUncertaintyInMeters from decimal-place precision (conservative). | epi_taxo: acceptedName(match1); authorship_epig(match1); genus_from_scientificName; family_WFO; order_majorGroup_WCVP [2026-03-11] | CoordinateCleaner QA applied without sea test (validity, equal, zeros, capitals, centroids, gbif, institutions) [2026-04-14] | CoordinateCleaner QA applied without sea test (validity, equal, zeros, capitals, centroids, gbif, institutions) [2026-04-14]";TRUE;"Corrected: points were corrected according to locality"
"214";"SURCO:506";"COLOMBIA";"CO";NA;"Municipio de iquira, Vereda Juancho, sector Tarpeya";"2.67205556";"-75.66983333";5490;"SURCO2025";TRUE;"2023-03-16";"change1: Set taxonRank=SPECIES from binomial scientificName. | change2: Trimmed whitespace in verbatimScientificName (and standardized blanks to NA) | change3: Filled coordinateUncertaintyInMeters from decimal-place precision (conservative). | epi_taxo: acceptedName(match1); authorship_epig(match1); genus_from_scientificName; family_WFO; order_majorGroup_WCVP [2026-03-11] | CoordinateCleaner QA applied without sea test (validity, equal, zeros, capitals, centroids, gbif, institutions) [2026-04-14] | CoordinateCleaner QA applied without sea test (validity, equal, zeros, capitals, centroids, gbif, institutions) [2026-04-14]";TRUE;"Corrected: points were corrected according to locality"
"215";"SURCO:507";"COLOMBIA";"CO";NA;"Municipio de iquira, Vereda Juancho, sector Tarpeya";"2.67316667";"-75.67147222";4349;"SURCO2025";TRUE;"2022-12-05";"change1: Set taxonRank=SPECIES from binomial scientificName. | change2: Filled coordinateUncertaintyInMeters from decimal-place precision (conservative). | epi_taxo: acceptedName(match1); authorship_epig(match1); genus_from_scientificName; family_WFO; order_majorGroup_WCVP [2026-03-11] | CoordinateCleaner QA applied without sea test (validity, equal, zeros, capitals, centroids, gbif, institutions) [2026-04-14] | CoordinateCleaner QA applied without sea test (validity, equal, zeros, capitals, centroids, gbif, institutions) [2026-04-14]";TRUE;"Corrected: points were corrected according to locality"
"216";"SURCO:505";"COLOMBIA";"CO";NA;"Municipio de iquira, Vereda Juancho, sector Tarpeya";"2.67430556";"-75.66647222";3213;"SURCO2025";TRUE;"2023-01-29";"change1: Set taxonRank=SPECIES from binomial scientificName. | change2: Trimmed whitespace in verbatimScientificName (and standardized blanks to NA) | change3: Filled coordinateUncertaintyInMeters from decimal-place precision (conservative). | epi_taxo: acceptedName(match1); authorship_epig(match1); genus_from_scientificName; family_WFO; order_majorGroup_WCVP [2026-03-11] | CoordinateCleaner QA applied without sea test (validity, equal, zeros, capitals, centroids, gbif, institutions) [2026-04-14] | CoordinateCleaner QA applied without sea test (validity, equal, zeros, capitals, centroids, gbif, institutions) [2026-04-14]";TRUE;"Corrected: points were corrected according to locality"
"217";"SURCO:489";"COLOMBIA";"CO";NA;"Municipio de iquira, Vereda Juancho, sector Tarpeya";"2.67611111";"-75.66633333";3943;"SURCO2025";TRUE;"2023-01-29";"change1: Set taxonRank=SPECIES from binomial scientificName. | change2: Trimmed whitespace in genus (and standardized blanks to NA) | change3: Filled coordinateUncertaintyInMeters from decimal-place precision (conservative). | epi_taxo: acceptedName(match1); authorship_epig(match1); genus_from_scientificName; family_WFO; order_majorGroup_WCVP [2026-03-11] | CoordinateCleaner QA applied without sea test (validity, equal, zeros, capitals, centroids, gbif, institutions) [2026-04-14] | CoordinateCleaner QA applied without sea test (validity, equal, zeros, capitals, centroids, gbif, institutions) [2026-04-14]";TRUE;"Corrected: points were corrected according to locality"
"218";"SURCO:46";"COLOMBIA";"CO";NA;"Municipio de Iquira, Vereda Juancho. Sector Tarpeya";"2.66791667";"-75.66897222";7503;"SURCO2025";TRUE;"2022-12-06";"change1: Set taxonRank=SPECIES from binomial scientificName. | change2: Filled coordinateUncertaintyInMeters from decimal-place precision (conservative). | epi_taxo: acceptedName(match1); authorship_epig(match1); genus_from_scientificName; family_WFO; order_majorGroup_WCVP [2026-03-11] | CoordinateCleaner QA applied without sea test (validity, equal, zeros, capitals, centroids, gbif, institutions) [2026-04-14] | CoordinateCleaner QA applied without sea test (validity, equal, zeros, capitals, centroids, gbif, institutions) [2026-04-14]";TRUE;"Corrected: points were corrected according to locality"
"219";"SURCO:449";"COLOMBIA";"CO";NA;"Municipio de Iquira";"2.67936111";"-75.73925";1;"SURCO2025";TRUE;"2019-09-30";"change1: Set taxonRank=SPECIES from binomial scientificName. | change2: Filled coordinateUncertaintyInMeters from decimal-place precision (conservative). | epi_taxo: acceptedName(match1); authorship_epig(match1); genus_from_scientificName; family_WFO; order_majorGroup_WCVP [2026-03-11] | CoordinateCleaner QA applied without sea test (validity, equal, zeros, capitals, centroids, gbif, institutions) [2026-04-14] | CoordinateCleaner QA applied without sea test (validity, equal, zeros, capitals, centroids, gbif, institutions) [2026-04-14]";TRUE;"Corrected: points were corrected according to locality"
"220";"SURCO:450";"COLOMBIA";"CO";NA;"Municipio de Balsillas";"2.727625";"-75.03050278";6545;"SURCO2025";TRUE;"2023-11-02";"change1: Set taxonRank=SPECIES from binomial scientificName. | change2: Filled coordinateUncertaintyInMeters from decimal-place precision (conservative). | epi_taxo: acceptedName(match1); authorship_epig(match1); genus_from_scientificName; family_WFO; order_majorGroup_WCVP [2026-03-11] | CoordinateCleaner QA applied without sea test (validity, equal, zeros, capitals, centroids, gbif, institutions) [2026-04-14] | CoordinateCleaner QA applied without sea test (validity, equal, zeros, capitals, centroids, gbif, institutions) [2026-04-14]";TRUE;"Corrected: points were corrected according to locality"
"221";"SURCO:452";"COLOMBIA";"CO";NA;"Municipio de Neiva, Vereda La Plata";"2.74061111";"-75.09388889";2460;"SURCO2025";TRUE;"2020-02-17";"change1: Set taxonRank=SPECIES from binomial scientificName. | change2: Filled coordinateUncertaintyInMeters from decimal-place precision (conservative). | epi_taxo: acceptedName(match1); authorship_epig(match1); genus_from_scientificName; family_WFO; order_majorGroup_WCVP [2026-03-11] | CoordinateCleaner QA applied without sea test (validity, equal, zeros, capitals, centroids, gbif, institutions) [2026-04-14] | CoordinateCleaner QA applied without sea test (validity, equal, zeros, capitals, centroids, gbif, institutions) [2026-04-14]";TRUE;"Corrected: points were corrected according to locality"
"222";"SURCO:453";"COLOMBIA";"CO";NA;"Municipio de Neiva, Vereda La Plata";"2.74061111";"-75.09388889";2561;"SURCO2025";TRUE;"2020-02-17";"change1: Set taxonRank=SPECIES from binomial scientificName. | change2: Filled coordinateUncertaintyInMeters from decimal-place precision (conservative). | epi_taxo: acceptedName(match1); authorship_epig(match1); genus_from_scientificName; family_WFO; order_majorGroup_WCVP [2026-03-11] | CoordinateCleaner QA applied without sea test (validity, equal, zeros, capitals, centroids, gbif, institutions) [2026-04-14] | CoordinateCleaner QA applied without sea test (validity, equal, zeros, capitals, centroids, gbif, institutions) [2026-04-14]";TRUE;"Corrected: points were corrected according to locality"
"223";"SURCO:363";"COLOMBIA";"CO";NA;"Municipio de Neiva, Vereda La Plata";"2.74072222";"-75.08119444";4993;"SURCO2025";TRUE;"2021-02-13";"change1: Set taxonRank=SPECIES from binomial scientificName. | change2: Filled coordinateUncertaintyInMeters from decimal-place precision (conservative). | epi_taxo: acceptedName(match1); authorship_epig(match1); genus_from_scientificName; family_WFO; order_majorGroup_WCVP [2026-03-11] | CoordinateCleaner QA applied without sea test (validity, equal, zeros, capitals, centroids, gbif, institutions) [2026-04-14] | CoordinateCleaner QA applied without sea test (validity, equal, zeros, capitals, centroids, gbif, institutions) [2026-04-14]";TRUE;"Corrected: points were corrected according to locality"
"224";"SURCO:364";"COLOMBIA";"CO";NA;"Municipio de Neiva, Vereda La Plata";"2.74072222";"-75.08119444";9243;"SURCO2025";TRUE;"2021-02-13";"change1: Set taxonRank=SPECIES from binomial scientificName. | change2: Filled coordinateUncertaintyInMeters from decimal-place precision (conservative). | epi_taxo: acceptedName(match1); authorship_epig(match1); genus_from_scientificName; family_WFO; order_majorGroup_WCVP [2026-03-11] | CoordinateCleaner QA applied without sea test (validity, equal, zeros, capitals, centroids, gbif, institutions) [2026-04-14] | CoordinateCleaner QA applied without sea test (validity, equal, zeros, capitals, centroids, gbif, institutions) [2026-04-14]";TRUE;"Corrected: points were corrected according to locality"
"225";"SURCO:379";"COLOMBIA";"CO";NA;"Municipio de Neiva, Vereda La Plata";"2.74072222";"-75.08119444";4049;"SURCO2025";TRUE;"2021-02-13";"change1: Canonicalized scientificName to binomial and moved trailing authorship. | change2: Filled coordinateUncertaintyInMeters from decimal-place precision (conservative). | epi_taxo: acceptedName(match1); authorship_epig(match1); genus_from_scientificName; family_WFO; order_majorGroup_WCVP [2026-03-11] | CoordinateCleaner QA applied without sea test (validity, equal, zeros, capitals, centroids, gbif, institutions) [2026-04-14] | CoordinateCleaner QA applied without sea test (validity, equal, zeros, capitals, centroids, gbif, institutions) [2026-04-14]";TRUE;"Corrected: points were corrected according to locality"
"226";"SURCO:419";"COLOMBIA";"CO";NA;"Municipio de Neiva, Vereda La Plata";"2.75458333";"-75.08708333";9249;"SURCO2025";TRUE;"2019-08-07";"change1: Set taxonRank=SPECIES from binomial scientificName. | change2: Filled coordinateUncertaintyInMeters from decimal-place precision (conservative). | epi_taxo: acceptedName(match1); authorship_epig(match1); genus_from_scientificName; family_WFO; order_majorGroup_WCVP [2026-03-11] | CoordinateCleaner QA applied without sea test (validity, equal, zeros, capitals, centroids, gbif, institutions) [2026-04-14] | CoordinateCleaner QA applied without sea test (validity, equal, zeros, capitals, centroids, gbif, institutions) [2026-04-14]";TRUE;"Corrected: points were corrected according to locality"
"227";"SURCO:451";"COLOMBIA";"CO";NA;"Municipio de Neiva, Parque Regional La Siberia-Ceibas";"2.75104722";"-75.06462222";2684;"SURCO2025";TRUE;"2022-10-28";"change1: Set taxonRank=SPECIES from binomial scientificName. | change2: Filled coordinateUncertaintyInMeters from decimal-place precision (conservative). | epi_taxo: acceptedName(match1); authorship_epig(match1); genus_from_scientificName; family_WFO; order_majorGroup_WCVP [2026-03-11] | CoordinateCleaner QA applied without sea test (validity, equal, zeros, capitals, centroids, gbif, institutions) [2026-04-14] | CoordinateCleaner QA applied without sea test (validity, equal, zeros, capitals, centroids, gbif, institutions) [2026-04-14]";TRUE;"Corrected: points were corrected according to locality"
"228";"SURCO:353";"COLOMBIA";"CO";NA;"Municipio de Neiva, Vereda Motilon";"2.80183056";"-75.08263611";8689;"SURCO2025";TRUE;"2018-10-21";"change1: Set taxonRank=SPECIES from binomial scientificName. | change2: Filled coordinateUncertaintyInMeters from decimal-place precision (conservative). | epi_taxo: acceptedName(match1); authorship_epig(match1); genus_from_scientificName; family_WFO; order_majorGroup_WCVP [2026-03-11] | CoordinateCleaner QA applied without sea test (validity, equal, zeros, capitals, centroids, gbif, institutions) [2026-04-14] | CoordinateCleaner QA applied without sea test (validity, equal, zeros, capitals, centroids, gbif, institutions) [2026-04-14]";TRUE;"Corrected: points were corrected according to locality"
"229";"SURCO:06";"COLOMBIA";"CO";NA;"Municipio de Neiva, Vereda Alta Santa Rosalia, quebrada la cabuya";"2.81274722";"-75.09169167";9550;"SURCO2025";TRUE;"1997-10-10";"change1: Set taxonRank=SPECIES from binomial scientificName. | change2: Filled coordinateUncertaintyInMeters from decimal-place precision (conservative). | epi_taxo: acceptedName(match1); authorship_epig(match1); genus_from_scientificName; family_WFO; order_majorGroup_WCVP [2026-03-11] | CoordinateCleaner QA applied without sea test (validity, equal, zeros, capitals, centroids, gbif, institutions) [2026-04-14] | CoordinateCleaner QA applied without sea test (validity, equal, zeros, capitals, centroids, gbif, institutions) [2026-04-14]";TRUE;"Corrected: points were corrected according to locality"
"230";"SURCO:07";"COLOMBIA";"CO";NA;"Municipio de Neiva, Vereda Alta Santa Rosalia, quebrada la cabuya";"2.81274722";"-75.09169167";9550;"SURCO2025";TRUE;"1997-10-11";"change1: Set taxonRank=SPECIES from binomial scientificName. | change2: Filled coordinateUncertaintyInMeters from decimal-place precision (conservative). | epi_taxo: acceptedName(match1); authorship_epig(match1); genus_from_scientificName; family_WFO; order_majorGroup_WCVP [2026-03-11] | CoordinateCleaner QA applied without sea test (validity, equal, zeros, capitals, centroids, gbif, institutions) [2026-04-14] | CoordinateCleaner QA applied without sea test (validity, equal, zeros, capitals, centroids, gbif, institutions) [2026-04-14]";TRUE;"Corrected: points were corrected according to locality"
"231";"SURCO:421";"COLOMBIA";"CO";NA;"Municipio de Santa Maria, Vereda El Carmen de Bolivar";"2.82761111";"-75.49069444";9015;"SURCO2025";TRUE;"2019-11-10";"change1: Set taxonRank=SPECIES from binomial scientificName. | change2: Filled coordinateUncertaintyInMeters from decimal-place precision (conservative). | epi_taxo: acceptedName(match1); authorship_epig(match1); genus_from_scientificName; family_WFO; order_majorGroup_WCVP [2026-03-11] | CoordinateCleaner QA applied without sea test (validity, equal, zeros, capitals, centroids, gbif, institutions) [2026-04-14] | CoordinateCleaner QA applied without sea test (validity, equal, zeros, capitals, centroids, gbif, institutions) [2026-04-14]";TRUE;"Corrected: points were corrected according to locality"
"232";"SURCO:422";"COLOMBIA";"CO";NA;"Municipio de Santa Maria, Vereda El Carmen de Bolivar";"2.82761111";"-75.49069444";1948;"SURCO2025";TRUE;"2019-11-10";"change1: Set taxonRank=SPECIES from binomial scientificName. | change2: Filled coordinateUncertaintyInMeters from decimal-place precision (conservative). | epi_taxo: acceptedName(match1); authorship_epig(match1); genus_from_scientificName; family_WFO; order_majorGroup_WCVP [2026-03-11] | CoordinateCleaner QA applied without sea test (validity, equal, zeros, capitals, centroids, gbif, institutions) [2026-04-14] | CoordinateCleaner QA applied without sea test (validity, equal, zeros, capitals, centroids, gbif, institutions) [2026-04-14]";TRUE;"Corrected: points were corrected according to locality"
"233";"SURCO:423";"COLOMBIA";"CO";NA;"Municipio de Santa Maria, Vereda El Carmen de Bolivar";"2.82761111";"-75.49069444";8040;"SURCO2025";TRUE;"2019-11-10";"change1: Set taxonRank=SPECIES from binomial scientificName. | change2: Filled coordinateUncertaintyInMeters from decimal-place precision (conservative). | epi_taxo: acceptedName(match1); authorship_epig(match1); genus_from_scientificName; family_WFO; order_majorGroup_WCVP [2026-03-11] | CoordinateCleaner QA applied without sea test (validity, equal, zeros, capitals, centroids, gbif, institutions) [2026-04-14] | CoordinateCleaner QA applied without sea test (validity, equal, zeros, capitals, centroids, gbif, institutions) [2026-04-14]";TRUE;"Corrected: points were corrected according to locality"
"234";"SURCO:415";"COLOMBIA";"CO";NA;"Municipio de Santa Maria, Vereda El Carmen de Bolivar";"2.82936111";"-75.65819444";6814;"SURCO2025";TRUE;"2019-11-10";"change1: Set taxonRank=SPECIES from binomial scientificName. | change2: Filled coordinateUncertaintyInMeters from decimal-place precision (conservative). | epi_taxo: acceptedName(match1); authorship_epig(match1); genus_from_scientificName; family_WFO; order_majorGroup_WCVP [2026-03-11] | CoordinateCleaner QA applied without sea test (validity, equal, zeros, capitals, centroids, gbif, institutions) [2026-04-14] | CoordinateCleaner QA applied without sea test (validity, equal, zeros, capitals, centroids, gbif, institutions) [2026-04-14]";TRUE;"Corrected: points were corrected according to locality"
"235";"SURCO:416";"COLOMBIA";"CO";NA;"Municipio de Santa Maria, Vereda El Carmen de Bolivar";"2.82936111";"-75.65819444";3585;"SURCO2025";TRUE;"2019-11-10";"change1: Set taxonRank=SPECIES from binomial scientificName. | change2: Filled coordinateUncertaintyInMeters from decimal-place precision (conservative). | epi_taxo: acceptedName(match1); authorship_epig(match1); genus_from_scientificName; family_WFO; order_majorGroup_WCVP [2026-03-11] | CoordinateCleaner QA applied without sea test (validity, equal, zeros, capitals, centroids, gbif, institutions) [2026-04-14] | CoordinateCleaner QA applied without sea test (validity, equal, zeros, capitals, centroids, gbif, institutions) [2026-04-14]";TRUE;"Corrected: points were corrected according to locality"
"236";"SURCO:417";"COLOMBIA";"CO";NA;"Municipio de Santa Maria, Vereda El Carmen de Bolivar";"2.82936111";"-75.65819444";5132;"SURCO2025";TRUE;"2019-11-10";"change1: Set taxonRank=SPECIES from binomial scientificName. | change2: Filled coordinateUncertaintyInMeters from decimal-place precision (conservative). | epi_taxo: acceptedName(match1); authorship_epig(match1); genus_from_scientificName; family_WFO; order_majorGroup_WCVP [2026-03-11] | CoordinateCleaner QA applied without sea test (validity, equal, zeros, capitals, centroids, gbif, institutions) [2026-04-14] | CoordinateCleaner QA applied without sea test (validity, equal, zeros, capitals, centroids, gbif, institutions) [2026-04-14]";TRUE;"Corrected: points were corrected according to locality"
"237";"SURCO:418";"COLOMBIA";"CO";NA;"Municipio de Santa Maria, Vereda El Carmen de Bolivar";"2.82936111";"-75.65819444";2541;"SURCO2025";TRUE;"2019-11-10";"change1: Set taxonRank=SPECIES from binomial scientificName. | change2: Filled coordinateUncertaintyInMeters from decimal-place precision (conservative). | epi_taxo: acceptedName(match1); authorship_epig(match1); genus_from_scientificName; family_WFO; order_majorGroup_WCVP [2026-03-11] | CoordinateCleaner QA applied without sea test (validity, equal, zeros, capitals, centroids, gbif, institutions) [2026-04-14] | CoordinateCleaner QA applied without sea test (validity, equal, zeros, capitals, centroids, gbif, institutions) [2026-04-14]";TRUE;"Corrected: points were corrected according to locality"
"238";"SURCO:365";"COLOMBIA";"CO";NA;"Municipio de Santa Maria, Vereda El Carmen de Bolivar";"2.83244444";"-75.65747222";2643;"SURCO2025";TRUE;"2019-11-10";"change1: Set taxonRank=SPECIES from binomial scientificName. | change2: Filled coordinateUncertaintyInMeters from decimal-place precision (conservative). | epi_taxo: acceptedName(match1); authorship_epig(match1); genus_from_scientificName; family_WFO; order_majorGroup_WCVP [2026-03-11] | CoordinateCleaner QA applied without sea test (validity, equal, zeros, capitals, centroids, gbif, institutions) [2026-04-14] | CoordinateCleaner QA applied without sea test (validity, equal, zeros, capitals, centroids, gbif, institutions) [2026-04-14]";TRUE;"Corrected: points were corrected according to locality"
"239";"SURCO:444";"COLOMBIA";"CO";NA;"Municipio de Santa Maria, Vereda El Carmen de Bolivar";"2.83605556";"-75.65736111";6679;"SURCO2025";TRUE;"2019-11-10";"change1: Set taxonRank=SPECIES from binomial scientificName. | change2: Filled coordinateUncertaintyInMeters from decimal-place precision (conservative). | epi_taxo: acceptedName(match1); authorship_epig(match1); genus_from_scientificName; family_WFO; order_majorGroup_WCVP [2026-03-11] | CoordinateCleaner QA applied without sea test (validity, equal, zeros, capitals, centroids, gbif, institutions) [2026-04-14] | CoordinateCleaner QA applied without sea test (validity, equal, zeros, capitals, centroids, gbif, institutions) [2026-04-14]";TRUE;"Corrected: points were corrected according to locality"
"240";"SURCO:475";"COLOMBIA";"CO";NA;"Municipio de Santa Maria, Vereda El Carmen de Bolivar";"2.83630556";"-75.65716667";9024;"SURCO2025";TRUE;"2019-11-10";"change1: Set taxonRank=SPECIES from binomial scientificName. | change2: Filled coordinateUncertaintyInMeters from decimal-place precision (conservative). | epi_taxo: acceptedName(match1); authorship_epig(match1); genus_from_scientificName; family_WFO; order_majorGroup_WCVP [2026-03-11] | CoordinateCleaner QA applied without sea test (validity, equal, zeros, capitals, centroids, gbif, institutions) [2026-04-14] | CoordinateCleaner QA applied without sea test (validity, equal, zeros, capitals, centroids, gbif, institutions) [2026-04-14]";TRUE;"Corrected: points were corrected according to locality"
"241";"SURCO:420";"COLOMBIA";"CO";NA;"Municipio de Santa Maria, Vereda El Carmen de Bolivar";"2.83641667";"-75.65727778";9518;"SURCO2025";TRUE;"2019-08-07";"change1: Set taxonRank=SPECIES from binomial scientificName. | change2: Filled coordinateUncertaintyInMeters from decimal-place precision (conservative). | epi_taxo: acceptedName(match1); authorship_epig(match1); genus_from_scientificName; family_WFO; order_majorGroup_WCVP [2026-03-11] | CoordinateCleaner QA applied without sea test (validity, equal, zeros, capitals, centroids, gbif, institutions) [2026-04-14] | CoordinateCleaner QA applied without sea test (validity, equal, zeros, capitals, centroids, gbif, institutions) [2026-04-14]";TRUE;"Corrected: points were corrected according to locality"
"242";"SURCO:366";"COLOMBIA";"CO";NA;"Municipio de Santa Maria";"2.83680556";"-75.65725";1;"SURCO2025";TRUE;"2019-08-07";"change1: Set taxonRank=SPECIES from binomial scientificName. | change2: Filled coordinateUncertaintyInMeters from decimal-place precision (conservative). | epi_taxo: acceptedName(match1); authorship_epig(match1); genus_from_scientificName; family_WFO; order_majorGroup_WCVP [2026-03-11] | CoordinateCleaner QA applied without sea test (validity, equal, zeros, capitals, centroids, gbif, institutions) [2026-04-14] | CoordinateCleaner QA applied without sea test (validity, equal, zeros, capitals, centroids, gbif, institutions) [2026-04-14]";TRUE;"Corrected: points were corrected according to locality"
"243";"SURCO:442";"COLOMBIA";"CO";NA;"Municipio de Santa Maria, Vereda El Carmen de Bolivar";"2.83797222";"-75.65744444";5044;"SURCO2025";TRUE;"2020-10-31";"change1: Set taxonRank=SPECIES from binomial scientificName. | change2: Filled coordinateUncertaintyInMeters from decimal-place precision (conservative). | epi_taxo: acceptedName(match1); authorship_epig(match1); genus_from_scientificName; family_WFO; order_majorGroup_WCVP [2026-03-11] | CoordinateCleaner QA applied without sea test (validity, equal, zeros, capitals, centroids, gbif, institutions) [2026-04-14] | CoordinateCleaner QA applied without sea test (validity, equal, zeros, capitals, centroids, gbif, institutions) [2026-04-14]";TRUE;"Corrected: points were corrected according to locality"
"244";"SURCO:443";"COLOMBIA";"CO";NA;"Municipio de Santa Maria, Vereda El Carmen de Bolivar";"2.83886111";"-75.65697222";9042;"SURCO2025";TRUE;"2020-10-30";"change1: Set taxonRank=SPECIES from binomial scientificName. | change2: Filled coordinateUncertaintyInMeters from decimal-place precision (conservative). | epi_taxo: acceptedName(match1); authorship_epig(match1); genus_from_scientificName; family_WFO; order_majorGroup_WCVP [2026-03-11] | CoordinateCleaner QA applied without sea test (validity, equal, zeros, capitals, centroids, gbif, institutions) [2026-04-14] | CoordinateCleaner QA applied without sea test (validity, equal, zeros, capitals, centroids, gbif, institutions) [2026-04-14]";TRUE;"Corrected: points were corrected according to locality"
"245";"SURCO:445";"COLOMBIA";"CO";NA;"Municipio de Santa Maria, Vereda El Carmen de Bolivar";"2.83886111";"-75.65697222";7548;"SURCO2025";TRUE;"2019-10-11";"change1: Set taxonRank=SPECIES from binomial scientificName. | change2: Filled coordinateUncertaintyInMeters from decimal-place precision (conservative). | epi_taxo: acceptedName(match1); authorship_epig(match1); genus_from_scientificName; family_WFO; order_majorGroup_WCVP [2026-03-11] | CoordinateCleaner QA applied without sea test (validity, equal, zeros, capitals, centroids, gbif, institutions) [2026-04-14] | CoordinateCleaner QA applied without sea test (validity, equal, zeros, capitals, centroids, gbif, institutions) [2026-04-14]";TRUE;"Corrected: points were corrected according to locality"
"246";"SURCO:02";"COLOMBIA";"CO";NA;"Municipio de Neiva, Universidad Surcolombiana";"2.9275";"-75.2875";6;"SURCO2025";TRUE;"2013-03-20";"change1: Set taxonRank=SPECIES from binomial scientificName. | change2: Filled coordinateUncertaintyInMeters from decimal-place precision (conservative). | epi_taxo: acceptedName(match1); authorship_epig(match1); genus_from_scientificName; family_WFO; order_majorGroup_WCVP [2026-03-11] | CoordinateCleaner QA applied without sea test (validity, equal, zeros, capitals, centroids, gbif, institutions) [2026-04-14] | CoordinateCleaner QA applied without sea test (validity, equal, zeros, capitals, centroids, gbif, institutions) [2026-04-14]";TRUE;"Corrected: points were corrected according to locality"
"247";"SURCO:62";"COLOMBIA";"CO";NA;"Municipio de Neiva Universidad Surcolombiana, bloque de ingenieria";"2.941825";"-75.30326667";5868;"SURCO2025";TRUE;"2017-12-04";"change1: Set taxonRank=SPECIES from binomial scientificName. | change2: Filled coordinateUncertaintyInMeters from decimal-place precision (conservative). | epi_taxo: acceptedName(match1); authorship_epig(match1); genus_from_scientificName; family_WFO; order_majorGroup_WCVP [2026-03-11] | CoordinateCleaner QA applied without sea test (validity, equal, zeros, capitals, centroids, gbif, institutions) [2026-04-14] | CoordinateCleaner QA applied without sea test (validity, equal, zeros, capitals, centroids, gbif, institutions) [2026-04-14]";TRUE;"Corrected: points were corrected according to locality"
"248";"SURCO:74";"COLOMBIA";"CO";NA;"Municipio de Neiva Universidad Surcolombiana, bloque de ingenieria";"2.941825";"-75.30326667";2860;"SURCO2025";TRUE;"2017-12-04";"change1: Set taxonRank=SPECIES from binomial scientificName. | change2: Filled coordinateUncertaintyInMeters from decimal-place precision (conservative). | epi_taxo: acceptedName(match1); authorship_epig(match1); genus_from_scientificName; family_WFO; order_majorGroup_WCVP [2026-03-11] | CoordinateCleaner QA applied without sea test (validity, equal, zeros, capitals, centroids, gbif, institutions) [2026-04-14] | CoordinateCleaner QA applied without sea test (validity, equal, zeros, capitals, centroids, gbif, institutions) [2026-04-14]";TRUE;"Corrected: points were corrected according to locality"
"249";"SURCO:380";"COLOMBIA";"CO";NA;"Municipio de La Argentina, Humedal La Vega";"2.12654167";"-76.03675833";2503;"SURCO2025";TRUE;"2024-05-31";"change1: Set taxonRank=SPECIES from binomial scientificName. | change2: Filled coordinateUncertaintyInMeters from decimal-place precision (conservative). | epi_taxo: acceptedName(match1); authorship_epig(match1); genus_from_scientificName; family_WFO; order_majorGroup_WCVP [2026-03-11] | CoordinateCleaner QA applied without sea test (validity, equal, zeros, capitals, centroids, gbif, institutions) [2026-04-14] | CoordinateCleaner QA applied without sea test (validity, equal, zeros, capitals, centroids, gbif, institutions) [2026-04-14]";TRUE;"Corrected: points were corrected according to locality"
"250";"SURCO:446";"COLOMBIA";"CO";NA;"Municipio de Garzon, vereda Las Mercedes. area amortiguadora del Parque Natural Regional Cerro Paramo de Miraflores";"2.14715556";"-75.52290833";1693;"SURCO2025";TRUE;"2024-09-28";"change1: Set taxonRank=SPECIES from binomial scientificName. | change2: Filled coordinateUncertaintyInMeters from decimal-place precision (conservative). | epi_taxo: acceptedName(match1); authorship_epig(match1); genus_from_scientificName; family_WFO; order_majorGroup_WCVP [2026-03-11] | CoordinateCleaner QA applied without sea test (validity, equal, zeros, capitals, centroids, gbif, institutions) [2026-04-14] | CoordinateCleaner QA applied without sea test (validity, equal, zeros, capitals, centroids, gbif, institutions) [2026-04-14]";TRUE;"Corrected: points were corrected according to locality"
"251";"SURCO:500";"COLOMBIA";"CO";NA;"Municipio de Garzon, vereda Las Mercedes. area amortiguadora del Parque Natural Regional Cerro Paramo de Miraflores";"2.14878056";"-75.52525";1;"SURCO2025";TRUE;"2024-09-28";"change1: Set taxonRank=SPECIES from binomial scientificName. | change2: Filled coordinateUncertaintyInMeters from decimal-place precision (conservative). | epi_taxo: acceptedName(match1); authorship_epig(match1); genus_from_scientificName; family_WFO; order_majorGroup_WCVP [2026-03-11] | CoordinateCleaner QA applied without sea test (validity, equal, zeros, capitals, centroids, gbif, institutions) [2026-04-14] | CoordinateCleaner QA applied without sea test (validity, equal, zeros, capitals, centroids, gbif, institutions) [2026-04-14]";TRUE;"Corrected: points were corrected according to locality"
"252";"SURCO:242";"COLOMBIA";"CO";NA;"Municipio de Colombia, Vereda La Legiosa";"3.29214722";"-74.71386111";9550;"SURCO2025";TRUE;"2022-11-17";"change1: Set taxonRank=SPECIES from binomial scientificName. | change2: Filled coordinateUncertaintyInMeters from decimal-place precision (conservative). | epi_taxo: acceptedName(match1); authorship_epig(match1); genus_from_scientificName; family_WFO; order_majorGroup_WCVP [2026-03-11] | CoordinateCleaner QA applied without sea test (validity, equal, zeros, capitals, centroids, gbif, institutions) [2026-04-14] | CoordinateCleaner QA applied without sea test (validity, equal, zeros, capitals, centroids, gbif, institutions) [2026-04-14]";TRUE;"Corrected: points were corrected according to locality"
"253";"SURCO:485";"COLOMBIA";"CO";NA;"Municipio de Colombia, Vereda El Dorado";"3.31611111";"-74.66096111";8051;"SURCO2025";TRUE;"2019-09-28";"change1: Set taxonRank=SPECIES from binomial scientificName. | change2: Corrected taxonRank (SPECIES→FORM); kept scientificName as-is. | change3: Filled coordinateUncertaintyInMeters from decimal-place precision (conservative). | epi_taxo: acceptedName(match1); authorship_epig(match1); genus_from_scientificName; family_WFO; order_majorGroup_WCVP [2026-03-11] | CoordinateCleaner QA applied without sea test (validity, equal, zeros, capitals, centroids, gbif, institutions) [2026-04-14] | CoordinateCleaner QA applied without sea test (validity, equal, zeros, capitals, centroids, gbif, institutions) [2026-04-14]";TRUE;"Corrected: points were corrected according to locality"
"254";"SURCO:226";"COLOMBIA";"CO";NA;"Municipio de Colombia, Vereda Santa Ana";"3.62916944";"-74.64041389";5018;"SURCO2025";TRUE;"2023-10-01";"change1: Set taxonRank=SPECIES from binomial scientificName. | change2: Filled coordinateUncertaintyInMeters from decimal-place precision (conservative). | epi_taxo: acceptedName(match1); authorship_epig(match1); genus_from_scientificName; family_WFO; order_majorGroup_WCVP [2026-03-11] | CoordinateCleaner QA applied without sea test (validity, equal, zeros, capitals, centroids, gbif, institutions) [2026-04-14] | CoordinateCleaner QA applied without sea test (validity, equal, zeros, capitals, centroids, gbif, institutions) [2026-04-14]";TRUE;"Corrected: points were corrected according to locality"
"255";"SURCO:370";"COLOMBIA";"CO";NA;"Municipio de Colombia, Vereda Santa Ana";"3.62916944";"-74.64041389";5904;"SURCO2025";TRUE;"2023-10-01";"change1: Set taxonRank=SPECIES from binomial scientificName. | change2: Filled coordinateUncertaintyInMeters from decimal-place precision (conservative). | epi_taxo: acceptedName(match1); authorship_epig(match1); genus_from_scientificName; family_WFO; order_majorGroup_WCVP [2026-03-11] | CoordinateCleaner QA applied without sea test (validity, equal, zeros, capitals, centroids, gbif, institutions) [2026-04-14] | CoordinateCleaner QA applied without sea test (validity, equal, zeros, capitals, centroids, gbif, institutions) [2026-04-14]";TRUE;"Corrected: points were corrected according to locality"
"256";"SURCO:66";"COLOMBIA";"CO";NA;"Municipio de Neiva, centro de Investigaciones La Tribuna Bosque seco, borde de quebrada el Neme";"3.07194444";"-75.38166667";8072;"SURCO2025";TRUE;"2007-08-05";"change1: Set taxonRank=SPECIES from binomial scientificName. | change2: Filled coordinateUncertaintyInMeters from decimal-place precision (conservative). | epi_taxo: acceptedName(match1); authorship_epig(match1); genus_from_scientificName; family_WFO; order_majorGroup_WCVP [2026-03-11] | CoordinateCleaner QA applied without sea test (validity, equal, zeros, capitals, centroids, gbif, institutions) [2026-04-14] | CoordinateCleaner QA applied without sea test (validity, equal, zeros, capitals, centroids, gbif, institutions) [2026-04-14]";TRUE;"Corrected: points were corrected according to locality"
"257";"SURCO:231";"COLOMBIA";"CO";NA;"Municipio de San Vicente de Ferrel, Vereda Guamito";"6.385646148";"-75.35793218";4467;"SURCO2025";TRUE;"2019-03-27";"change1: Set taxonRank=SPECIES from binomial scientificName. | change2: Filled coordinateUncertaintyInMeters from decimal-place precision (conservative). | epi_taxo: acceptedName(match1); authorship_epig(match1); genus_from_scientificName; family_WFO; order_majorGroup_WCVP [2026-03-11] | CoordinateCleaner QA applied without sea test (validity, equal, zeros, capitals, centroids, gbif, institutions) [2026-04-14] | CoordinateCleaner QA applied without sea test (validity, equal, zeros, capitals, centroids, gbif, institutions) [2026-04-14]";TRUE;"Corrected: points were corrected according to locality"
"258";"SURCO:08";"COLOMBIA";"CO";NA;"Municipio de Neiva, Vereda la Plata, cuenca del rio las Ceibas, Quebrada Peru";"2.642026";"-74.939163";18015;"SURCO2025";FALSE;"1996-11-01";"change1: Set taxonRank=SPECIES from binomial scientificName. | epi_taxo: acceptedName(match1); authorship_epig(match1); genus_from_scientificName; family_WFO; order_majorGroup_WCVP [2026-03-11] | CoordinateCleaner QA applied without sea test (validity, equal, zeros, capitals, centroids, gbif, institutions) [2026-04-14] | CoordinateCleaner QA applied without sea test (validity, equal, zeros, capitals, centroids, gbif, institutions) [2026-04-14]";TRUE;"Corrected: points were corrected according to locality"
"259";"SURCO:09";"COLOMBIA";"CO";NA;"Municipio de Neiva, Vereda la Plata, cuenca del rio las Ceibas, Quebrada Peru";"2.642026";"-74.939163";18015;"SURCO2025";FALSE;"1996-11-02";"change1: Set taxonRank=SPECIES from binomial scientificName. | epi_taxo: acceptedName(match1); authorship_epig(match1); genus_from_scientificName; family_WFO; order_majorGroup_WCVP [2026-03-11] | CoordinateCleaner QA applied without sea test (validity, equal, zeros, capitals, centroids, gbif, institutions) [2026-04-14] | CoordinateCleaner QA applied without sea test (validity, equal, zeros, capitals, centroids, gbif, institutions) [2026-04-14]";TRUE;"Corrected: points were corrected according to locality"
"260";"SURCO:10";"COLOMBIA";"CO";NA;"Municipio de Palermo. Inspeccion del Carmen,vereda pinares";"2.834339";"-75.427406";5764;"SURCO2025";FALSE;"1992-08-01";"change1: Set taxonRank=SPECIES from binomial scientificName. | epi_taxo: acceptedName(match1); authorship_epig(match1); genus_from_scientificName; family_WFO; order_majorGroup_WCVP [2026-03-11] | CoordinateCleaner QA applied without sea test (validity, equal, zeros, capitals, centroids, gbif, institutions) [2026-04-14] | CoordinateCleaner QA applied without sea test (validity, equal, zeros, capitals, centroids, gbif, institutions) [2026-04-14]";TRUE;"Corrected: points were corrected according to locality"
"261";"SURCO:11";"COLOMBIA";"CO";NA;"Municipio de Palermo. Inspeccion del Carmen,vereda pinares";"2.834339";"-75.427406";5764;"SURCO2025";FALSE;"1992-08-02";"change1: Set taxonRank=SPECIES from binomial scientificName. | epi_taxo: acceptedName(match1); authorship_epig(match1); genus_from_scientificName; family_WFO; order_majorGroup_WCVP [2026-03-11] | CoordinateCleaner QA applied without sea test (validity, equal, zeros, capitals, centroids, gbif, institutions) [2026-04-14] | CoordinateCleaner QA applied without sea test (validity, equal, zeros, capitals, centroids, gbif, institutions) [2026-04-14]";TRUE;"Corrected: points were corrected according to locality"
"262";"SURCO:12";"COLOMBIA";"CO";NA;"Municipio de Salento, Vereda Cocora, Esracion la montana, Corporacion Regional del Quindio";"4.556719";"-75.640325";1539;"SURCO2025";FALSE;"1990-05-10";"change1: Set taxonRank=SPECIES from binomial scientificName. | epi_taxo: acceptedName(match1); authorship_epig(match1); genus_from_scientificName; family_WFO; order_majorGroup_WCVP [2026-03-11] | CoordinateCleaner QA applied without sea test (validity, equal, zeros, capitals, centroids, gbif, institutions) [2026-04-14] | CoordinateCleaner QA applied without sea test (validity, equal, zeros, capitals, centroids, gbif, institutions) [2026-04-14]";TRUE;"Corrected: points were corrected according to locality"
"263";"SURCO:13";"COLOMBIA";"CO";NA;"Municipio de campoalegre, Vereda Alto El Roble";"4.586505";"-75.571662";10772;"SURCO2025";FALSE;"2001-10-14";"change1: Set taxonRank=SPECIES from binomial scientificName. | epi_taxo: acceptedName(match1); authorship_epig(match1); genus_from_scientificName; family_WFO; order_majorGroup_WCVP [2026-03-11] | CoordinateCleaner QA applied without sea test (validity, equal, zeros, capitals, centroids, gbif, institutions) [2026-04-14] | CoordinateCleaner QA applied without sea test (validity, equal, zeros, capitals, centroids, gbif, institutions) [2026-04-14]";TRUE;"Corrected: points were corrected according to locality"
"264";"SURCO:14";"COLOMBIA";"CO";NA;"Municipio de la Plata, Vereda Belen, hacienda Meremberg";"2.223962";"-76.055085";5585;"SURCO2025";FALSE;"2012-10-26";"change1: Set taxonRank=SPECIES from binomial scientificName. | epi_taxo: acceptedName(match1); authorship_epig(match1); genus_from_scientificName; family_WFO; order_majorGroup_WCVP [2026-03-11] | CoordinateCleaner QA applied without sea test (validity, equal, zeros, capitals, centroids, gbif, institutions) [2026-04-14] | CoordinateCleaner QA applied without sea test (validity, equal, zeros, capitals, centroids, gbif, institutions) [2026-04-14]";TRUE;"Corrected: points were corrected according to locality"
"265";"SURCO:15";"COLOMBIA";"CO";NA;"Municipio de la Plata, Vereda Belen, hacienda Meremberg";"2.223962";"-76.055085";5585;"SURCO2025";FALSE;"2012-10-27";"change1: Set taxonRank=SPECIES from binomial scientificName. | epi_taxo: acceptedName(match1); authorship_epig(match1); genus_from_scientificName; family_WFO; order_majorGroup_WCVP [2026-03-11] | CoordinateCleaner QA applied without sea test (validity, equal, zeros, capitals, centroids, gbif, institutions) [2026-04-14] | CoordinateCleaner QA applied without sea test (validity, equal, zeros, capitals, centroids, gbif, institutions) [2026-04-14]";TRUE;"Corrected: points were corrected according to locality"
"266";"SURCO:16";"COLOMBIA";"CO";NA;"Municipio de Pitalito, Vereda el Cedro (Bosque-reserva natural)";"2.911987";"-75.454045";4514;"SURCO2025";FALSE;"2005-10-20";"change1: Set taxonRank=SPECIES from binomial scientificName. | epi_taxo: acceptedName(match1); authorship_epig(match1); genus_from_scientificName; family_WFO; order_majorGroup_WCVP [2026-03-11] | CoordinateCleaner QA applied without sea test (validity, equal, zeros, capitals, centroids, gbif, institutions) [2026-04-14] | CoordinateCleaner QA applied without sea test (validity, equal, zeros, capitals, centroids, gbif, institutions) [2026-04-14]";TRUE;"Corrected: points were corrected according to locality"
"267";"SURCO:17";"COLOMBIA";"CO";NA;"Municipio de San Agustin, Vereda Alto Quinchana, (Alto canelo)";"1.885948";"-76.296521";251;"SURCO2025";FALSE;"2005-09-17";"change1: Set taxonRank=SPECIES from binomial scientificName. | epi_taxo: acceptedName(match1); authorship_epig(match1); genus_from_scientificName; family_WFO; order_majorGroup_WCVP [2026-03-11] | CoordinateCleaner QA applied without sea test (validity, equal, zeros, capitals, centroids, gbif, institutions) [2026-04-14] | CoordinateCleaner QA applied without sea test (validity, equal, zeros, capitals, centroids, gbif, institutions) [2026-04-14]";TRUE;"Corrected: points were corrected according to locality"
"268";"SURCO:18";"COLOMBIA";"CO";NA;"Municipio de Colombia. Inspeccion de Santana, vereda San Emilio";"7.222598";"-75.888347";2570;"SURCO2025";FALSE;"1989-01-30";"change1: Set taxonRank=SPECIES from binomial scientificName. | epi_taxo: acceptedName(match1); authorship_epig(match1); genus_from_scientificName; family_WFO; order_majorGroup_WCVP [2026-03-11] | CoordinateCleaner QA applied without sea test (validity, equal, zeros, capitals, centroids, gbif, institutions) [2026-04-14] | CoordinateCleaner QA applied without sea test (validity, equal, zeros, capitals, centroids, gbif, institutions) [2026-04-14]";TRUE;"Corrected: points were corrected according to locality"
"269";"SURCO:20";"COLOMBIA";"CO";NA;"Municipio de la Plata, Vereda Belen, hacienda Meremberg";"2.223962";"-76.055085";5585;"SURCO2025";FALSE;"2012-10-25";"change1: Set taxonRank=SPECIES from binomial scientificName. | epi_taxo: acceptedName(match1); authorship_epig(match1); genus_from_scientificName; family_WFO; order_majorGroup_WCVP [2026-03-11] | CoordinateCleaner QA applied without sea test (validity, equal, zeros, capitals, centroids, gbif, institutions) [2026-04-14] | CoordinateCleaner QA applied without sea test (validity, equal, zeros, capitals, centroids, gbif, institutions) [2026-04-14]";TRUE;"Corrected: points were corrected according to locality"
"270";"SURCO:21";"COLOMBIA";"CO";NA;"Municipio Purace. Vereda La Candelaria";"2.341202";"-76.452903";4263;"SURCO2025";FALSE;"2012-10-26";"change1: Set taxonRank=SPECIES from binomial scientificName. | epi_taxo: acceptedName(match1); authorship_epig(match1); genus_from_scientificName; family_WFO; order_majorGroup_WCVP [2026-03-11] | CoordinateCleaner QA applied without sea test (validity, equal, zeros, capitals, centroids, gbif, institutions) [2026-04-14] | CoordinateCleaner QA applied without sea test (validity, equal, zeros, capitals, centroids, gbif, institutions) [2026-04-14]";TRUE;"Corrected: points were corrected according to locality"
"271";"SURCO:22";"COLOMBIA";"CO";NA;"Municipio Purace. Vereda La Candelaria";"2.341202";"-76.452903";4263;"SURCO2025";FALSE;"2012-10-27";"change1: Set taxonRank=SPECIES from binomial scientificName. | epi_taxo: acceptedName(match1); authorship_epig(match1); genus_from_scientificName; family_WFO; order_majorGroup_WCVP [2026-03-11] | CoordinateCleaner QA applied without sea test (validity, equal, zeros, capitals, centroids, gbif, institutions) [2026-04-14] | CoordinateCleaner QA applied without sea test (validity, equal, zeros, capitals, centroids, gbif, institutions) [2026-04-14]";TRUE;"Corrected: points were corrected according to locality"
"272";"SURCO:23";"COLOMBIA";"CO";NA;"Municipio de Neiva, Vereda Alta Santa Rosalia, quebrada las Ceibas";"2.886503";"-75.45785";546;"SURCO2025";FALSE;"1996-12-06";"change1: Set taxonRank=SPECIES from binomial scientificName. | epi_taxo: acceptedName(match1); authorship_epig(match1); genus_from_scientificName; family_WFO; order_majorGroup_WCVP [2026-03-11] | CoordinateCleaner QA applied without sea test (validity, equal, zeros, capitals, centroids, gbif, institutions) [2026-04-14] | CoordinateCleaner QA applied without sea test (validity, equal, zeros, capitals, centroids, gbif, institutions) [2026-04-14]";TRUE;"Corrected: points were corrected according to locality"
"273";"SURCO:24";"COLOMBIA";"CO";NA;"Municipio de Rivera, vereda Honda Alta, quebrada la Honda";"2.819458";"-75.195495";8913,31;"SURCO2025";FALSE;"1992-10-18";"change1: Set taxonRank=SPECIES from binomial scientificName. | epi_taxo: acceptedName(match1); authorship_epig(match1); genus_from_scientificName; family_WFO; order_majorGroup_WCVP [2026-03-11] | CoordinateCleaner QA applied without sea test (validity, equal, zeros, capitals, centroids, gbif, institutions) [2026-04-14] | CoordinateCleaner QA applied without sea test (validity, equal, zeros, capitals, centroids, gbif, institutions) [2026-04-14]";TRUE;"Corrected: points were corrected according to locality"
"274";"SURCO:25";"COLOMBIA";"CO";NA;"Municipio de Rivera, vereda Honda Alta, quebrada la Honda";"2.819458";"-75.195495";8913,31;"SURCO2025";FALSE;"1992-08-22";"change1: Set taxonRank=SPECIES from binomial scientificName. | epi_taxo: acceptedName(match1); authorship_epig(match1); genus_from_scientificName; family_WFO; order_majorGroup_WCVP [2026-03-11] | CoordinateCleaner QA applied without sea test (validity, equal, zeros, capitals, centroids, gbif, institutions) [2026-04-14] | CoordinateCleaner QA applied without sea test (validity, equal, zeros, capitals, centroids, gbif, institutions) [2026-04-14]";TRUE;"Corrected: points were corrected according to locality"
"275";"SURCO:26";"COLOMBIA";"CO";NA;"Municipio de Neiva, Vereda Alta Santa Rosalia, quebrada las Ceibas";"2.886503";"-75.45785";546;"SURCO2025";FALSE;"1996-12-06";"change1: Set taxonRank=SPECIES from binomial scientificName. | epi_taxo: acceptedName(match1); authorship_epig(match1); genus_from_scientificName; family_WFO; order_majorGroup_WCVP [2026-03-11] | CoordinateCleaner QA applied without sea test (validity, equal, zeros, capitals, centroids, gbif, institutions) [2026-04-14] | CoordinateCleaner QA applied without sea test (validity, equal, zeros, capitals, centroids, gbif, institutions) [2026-04-14]";TRUE;"Corrected: points were corrected according to locality"
"276";"SURCO:27";"COLOMBIA";"CO";NA;"Municipio de Palestina. PNN Cueva de los Guacharos";"2.857746";"-75.385466";685;"SURCO2025";FALSE;"2012-04-26";"change1: Set taxonRank=SPECIES from binomial scientificName. | epi_taxo: acceptedName(match1); authorship_epig(match1); genus_from_scientificName; family_WFO; order_majorGroup_WCVP [2026-03-11] | CoordinateCleaner QA applied without sea test (validity, equal, zeros, capitals, centroids, gbif, institutions) [2026-04-14] | CoordinateCleaner QA applied without sea test (validity, equal, zeros, capitals, centroids, gbif, institutions) [2026-04-14]";TRUE;"Corrected: points were corrected according to locality"
"277";"SURCO:39";"COLOMBIA";"CO";NA;"Municipio de San Agustin";"1.878588";"-76.267278";365;"SURCO2025";FALSE;"2006-04-27";"change1: Set taxonRank=SPECIES from binomial scientificName. | epi_taxo: acceptedName(match1); authorship_epig(match1); genus_from_scientificName; family_WFO; order_majorGroup_WCVP [2026-03-11] | CoordinateCleaner QA applied without sea test (validity, equal, zeros, capitals, centroids, gbif, institutions) [2026-04-14] | CoordinateCleaner QA applied without sea test (validity, equal, zeros, capitals, centroids, gbif, institutions) [2026-04-14]";TRUE;"Corrected: points were corrected according to locality"
"278";"SURCO:43";"COLOMBIA";"CO";NA;"Municipio de la Plata, Vereda Belen, hacienda Meremberg";"2.225036";"-76.040378";5177;"SURCO2025";FALSE;"2012-10-26";"change1: Set taxonRank=SPECIES from binomial scientificName. | epi_taxo: acceptedName(match1); authorship_epig(match1); genus_from_scientificName; family_WFO; order_majorGroup_WCVP [2026-03-11] | CoordinateCleaner QA applied without sea test (validity, equal, zeros, capitals, centroids, gbif, institutions) [2026-04-14] | CoordinateCleaner QA applied without sea test (validity, equal, zeros, capitals, centroids, gbif, institutions) [2026-04-14]";TRUE;"Corrected: points were corrected according to locality"
"279";"SURCO:44";"COLOMBIA";"CO";NA;"Municipio de Acevedo, PNN Cueva de los Guacharos";"1.357097";"-76.216557";1158;"SURCO2025";FALSE;"2012-04-26";"change1: Set taxonRank=SPECIES from binomial scientificName. | epi_taxo: acceptedName(match1); authorship_epig(match1); genus_from_scientificName; family_WFO; order_majorGroup_WCVP [2026-03-11] | CoordinateCleaner QA applied without sea test (validity, equal, zeros, capitals, centroids, gbif, institutions) [2026-04-14] | CoordinateCleaner QA applied without sea test (validity, equal, zeros, capitals, centroids, gbif, institutions) [2026-04-14]";TRUE;"Corrected: points were corrected according to locality"
"280";"SURCO:45";"COLOMBIA";"CO";NA;"Municipio de San Agustin";"1.878588";"-76.267278";365;"SURCO2025";FALSE;"2006-04-27";"change1: Set taxonRank=SPECIES from binomial scientificName. | epi_taxo: acceptedName(match1); authorship_epig(match1); genus_from_scientificName; family_WFO; order_majorGroup_WCVP [2026-03-11] | CoordinateCleaner QA applied without sea test (validity, equal, zeros, capitals, centroids, gbif, institutions) [2026-04-14] | CoordinateCleaner QA applied without sea test (validity, equal, zeros, capitals, centroids, gbif, institutions) [2026-04-14]";TRUE;"Corrected: points were corrected according to locality"
"281";"SURCO:48";"COLOMBIA";"CO";NA;"Municipio de Palestina, PNN cueva de los guacharos";"2.852192";"-75.602558";19070;"SURCO2025";FALSE;"2012-04-27";"change1: Canonicalized scientificName to binomial and moved trailing authorship. | epi_taxo: acceptedName(match1); authorship_epig(match1); genus_from_scientificName; family_WFO; order_majorGroup_WCVP [2026-03-11] | CoordinateCleaner QA applied without sea test (validity, equal, zeros, capitals, centroids, gbif, institutions) [2026-04-14] | CoordinateCleaner QA applied without sea test (validity, equal, zeros, capitals, centroids, gbif, institutions) [2026-04-14]";TRUE;"Corrected: points were corrected according to locality"
"282";"SURCO:54";"COLOMBIA";"CO";NA;"Municipio de Algeciras, vereda Alto El Roble";"2.651145";"-75.161498";607;"SURCO2025";FALSE;"2001-10-14";"change1: Set taxonRank=SPECIES from binomial scientificName. | epi_taxo: acceptedName(match1); authorship_epig(match1); genus_from_scientificName; family_WFO; order_majorGroup_WCVP [2026-03-11] | CoordinateCleaner QA applied without sea test (validity, equal, zeros, capitals, centroids, gbif, institutions) [2026-04-14] | CoordinateCleaner QA applied without sea test (validity, equal, zeros, capitals, centroids, gbif, institutions) [2026-04-14]";TRUE;"Corrected: points were corrected according to locality"
"283";"SURCO:55";"COLOMBIA";"CO";NA;"Municipio de Pereira, parque Regional Ucumari, Vereda La Pastora";"4.750595";"-75.820393";4338;"SURCO2025";FALSE;"1989-07-27";"change1: Set taxonRank=SPECIES from binomial scientificName. | epi_taxo: acceptedName(match1); authorship_epig(match1); genus_from_scientificName; family_WFO; order_majorGroup_WCVP [2026-03-11] | CoordinateCleaner QA applied without sea test (validity, equal, zeros, capitals, centroids, gbif, institutions) [2026-04-14] | CoordinateCleaner QA applied without sea test (validity, equal, zeros, capitals, centroids, gbif, institutions) [2026-04-14]";TRUE;"Corrected: points were corrected according to locality"
"284";"SURCO:56";"COLOMBIA";"CO";NA;"Municipio de Colombia. Inspeccion de Santana, camino hacia el cerro de la cruz";"7.222598";"-75.888347";2570;"SURCO2025";FALSE;"1990-09-15";"change1: Set taxonRank=SPECIES from binomial scientificName. | epi_taxo: acceptedName(match1); authorship_epig(match1); genus_from_scientificName; family_WFO; order_majorGroup_WCVP [2026-03-11] | CoordinateCleaner QA applied without sea test (validity, equal, zeros, capitals, centroids, gbif, institutions) [2026-04-14] | CoordinateCleaner QA applied without sea test (validity, equal, zeros, capitals, centroids, gbif, institutions) [2026-04-14]";TRUE;"Corrected: points were corrected according to locality"
"285";"SURCO:60";"COLOMBIA";"CO";NA;"Municipio de Neiva Universidad Surcolombiana, bloque de ingenieria";"2.943708";"-75.300829";578;"SURCO2025";FALSE;"2003-04-21";"change1: Set taxonRank=SPECIES from binomial scientificName. | epi_taxo: acceptedName(match1); authorship_epig(match1); genus_from_scientificName; family_WFO; order_majorGroup_WCVP [2026-03-11] | CoordinateCleaner QA applied without sea test (validity, equal, zeros, capitals, centroids, gbif, institutions) [2026-04-14] | CoordinateCleaner QA applied without sea test (validity, equal, zeros, capitals, centroids, gbif, institutions) [2026-04-14]";TRUE;"Corrected: points were corrected according to locality"
"286";"SURCO:61";"COLOMBIA";"CO";NA;"Municipio de Neiva Universidad Surcolombiana, zonas verdes";"2.941916";"-75.299425";25;"SURCO2025";FALSE;"2003-04-21";"change1: Set taxonRank=SPECIES from binomial scientificName. | epi_taxo: acceptedName(match1); authorship_epig(match1); genus_from_scientificName; family_WFO; order_majorGroup_WCVP [2026-03-11] | CoordinateCleaner QA applied without sea test (validity, equal, zeros, capitals, centroids, gbif, institutions) [2026-04-14] | CoordinateCleaner QA applied without sea test (validity, equal, zeros, capitals, centroids, gbif, institutions) [2026-04-14]";TRUE;"Corrected: points were corrected according to locality"
"287";"SURCO:63";"COLOMBIA";"CO";NA;"Municipio de Neiva Universidad Surcolombiana, bloque de ingenieria";"2.943708";"-75.300829";578;"SURCO2025";FALSE;"2003-04-21";"change1: Set taxonRank=SPECIES from binomial scientificName. | epi_taxo: acceptedName(match1); authorship_epig(match1); genus_from_scientificName; family_WFO; order_majorGroup_WCVP [2026-03-11] | CoordinateCleaner QA applied without sea test (validity, equal, zeros, capitals, centroids, gbif, institutions) [2026-04-14] | CoordinateCleaner QA applied without sea test (validity, equal, zeros, capitals, centroids, gbif, institutions) [2026-04-14]";TRUE;"Corrected: points were corrected according to locality"
"288";"SURCO:64";"COLOMBIA";"CO";NA;"Municipio de Neiva Universidad Surcolombiana, bloque de ingenieria";"2.943708";"-75.300829";578;"SURCO2025";FALSE;"2003-04-21";"change1: Set taxonRank=SPECIES from binomial scientificName. | epi_taxo: acceptedName(match1); authorship_epig(match1); genus_from_scientificName; family_WFO; order_majorGroup_WCVP [2026-03-11] | CoordinateCleaner QA applied without sea test (validity, equal, zeros, capitals, centroids, gbif, institutions) [2026-04-14] | CoordinateCleaner QA applied without sea test (validity, equal, zeros, capitals, centroids, gbif, institutions) [2026-04-14]";TRUE;"Corrected: points were corrected according to locality"
"289";"SURCO:65";"COLOMBIA";"CO";NA;"Municipio de Neiva Universidad Surcolombiana";"2.941464";"-75.298931";49;"SURCO2025";FALSE;"2012-11-14";"change1: Set taxonRank=SPECIES from binomial scientificName. | epi_taxo: acceptedName(match1); authorship_epig(match1); genus_from_scientificName; family_WFO; order_majorGroup_WCVP [2026-03-11] | CoordinateCleaner QA applied without sea test (validity, equal, zeros, capitals, centroids, gbif, institutions) [2026-04-14] | CoordinateCleaner QA applied without sea test (validity, equal, zeros, capitals, centroids, gbif, institutions) [2026-04-14]";TRUE;"Corrected: points were corrected according to locality"
"290";"SURCO:67";"COLOMBIA";"CO";NA;"Municipio de Neiva, Vereda Tamarindo, finca La Tribuna";"3.062147";"-75.362669";229;"SURCO2025";FALSE;"2004-04-06";"change1: Set taxonRank=SPECIES from binomial scientificName. | epi_taxo: acceptedName(match1); authorship_epig(match1); genus_from_scientificName; family_WFO; order_majorGroup_WCVP [2026-03-11] | CoordinateCleaner QA applied without sea test (validity, equal, zeros, capitals, centroids, gbif, institutions) [2026-04-14] | CoordinateCleaner QA applied without sea test (validity, equal, zeros, capitals, centroids, gbif, institutions) [2026-04-14]";TRUE;"Corrected: points were corrected according to locality"
"291";"SURCO:68";"COLOMBIA";"CO";NA;"Municipio de Neiva Universidad Surcolombiana";"2.941464";"-75.298931";49;"SURCO2025";FALSE;"2012-11-14";"change1: Set taxonRank=SPECIES from binomial scientificName. | epi_taxo: acceptedName(match1); authorship_epig(match1); genus_from_scientificName; family_WFO; order_majorGroup_WCVP [2026-03-11] | CoordinateCleaner QA applied without sea test (validity, equal, zeros, capitals, centroids, gbif, institutions) [2026-04-14] | CoordinateCleaner QA applied without sea test (validity, equal, zeros, capitals, centroids, gbif, institutions) [2026-04-14]";TRUE;"Corrected: points were corrected according to locality"
"292";"SURCO:76";"COLOMBIA";"CO";NA;"Municipio de Neiva. Quebrada la Jabonera, sector Palmas";"2.94639";"-75.241305";91;"SURCO2025";FALSE;"2009-04-22";"change1: Set taxonRank=SPECIES from binomial scientificName. | epi_taxo: acceptedName(match1); authorship_epig(match1); genus_from_scientificName; family_WFO; order_majorGroup_WCVP [2026-03-11] | CoordinateCleaner QA applied without sea test (validity, equal, zeros, capitals, centroids, gbif, institutions) [2026-04-14] | CoordinateCleaner QA applied without sea test (validity, equal, zeros, capitals, centroids, gbif, institutions) [2026-04-14]";TRUE;"Corrected: points were corrected according to locality"
"293";"SURCO:77";"COLOMBIA";"CO";NA;"Municipio de Palermo, Inspeccion Ospiona Perez, Vereda Pijao";"2.872899";"-75.469425";4219;"SURCO2025";FALSE;"1992-02-23";"change1: Set taxonRank=SPECIES from binomial scientificName. | epi_taxo: acceptedName(match1); authorship_epig(match1); genus_from_scientificName; family_WFO; order_majorGroup_WCVP [2026-03-11] | CoordinateCleaner QA applied without sea test (validity, equal, zeros, capitals, centroids, gbif, institutions) [2026-04-14] | CoordinateCleaner QA applied without sea test (validity, equal, zeros, capitals, centroids, gbif, institutions) [2026-04-14]";TRUE;"Corrected: points were corrected according to locality"
"294";"SURCO:78";"COLOMBIA";"CO";NA;"Municipio de Neiva, inspeccion el Caguan, Vereda Agua Blanca";"2.852305";"-75.202721";713;"SURCO2025";FALSE;"2006-11-23";"change1: Set taxonRank=SPECIES from binomial scientificName. | epi_taxo: acceptedName(match1); authorship_epig(match1); genus_from_scientificName; family_WFO; order_majorGroup_WCVP [2026-03-11] | CoordinateCleaner QA applied without sea test (validity, equal, zeros, capitals, centroids, gbif, institutions) [2026-04-14] | CoordinateCleaner QA applied without sea test (validity, equal, zeros, capitals, centroids, gbif, institutions) [2026-04-14]";TRUE;"Corrected: points were corrected according to locality"
"295";"SURCO:80";"COLOMBIA";"CO";NA;"Municipio de Neiva. Universidad Surcolombiana";"2.941903";"-75.299254";14;"SURCO2025";FALSE;"2012-05-12";"change1: Set taxonRank=SPECIES from binomial scientificName. | epi_taxo: acceptedName(match1); authorship_epig(match1); genus_from_scientificName; family_WFO; order_majorGroup_WCVP [2026-03-11] | CoordinateCleaner QA applied without sea test (validity, equal, zeros, capitals, centroids, gbif, institutions) [2026-04-14] | CoordinateCleaner QA applied without sea test (validity, equal, zeros, capitals, centroids, gbif, institutions) [2026-04-14]";TRUE;"Corrected: points were corrected according to locality"
"296";"SURCO:85";"COLOMBIA";"CO";NA;"Municipio de Colombia,Inspeccion de Santa Ana, vereda San Emilio, camino hacia la vereda Nueva Granada";"7.222598";"-75.888347";2570;"SURCO2025";FALSE;"1990-09-22";"change1: Set taxonRank=SPECIES from binomial scientificName. | epi_taxo: acceptedName(match1); authorship_epig(match1); genus_from_scientificName; family_WFO; order_majorGroup_WCVP [2026-03-11] | CoordinateCleaner QA applied without sea test (validity, equal, zeros, capitals, centroids, gbif, institutions) [2026-04-14] | CoordinateCleaner QA applied without sea test (validity, equal, zeros, capitals, centroids, gbif, institutions) [2026-04-14]";TRUE;"Corrected: points were corrected according to locality"
"297";"SURCO:86";"COLOMBIA";"CO";NA;"Municipio de Campoalegre, frente a la escuela de Pando El Roble";"2.682637";"-75.321468";26;"SURCO2025";FALSE;"2001-09-01";"change1: Set taxonRank=SPECIES from binomial scientificName. | epi_taxo: acceptedName(match1); authorship_epig(match1); genus_from_scientificName; family_WFO; order_majorGroup_WCVP [2026-03-11] | CoordinateCleaner QA applied without sea test (validity, equal, zeros, capitals, centroids, gbif, institutions) [2026-04-14] | CoordinateCleaner QA applied without sea test (validity, equal, zeros, capitals, centroids, gbif, institutions) [2026-04-14]";TRUE;"Corrected: points were corrected according to locality"
"298";"SURCO:88";"COLOMBIA";"CO";NA;"Municipio de Campoalegre, frente a la escuela de Pando El Roble";"2.682637";"-75.321468";26;"SURCO2025";FALSE;"2001-09-01";"change1: Set taxonRank=SPECIES from binomial scientificName. | epi_taxo: acceptedName(match1); authorship_epig(match1); genus_from_scientificName; family_WFO; order_majorGroup_WCVP [2026-03-11] | CoordinateCleaner QA applied without sea test (validity, equal, zeros, capitals, centroids, gbif, institutions) [2026-04-14] | CoordinateCleaner QA applied without sea test (validity, equal, zeros, capitals, centroids, gbif, institutions) [2026-04-14]";TRUE;"Corrected: points were corrected according to locality"
"299";"SURCO:93";"COLOMBIA";"CO";NA;"Municipio de Mosquera, Hacienda Mondonedo";"4.634142";"-74.325234";13485;"SURCO2025";FALSE;"1987-08-05";"change1: Set taxonRank=SPECIES from binomial scientificName. | change2: Trimmed whitespace in verbatimScientificName (and standardized blanks to NA) | epi_taxo: acceptedName(match1); authorship_epig(match1); genus_from_scientificName; family_WFO; order_majorGroup_WCVP [2026-03-11] | CoordinateCleaner QA applied without sea test (validity, equal, zeros, capitals, centroids, gbif, institutions) [2026-04-14] | CoordinateCleaner QA applied without sea test (validity, equal, zeros, capitals, centroids, gbif, institutions) [2026-04-14]";TRUE;"Corrected: points were corrected according to locality"
"300";"SURCO:94";"COLOMBIA";"CO";NA;"Municipio de Colombia, Inspeccion de Las Lajas, sitio Cara de Perro";"0.669103";"-77.398313";24209;"SURCO2025";FALSE;"1990-09-29";"change1: Set taxonRank=SPECIES from binomial scientificName. | change2: Trimmed whitespace in verbatimScientificName (and standardized blanks to NA) | epi_taxo: acceptedName(match1); authorship_epig(match1); genus_from_scientificName; family_WFO; order_majorGroup_WCVP [2026-03-11] | CoordinateCleaner QA applied without sea test (validity, equal, zeros, capitals, centroids, gbif, institutions) [2026-04-14] | CoordinateCleaner QA applied without sea test (validity, equal, zeros, capitals, centroids, gbif, institutions) [2026-04-14]";TRUE;"Corrected: points were corrected according to locality"
"301";"SURCO:95";"COLOMBIA";"CO";NA;"Municipio de Neiva, Vereda Tamarindo, finca La Tribuna";"3.062147";"-75.362669";229;"SURCO2025";FALSE;"2007-10-11";"change1: Set taxonRank=SPECIES from binomial scientificName. | change2: Trimmed whitespace in verbatimScientificName (and standardized blanks to NA) | epi_taxo: acceptedName(match1); authorship_epig(match1); genus_from_scientificName; family_WFO; order_majorGroup_WCVP [2026-03-11] | CoordinateCleaner QA applied without sea test (validity, equal, zeros, capitals, centroids, gbif, institutions) [2026-04-14] | CoordinateCleaner QA applied without sea test (validity, equal, zeros, capitals, centroids, gbif, institutions) [2026-04-14]";TRUE;"Corrected: points were corrected according to locality"
"302";"SURCO:96";"COLOMBIA";"CO";NA;"Municipio de Neiva, Vereda Tamarindo, finca La Tribuna";"3.062147";"-75.362669";229;"SURCO2025";FALSE;"2007-10-09";"change1: Set taxonRank=SPECIES from binomial scientificName. | change2: Trimmed whitespace in verbatimScientificName (and standardized blanks to NA) | epi_taxo: acceptedName(match1); authorship_epig(match1); genus_from_scientificName; family_WFO; order_majorGroup_WCVP [2026-03-11] | CoordinateCleaner QA applied without sea test (validity, equal, zeros, capitals, centroids, gbif, institutions) [2026-04-14] | CoordinateCleaner QA applied without sea test (validity, equal, zeros, capitals, centroids, gbif, institutions) [2026-04-14]";TRUE;"Corrected: points were corrected according to locality"
"303";"SURCO:97";"COLOMBIA";"CO";NA;"Cachaya, a 5 km. de Gigante";"2.367021";"-75.484738";440;"SURCO2025";FALSE;"1990-09-19";"change1: Set taxonRank=SPECIES from binomial scientificName. | change2: Trimmed whitespace in scientificName (and standardized blanks to NA) | epi_taxo: acceptedName(match1); authorship_epig(match1); genus_from_scientificName; family_WFO; order_majorGroup_WCVP [2026-03-11] | CoordinateCleaner QA applied without sea test (validity, equal, zeros, capitals, centroids, gbif, institutions) [2026-04-14] | CoordinateCleaner QA applied without sea test (validity, equal, zeros, capitals, centroids, gbif, institutions) [2026-04-14]";TRUE;"Corrected: points were corrected according to locality"
"304";"SURCO:98";"COLOMBIA";"CO";NA;"Municipio de Alcala, Hacienda El Medio, carretera panamericana entre la Paila y Zarzal, parte plana del Valle del Cauca.";"4.659215";"-75.777137";1579;"SURCO2025";FALSE;"1987-07-17";"change1: Set taxonRank=SPECIES from binomial scientificName. | change2: Trimmed whitespace in scientificName (and standardized blanks to NA) | epi_taxo: acceptedName(match1); authorship_epig(match1); genus_from_scientificName; family_WFO; order_majorGroup_WCVP [2026-03-11] | CoordinateCleaner QA applied without sea test (validity, equal, zeros, capitals, centroids, gbif, institutions) [2026-04-14] | CoordinateCleaner QA applied without sea test (validity, equal, zeros, capitals, centroids, gbif, institutions) [2026-04-14]";TRUE;"Corrected: points were corrected according to locality"
"305";"SURCO:99";"COLOMBIA";"CO";NA;"Municipio de Fusagasuga, Frente al actual botadero de basura de Fusa en enmadiaciones vivero";"4.324373";"-74.351831";2541;"SURCO2025";FALSE;"1999-07-07";"change1: Set taxonRank=SPECIES from binomial scientificName. | change2: Trimmed whitespace in scientificName (and standardized blanks to NA) | epi_taxo: acceptedName(match1); authorship_epig(match1); genus_from_scientificName; family_WFO; order_majorGroup_WCVP [2026-03-11] | CoordinateCleaner QA applied without sea test (validity, equal, zeros, capitals, centroids, gbif, institutions) [2026-04-14] | CoordinateCleaner QA applied without sea test (validity, equal, zeros, capitals, centroids, gbif, institutions) [2026-04-14]";TRUE;"Corrected: points were corrected according to locality"
"306";"SURCO:100";"COLOMBIA";"CO";NA;"Municipio de Campoalegre, Rio Blanco, orillas";"2.750897";"-75.375932";9404;"SURCO2025";FALSE;"2001-05-26";"change1: Set taxonRank=SPECIES from binomial scientificName. | change2: Trimmed whitespace in scientificName (and standardized blanks to NA) | epi_taxo: acceptedName(match1); authorship_epig(match1); genus_from_scientificName; family_WFO; order_majorGroup_WCVP [2026-03-11] | CoordinateCleaner QA applied without sea test (validity, equal, zeros, capitals, centroids, gbif, institutions) [2026-04-14] | CoordinateCleaner QA applied without sea test (validity, equal, zeros, capitals, centroids, gbif, institutions) [2026-04-14]";TRUE;"Corrected: points were corrected according to locality"
"307";"SURCO:101";"COLOMBIA";"CO";NA;"Municipio de Neiva, inspeccion el caguan, vereda Agua Blanca";"2.852305";"-75.202721";713;"SURCO2025";FALSE;"2006-11-23";"change1: Set taxonRank=SPECIES from binomial scientificName. | change2: Trimmed whitespace in scientificName (and standardized blanks to NA) | epi_taxo: acceptedName(match1); authorship_epig(match1); genus_from_scientificName; family_WFO; order_majorGroup_WCVP [2026-03-11] | CoordinateCleaner QA applied without sea test (validity, equal, zeros, capitals, centroids, gbif, institutions) [2026-04-14] | CoordinateCleaner QA applied without sea test (validity, equal, zeros, capitals, centroids, gbif, institutions) [2026-04-14]";TRUE;"Corrected: points were corrected according to locality"
"308";"SURCO:102";"COLOMBIA";"CO";NA;"Municipio de Campoalegre, Institucion Educativa Eugenio Ferro Falla";"2.689936";"-75.320472";48;"SURCO2025";FALSE;"2014-01-29";"change1: Set taxonRank=SPECIES from binomial scientificName. | change2: Trimmed whitespace in scientificName (and standardized blanks to NA) | epi_taxo: acceptedName(match1); authorship_epig(match1); genus_from_scientificName; family_WFO; order_majorGroup_WCVP [2026-03-11] | CoordinateCleaner QA applied without sea test (validity, equal, zeros, capitals, centroids, gbif, institutions) [2026-04-14] | CoordinateCleaner QA applied without sea test (validity, equal, zeros, capitals, centroids, gbif, institutions) [2026-04-14]";TRUE;"Corrected: points were corrected according to locality"
"309";"SURCO:103";"COLOMBIA";"CO";NA;"Municipio de Campoalegre, Institucion Educativa Eugenio Ferro Falla";"2.689936";"-75.320472";48;"SURCO2025";FALSE;"2014-01-29";"change1: Set taxonRank=SPECIES from binomial scientificName. | change2: Trimmed whitespace in scientificName (and standardized blanks to NA) | epi_taxo: acceptedName(match1); authorship_epig(match1); genus_from_scientificName; family_WFO; order_majorGroup_WCVP [2026-03-11] | CoordinateCleaner QA applied without sea test (validity, equal, zeros, capitals, centroids, gbif, institutions) [2026-04-14] | CoordinateCleaner QA applied without sea test (validity, equal, zeros, capitals, centroids, gbif, institutions) [2026-04-14]";TRUE;"Corrected: points were corrected according to locality"
"310";"SURCO:104";"COLOMBIA";"CO";NA;"Municipio de Colombia, Vereda: Via Santa Ana, finca El Salado";"7.222598";"-75.888347";2570;"SURCO2025";FALSE;"2020-05-20";"change1: Set taxonRank=SPECIES from binomial scientificName. | change2: Trimmed whitespace in scientificName (and standardized blanks to NA) | epi_taxo: acceptedName(match1); authorship_epig(match1); genus_from_scientificName; family_WFO; order_majorGroup_WCVP [2026-03-11] | CoordinateCleaner QA applied without sea test (validity, equal, zeros, capitals, centroids, gbif, institutions) [2026-04-14] | CoordinateCleaner QA applied without sea test (validity, equal, zeros, capitals, centroids, gbif, institutions) [2026-04-14]";TRUE;"Corrected: points were corrected according to locality"
"311";"SURCO:105";"COLOMBIA";"CO";NA;"Municipio de Neiva, quebrada el Mico";"2.951501";"-75.295464";147;"SURCO2025";FALSE;"1996-03-23";"change1: Set taxonRank=SPECIES from binomial scientificName. | change2: Trimmed whitespace in scientificName (and standardized blanks to NA) | epi_taxo: acceptedName(match1); authorship_epig(match1); genus_from_scientificName; family_WFO; order_majorGroup_WCVP [2026-03-11] | CoordinateCleaner QA applied without sea test (validity, equal, zeros, capitals, centroids, gbif, institutions) [2026-04-14] | CoordinateCleaner QA applied without sea test (validity, equal, zeros, capitals, centroids, gbif, institutions) [2026-04-14]";TRUE;"Corrected: points were corrected according to locality"
"312";"SURCO:106";"COLOMBIA";"CO";NA;"Municipio de Rivera, Alto Guadual";"2.773305";"-75.292337";3666;"SURCO2025";FALSE;"1989-09-11";"change1: Set taxonRank=SPECIES from binomial scientificName. | change2: Trimmed whitespace in scientificName (and standardized blanks to NA) | epi_taxo: acceptedName(match1); authorship_epig(match1); genus_from_scientificName; family_WFO; order_majorGroup_WCVP [2026-03-11] | CoordinateCleaner QA applied without sea test (validity, equal, zeros, capitals, centroids, gbif, institutions) [2026-04-14] | CoordinateCleaner QA applied without sea test (validity, equal, zeros, capitals, centroids, gbif, institutions) [2026-04-14]";TRUE;"Corrected: points were corrected according to locality"
"313";"SURCO:107";"COLOMBIA";"CO";NA;"Municipio de Colombia, Inspeccion de Santa Ana";"9.329435";"-74.593137";2606;"SURCO2025";FALSE;"1990-09-15";"change1: Set taxonRank=SPECIES from binomial scientificName. | change2: Trimmed whitespace in scientificName (and standardized blanks to NA) | epi_taxo: acceptedName(match1); authorship_epig(match1); genus_from_scientificName; family_WFO; order_majorGroup_WCVP [2026-03-11] | CoordinateCleaner QA applied without sea test (validity, equal, zeros, capitals, centroids, gbif, institutions) [2026-04-14] | CoordinateCleaner QA applied without sea test (validity, equal, zeros, capitals, centroids, gbif, institutions) [2026-04-14]";TRUE;"Corrected: points were corrected according to locality"
"314";"SURCO:108";"COLOMBIA";"CO";NA;"Municipio de Colombia, carretera a San Marcos";"8.685917";"-75.164519";4380;"SURCO2025";FALSE;"1990-09-21";"change1: Set taxonRank=SPECIES from binomial scientificName. | change2: Trimmed whitespace in scientificName (and standardized blanks to NA) | epi_taxo: acceptedName(match1); authorship_epig(match1); genus_from_scientificName; family_WFO; order_majorGroup_WCVP [2026-03-11] | CoordinateCleaner QA applied without sea test (validity, equal, zeros, capitals, centroids, gbif, institutions) [2026-04-14] | CoordinateCleaner QA applied without sea test (validity, equal, zeros, capitals, centroids, gbif, institutions) [2026-04-14]";TRUE;"Corrected: points were corrected according to locality"
"315";"SURCO:109";"COLOMBIA";"CO";NA;"Municipio de Campoalegre, Institucion Educativa Eugenio Ferro Falla";"2.689936";"-75.320472";48;"SURCO2025";FALSE;"2014-01-29";"change1: Set taxonRank=SPECIES from binomial scientificName. | change2: Trimmed whitespace in scientificName (and standardized blanks to NA) | epi_taxo: acceptedName(match1); authorship_epig(match1); genus_from_scientificName; family_WFO; order_majorGroup_WCVP [2026-03-11] | CoordinateCleaner QA applied without sea test (validity, equal, zeros, capitals, centroids, gbif, institutions) [2026-04-14] | CoordinateCleaner QA applied without sea test (validity, equal, zeros, capitals, centroids, gbif, institutions) [2026-04-14]";TRUE;"Corrected: points were corrected according to locality"
"316";"SURCO:110";"COLOMBIA";"CO";NA;"Municipio de Campoalegre, Institucion Educativa Eugenio Ferro Falla";"2.689936";"-75.320472";48;"SURCO2025";FALSE;"2014-01-29";"change1: Set taxonRank=SPECIES from binomial scientificName. | change2: Trimmed whitespace in scientificName (and standardized blanks to NA) | epi_taxo: acceptedName(match1); authorship_epig(match1); genus_from_scientificName; family_WFO; order_majorGroup_WCVP [2026-03-11] | CoordinateCleaner QA applied without sea test (validity, equal, zeros, capitals, centroids, gbif, institutions) [2026-04-14] | CoordinateCleaner QA applied without sea test (validity, equal, zeros, capitals, centroids, gbif, institutions) [2026-04-14]";TRUE;"Corrected: points were corrected according to locality"
"317";"SURCO:111";"COLOMBIA";"CO";NA;"Municipio de Campoalegre, Vereda Alto El Roble.";"4.669285";"-75.569395";3823;"SURCO2025";FALSE;"2001-10-15";"change1: Set taxonRank=SPECIES from binomial scientificName. | change2: Trimmed whitespace in scientificName (and standardized blanks to NA) | epi_taxo: acceptedName(match1); authorship_epig(match1); genus_from_scientificName; family_WFO; order_majorGroup_WCVP [2026-03-11] | CoordinateCleaner QA applied without sea test (validity, equal, zeros, capitals, centroids, gbif, institutions) [2026-04-14] | CoordinateCleaner QA applied without sea test (validity, equal, zeros, capitals, centroids, gbif, institutions) [2026-04-14]";TRUE;"Corrected: points were corrected according to locality"
"318";"SURCO:112";"COLOMBIA";"CO";NA;"Municipio de Campoalegre, Vereda Alto El Roble.";"4.622339";"-75.657752";8706;"SURCO2025";FALSE;"2001-10-15";"change1: Set taxonRank=SPECIES from binomial scientificName. | change2: Trimmed whitespace in scientificName (and standardized blanks to NA) | epi_taxo: acceptedName(match1); authorship_epig(match1); genus_from_scientificName; family_WFO; order_majorGroup_WCVP [2026-03-11] | CoordinateCleaner QA applied without sea test (validity, equal, zeros, capitals, centroids, gbif, institutions) [2026-04-14] | CoordinateCleaner QA applied without sea test (validity, equal, zeros, capitals, centroids, gbif, institutions) [2026-04-14]";TRUE;"Corrected: points were corrected according to locality"
"319";"SURCO:113";"COLOMBIA";"CO";NA;"Municipio de Campoalegre, Vereda Alto El Roble.";"4.622339";"-75.657752";8706;"SURCO2025";FALSE;"2001-09-29";"change1: Set taxonRank=SPECIES from binomial scientificName. | change2: Trimmed whitespace in scientificName (and standardized blanks to NA) | epi_taxo: acceptedName(match1); authorship_epig(match1); genus_from_scientificName; family_WFO; order_majorGroup_WCVP [2026-03-11] | CoordinateCleaner QA applied without sea test (validity, equal, zeros, capitals, centroids, gbif, institutions) [2026-04-14] | CoordinateCleaner QA applied without sea test (validity, equal, zeros, capitals, centroids, gbif, institutions) [2026-04-14]";TRUE;"Corrected: points were corrected according to locality"
"320";"SURCO:114";"COLOMBIA";"CO";NA;"Municipio de Campoalegre, Vereda Alto El Roble, vegetacion alrededor de la cuadricula";"4.669285";"-75.569395";3823;"SURCO2025";FALSE;"2001-10-15";"change1: Set taxonRank=SPECIES from binomial scientificName. | change2: Trimmed whitespace in scientificName (and standardized blanks to NA) | epi_taxo: acceptedName(match1); authorship_epig(match1); genus_from_scientificName; family_WFO; order_majorGroup_WCVP [2026-03-11] | CoordinateCleaner QA applied without sea test (validity, equal, zeros, capitals, centroids, gbif, institutions) [2026-04-14] | CoordinateCleaner QA applied without sea test (validity, equal, zeros, capitals, centroids, gbif, institutions) [2026-04-14]";TRUE;"Corrected: points were corrected according to locality"
"321";"SURCO:115";"COLOMBIA";"CO";NA;"Municipio de Campoalegre, Vereda Alto El Roble.";"4.622339";"-75.657752";8706;"SURCO2025";FALSE;"2001-10-15";"change1: Set taxonRank=SPECIES from binomial scientificName. | change2: Trimmed whitespace in scientificName (and standardized blanks to NA) | epi_taxo: acceptedName(match1); authorship_epig(match1); genus_from_scientificName; family_WFO; order_majorGroup_WCVP [2026-03-11] | CoordinateCleaner QA applied without sea test (validity, equal, zeros, capitals, centroids, gbif, institutions) [2026-04-14] | CoordinateCleaner QA applied without sea test (validity, equal, zeros, capitals, centroids, gbif, institutions) [2026-04-14]";TRUE;"Corrected: points were corrected according to locality"
"322";"SURCO:116";"COLOMBIA";"CO";NA;"Municipio de Acevedo, Vereda Bajo Tablon. Finca El Mirador";"1.839286";"-75.881106";4373;"SURCO2025";FALSE;"2003-08-18";"change1: Set taxonRank=SPECIES from binomial scientificName. | change2: Trimmed whitespace in scientificName (and standardized blanks to NA) | epi_taxo: acceptedName(match1); authorship_epig(match1); genus_from_scientificName; family_WFO; order_majorGroup_WCVP [2026-03-11] | CoordinateCleaner QA applied without sea test (validity, equal, zeros, capitals, centroids, gbif, institutions) [2026-04-14] | CoordinateCleaner QA applied without sea test (validity, equal, zeros, capitals, centroids, gbif, institutions) [2026-04-14]";TRUE;"Corrected: points were corrected according to locality"
"323";"SURCO:117";"COLOMBIA";"CO";NA;"Municipio de Santa Maria, Vereda Carmen de Bolivar";"4.846285";"-73.238256";2851;"SURCO2025";FALSE;"2004-07-26";"change1: Set taxonRank=SPECIES from binomial scientificName. | change2: Trimmed whitespace in scientificName (and standardized blanks to NA) | epi_taxo: acceptedName(match1); authorship_epig(match1); genus_from_scientificName; family_WFO; order_majorGroup_WCVP [2026-03-11] | CoordinateCleaner QA applied without sea test (validity, equal, zeros, capitals, centroids, gbif, institutions) [2026-04-14] | CoordinateCleaner QA applied without sea test (validity, equal, zeros, capitals, centroids, gbif, institutions) [2026-04-14]";TRUE;"Corrected: points were corrected according to locality"
"324";"SURCO:118";"COLOMBIA";"CO";NA;"Municipio de Neiva, Inspeccion de Motilon, Vereda Alto Motilon, La Siberia, trocha hacia la quebrada Negra";"2.817875";"-75.095317";659;"SURCO2025";FALSE;"1992-11-24";"change1: Set taxonRank=SPECIES from binomial scientificName. | change2: Trimmed whitespace in scientificName (and standardized blanks to NA) | epi_taxo: acceptedName(match1); authorship_epig(match1); genus_from_scientificName; family_WFO; order_majorGroup_WCVP [2026-03-11] | CoordinateCleaner QA applied without sea test (validity, equal, zeros, capitals, centroids, gbif, institutions) [2026-04-14] | CoordinateCleaner QA applied without sea test (validity, equal, zeros, capitals, centroids, gbif, institutions) [2026-04-14]";TRUE;"Corrected: points were corrected according to locality"
"325";"SURCO:119";"COLOMBIA";"CO";NA;"Municipio de Colombia, Inspeccion de Santa Ana";"9.329435";"-74.593137";2606;"SURCO2025";FALSE;"1990-09-15";"change1: Set taxonRank=SPECIES from binomial scientificName. | change2: Corrected taxonRank (SPECIES→FORM); kept scientificName as-is. | epi_taxo: acceptedName(match1); authorship_epig(match1); genus_from_scientificName; family_WFO; order_majorGroup_WCVP [2026-03-11] | CoordinateCleaner QA applied without sea test (validity, equal, zeros, capitals, centroids, gbif, institutions) [2026-04-14] | CoordinateCleaner QA applied without sea test (validity, equal, zeros, capitals, centroids, gbif, institutions) [2026-04-14]";TRUE;"Corrected: points were corrected according to locality"
"326";"SURCO:120";"COLOMBIA";"CO";NA;"Municipio de Gigante, Vereda Alto Cachaya";"2.374839";"-75.527785";2561;"SURCO2025";FALSE;"2010-04-21";"change1: Set taxonRank=SPECIES from binomial scientificName. | change2: Trimmed whitespace in verbatimScientificName (and standardized blanks to NA) | epi_taxo: acceptedName(match1); authorship_epig(match1); genus_from_scientificName; family_WFO; order_majorGroup_WCVP [2026-03-11] | CoordinateCleaner QA applied without sea test (validity, equal, zeros, capitals, centroids, gbif, institutions) [2026-04-14] | CoordinateCleaner QA applied without sea test (validity, equal, zeros, capitals, centroids, gbif, institutions) [2026-04-14]";TRUE;"Corrected: points were corrected according to locality"
"327";"SURCO:121";"COLOMBIA";"CO";NA;"Municipio de Rivera, Mircocuenca, Vereda Moserrate";"2.728094";"-75.261239";5273;"SURCO2025";FALSE;"1989-07-22";"change1: Set taxonRank=SPECIES from binomial scientificName. | change2: Trimmed whitespace in verbatimScientificName (and standardized blanks to NA) | epi_taxo: acceptedName(match1); authorship_epig(match1); genus_from_scientificName; family_WFO; order_majorGroup_WCVP [2026-03-11] | CoordinateCleaner QA applied without sea test (validity, equal, zeros, capitals, centroids, gbif, institutions) [2026-04-14] | CoordinateCleaner QA applied without sea test (validity, equal, zeros, capitals, centroids, gbif, institutions) [2026-04-14]";TRUE;"Corrected: points were corrected according to locality"
"328";"SURCO:122";"COLOMBIA";"CO";NA;"Municipio de Neiva, Vereda La Plata, rio las Ceibas, via al campamento ppal.";"2.870588";"-75.033366";16517;"SURCO2025";FALSE;"1996-12-07";"change1: Set taxonRank=SPECIES from binomial scientificName. | epi_taxo: acceptedName(match1); authorship_epig(match1); genus_from_scientificName; family_WFO; order_majorGroup_WCVP [2026-03-11] | CoordinateCleaner QA applied without sea test (validity, equal, zeros, capitals, centroids, gbif, institutions) [2026-04-14] | CoordinateCleaner QA applied without sea test (validity, equal, zeros, capitals, centroids, gbif, institutions) [2026-04-14]";TRUE;"Corrected: points were corrected according to locality"
"329";"SURCO:123";"COLOMBIA";"CO";NA;"Municipio de Campoalegre, Vereda Alto El Roble.";"4.622339";"-75.657752";8706;"SURCO2025";FALSE;"2001-09-29";"change1: Set taxonRank=SPECIES from binomial scientificName. | epi_taxo: acceptedName(match1); authorship_epig(match1); genus_from_scientificName; family_WFO; order_majorGroup_WCVP [2026-03-11] | CoordinateCleaner QA applied without sea test (validity, equal, zeros, capitals, centroids, gbif, institutions) [2026-04-14] | CoordinateCleaner QA applied without sea test (validity, equal, zeros, capitals, centroids, gbif, institutions) [2026-04-14]";TRUE;"Corrected: points were corrected according to locality"
"330";"SURCO:124";"COLOMBIA";"CO";NA;"Municipio de Campoalegre, Vereda Alto El Roble.";"6.19138";"-75.501796";2513;"SURCO2025";FALSE;"2001-09-29";"change1: Set taxonRank=SPECIES from binomial scientificName. | epi_taxo: acceptedName(match1); authorship_epig(match1); genus_from_scientificName; family_WFO; order_majorGroup_WCVP [2026-03-11] | CoordinateCleaner QA applied without sea test (validity, equal, zeros, capitals, centroids, gbif, institutions) [2026-04-14] | CoordinateCleaner QA applied without sea test (validity, equal, zeros, capitals, centroids, gbif, institutions) [2026-04-14]";TRUE;"Corrected: points were corrected according to locality"
"331";"SURCO:125";"COLOMBIA";"CO";NA;"Municipio de San Agustin, Orillas de Carretera destapada hacia el parque arqueologico.";"1.875378";"-76.278391";1012;"SURCO2025";FALSE;"2019-07-18";"change1: Set taxonRank=SPECIES from binomial scientificName. | epi_taxo: acceptedName(match1); authorship_epig(match1); genus_from_scientificName; family_WFO; order_majorGroup_WCVP [2026-03-11] | CoordinateCleaner QA applied without sea test (validity, equal, zeros, capitals, centroids, gbif, institutions) [2026-04-14] | CoordinateCleaner QA applied without sea test (validity, equal, zeros, capitals, centroids, gbif, institutions) [2026-04-14]";TRUE;"Corrected: points were corrected according to locality"
"332";"SURCO:126";"COLOMBIA";"CO";NA;"Municipio el Pital, Vereda Los Olivos, microcuenca El Obispo";"2.286652";"-75.806256";2355;"SURCO2025";FALSE;"2022-04-12";"change1: Set taxonRank=SPECIES from binomial scientificName. | epi_taxo: acceptedName(match1); authorship_epig(match1); genus_from_scientificName; family_WFO; order_majorGroup_WCVP [2026-03-11] | CoordinateCleaner QA applied without sea test (validity, equal, zeros, capitals, centroids, gbif, institutions) [2026-04-14] | CoordinateCleaner QA applied without sea test (validity, equal, zeros, capitals, centroids, gbif, institutions) [2026-04-14]";TRUE;"Corrected: points were corrected according to locality"
"333";"SURCO:127";"COLOMBIA";"CO";NA;"Municipio el Pital, Vereda Los Olivos, microcuenca El Obispo";"2.286652";"-75.806256";2355;"SURCO2025";FALSE;"2022-03-21";"change1: Set taxonRank=SPECIES from binomial scientificName. | epi_taxo: acceptedName(match1); authorship_epig(match1); genus_from_scientificName; family_WFO; order_majorGroup_WCVP [2026-03-11] | CoordinateCleaner QA applied without sea test (validity, equal, zeros, capitals, centroids, gbif, institutions) [2026-04-14] | CoordinateCleaner QA applied without sea test (validity, equal, zeros, capitals, centroids, gbif, institutions) [2026-04-14]";TRUE;"Corrected: points were corrected according to locality"
"334";"SURCO:128";"COLOMBIA";"CO";NA;"Municipio de iquira, Vereda Juancho, Zona de Amortiguamiento del PNN Nevado del Huila, Sector Tarpeya";"2.805085";"-75.949145";15647;"SURCO2025";FALSE;"2022-12-06";"change1: Set taxonRank=SPECIES from binomial scientificName. | epi_taxo: acceptedName(match1); authorship_epig(match1); genus_from_scientificName; family_WFO; order_majorGroup_WCVP [2026-03-11] | CoordinateCleaner QA applied without sea test (validity, equal, zeros, capitals, centroids, gbif, institutions) [2026-04-14] | CoordinateCleaner QA applied without sea test (validity, equal, zeros, capitals, centroids, gbif, institutions) [2026-04-14]";TRUE;"Corrected: points were corrected according to locality"
"335";"SURCO:129";"COLOMBIA";"CO";NA;"Municipio de San Agustin, Orillas de Carretera destapada hacia el parque arqueologico.";"1.875378";"-76.278391";1012;"SURCO2025";FALSE;"2019-07-18";"change1: Set taxonRank=SPECIES from binomial scientificName. | epi_taxo: acceptedName(match1); authorship_epig(match1); genus_from_scientificName; family_WFO; order_majorGroup_WCVP [2026-03-11] | CoordinateCleaner QA applied without sea test (validity, equal, zeros, capitals, centroids, gbif, institutions) [2026-04-14] | CoordinateCleaner QA applied without sea test (validity, equal, zeros, capitals, centroids, gbif, institutions) [2026-04-14]";TRUE;"Corrected: points were corrected according to locality"
"336";"SURCO:130";"COLOMBIA";"CO";NA;"Municipio de San Agustin, La Chaquira";"1.901479";"-76.270986";404;"SURCO2025";FALSE;"2006-07-05";"change1: Set taxonRank=SPECIES from binomial scientificName. | epi_taxo: acceptedName(match1); authorship_epig(match1); genus_from_scientificName; family_WFO; order_majorGroup_WCVP [2026-03-11] | CoordinateCleaner QA applied without sea test (validity, equal, zeros, capitals, centroids, gbif, institutions) [2026-04-14] | CoordinateCleaner QA applied without sea test (validity, equal, zeros, capitals, centroids, gbif, institutions) [2026-04-14]";TRUE;"Corrected: points were corrected according to locality"
"337";"SURCO:131";"COLOMBIA";"CO";NA;"Municipio de iquira, Vereda Juancho, Zona de Amortiguamiento del PNN Nevado del Huila, Sector Tarpeya";"2.805085";"-75.949145";15647;"SURCO2025";FALSE;"2022-12-06";"change1: Set taxonRank=SPECIES from binomial scientificName. | epi_taxo: acceptedName(match1); authorship_epig(match1); genus_from_scientificName; family_WFO; order_majorGroup_WCVP [2026-03-11] | CoordinateCleaner QA applied without sea test (validity, equal, zeros, capitals, centroids, gbif, institutions) [2026-04-14] | CoordinateCleaner QA applied without sea test (validity, equal, zeros, capitals, centroids, gbif, institutions) [2026-04-14]";TRUE;"Corrected: points were corrected according to locality"
"338";"SURCO:132";"COLOMBIA";"CO";NA;"Municipio de San Vicente de Ferrel, Vereda Guamito";"6.287045";"-75.326961";739;"SURCO2025";FALSE;"2019-03-27";"change1: Set taxonRank=SPECIES from binomial scientificName. | epi_taxo: acceptedName(match1); authorship_epig(match1); genus_from_scientificName; family_WFO; order_majorGroup_WCVP [2026-03-11] | CoordinateCleaner QA applied without sea test (validity, equal, zeros, capitals, centroids, gbif, institutions) [2026-04-14] | CoordinateCleaner QA applied without sea test (validity, equal, zeros, capitals, centroids, gbif, institutions) [2026-04-14]";TRUE;"Corrected: points were corrected according to locality"
"339";"SURCO:133";"COLOMBIA";"CO";NA;"Municipio de San Vicente de Ferrel, Vereda Guamito";"6.287045";"-75.326961";739;"SURCO2025";FALSE;"2019-03-27";"change1: Set taxonRank=SPECIES from binomial scientificName. | epi_taxo: acceptedName(match1); authorship_epig(match1); genus_from_scientificName; family_WFO; order_majorGroup_WCVP [2026-03-11] | CoordinateCleaner QA applied without sea test (validity, equal, zeros, capitals, centroids, gbif, institutions) [2026-04-14] | CoordinateCleaner QA applied without sea test (validity, equal, zeros, capitals, centroids, gbif, institutions) [2026-04-14]";TRUE;"Corrected: points were corrected according to locality"
"340";"SURCO:134";"COLOMBIA";"CO";NA;"Municipio de San Vicente de Ferrel, Vereda Guamito";"6.287045";"-75.326961";739;"SURCO2025";FALSE;"2019-03-27";"change1: Set taxonRank=SPECIES from binomial scientificName. | epi_taxo: acceptedName(match1); authorship_epig(match1); genus_from_scientificName; family_WFO; order_majorGroup_WCVP [2026-03-11] | CoordinateCleaner QA applied without sea test (validity, equal, zeros, capitals, centroids, gbif, institutions) [2026-04-14] | CoordinateCleaner QA applied without sea test (validity, equal, zeros, capitals, centroids, gbif, institutions) [2026-04-14]";TRUE;"Corrected: points were corrected according to locality"
"341";"SURCO:135";"COLOMBIA";"CO";NA;"Municipio de San Vicente de Ferrel, Vereda Guamito";"6.287045";"-75.326961";739;"SURCO2025";FALSE;"2019-03-27";"change1: Set taxonRank=SPECIES from binomial scientificName. | epi_taxo: acceptedName(match1); authorship_epig(match1); genus_from_scientificName; family_WFO; order_majorGroup_WCVP [2026-03-11] | CoordinateCleaner QA applied without sea test (validity, equal, zeros, capitals, centroids, gbif, institutions) [2026-04-14] | CoordinateCleaner QA applied without sea test (validity, equal, zeros, capitals, centroids, gbif, institutions) [2026-04-14]";TRUE;"Corrected: points were corrected according to locality"
"342";"SURCO:136";"COLOMBIA";"CO";NA;"Municipio de Colombia, Carretera a San Juan";"6.517452";"-72.695538";482;"SURCO2025";FALSE;"1990-09-21";"change1: Set taxonRank=SPECIES from binomial scientificName. | epi_taxo: acceptedName(match1); authorship_epig(match1); genus_from_scientificName; family_WFO; order_majorGroup_WCVP [2026-03-11] | CoordinateCleaner QA applied without sea test (validity, equal, zeros, capitals, centroids, gbif, institutions) [2026-04-14] | CoordinateCleaner QA applied without sea test (validity, equal, zeros, capitals, centroids, gbif, institutions) [2026-04-14]";TRUE;"Corrected: points were corrected according to locality"
"343";"SURCO:137";"COLOMBIA";"CO";NA;"Municipio de Colombia, Vereda Carrasposo";"3.324353";"-74.832475";652;"SURCO2025";FALSE;"1987-11-21";"change1: Set taxonRank=SPECIES from binomial scientificName. | epi_taxo: acceptedName(match1); authorship_epig(match1); genus_from_scientificName; family_WFO; order_majorGroup_WCVP [2026-03-11] | CoordinateCleaner QA applied without sea test (validity, equal, zeros, capitals, centroids, gbif, institutions) [2026-04-14] | CoordinateCleaner QA applied without sea test (validity, equal, zeros, capitals, centroids, gbif, institutions) [2026-04-14]";TRUE;"Corrected: points were corrected according to locality"
"344";"SURCO:138";"COLOMBIA";"CO";NA;"Municipio de Colombia, Carretera a San Antonio-Colombia";"6.52483";"-72.700786";524;"SURCO2025";FALSE;"1990-09-23";"change1: Set taxonRank=SPECIES from binomial scientificName. | epi_taxo: acceptedName(match1); authorship_epig(match1); genus_from_scientificName; family_WFO; order_majorGroup_WCVP [2026-03-11] | CoordinateCleaner QA applied without sea test (validity, equal, zeros, capitals, centroids, gbif, institutions) [2026-04-14] | CoordinateCleaner QA applied without sea test (validity, equal, zeros, capitals, centroids, gbif, institutions) [2026-04-14]";TRUE;"Corrected: points were corrected according to locality"
"345";"SURCO:139";"COLOMBIA";"CO";NA;"Municipio de Aipe, Quebrada El Dindal";"5.301525";"-74.564509";675;"SURCO2025";FALSE;"1984-11-11";"change1: Set taxonRank=SPECIES from binomial scientificName. | epi_taxo: acceptedName(match1); authorship_epig(match1); genus_from_scientificName; family_WFO; order_majorGroup_WCVP [2026-03-11] | CoordinateCleaner QA applied without sea test (validity, equal, zeros, capitals, centroids, gbif, institutions) [2026-04-14] | CoordinateCleaner QA applied without sea test (validity, equal, zeros, capitals, centroids, gbif, institutions) [2026-04-14]";TRUE;"Corrected: points were corrected according to locality"
"346";"SURCO:141";"COLOMBIA";"CO";NA;"Municipio de Villavieja, antigua carretera petrolera";"3.20656";"-75.226734";1699;"SURCO2025";FALSE;"2006-09-02";"change1: Set taxonRank=SPECIES from binomial scientificName. | epi_taxo: acceptedName(match1); authorship_epig(match1); genus_from_scientificName; family_WFO; order_majorGroup_WCVP [2026-03-11] | CoordinateCleaner QA applied without sea test (validity, equal, zeros, capitals, centroids, gbif, institutions) [2026-04-14] | CoordinateCleaner QA applied without sea test (validity, equal, zeros, capitals, centroids, gbif, institutions) [2026-04-14]";TRUE;"Corrected: points were corrected according to locality"
"347";"SURCO:142";"COLOMBIA";"CO";NA;"Municipio de Villavieja, antigua carretera petrolera";"3.20656";"-75.226734";1699;"SURCO2025";FALSE;"2006-09-02";"change1: Set taxonRank=SPECIES from binomial scientificName. | epi_taxo: acceptedName(match1); authorship_epig(match1); genus_from_scientificName; family_WFO; order_majorGroup_WCVP [2026-03-11] | CoordinateCleaner QA applied without sea test (validity, equal, zeros, capitals, centroids, gbif, institutions) [2026-04-14] | CoordinateCleaner QA applied without sea test (validity, equal, zeros, capitals, centroids, gbif, institutions) [2026-04-14]";TRUE;"Corrected: points were corrected according to locality"
"348";"SURCO:143";"COLOMBIA";"CO";NA;"Municipio, Vereda: Via Santa Ana, finca El Salado";"2.537889";"-75.570679";1495;"SURCO2025";FALSE;"2010-05-20";"change1: Set taxonRank=SPECIES from binomial scientificName. | epi_taxo: acceptedName(match1); authorship_epig(match1); genus_from_scientificName; family_WFO; order_majorGroup_WCVP [2026-03-11] | CoordinateCleaner QA applied without sea test (validity, equal, zeros, capitals, centroids, gbif, institutions) [2026-04-14] | CoordinateCleaner QA applied without sea test (validity, equal, zeros, capitals, centroids, gbif, institutions) [2026-04-14]";TRUE;"Corrected: points were corrected according to locality"
"349";"SURCO:144";"COLOMBIA";"CO";NA;"Municipio de Colombia, Vereda Carrasposo";"3.324353";"-74.832475";652;"SURCO2025";FALSE;"2010-10-11";"change1: Set taxonRank=SPECIES from binomial scientificName. | epi_taxo: acceptedName(match1); authorship_epig(match1); genus_from_scientificName; family_WFO; order_majorGroup_WCVP [2026-03-11] | CoordinateCleaner QA applied without sea test (validity, equal, zeros, capitals, centroids, gbif, institutions) [2026-04-14] | CoordinateCleaner QA applied without sea test (validity, equal, zeros, capitals, centroids, gbif, institutions) [2026-04-14]";TRUE;"Corrected: points were corrected according to locality"
"350";"SURCO:147";"COLOMBIA";"CO";NA;"Municipio de Suaza, Vereda Satia, rio Suaza, las Quemadas";"1.977297";"-75.809111";1561;"SURCO2025";FALSE;"1986-09-25";"change1: Set taxonRank=SPECIES from binomial scientificName. | epi_taxo: acceptedName(match1); authorship_epig(match1); genus_from_scientificName; family_WFO; order_majorGroup_WCVP [2026-03-11] | CoordinateCleaner QA applied without sea test (validity, equal, zeros, capitals, centroids, gbif, institutions) [2026-04-14] | CoordinateCleaner QA applied without sea test (validity, equal, zeros, capitals, centroids, gbif, institutions) [2026-04-14]";TRUE;"Corrected: points were corrected according to locality"
"351";"SURCO:148";"COLOMBIA";"CO";NA;"Municipio de Palestina, Reserva Natural Drymophila Caudata";"2.860051";"-75.440619";631;"SURCO2025";FALSE;"2019-11-07";"change1: Trimmed whitespace in scientificName (and standardized blanks to NA) | epi_taxo: acceptedName(match1); authorship_epig(match1); genus_from_scientificName; family_WFO; order_majorGroup_WCVP [2026-03-11] | CoordinateCleaner QA applied without sea test (validity, equal, zeros, capitals, centroids, gbif, institutions) [2026-04-14] | CoordinateCleaner QA applied without sea test (validity, equal, zeros, capitals, centroids, gbif, institutions) [2026-04-14]";TRUE;"Corrected: points were corrected according to locality"
"352";"SURCO:149";"COLOMBIA";"CO";NA;"Municipio de Acevedo, Corregimiento San Adolfo, vereda La Ilusion. Camino a la Cueva de Los Guacharos, Bosque de Colombobalanus excelsa";"1.695968";"-76.042636";2593;"SURCO2025";FALSE;"2014-02-20";"change1: Set taxonRank=SPECIES from binomial scientificName. | epi_taxo: acceptedName(match1); authorship_epig(match1); genus_from_scientificName; family_WFO; order_majorGroup_WCVP [2026-03-11] | CoordinateCleaner QA applied without sea test (validity, equal, zeros, capitals, centroids, gbif, institutions) [2026-04-14] | CoordinateCleaner QA applied without sea test (validity, equal, zeros, capitals, centroids, gbif, institutions) [2026-04-14]";TRUE;"Corrected: points were corrected according to locality"
"353";"SURCO:150";"COLOMBIA";"CO";NA;"Municipio de Acevedo, Corregimiento San Adolfo, vereda La Ilusion. Camino a la Cueva de Los Guacharos, Bosque de Colombobalanus excelsa";"1.695968";"-76.042636";2593;"SURCO2025";FALSE;"2014-02-20";"change1: Set taxonRank=SPECIES from binomial scientificName. | epi_taxo: acceptedName(match1); authorship_epig(match1); genus_from_scientificName; family_WFO; order_majorGroup_WCVP [2026-03-11] | CoordinateCleaner QA applied without sea test (validity, equal, zeros, capitals, centroids, gbif, institutions) [2026-04-14] | CoordinateCleaner QA applied without sea test (validity, equal, zeros, capitals, centroids, gbif, institutions) [2026-04-14]";TRUE;"Corrected: points were corrected according to locality"
"354";"SURCO:151";"COLOMBIA";"CO";NA;"Muncipio de Suaza, Vereda Bajo Tablon";"1.805668";"-75.825646";1184;"SURCO2025";FALSE;"2003-08-18";"change1: Set taxonRank=SPECIES from binomial scientificName. | epi_taxo: acceptedName(match1); authorship_epig(match1); genus_from_scientificName; family_WFO; order_majorGroup_WCVP [2026-03-11] | CoordinateCleaner QA applied without sea test (validity, equal, zeros, capitals, centroids, gbif, institutions) [2026-04-14] | CoordinateCleaner QA applied without sea test (validity, equal, zeros, capitals, centroids, gbif, institutions) [2026-04-14]";TRUE;"Corrected: points were corrected according to locality"
"355";"SURCO:152";"COLOMBIA";"CO";NA;"Municipio de San Agustin, Corregimiento el Estrecho";"1.923817";"-76.293972";725;"SURCO2025";FALSE;"2010-10-14";"change1: Set taxonRank=SPECIES from binomial scientificName. | change2: Corrected taxonRank (SPECIES→VARIETY); kept scientificName as-is. | epi_taxo: acceptedName(match1); authorship_epig(match1); genus_from_scientificName; family_WFO; order_majorGroup_WCVP [2026-03-11] | CoordinateCleaner QA applied without sea test (validity, equal, zeros, capitals, centroids, gbif, institutions) [2026-04-14] | CoordinateCleaner QA applied without sea test (validity, equal, zeros, capitals, centroids, gbif, institutions) [2026-04-14]";TRUE;"Corrected: points were corrected according to locality"
"356";"SURCO:153";"COLOMBIA";"CO";NA;"Municipio de Campoalegre Institucion Educativa Eugenio Ferro Falla";"2.689936";"-75.320472";48;"SURCO2025";FALSE;"2014-01-29";"change1: Set taxonRank=SPECIES from binomial scientificName. | change2: Corrected taxonRank (SPECIES→VARIETY); kept scientificName as-is. | epi_taxo: acceptedName(match1); authorship_epig(match1); genus_from_scientificName; family_WFO; order_majorGroup_WCVP [2026-03-11] | CoordinateCleaner QA applied without sea test (validity, equal, zeros, capitals, centroids, gbif, institutions) [2026-04-14] | CoordinateCleaner QA applied without sea test (validity, equal, zeros, capitals, centroids, gbif, institutions) [2026-04-14]";TRUE;"Corrected: points were corrected according to locality"
"357";"SURCO:154";"COLOMBIA";"CO";NA;"Municipio de Algeciras, Vereda Quiosco Alto";"2.525323";"-75.284348";3507;"SURCO2025";FALSE;"2000-03-21";"change1: Set taxonRank=SPECIES from binomial scientificName. | epi_taxo: acceptedName(match1); authorship_epig(match1); genus_from_scientificName; family_WFO; order_majorGroup_WCVP [2026-03-11] | CoordinateCleaner QA applied without sea test (validity, equal, zeros, capitals, centroids, gbif, institutions) [2026-04-14] | CoordinateCleaner QA applied without sea test (validity, equal, zeros, capitals, centroids, gbif, institutions) [2026-04-14]";TRUE;"Corrected: points were corrected according to locality"
"358";"SURCO:155";"COLOMBIA";"CO";NA;"Municipio de Palermo, Inspeccion del Carmen, Vereda Pinares";"2.89765";"-75.411492";2900;"SURCO2025";FALSE;"1992-08-01";"change1: Set taxonRank=SPECIES from binomial scientificName. | epi_taxo: acceptedName(match1); authorship_epig(match1); genus_from_scientificName; family_WFO; order_majorGroup_WCVP [2026-03-11] | CoordinateCleaner QA applied without sea test (validity, equal, zeros, capitals, centroids, gbif, institutions) [2026-04-14] | CoordinateCleaner QA applied without sea test (validity, equal, zeros, capitals, centroids, gbif, institutions) [2026-04-14]";TRUE;"Corrected: points were corrected according to locality"
"359";"SURCO:156";"COLOMBIA";"CO";NA;"Municipio de Palermo, Inspeccion del Carmen, Vereda Pinares";"2.89765";"-75.411492";2900;"SURCO2025";FALSE;"1992-08-01";"change1: Set taxonRank=SPECIES from binomial scientificName. | epi_taxo: acceptedName(match1); authorship_epig(match1); genus_from_scientificName; family_WFO; order_majorGroup_WCVP [2026-03-11] | CoordinateCleaner QA applied without sea test (validity, equal, zeros, capitals, centroids, gbif, institutions) [2026-04-14] | CoordinateCleaner QA applied without sea test (validity, equal, zeros, capitals, centroids, gbif, institutions) [2026-04-14]";TRUE;"Corrected: points were corrected according to locality"
"360";"SURCO:158";"COLOMBIA";"CO";NA;"Municipio de Suaza, Vereda El Vergel, quebrada El Neme";"1.977297";"-75.809111";1561;"SURCO2025";FALSE;"1986-10-13";"change1: Set taxonRank=SPECIES from binomial scientificName. | epi_taxo: acceptedName(match1); authorship_epig(match1); genus_from_scientificName; family_WFO; order_majorGroup_WCVP [2026-03-11] | CoordinateCleaner QA applied without sea test (validity, equal, zeros, capitals, centroids, gbif, institutions) [2026-04-14] | CoordinateCleaner QA applied without sea test (validity, equal, zeros, capitals, centroids, gbif, institutions) [2026-04-14]";TRUE;"Corrected: points were corrected according to locality"
"361";"SURCO:159";"COLOMBIA";"CO";NA;"Municipio de Acevedo, Cueva de los Guacharos";"1.359671";"-76.231435";844;"SURCO2025";FALSE;"2012-04-27";"change1: Set taxonRank=SPECIES from binomial scientificName. | epi_taxo: acceptedName(match1); authorship_epig(match1); genus_from_scientificName; family_WFO; order_majorGroup_WCVP [2026-03-11] | CoordinateCleaner QA applied without sea test (validity, equal, zeros, capitals, centroids, gbif, institutions) [2026-04-14] | CoordinateCleaner QA applied without sea test (validity, equal, zeros, capitals, centroids, gbif, institutions) [2026-04-14]";TRUE;"Corrected: points were corrected according to locality"
"362";"SURCO:160";"COLOMBIA";"CO";NA;"Municipio de Palestina, Vereda Jerico, al W del cerro La Mensura, sitio Jerico";"2.850842";"-75.391951";5952;"SURCO2025";FALSE;"2005-08-30";"change1: Set taxonRank=SPECIES from binomial scientificName. | epi_taxo: acceptedName(match1); authorship_epig(match1); genus_from_scientificName; family_WFO; order_majorGroup_WCVP [2026-03-11] | CoordinateCleaner QA applied without sea test (validity, equal, zeros, capitals, centroids, gbif, institutions) [2026-04-14] | CoordinateCleaner QA applied without sea test (validity, equal, zeros, capitals, centroids, gbif, institutions) [2026-04-14]";TRUE;"Corrected: points were corrected according to locality"
"363";"SURCO:161";"COLOMBIA";"CO";NA;"Municipio de Campoalegre, Vereda Alto el Roble";"4.662735";"-75.640933";4508;"SURCO2025";FALSE;"2001-10-15";"change1: Set taxonRank=SPECIES from binomial scientificName. | epi_taxo: acceptedName(match1); authorship_epig(match1); genus_from_scientificName; family_WFO; order_majorGroup_WCVP [2026-03-11] | CoordinateCleaner QA applied without sea test (validity, equal, zeros, capitals, centroids, gbif, institutions) [2026-04-14] | CoordinateCleaner QA applied without sea test (validity, equal, zeros, capitals, centroids, gbif, institutions) [2026-04-14]";TRUE;"Corrected: points were corrected according to locality"
"364";"SURCO:162";"COLOMBIA";"CO";NA;"Municipio de Campoalegre, Vereda Alto el Roble";"4.662735";"-75.640933";4508;"SURCO2025";FALSE;"2001-10-15";"change1: Set taxonRank=SPECIES from binomial scientificName. | epi_taxo: acceptedName(match1); authorship_epig(match1); genus_from_scientificName; family_WFO; order_majorGroup_WCVP [2026-03-11] | CoordinateCleaner QA applied without sea test (validity, equal, zeros, capitals, centroids, gbif, institutions) [2026-04-14] | CoordinateCleaner QA applied without sea test (validity, equal, zeros, capitals, centroids, gbif, institutions) [2026-04-14]";TRUE;"Corrected: points were corrected according to locality"
"365";"SURCO:163";"COLOMBIA";"CO";NA;"Alto Paez, campamento Polaco";"2.731797";"-76.039556";303;"SURCO2025";FALSE;"1992-05-15";"change1: Set taxonRank=SPECIES from binomial scientificName. | epi_taxo: acceptedName(match1); authorship_epig(match1); genus_from_scientificName; family_WFO; order_majorGroup_WCVP [2026-03-11] | CoordinateCleaner QA applied without sea test (validity, equal, zeros, capitals, centroids, gbif, institutions) [2026-04-14] | CoordinateCleaner QA applied without sea test (validity, equal, zeros, capitals, centroids, gbif, institutions) [2026-04-14]";TRUE;"Corrected: points were corrected according to locality"
"366";"SURCO:164";"COLOMBIA";"CO";NA;"Municipio de Neiva, Inspeccion de Motilon, Vereda Alto Motilon, La Siberia, trocha hacia la quebrada Negra";"2.817875";"-75.095317";659;"SURCO2025";FALSE;"1992-11-24";"change1: Set taxonRank=SPECIES from binomial scientificName. | epi_taxo: acceptedName(match1); authorship_epig(match1); genus_from_scientificName; family_WFO; order_majorGroup_WCVP [2026-03-11] | CoordinateCleaner QA applied without sea test (validity, equal, zeros, capitals, centroids, gbif, institutions) [2026-04-14] | CoordinateCleaner QA applied without sea test (validity, equal, zeros, capitals, centroids, gbif, institutions) [2026-04-14]";TRUE;"Corrected: points were corrected according to locality"
"367";"SURCO:165";"COLOMBIA";"CO";NA;"Municipio de Campoalegre, Vereda Alto El Roble.";"6.19138";"-75.501796";2513;"SURCO2025";FALSE;"2001-09-29";"change1: Set taxonRank=SPECIES from binomial scientificName. | epi_taxo: acceptedName(match1); authorship_epig(match1); genus_from_scientificName; family_WFO; order_majorGroup_WCVP [2026-03-11] | CoordinateCleaner QA applied without sea test (validity, equal, zeros, capitals, centroids, gbif, institutions) [2026-04-14] | CoordinateCleaner QA applied without sea test (validity, equal, zeros, capitals, centroids, gbif, institutions) [2026-04-14]";TRUE;"Corrected: points were corrected according to locality"
"368";"SURCO:166";"COLOMBIA";"CO";NA;"Municipio de Campoalegre, Vereda Alto El Roble.";"6.19138";"-75.501796";2513;"SURCO2025";FALSE;"2001-10-15";"change1: Set taxonRank=SPECIES from binomial scientificName. | epi_taxo: acceptedName(match1); authorship_epig(match1); genus_from_scientificName; family_WFO; order_majorGroup_WCVP [2026-03-11] | CoordinateCleaner QA applied without sea test (validity, equal, zeros, capitals, centroids, gbif, institutions) [2026-04-14] | CoordinateCleaner QA applied without sea test (validity, equal, zeros, capitals, centroids, gbif, institutions) [2026-04-14]";TRUE;"Corrected: points were corrected according to locality"
"369";"SURCO:167";"COLOMBIA";"CO";NA;"Municipio de Rivera, Limites con Neiva y el Caqueta. Cordillera oriental La Siberia y quebrada Negra";"2.814867";"-75.286883";5302;"SURCO2025";FALSE;"1991-07-06";"change1: Set taxonRank=SPECIES from binomial scientificName. | epi_taxo: acceptedName(match1); authorship_epig(match1); genus_from_scientificName; family_WFO; order_majorGroup_WCVP [2026-03-11] | CoordinateCleaner QA applied without sea test (validity, equal, zeros, capitals, centroids, gbif, institutions) [2026-04-14] | CoordinateCleaner QA applied without sea test (validity, equal, zeros, capitals, centroids, gbif, institutions) [2026-04-14]";TRUE;"Corrected: points were corrected according to locality"
"370";"SURCO:168";"COLOMBIA";"CO";NA;"Municipio de Palermo, Inspeccion El Carmen,vereda Pinares";"2.891999";"-75.43423";662;"SURCO2025";FALSE;"1992-08-01";"change1: Set taxonRank=SPECIES from binomial scientificName. | epi_taxo: acceptedName(match1); authorship_epig(match1); genus_from_scientificName; family_WFO; order_majorGroup_WCVP [2026-03-11] | CoordinateCleaner QA applied without sea test (validity, equal, zeros, capitals, centroids, gbif, institutions) [2026-04-14] | CoordinateCleaner QA applied without sea test (validity, equal, zeros, capitals, centroids, gbif, institutions) [2026-04-14]";TRUE;"Corrected: points were corrected according to locality"
"371";"SURCO:171";"COLOMBIA";"CO";NA;"Municipio de Salento, alto rio Quindio. Reserva la montana";"4.556719";"-75.640325";1539;"SURCO2025";FALSE;"2005-07-21";"change1: Set taxonRank=SPECIES from binomial scientificName. | epi_taxo: acceptedName(match1); authorship_epig(match1); genus_from_scientificName; family_WFO; order_majorGroup_WCVP [2026-03-11] | CoordinateCleaner QA applied without sea test (validity, equal, zeros, capitals, centroids, gbif, institutions) [2026-04-14] | CoordinateCleaner QA applied without sea test (validity, equal, zeros, capitals, centroids, gbif, institutions) [2026-04-14]";TRUE;"Corrected: points were corrected according to locality"
"372";"SURCO:172";"COLOMBIA";"CO";NA;"Municipio de Neiva, Sector a nivel de Hacienda ""El Madrono"", parte alta de la loma que desciende a la quebrada ""La Jabonera""";"3.049675";"-75.044589";127;"SURCO2025";FALSE;"2009-05-24";"change1: Set taxonRank=SPECIES from binomial scientificName. | epi_taxo: acceptedName(match1); authorship_epig(match1); genus_from_scientificName; family_WFO; order_majorGroup_WCVP [2026-03-11] | CoordinateCleaner QA applied without sea test (validity, equal, zeros, capitals, centroids, gbif, institutions) [2026-04-14] | CoordinateCleaner QA applied without sea test (validity, equal, zeros, capitals, centroids, gbif, institutions) [2026-04-14]";TRUE;"Corrected: points were corrected according to locality"
"373";"SURCO:173";"COLOMBIA";"CO";NA;"Municipio de Campoalegre, Vereda Alto El Roble, vegetacion alrededor de la cuadricula.";"4.669285";"-75.569395";3823;"SURCO2025";FALSE;"2001-10-15";"change1: Set taxonRank=SPECIES from binomial scientificName. | epi_taxo: acceptedName(match1); authorship_epig(match1); genus_from_scientificName; family_WFO; order_majorGroup_WCVP [2026-03-11] | CoordinateCleaner QA applied without sea test (validity, equal, zeros, capitals, centroids, gbif, institutions) [2026-04-14] | CoordinateCleaner QA applied without sea test (validity, equal, zeros, capitals, centroids, gbif, institutions) [2026-04-14]";TRUE;"Corrected: points were corrected according to locality"
"374";"SURCO:174";"COLOMBIA";"CO";NA;"Municipio de la Plata, Inspeccion de Belen, Vereda La Maria, Hacienda Meremberg";"2.274603";"-76.123191";9312;"SURCO2025";FALSE;"2011-09-26";"change1: Set taxonRank=SPECIES from binomial scientificName. | epi_taxo: acceptedName(match1); authorship_epig(match1); genus_from_scientificName; family_WFO; order_majorGroup_WCVP [2026-03-11] | CoordinateCleaner QA applied without sea test (validity, equal, zeros, capitals, centroids, gbif, institutions) [2026-04-14] | CoordinateCleaner QA applied without sea test (validity, equal, zeros, capitals, centroids, gbif, institutions) [2026-04-14]";TRUE;"Corrected: points were corrected according to locality"
"375";"SURCO:175";"COLOMBIA";"CO";NA;"Municipio de la Plata, Inspeccion de Belen, Vereda La Maria, Hacienda Meremberg";"2.274603";"-76.123191";9312;"SURCO2025";FALSE;"2012-10-26";"change1: Set taxonRank=SPECIES from binomial scientificName. | epi_taxo: acceptedName(match1); authorship_epig(match1); genus_from_scientificName; family_WFO; order_majorGroup_WCVP [2026-03-11] | CoordinateCleaner QA applied without sea test (validity, equal, zeros, capitals, centroids, gbif, institutions) [2026-04-14] | CoordinateCleaner QA applied without sea test (validity, equal, zeros, capitals, centroids, gbif, institutions) [2026-04-14]";TRUE;"Corrected: points were corrected according to locality"
"376";"SURCO:176";"COLOMBIA";"CO";NA;"Municipio de la Plata, Inspeccion de Belen, Vereda La Maria, Hacienda Meremberg";"2.274603";"-76.123191";9312;"SURCO2025";FALSE;"2012-10-26";"change1: Set taxonRank=SPECIES from binomial scientificName. | epi_taxo: acceptedName(match1); authorship_epig(match1); genus_from_scientificName; family_WFO; order_majorGroup_WCVP [2026-03-11] | CoordinateCleaner QA applied without sea test (validity, equal, zeros, capitals, centroids, gbif, institutions) [2026-04-14] | CoordinateCleaner QA applied without sea test (validity, equal, zeros, capitals, centroids, gbif, institutions) [2026-04-14]";TRUE;"Corrected: points were corrected according to locality"
"377";"SURCO:177";"COLOMBIA";"CO";NA;"Municipio de Acevedo.Cueva de los Guacharos";"1.627952";"-76.000652";1038;"SURCO2025";FALSE;"2012-04-27";"change1: Set taxonRank=SPECIES from binomial scientificName. | epi_taxo: acceptedName(match1); authorship_epig(match1); genus_from_scientificName; family_WFO; order_majorGroup_WCVP [2026-03-11] | CoordinateCleaner QA applied without sea test (validity, equal, zeros, capitals, centroids, gbif, institutions) [2026-04-14] | CoordinateCleaner QA applied without sea test (validity, equal, zeros, capitals, centroids, gbif, institutions) [2026-04-14]";TRUE;"Corrected: points were corrected according to locality"
"378";"SURCO:178";"COLOMBIA";"CO";NA;"Municipio de Palermo, Inspeccion del Carmen, Vereda Pinares";"2.89765";"-75.411492";2900;"SURCO2025";FALSE;"1992-08-01";"change1: Set taxonRank=SPECIES from binomial scientificName. | epi_taxo: acceptedName(match1); authorship_epig(match1); genus_from_scientificName; family_WFO; order_majorGroup_WCVP [2026-03-11] | CoordinateCleaner QA applied without sea test (validity, equal, zeros, capitals, centroids, gbif, institutions) [2026-04-14] | CoordinateCleaner QA applied without sea test (validity, equal, zeros, capitals, centroids, gbif, institutions) [2026-04-14]";TRUE;"Corrected: points were corrected according to locality"
"379";"SURCO:179";"COLOMBIA";"CO";NA;"Municipio de Campoalegre, Vereda Alto El Roble";"4.662735";"-75.640933";4508;"SURCO2025";FALSE;"2001-10-15";"change1: Set taxonRank=SPECIES from binomial scientificName. | epi_taxo: acceptedName(match1); authorship_epig(match1); genus_from_scientificName; family_WFO; order_majorGroup_WCVP [2026-03-11] | CoordinateCleaner QA applied without sea test (validity, equal, zeros, capitals, centroids, gbif, institutions) [2026-04-14] | CoordinateCleaner QA applied without sea test (validity, equal, zeros, capitals, centroids, gbif, institutions) [2026-04-14]";TRUE;"Corrected: points were corrected according to locality"
"380";"SURCO:180";"COLOMBIA";"CO";NA;"Municipio de Santa Maria, Vereda Carmen de Bolivar";"4.846285";"-73.238256";2851;"SURCO2025";FALSE;"2004-07-26";"change1: Set taxonRank=SPECIES from binomial scientificName. | epi_taxo: acceptedName(match1); authorship_epig(match1); genus_from_scientificName; family_WFO; order_majorGroup_WCVP [2026-03-11] | CoordinateCleaner QA applied without sea test (validity, equal, zeros, capitals, centroids, gbif, institutions) [2026-04-14] | CoordinateCleaner QA applied without sea test (validity, equal, zeros, capitals, centroids, gbif, institutions) [2026-04-14]";TRUE;"Corrected: points were corrected according to locality"
"381";"SURCO:181";"COLOMBIA";"CO";NA;"Municipio de Campoalegre, Vereda Alto El Roble, vegetacion alrededor de la cuadricula.";"4.669285";"-75.569395";3823;"SURCO2025";FALSE;"2001-10-15";"change1: Set taxonRank=SPECIES from binomial scientificName. | epi_taxo: acceptedName(match1); authorship_epig(match1); genus_from_scientificName; family_WFO; order_majorGroup_WCVP [2026-03-11] | CoordinateCleaner QA applied without sea test (validity, equal, zeros, capitals, centroids, gbif, institutions) [2026-04-14] | CoordinateCleaner QA applied without sea test (validity, equal, zeros, capitals, centroids, gbif, institutions) [2026-04-14]";TRUE;"Corrected: points were corrected according to locality"
"382";"SURCO:182";"COLOMBIA";"CO";NA;"Municipio de Campoalegre , Vereda Alto el Roble.";"2.713344";"-75.311002";3686;"SURCO2025";FALSE;"2001-09-29";"change1: Set taxonRank=SPECIES from binomial scientificName. | epi_taxo: acceptedName(match1); authorship_epig(match1); genus_from_scientificName; family_WFO; order_majorGroup_WCVP [2026-03-11] | CoordinateCleaner QA applied without sea test (validity, equal, zeros, capitals, centroids, gbif, institutions) [2026-04-14] | CoordinateCleaner QA applied without sea test (validity, equal, zeros, capitals, centroids, gbif, institutions) [2026-04-14]";TRUE;"Corrected: points were corrected according to locality"
"383";"SURCO:183";"COLOMBIA";"CO";NA;"Municipio de Campoalegre, Vereda Alto El Roble, vegetacion alrededor de la cuadricula.";"4.669285";"-75.569395";3823;"SURCO2025";FALSE;"2001-10-15";"change1: Set taxonRank=SPECIES from binomial scientificName. | epi_taxo: acceptedName(match1); authorship_epig(match1); genus_from_scientificName; family_WFO; order_majorGroup_WCVP [2026-03-11] | CoordinateCleaner QA applied without sea test (validity, equal, zeros, capitals, centroids, gbif, institutions) [2026-04-14] | CoordinateCleaner QA applied without sea test (validity, equal, zeros, capitals, centroids, gbif, institutions) [2026-04-14]";TRUE;"Corrected: points were corrected according to locality"
"384";"SURCO:184";"COLOMBIA";"CO";NA;"Municipio de Algeciras, Vereda Alto El Roble";"2.651145";"-75.161498";607;"SURCO2025";FALSE;"2001-10-13";"change1: Set taxonRank=SPECIES from binomial scientificName. | epi_taxo: acceptedName(match1); authorship_epig(match1); genus_from_scientificName; family_WFO; order_majorGroup_WCVP [2026-03-11] | CoordinateCleaner QA applied without sea test (validity, equal, zeros, capitals, centroids, gbif, institutions) [2026-04-14] | CoordinateCleaner QA applied without sea test (validity, equal, zeros, capitals, centroids, gbif, institutions) [2026-04-14]";TRUE;"Corrected: points were corrected according to locality"
"385";"SURCO:187";"COLOMBIA";"CO";NA;"Municipio de Teruel, Finca la Primavera, Vereda Estambuel";"2.770025";"-75.588969";404;"SURCO2025";FALSE;"2013-03-18";"change1: Set taxonRank=SPECIES from binomial scientificName. | epi_taxo: acceptedName(match1); authorship_epig(match1); genus_from_scientificName; family_WFO; order_majorGroup_WCVP [2026-03-11] | CoordinateCleaner QA applied without sea test (validity, equal, zeros, capitals, centroids, gbif, institutions) [2026-04-14] | CoordinateCleaner QA applied without sea test (validity, equal, zeros, capitals, centroids, gbif, institutions) [2026-04-14]";TRUE;"Corrected: points were corrected according to locality"
"386";"SURCO:188";"COLOMBIA";"CO";NA;"Municipio de Teruel, Finca la Primavera, Vereda Estambuel";"2.770025";"-75.588969";404;"SURCO2025";FALSE;"2013-03-18";"change1: Set taxonRank=SPECIES from binomial scientificName. | epi_taxo: acceptedName(match1); authorship_epig(match1); genus_from_scientificName; family_WFO; order_majorGroup_WCVP [2026-03-11] | CoordinateCleaner QA applied without sea test (validity, equal, zeros, capitals, centroids, gbif, institutions) [2026-04-14] | CoordinateCleaner QA applied without sea test (validity, equal, zeros, capitals, centroids, gbif, institutions) [2026-04-14]";TRUE;"Corrected: points were corrected according to locality"
"387";"SURCO:189";"COLOMBIA";"CO";NA;"Municipio de Teruel, Finca la Primavera, Vereda Estambuel";"2.770025";"-75.588969";404;"SURCO2025";FALSE;"2013-03-18";"change1: Set taxonRank=SPECIES from binomial scientificName. | epi_taxo: acceptedName(match1); authorship_epig(match1); genus_from_scientificName; family_WFO; order_majorGroup_WCVP [2026-03-11] | CoordinateCleaner QA applied without sea test (validity, equal, zeros, capitals, centroids, gbif, institutions) [2026-04-14] | CoordinateCleaner QA applied without sea test (validity, equal, zeros, capitals, centroids, gbif, institutions) [2026-04-14]";TRUE;"Corrected: points were corrected according to locality"
"388";"SURCO:191";"COLOMBIA";"CO";NA;"Municipio de San Vicente de Ferrel, Vereda Guamito";"6.287045";"-75.326961";739;"SURCO2025";FALSE;"2019-04-02";"change1: Set taxonRank=SPECIES from binomial scientificName. | epi_taxo: acceptedName(match1); authorship_epig(match1); genus_from_scientificName; family_WFO; order_majorGroup_WCVP [2026-03-11] | CoordinateCleaner QA applied without sea test (validity, equal, zeros, capitals, centroids, gbif, institutions) [2026-04-14] | CoordinateCleaner QA applied without sea test (validity, equal, zeros, capitals, centroids, gbif, institutions) [2026-04-14]";TRUE;"Corrected: points were corrected according to locality"
"389";"SURCO:192";"COLOMBIA";"CO";NA;"Municipio de Palermo, region de San Francisco, Las Moyas";"2.862235";"-75.383175";6211;"SURCO2025";FALSE;"1992-03-14";"change1: Set taxonRank=SPECIES from binomial scientificName. | epi_taxo: acceptedName(match1); authorship_epig(match1); genus_from_scientificName; family_WFO; order_majorGroup_WCVP [2026-03-11] | CoordinateCleaner QA applied without sea test (validity, equal, zeros, capitals, centroids, gbif, institutions) [2026-04-14] | CoordinateCleaner QA applied without sea test (validity, equal, zeros, capitals, centroids, gbif, institutions) [2026-04-14]";TRUE;"Corrected: points were corrected according to locality"
"390";"SURCO:193";"COLOMBIA";"CO";NA;"Municipio de Neiva, carretera a Balsillas riberas del rio Las Ceibas";"2.937679";"-75.305852";491;"SURCO2025";FALSE;"1996-06-01";"change1: Set taxonRank=SPECIES from binomial scientificName. | epi_taxo: acceptedName(match1); authorship_epig(match1); genus_from_scientificName; family_WFO; order_majorGroup_WCVP [2026-03-11] | CoordinateCleaner QA applied without sea test (validity, equal, zeros, capitals, centroids, gbif, institutions) [2026-04-14] | CoordinateCleaner QA applied without sea test (validity, equal, zeros, capitals, centroids, gbif, institutions) [2026-04-14]";TRUE;"Corrected: points were corrected according to locality"
"391";"SURCO:194";"COLOMBIA";"CO";NA;"Municipio de Rivera, Vereda El Guadual, via la Ulloa";"2.839941";"-75.229982";257;"SURCO2025";FALSE;"2006-10-03";"change1: Set taxonRank=SPECIES from binomial scientificName. | epi_taxo: acceptedName(match1); authorship_epig(match1); genus_from_scientificName; family_WFO; order_majorGroup_WCVP [2026-03-11] | CoordinateCleaner QA applied without sea test (validity, equal, zeros, capitals, centroids, gbif, institutions) [2026-04-14] | CoordinateCleaner QA applied without sea test (validity, equal, zeros, capitals, centroids, gbif, institutions) [2026-04-14]";TRUE;"Corrected: points were corrected according to locality"
"392";"SURCO:195";"COLOMBIA";"CO";NA;"Municipio de Baraya, Carretera a los Totumos, rio Venado";"3.146507";"-75.057134";651;"SURCO2025";FALSE;"1986-06-14";"change1: Set taxonRank=SPECIES from binomial scientificName. | epi_taxo: acceptedName(match1); authorship_epig(match1); genus_from_scientificName; family_WFO; order_majorGroup_WCVP [2026-03-11] | CoordinateCleaner QA applied without sea test (validity, equal, zeros, capitals, centroids, gbif, institutions) [2026-04-14] | CoordinateCleaner QA applied without sea test (validity, equal, zeros, capitals, centroids, gbif, institutions) [2026-04-14]";TRUE;"Corrected: points were corrected according to locality"
"393";"SURCO:196";"COLOMBIA";"CO";NA;"Municipio de Colombia,salida del casco urbano hacia Santa Ana";"7.222598";"-75.888347";2570;"SURCO2025";FALSE;"2010-08-26";"change1: Set taxonRank=SPECIES from binomial scientificName. | epi_taxo: acceptedName(match1); authorship_epig(match1); genus_from_scientificName; family_WFO; order_majorGroup_WCVP [2026-03-11] | CoordinateCleaner QA applied without sea test (validity, equal, zeros, capitals, centroids, gbif, institutions) [2026-04-14] | CoordinateCleaner QA applied without sea test (validity, equal, zeros, capitals, centroids, gbif, institutions) [2026-04-14]";TRUE;"Corrected: points were corrected according to locality"
"394";"SURCO:197";"COLOMBIA";"CO";NA;"Municipio de Colombia, Carretera a Pablo grande, quebrada la Pringamoza";"1.739865";"-75.02558";1391;"SURCO2025";FALSE;"1986-06-14";"change1: Set taxonRank=SPECIES from binomial scientificName. | epi_taxo: acceptedName(match1); authorship_epig(match1); genus_from_scientificName; family_WFO; order_majorGroup_WCVP [2026-03-11] | CoordinateCleaner QA applied without sea test (validity, equal, zeros, capitals, centroids, gbif, institutions) [2026-04-14] | CoordinateCleaner QA applied without sea test (validity, equal, zeros, capitals, centroids, gbif, institutions) [2026-04-14]";TRUE;"Corrected: points were corrected according to locality"
"395";"SURCO:198";"COLOMBIA";"CO";NA;"Municipio de Colombia, Inspeccion de San Marcos, carretera a Ambica";"8.652141";"-75.176308";4862;"SURCO2025";FALSE;"1990-09-15";"change1: Set taxonRank=SPECIES from binomial scientificName. | epi_taxo: acceptedName(match1); authorship_epig(match1); genus_from_scientificName; family_WFO; order_majorGroup_WCVP [2026-03-11] | CoordinateCleaner QA applied without sea test (validity, equal, zeros, capitals, centroids, gbif, institutions) [2026-04-14] | CoordinateCleaner QA applied without sea test (validity, equal, zeros, capitals, centroids, gbif, institutions) [2026-04-14]";TRUE;"Corrected: points were corrected according to locality"
"396";"SURCO:199";"COLOMBIA";"CO";NA;"Municipio de Colombia, Inspeccion de Santa Ana, quebrada la Lejia";"9.331574";"-74.57207";975;"SURCO2025";FALSE;"1989-01-31";"change1: Set taxonRank=SPECIES from binomial scientificName. | epi_taxo: acceptedName(match1); authorship_epig(match1); genus_from_scientificName; family_WFO; order_majorGroup_WCVP [2026-03-11] | CoordinateCleaner QA applied without sea test (validity, equal, zeros, capitals, centroids, gbif, institutions) [2026-04-14] | CoordinateCleaner QA applied without sea test (validity, equal, zeros, capitals, centroids, gbif, institutions) [2026-04-14]";TRUE;"Corrected: points were corrected according to locality"
"397";"SURCO:200";"COLOMBIA";"CO";NA;"Municipio de Neiva. Centro de investigacion y desarrollo La Tribuna";"2.929481";"-75.28901";47;"SURCO2025";FALSE;"2008-09-18";"change1: Set taxonRank=SPECIES from binomial scientificName. | epi_taxo: acceptedName(match1); authorship_epig(match1); genus_from_scientificName; family_WFO; order_majorGroup_WCVP [2026-03-11] | CoordinateCleaner QA applied without sea test (validity, equal, zeros, capitals, centroids, gbif, institutions) [2026-04-14] | CoordinateCleaner QA applied without sea test (validity, equal, zeros, capitals, centroids, gbif, institutions) [2026-04-14]";TRUE;"Corrected: points were corrected according to locality"
"398";"SURCO:201";"COLOMBIA";"CO";NA;"Municipio de Neiva. Centro de investigacion y desarrollo La Tribuna";"2.929481";"-75.28901";47;"SURCO2025";FALSE;"2008-09-18";"change1: Set taxonRank=SPECIES from binomial scientificName. | epi_taxo: acceptedName(match1); authorship_epig(match1); genus_from_scientificName; family_WFO; order_majorGroup_WCVP [2026-03-11] | CoordinateCleaner QA applied without sea test (validity, equal, zeros, capitals, centroids, gbif, institutions) [2026-04-14] | CoordinateCleaner QA applied without sea test (validity, equal, zeros, capitals, centroids, gbif, institutions) [2026-04-14]";TRUE;"Corrected: points were corrected according to locality"
"399";"SURCO:202";"COLOMBIA";"CO";NA;"Municipio de Colombia, Vereda Carrasposo";"3.324353";"-74.832475";652;"SURCO2025";FALSE;"2010-10-11";"change1: Set taxonRank=SPECIES from binomial scientificName. | epi_taxo: acceptedName(match1); authorship_epig(match1); genus_from_scientificName; family_WFO; order_majorGroup_WCVP [2026-03-11] | CoordinateCleaner QA applied without sea test (validity, equal, zeros, capitals, centroids, gbif, institutions) [2026-04-14] | CoordinateCleaner QA applied without sea test (validity, equal, zeros, capitals, centroids, gbif, institutions) [2026-04-14]";TRUE;"Corrected: points were corrected according to locality"
"400";"SURCO:203";"COLOMBIA";"CO";NA;"Municipio de Colombia, Vereda Santa Ana";"7.222598";"-75.888347";2570;"SURCO2025";FALSE;"2010-05-10";"change1: Set taxonRank=SPECIES from binomial scientificName. | change2: Trimmed whitespace in genus (and standardized blanks to NA) | epi_taxo: acceptedName(match1); authorship_epig(match1); genus_from_scientificName; family_WFO; order_majorGroup_WCVP [2026-03-11] | CoordinateCleaner QA applied without sea test (validity, equal, zeros, capitals, centroids, gbif, institutions) [2026-04-14] | CoordinateCleaner QA applied without sea test (validity, equal, zeros, capitals, centroids, gbif, institutions) [2026-04-14]";TRUE;"Corrected: points were corrected according to locality"
"401";"SURCO:204";"COLOMBIA";"CO";NA;"Municipio de Colombia, Carretera a San Antonio-Colombia";"6.52483";"-72.700786";524;"SURCO2025";FALSE;"1990-09-23";"change1: Set taxonRank=SPECIES from binomial scientificName. | change2: Trimmed whitespace in genus (and standardized blanks to NA) | epi_taxo: acceptedName(match1); authorship_epig(match1); genus_from_scientificName; family_WFO; order_majorGroup_WCVP [2026-03-11] | CoordinateCleaner QA applied without sea test (validity, equal, zeros, capitals, centroids, gbif, institutions) [2026-04-14] | CoordinateCleaner QA applied without sea test (validity, equal, zeros, capitals, centroids, gbif, institutions) [2026-04-14]";TRUE;"Corrected: points were corrected according to locality"
"402";"SURCO:205";"COLOMBIA";"CO";NA;"Municipio de Palermo, region de San Francisco, Las Moyas";"2.862235";"-75.383175";6211;"SURCO2025";FALSE;"1992-03-14";"change1: Set taxonRank=SPECIES from binomial scientificName. | change2: Trimmed whitespace in genus (and standardized blanks to NA) | epi_taxo: acceptedName(match1); authorship_epig(match1); genus_from_scientificName; family_WFO; order_majorGroup_WCVP [2026-03-11] | CoordinateCleaner QA applied without sea test (validity, equal, zeros, capitals, centroids, gbif, institutions) [2026-04-14] | CoordinateCleaner QA applied without sea test (validity, equal, zeros, capitals, centroids, gbif, institutions) [2026-04-14]";TRUE;"Corrected: points were corrected according to locality"
"403";"SURCO:206";"COLOMBIA";"CO";NA;"Municipio de Colombia, Inspeccion de San Marcos, carretera a Ambica";"8.652141";"-75.176308";4862;"SURCO2025";FALSE;"1990-09-20";"change1: Set taxonRank=SPECIES from binomial scientificName. | change2: Trimmed whitespace in genus (and standardized blanks to NA) | epi_taxo: acceptedName(match1); authorship_epig(match1); genus_from_scientificName; family_WFO; order_majorGroup_WCVP [2026-03-11] | CoordinateCleaner QA applied without sea test (validity, equal, zeros, capitals, centroids, gbif, institutions) [2026-04-14] | CoordinateCleaner QA applied without sea test (validity, equal, zeros, capitals, centroids, gbif, institutions) [2026-04-14]";TRUE;"Corrected: points were corrected according to locality"
"404";"SURCO:207";"COLOMBIA";"CO";NA;"Municipio de Timana, Vereda San Marcos";"2.020043";"-75.923875";5474;"SURCO2025";FALSE;"1997-05-16";"change1: Set taxonRank=SPECIES from binomial scientificName. | change2: Trimmed whitespace in genus (and standardized blanks to NA) | epi_taxo: acceptedName(match1); authorship_epig(match1); genus_from_scientificName; family_WFO; order_majorGroup_WCVP [2026-03-11] | CoordinateCleaner QA applied without sea test (validity, equal, zeros, capitals, centroids, gbif, institutions) [2026-04-14] | CoordinateCleaner QA applied without sea test (validity, equal, zeros, capitals, centroids, gbif, institutions) [2026-04-14]";TRUE;"Corrected: points were corrected according to locality"
"405";"SURCO:209";"COLOMBIA";"CO";NA;"Municipio de Colombia, Inspeccion de San Marcos, carretera a Ambica";"8.652141";"-75.176308";4862;"SURCO2025";FALSE;"1992-09-16";"change1: Set taxonRank=SPECIES from binomial scientificName. | change2: Trimmed whitespace in genus (and standardized blanks to NA) | epi_taxo: acceptedName(match1); authorship_epig(match1); genus_from_scientificName; family_WFO; order_majorGroup_WCVP [2026-03-11] | CoordinateCleaner QA applied without sea test (validity, equal, zeros, capitals, centroids, gbif, institutions) [2026-04-14] | CoordinateCleaner QA applied without sea test (validity, equal, zeros, capitals, centroids, gbif, institutions) [2026-04-14]";TRUE;"Corrected: points were corrected according to locality"
"406";"SURCO:213";"COLOMBIA";"CO";NA;"Municipio de Algeciras, Vereda el Alto";"2.49393";"-75.329143";3520;"SURCO2025";FALSE;"2001-10-14";"change1: Canonicalized scientificName to binomial and moved trailing authorship. | epi_taxo: acceptedName(match1); authorship_epig(match1); genus_from_scientificName; family_WFO; order_majorGroup_WCVP [2026-03-11] | CoordinateCleaner QA applied without sea test (validity, equal, zeros, capitals, centroids, gbif, institutions) [2026-04-14] | CoordinateCleaner QA applied without sea test (validity, equal, zeros, capitals, centroids, gbif, institutions) [2026-04-14]";TRUE;"Corrected: points were corrected according to locality"
"407";"SURCO:214";"COLOMBIA";"CO";NA;"Municipio de Tesalia, Vereda Pacarni";"2.528134";"-75.706125";2119;"SURCO2025";FALSE;"2005-09-11";"change1: Set taxonRank=SPECIES from binomial scientificName. | change2: Trimmed whitespace in verbatimScientificName (and standardized blanks to NA) | change3: Trimmed whitespace in genus (and standardized blanks to NA) | epi_taxo: acceptedName(match1); authorship_epig(match1); genus_from_scientificName; family_WFO; order_majorGroup_WCVP [2026-03-11] | CoordinateCleaner QA applied without sea test (validity, equal, zeros, capitals, centroids, gbif, institutions) [2026-04-14] | CoordinateCleaner QA applied without sea test (validity, equal, zeros, capitals, centroids, gbif, institutions) [2026-04-14]";TRUE;"Corrected: points were corrected according to locality"
"408";"SURCO:215";"COLOMBIA";"CO";NA;"Municipio de Neiva, Insperccion el Caguan, Vereda Agua Blanca, quebrada Arenoso";"2.852305";"-75.202721";713;"SURCO2025";FALSE;"2006-11-23";"change1: Set taxonRank=SPECIES from binomial scientificName. | change2: Trimmed whitespace in verbatimScientificName (and standardized blanks to NA) | change3: Trimmed whitespace in genus (and standardized blanks to NA) | epi_taxo: acceptedName(match1); authorship_epig(match1); genus_from_scientificName; family_WFO; order_majorGroup_WCVP [2026-03-11] | CoordinateCleaner QA applied without sea test (validity, equal, zeros, capitals, centroids, gbif, institutions) [2026-04-14] | CoordinateCleaner QA applied without sea test (validity, equal, zeros, capitals, centroids, gbif, institutions) [2026-04-14]";TRUE;"Corrected: points were corrected according to locality"
"409";"SURCO:216";"COLOMBIA";"CO";NA;"Municipio de Tesalia, Vereda Pacarni";"2.528134";"-75.706125";2119;"SURCO2025";FALSE;"2005-09-11";"change1: Set taxonRank=SPECIES from binomial scientificName. | change2: Trimmed whitespace in verbatimScientificName (and standardized blanks to NA) | change3: Trimmed whitespace in genus (and standardized blanks to NA) | epi_taxo: acceptedName(match1); authorship_epig(match1); genus_from_scientificName; family_WFO; order_majorGroup_WCVP [2026-03-11] | CoordinateCleaner QA applied without sea test (validity, equal, zeros, capitals, centroids, gbif, institutions) [2026-04-14] | CoordinateCleaner QA applied without sea test (validity, equal, zeros, capitals, centroids, gbif, institutions) [2026-04-14]";TRUE;"Corrected: points were corrected according to locality"
"410";"SURCO:217";"COLOMBIA";"CO";NA;"Municipio de Campoalegre, Vereda El Roble";"6.162468";"-75.486483";2438;"SURCO2025";FALSE;"1992-08-29";"change1: Set taxonRank=SPECIES from binomial scientificName. | change2: Trimmed whitespace in verbatimScientificName (and standardized blanks to NA) | epi_taxo: acceptedName(match1); authorship_epig(match1); genus_from_scientificName; family_WFO; order_majorGroup_WCVP [2026-03-11] | CoordinateCleaner QA applied without sea test (validity, equal, zeros, capitals, centroids, gbif, institutions) [2026-04-14] | CoordinateCleaner QA applied without sea test (validity, equal, zeros, capitals, centroids, gbif, institutions) [2026-04-14]";TRUE;"Corrected: points were corrected according to locality"
"411";"SURCO:218";"COLOMBIA";"CO";NA;"Municipio de Campoalegre, Vereda El Roble";"6.162468";"-75.486483";2438;"SURCO2025";FALSE;"2001-10-14";"change1: Set taxonRank=SPECIES from binomial scientificName. | change2: Trimmed whitespace in verbatimScientificName (and standardized blanks to NA) | epi_taxo: acceptedName(match1); authorship_epig(match1); genus_from_scientificName; family_WFO; order_majorGroup_WCVP [2026-03-11] | CoordinateCleaner QA applied without sea test (validity, equal, zeros, capitals, centroids, gbif, institutions) [2026-04-14] | CoordinateCleaner QA applied without sea test (validity, equal, zeros, capitals, centroids, gbif, institutions) [2026-04-14]";TRUE;"Corrected: points were corrected according to locality"
"412";"SURCO:219";"COLOMBIA";"CO";NA;"Municipio de Neiva, Inspeccion de Motilon, Vereda Alto Motilon, La Siberia, trocha hacia la quebrada Negra";"2.817875";"-75.095317";659;"SURCO2025";FALSE;"1992-11-24";"change1: Trimmed whitespace in scientificName (and standardized blanks to NA) | change2: Trimmed whitespace in verbatimScientificName (and standardized blanks to NA) | epi_taxo: acceptedName(match1); authorship_epig(match1); genus_from_scientificName; family_WFO; order_majorGroup_WCVP [2026-03-11] | CoordinateCleaner QA applied without sea test (validity, equal, zeros, capitals, centroids, gbif, institutions) [2026-04-14] | CoordinateCleaner QA applied without sea test (validity, equal, zeros, capitals, centroids, gbif, institutions) [2026-04-14]";TRUE;"Corrected: points were corrected according to locality"
"413";"SURCO:221";"COLOMBIA";"CO";NA;"Municipio de Rivera, Vereda Monserrate";"2.772555";"-75.287541";3167;"SURCO2025";FALSE;"1989-07-22";"change1: Set taxonRank=SPECIES from binomial scientificName. | change2: Trimmed whitespace in verbatimScientificName (and standardized blanks to NA) | epi_taxo: acceptedName(match1); authorship_epig(match1); genus_from_scientificName; family_WFO; order_majorGroup_WCVP [2026-03-11] | CoordinateCleaner QA applied without sea test (validity, equal, zeros, capitals, centroids, gbif, institutions) [2026-04-14] | CoordinateCleaner QA applied without sea test (validity, equal, zeros, capitals, centroids, gbif, institutions) [2026-04-14]";TRUE;"Corrected: points were corrected according to locality"
"414";"SURCO:222";"COLOMBIA";"CO";NA;"Municipio de Neiva, Vereda Alto Motilon, La Siberia";"2.842836";"-75.035576";816;"SURCO2025";FALSE;"1992-11-24";"change1: Set taxonRank=SPECIES from binomial scientificName. | change2: Trimmed whitespace in verbatimScientificName (and standardized blanks to NA) | epi_taxo: acceptedName(match1); authorship_epig(match1); genus_from_scientificName; family_WFO; order_majorGroup_WCVP [2026-03-11] | CoordinateCleaner QA applied without sea test (validity, equal, zeros, capitals, centroids, gbif, institutions) [2026-04-14] | CoordinateCleaner QA applied without sea test (validity, equal, zeros, capitals, centroids, gbif, institutions) [2026-04-14]";TRUE;"Corrected: points were corrected according to locality"
"415";"SURCO:223";"COLOMBIA";"CO";NA;"Municipio de Campoalegre, Vereda Alto El Roble";"4.662735";"-75.640933";4508;"SURCO2025";FALSE;"2001-09-29";"change1: Set taxonRank=SPECIES from binomial scientificName. | change2: Trimmed whitespace in verbatimScientificName (and standardized blanks to NA) | epi_taxo: acceptedName(match1); authorship_epig(match1); genus_from_scientificName; family_WFO; order_majorGroup_WCVP [2026-03-11] | CoordinateCleaner QA applied without sea test (validity, equal, zeros, capitals, centroids, gbif, institutions) [2026-04-14] | CoordinateCleaner QA applied without sea test (validity, equal, zeros, capitals, centroids, gbif, institutions) [2026-04-14]";TRUE;"Corrected: points were corrected according to locality"
"416";"SURCO:224";"COLOMBIA";"CO";NA;"Municipio de Rivera, vereda Honda Alta, quebrada la Honda";"2.819458";"-75.195495";8913,31;"SURCO2025";FALSE;"1992-08-22";"change1: Set taxonRank=SPECIES from binomial scientificName. | change2: Trimmed whitespace in verbatimScientificName (and standardized blanks to NA) | epi_taxo: acceptedName(match1); authorship_epig(match1); genus_from_scientificName; family_WFO; order_majorGroup_WCVP [2026-03-11] | CoordinateCleaner QA applied without sea test (validity, equal, zeros, capitals, centroids, gbif, institutions) [2026-04-14] | CoordinateCleaner QA applied without sea test (validity, equal, zeros, capitals, centroids, gbif, institutions) [2026-04-14]";TRUE;"Corrected: points were corrected according to locality"
"417";"SURCO:225";"COLOMBIA";"CO";NA;"Municipio de Campoalegre, Vereda Alto El Roble";"4.662735";"-75.640933";4508;"SURCO2025";FALSE;"2001-10-13";"change1: Set taxonRank=SPECIES from binomial scientificName. | change2: Trimmed whitespace in verbatimScientificName (and standardized blanks to NA) | epi_taxo: acceptedName(match1); authorship_epig(match1); genus_from_scientificName; family_WFO; order_majorGroup_WCVP [2026-03-11] | CoordinateCleaner QA applied without sea test (validity, equal, zeros, capitals, centroids, gbif, institutions) [2026-04-14] | CoordinateCleaner QA applied without sea test (validity, equal, zeros, capitals, centroids, gbif, institutions) [2026-04-14]";TRUE;"Corrected: points were corrected according to locality"
"418";"SURCO:227";"COLOMBIA";"CO";NA;"Municipio de San Agustin, Vereda Marbella";"1.879444";"-76.272852";296;"SURCO2025";FALSE;"2005-10-05";"change1: Set taxonRank=SPECIES from binomial scientificName. | epi_taxo: acceptedName(match1); authorship_epig(match1); genus_from_scientificName; family_WFO; order_majorGroup_WCVP [2026-03-11] | CoordinateCleaner QA applied without sea test (validity, equal, zeros, capitals, centroids, gbif, institutions) [2026-04-14] | CoordinateCleaner QA applied without sea test (validity, equal, zeros, capitals, centroids, gbif, institutions) [2026-04-14]";TRUE;"Corrected: points were corrected according to locality"
"419";"SURCO:228";"COLOMBIA";"CO";NA;"Municipio de Ricaurte, La Planada";"4.288825";"-74.752719";2975;"SURCO2025";FALSE;"1979-02-24";"change1: Set taxonRank=SPECIES from binomial scientificName. | epi_taxo: acceptedName(match1); authorship_epig(match1); genus_from_scientificName; family_WFO; order_majorGroup_WCVP [2026-03-11] | CoordinateCleaner QA applied without sea test (validity, equal, zeros, capitals, centroids, gbif, institutions) [2026-04-14] | CoordinateCleaner QA applied without sea test (validity, equal, zeros, capitals, centroids, gbif, institutions) [2026-04-14]";TRUE;"Corrected: points were corrected according to locality"
"420";"SURCO:229";"COLOMBIA";"CO";NA;"Municipio de Barbacoas, Junin";"1.539442";"-78.117588";13830;"SURCO2025";FALSE;"1979-02-27";"change1: Set taxonRank=SPECIES from binomial scientificName. | epi_taxo: acceptedName(match1); authorship_epig(match1); genus_from_scientificName; family_WFO; order_majorGroup_WCVP [2026-03-11] | CoordinateCleaner QA applied without sea test (validity, equal, zeros, capitals, centroids, gbif, institutions) [2026-04-14] | CoordinateCleaner QA applied without sea test (validity, equal, zeros, capitals, centroids, gbif, institutions) [2026-04-14]";TRUE;"Corrected: points were corrected according to locality"
"421";"SURCO:230";"COLOMBIA";"CO";NA;"Municipio de Campoalegre, Vereda El Roble";"6.162468";"-75.486483";2438;"SURCO2025";FALSE;"2001-05-19";"change1: Set taxonRank=SPECIES from binomial scientificName. | epi_taxo: acceptedName(match1); authorship_epig(match1); genus_from_scientificName; family_WFO; order_majorGroup_WCVP [2026-03-11] | CoordinateCleaner QA applied without sea test (validity, equal, zeros, capitals, centroids, gbif, institutions) [2026-04-14] | CoordinateCleaner QA applied without sea test (validity, equal, zeros, capitals, centroids, gbif, institutions) [2026-04-14]";TRUE;"Corrected: points were corrected according to locality"
"422";"SURCO:232";"COLOMBIA";"CO";NA;"Municipio de Colombia, Alto Zaragoza";"3.275563";"-74.786962";1254;"SURCO2025";FALSE;"1990-10-06";"change1: Set taxonRank=SPECIES from binomial scientificName. | epi_taxo: acceptedName(match1); authorship_epig(match1); genus_from_scientificName; family_WFO; order_majorGroup_WCVP [2026-03-11] | CoordinateCleaner QA applied without sea test (validity, equal, zeros, capitals, centroids, gbif, institutions) [2026-04-14] | CoordinateCleaner QA applied without sea test (validity, equal, zeros, capitals, centroids, gbif, institutions) [2026-04-14]";TRUE;"Corrected: points were corrected according to locality"
"423";"SURCO:233";"COLOMBIA";"CO";NA;"Municipio de Colombia, hacia la Vereda San Isidro, Llano Hondo";"6.097245";"-75.42715";2164;"SURCO2025";FALSE;"1989-04-29";"change1: Set taxonRank=SPECIES from binomial scientificName. | epi_taxo: acceptedName(match1); authorship_epig(match1); genus_from_scientificName; family_WFO; order_majorGroup_WCVP [2026-03-11] | CoordinateCleaner QA applied without sea test (validity, equal, zeros, capitals, centroids, gbif, institutions) [2026-04-14] | CoordinateCleaner QA applied without sea test (validity, equal, zeros, capitals, centroids, gbif, institutions) [2026-04-14]";TRUE;"Corrected: points were corrected according to locality"
"424";"SURCO:234";"COLOMBIA";"CO";NA;"Municipio de Campoalegre, Frente a la escuela de Pando, El Roble";"2.682637";"-75.321468";26;"SURCO2025";FALSE;"2001-09-01";"change1: Set taxonRank=SPECIES from binomial scientificName. | epi_taxo: acceptedName(match1); authorship_epig(match1); genus_from_scientificName; family_WFO; order_majorGroup_WCVP [2026-03-11] | CoordinateCleaner QA applied without sea test (validity, equal, zeros, capitals, centroids, gbif, institutions) [2026-04-14] | CoordinateCleaner QA applied without sea test (validity, equal, zeros, capitals, centroids, gbif, institutions) [2026-04-14]";TRUE;"Corrected: points were corrected according to locality"
"425";"SURCO:235";"COLOMBIA";"CO";NA;"Municipio de Campoalegre, carretera Chia-Pando-El Roble";"2.724452";"-75.317404";4615;"SURCO2025";FALSE;"2001-05-19";"change1: Set taxonRank=SPECIES from binomial scientificName. | epi_taxo: acceptedName(match1); authorship_epig(match1); genus_from_scientificName; family_WFO; order_majorGroup_WCVP [2026-03-11] | CoordinateCleaner QA applied without sea test (validity, equal, zeros, capitals, centroids, gbif, institutions) [2026-04-14] | CoordinateCleaner QA applied without sea test (validity, equal, zeros, capitals, centroids, gbif, institutions) [2026-04-14]";TRUE;"Corrected: points were corrected according to locality"
"426";"SURCO:237";"COLOMBIA";"CO";NA;"Municipio de Neiva, Mercaneiva";"2.896396";"-75.283911";66;"SURCO2025";FALSE;"2010-11-24";"change1: Set taxonRank=SPECIES from binomial scientificName. | change2: Corrected taxonRank (SPECIES→FORM); kept scientificName as-is. | epi_taxo: acceptedName(match1); authorship_epig(match1); genus_from_scientificName; family_WFO; order_majorGroup_WCVP [2026-03-11] | CoordinateCleaner QA applied without sea test (validity, equal, zeros, capitals, centroids, gbif, institutions) [2026-04-14] | CoordinateCleaner QA applied without sea test (validity, equal, zeros, capitals, centroids, gbif, institutions) [2026-04-14]";TRUE;"Corrected: points were corrected according to locality"
"427";"SURCO:239";"COLOMBIA";"CO";NA;"Municipio de Tarqui, serrania de las Minas, Vereda Las Minas";"2.124812";"-75.89177";2166;"SURCO2025";FALSE;"";"change1: Set taxonRank=SPECIES from binomial scientificName. | epi_taxo: acceptedName(match1); authorship_epig(match1); genus_from_scientificName; family_WFO; order_majorGroup_WCVP [2026-03-11] | CoordinateCleaner QA applied without sea test (validity, equal, zeros, capitals, centroids, gbif, institutions) [2026-04-14] | CoordinateCleaner QA applied without sea test (validity, equal, zeros, capitals, centroids, gbif, institutions) [2026-04-14]";TRUE;"Corrected: points were corrected according to locality"
"428";"SURCO:240";"COLOMBIA";"CO";NA;"Municipio de Pitalito-Mocoa";"1.853006";"-76.049635";500;"SURCO2025";FALSE;"1979-04-29";"change1: Set taxonRank=SPECIES from binomial scientificName. | epi_taxo: acceptedName(match1); authorship_epig(match1); genus_from_scientificName; family_WFO; order_majorGroup_WCVP [2026-03-11] | CoordinateCleaner QA applied without sea test (validity, equal, zeros, capitals, centroids, gbif, institutions) [2026-04-14] | CoordinateCleaner QA applied without sea test (validity, equal, zeros, capitals, centroids, gbif, institutions) [2026-04-14]";TRUE;"Corrected: points were corrected according to locality"
"429";"SURCO:241";"COLOMBIA";"CO";NA;"Municipio de El Cairo, cerro del Ingles";"4.772978";"-76.225286";1481;"SURCO2025";FALSE;"1987-01-01";"change1: Set taxonRank=SPECIES from binomial scientificName. | epi_taxo: acceptedName(match1); authorship_epig(match1); genus_from_scientificName; family_WFO; order_majorGroup_WCVP [2026-03-11] | CoordinateCleaner QA applied without sea test (validity, equal, zeros, capitals, centroids, gbif, institutions) [2026-04-14] | CoordinateCleaner QA applied without sea test (validity, equal, zeros, capitals, centroids, gbif, institutions) [2026-04-14]";TRUE;"Corrected: points were corrected according to locality"
"430";"SURCO:243";"COLOMBIA";"CO";NA;"Municipio de Gigante, Vereda Alto Corazal, humedal La Cumbre";"2.398063";"-75.529353";2365;"SURCO2025";FALSE;"2012-12-01";"change1: Set taxonRank=SPECIES from binomial scientificName. | change2: Trimmed whitespace in verbatimScientificName (and standardized blanks to NA) | epi_taxo: acceptedName(match1); authorship_epig(match1); genus_from_scientificName; family_WFO; order_majorGroup_WCVP [2026-03-11] | CoordinateCleaner QA applied without sea test (validity, equal, zeros, capitals, centroids, gbif, institutions) [2026-04-14] | CoordinateCleaner QA applied without sea test (validity, equal, zeros, capitals, centroids, gbif, institutions) [2026-04-14]";TRUE;"Corrected: points were corrected according to locality"
"431";"SURCO:245";"COLOMBIA";"CO";NA;"Municipio de Rivera, Honda Alta, quebrada Honda";"2.774933";"-75.285441";2943;"SURCO2025";FALSE;"1992-03-01";"change1: Set taxonRank=SPECIES from binomial scientificName. | change2: Trimmed whitespace in verbatimScientificName (and standardized blanks to NA) | epi_taxo: acceptedName(match1); authorship_epig(match1); genus_from_scientificName; family_WFO; order_majorGroup_WCVP [2026-03-11] | CoordinateCleaner QA applied without sea test (validity, equal, zeros, capitals, centroids, gbif, institutions) [2026-04-14] | CoordinateCleaner QA applied without sea test (validity, equal, zeros, capitals, centroids, gbif, institutions) [2026-04-14]";TRUE;"Corrected: points were corrected according to locality"
"432";"SURCO:246";"COLOMBIA";"CO";NA;"Municipio de Rivera, Honda Alta, quebrada Honda";"2.774933";"-75.285441";2943;"SURCO2025";FALSE;"1992-03-01";"change1: Set taxonRank=SPECIES from binomial scientificName. | change2: Trimmed whitespace in verbatimScientificName (and standardized blanks to NA) | epi_taxo: acceptedName(match1); authorship_epig(match1); genus_from_scientificName; family_WFO; order_majorGroup_WCVP [2026-03-11] | CoordinateCleaner QA applied without sea test (validity, equal, zeros, capitals, centroids, gbif, institutions) [2026-04-14] | CoordinateCleaner QA applied without sea test (validity, equal, zeros, capitals, centroids, gbif, institutions) [2026-04-14]";TRUE;"Corrected: points were corrected according to locality"
"433";"SURCO:247";"COLOMBIA";"CO";NA;"Municipio de Garzon, vereda Villa Rica, estribaciones del Cerro Miraflores, Quebrada Majo";"2.218069";"-75.62617";2570;"SURCO2025";FALSE;"2005-02-11";"change1: Set taxonRank=SPECIES from binomial scientificName. | change2: Trimmed whitespace in verbatimScientificName (and standardized blanks to NA) | epi_taxo: acceptedName(match1); authorship_epig(match1); genus_from_scientificName; family_WFO; order_majorGroup_WCVP [2026-03-11] | CoordinateCleaner QA applied without sea test (validity, equal, zeros, capitals, centroids, gbif, institutions) [2026-04-14] | CoordinateCleaner QA applied without sea test (validity, equal, zeros, capitals, centroids, gbif, institutions) [2026-04-14]";TRUE;"Corrected: points were corrected according to locality"
"434";"SURCO:248";"COLOMBIA";"CO";NA;"Municipio de Colombia, Inspeccion de  Santa Ana, Vereda San Emilio";"9.339092";"-74.548193";3092;"SURCO2025";FALSE;"1989-01-30";"change1: Set taxonRank=SPECIES from binomial scientificName. | change2: Trimmed whitespace in verbatimScientificName (and standardized blanks to NA) | epi_taxo: acceptedName(match1); authorship_epig(match1); genus_from_scientificName; family_WFO; order_majorGroup_WCVP [2026-03-11] | CoordinateCleaner QA applied without sea test (validity, equal, zeros, capitals, centroids, gbif, institutions) [2026-04-14] | CoordinateCleaner QA applied without sea test (validity, equal, zeros, capitals, centroids, gbif, institutions) [2026-04-14]";TRUE;"Corrected: points were corrected according to locality"
"435";"SURCO:249";"COLOMBIA";"CO";NA;"Municipio de Rivera, Vereda Honda Alta";"2.819458";"-75.195495";8913,31;"SURCO2025";FALSE;"1992-08-22";"change1: Set taxonRank=SPECIES from binomial scientificName. | change2: Trimmed whitespace in verbatimScientificName (and standardized blanks to NA) | epi_taxo: acceptedName(match1); authorship_epig(match1); genus_from_scientificName; family_WFO; order_majorGroup_WCVP [2026-03-11] | CoordinateCleaner QA applied without sea test (validity, equal, zeros, capitals, centroids, gbif, institutions) [2026-04-14] | CoordinateCleaner QA applied without sea test (validity, equal, zeros, capitals, centroids, gbif, institutions) [2026-04-14]";TRUE;"Corrected: points were corrected according to locality"
"436";"SURCO:250";"COLOMBIA";"CO";NA;"Municipio de Colombia, hacia la Vereda San Isidro, Llano Hondo";"6.097245";"-75.42715";2164;"SURCO2025";FALSE;"1989-04-29";"change1: Set taxonRank=SPECIES from binomial scientificName. | change2: Trimmed whitespace in verbatimScientificName (and standardized blanks to NA) | epi_taxo: acceptedName(match1); authorship_epig(match1); genus_from_scientificName; family_WFO; order_majorGroup_WCVP [2026-03-11] | CoordinateCleaner QA applied without sea test (validity, equal, zeros, capitals, centroids, gbif, institutions) [2026-04-14] | CoordinateCleaner QA applied without sea test (validity, equal, zeros, capitals, centroids, gbif, institutions) [2026-04-14]";TRUE;"Corrected: points were corrected according to locality"
"437";"SURCO:251";"COLOMBIA";"CO";NA;"Municipio de Colombia, Inspeccion de Santa Ana, camino hacia el Cerro de La Cruz";"9.335945";"-74.572542";1521;"SURCO2025";FALSE;"1990-09-15";"change1: Set taxonRank=SPECIES from binomial scientificName. | change2: Trimmed whitespace in verbatimScientificName (and standardized blanks to NA) | epi_taxo: acceptedName(match1); authorship_epig(match1); genus_from_scientificName; family_WFO; order_majorGroup_WCVP [2026-03-11] | CoordinateCleaner QA applied without sea test (validity, equal, zeros, capitals, centroids, gbif, institutions) [2026-04-14] | CoordinateCleaner QA applied without sea test (validity, equal, zeros, capitals, centroids, gbif, institutions) [2026-04-14]";TRUE;"Corrected: points were corrected according to locality"
"438";"SURCO:252";"COLOMBIA";"CO";NA;"Municipio de Colombia, Alto Zaragoza";"3.272722";"-74.795553";687;"SURCO2025";FALSE;"1990-10-06";"change1: Set taxonRank=SPECIES from binomial scientificName. | change2: Trimmed whitespace in verbatimScientificName (and standardized blanks to NA) | epi_taxo: acceptedName(match1); authorship_epig(match1); genus_from_scientificName; family_WFO; order_majorGroup_WCVP [2026-03-11] | CoordinateCleaner QA applied without sea test (validity, equal, zeros, capitals, centroids, gbif, institutions) [2026-04-14] | CoordinateCleaner QA applied without sea test (validity, equal, zeros, capitals, centroids, gbif, institutions) [2026-04-14]";TRUE;"Corrected: points were corrected according to locality"
"439";"SURCO:253";"COLOMBIA";"CO";NA;"Municipio de Colombia, Inspeccion de Las Lajas, sitio Cara de Perro";"0.669103";"-77.398313";24209;"SURCO2025";FALSE;"1990-09-29";"change1: Set taxonRank=SPECIES from binomial scientificName. | change2: Trimmed whitespace in verbatimScientificName (and standardized blanks to NA) | epi_taxo: acceptedName(match1); authorship_epig(match1); genus_from_scientificName; family_WFO; order_majorGroup_WCVP [2026-03-11] | CoordinateCleaner QA applied without sea test (validity, equal, zeros, capitals, centroids, gbif, institutions) [2026-04-14] | CoordinateCleaner QA applied without sea test (validity, equal, zeros, capitals, centroids, gbif, institutions) [2026-04-14]";TRUE;"Corrected: points were corrected according to locality"
"440";"SURCO:255";"COLOMBIA";"CO";NA;"Municipio de Neiva, Vereda La Plata";"2.750002";"-75.071731";2331;"SURCO2025";FALSE;"2021-02-13";"change1: Set taxonRank=SPECIES from binomial scientificName. | epi_taxo: acceptedName(match1); authorship_epig(match1); genus_from_scientificName; family_WFO; order_majorGroup_WCVP [2026-03-11] | CoordinateCleaner QA applied without sea test (validity, equal, zeros, capitals, centroids, gbif, institutions) [2026-04-14] | CoordinateCleaner QA applied without sea test (validity, equal, zeros, capitals, centroids, gbif, institutions) [2026-04-14]";TRUE;"Corrected: points were corrected according to locality"
"441";"SURCO:262";"COLOMBIA";"CO";NA;"Municipio de Tesalia, Finca de las Covaledas";"2.528134";"-75.706125";2119;"SURCO2025";FALSE;"2005-09-11";"change1: Set taxonRank=SPECIES from binomial scientificName. | change2: Trimmed whitespace in verbatimScientificName (and standardized blanks to NA) | change3: Corrected taxonRank (SPECIES→FORM); kept scientificName as-is. | epi_taxo: acceptedName(match1); authorship_epig(match1); genus_from_scientificName; family_WFO; order_majorGroup_WCVP [2026-03-11] | CoordinateCleaner QA applied without sea test (validity, equal, zeros, capitals, centroids, gbif, institutions) [2026-04-14] | CoordinateCleaner QA applied without sea test (validity, equal, zeros, capitals, centroids, gbif, institutions) [2026-04-14]";TRUE;"Corrected: points were corrected according to locality"
"442";"SURCO:266";"COLOMBIA";"CO";NA;"Municipio de Palestina. Zona de amortiguacion del PNN Cueva de los Guacharos";"2.857746";"-75.385466";685;"SURCO2025";FALSE;"2018-04-26";"change1: Trimmed whitespace in scientificName (and standardized blanks to NA) | epi_taxo: acceptedName(match1); authorship_epig(match1); genus_from_scientificName; family_WFO; order_majorGroup_WCVP [2026-03-11] | CoordinateCleaner QA applied without sea test (validity, equal, zeros, capitals, centroids, gbif, institutions) [2026-04-14] | CoordinateCleaner QA applied without sea test (validity, equal, zeros, capitals, centroids, gbif, institutions) [2026-04-14]";TRUE;"Corrected: points were corrected according to locality"
"443";"SURCO:268";"COLOMBIA";"CO";NA;"Municipio de Palestina, Reserva El Encanto, Sendero el Cafetal";"3.012886";"-75.542915";2704;"SURCO2025";FALSE;"2018-04-27";"change1: Trimmed whitespace in scientificName (and standardized blanks to NA) | epi_taxo: acceptedName(match1); authorship_epig(match1); genus_from_scientificName; family_WFO; order_majorGroup_WCVP [2026-03-11] | CoordinateCleaner QA applied without sea test (validity, equal, zeros, capitals, centroids, gbif, institutions) [2026-04-14] | CoordinateCleaner QA applied without sea test (validity, equal, zeros, capitals, centroids, gbif, institutions) [2026-04-14]";TRUE;"Corrected: points were corrected according to locality"
"444";"SURCO:271";"COLOMBIA";"CO";NA;"Municipio de San Agustin, Vereda Mesitas, Finca La Esperanza";"1.88307";"-76.297423";297;"SURCO2025";FALSE;"2017-04-21";"change1: Trimmed whitespace in scientificName (and standardized blanks to NA) | epi_taxo: acceptedName(match1); authorship_epig(match1); genus_from_scientificName; family_WFO; order_majorGroup_WCVP [2026-03-11] | CoordinateCleaner QA applied without sea test (validity, equal, zeros, capitals, centroids, gbif, institutions) [2026-04-14] | CoordinateCleaner QA applied without sea test (validity, equal, zeros, capitals, centroids, gbif, institutions) [2026-04-14]";TRUE;"Corrected: points were corrected according to locality"
"445";"SURCO:272";"COLOMBIA";"CO";NA;"Muncipio de San Agustin, Vereda La Chaquira, Via al Estrecho Magdalena";"1.921923";"-76.297369";621;"SURCO2025";FALSE;"2017-04-21";"change1: Trimmed whitespace in scientificName (and standardized blanks to NA) | epi_taxo: acceptedName(match1); authorship_epig(match1); genus_from_scientificName; family_WFO; order_majorGroup_WCVP [2026-03-11] | CoordinateCleaner QA applied without sea test (validity, equal, zeros, capitals, centroids, gbif, institutions) [2026-04-14] | CoordinateCleaner QA applied without sea test (validity, equal, zeros, capitals, centroids, gbif, institutions) [2026-04-14]";TRUE;"Corrected: points were corrected according to locality"
"446";"SURCO:273";"COLOMBIA";"CO";NA;"Municipio de Neiva, Vereda La Plata, Carretera a Balsillas";"2.692388";"-75.09147";4312;"SURCO2025";FALSE;"1996-11-01";"change1: Set taxonRank=SPECIES from binomial scientificName. | epi_taxo: acceptedName(match1); authorship_epig(match1); genus_from_scientificName; family_WFO; order_majorGroup_WCVP [2026-03-11] | CoordinateCleaner QA applied without sea test (validity, equal, zeros, capitals, centroids, gbif, institutions) [2026-04-14] | CoordinateCleaner QA applied without sea test (validity, equal, zeros, capitals, centroids, gbif, institutions) [2026-04-14]";TRUE;"Corrected: points were corrected according to locality"
"447";"SURCO:274";"COLOMBIA";"CO";NA;"Municipio de Neiva, Vereda La Plata, Carretera a Balsillas";"2.692388";"-75.09147";4312;"SURCO2025";FALSE;"1996-11-01";"change1: Set taxonRank=SPECIES from binomial scientificName. | epi_taxo: acceptedName(match1); authorship_epig(match1); genus_from_scientificName; family_WFO; order_majorGroup_WCVP [2026-03-11] | CoordinateCleaner QA applied without sea test (validity, equal, zeros, capitals, centroids, gbif, institutions) [2026-04-14] | CoordinateCleaner QA applied without sea test (validity, equal, zeros, capitals, centroids, gbif, institutions) [2026-04-14]";TRUE;"Corrected: points were corrected according to locality"
"448";"SURCO:275";"COLOMBIA";"CO";NA;"Municipio de Neiva, Vereda La Plata, Carretera a Balsillas";"2.692388";"-75.09147";4312;"SURCO2025";FALSE;"1996-11-01";"change1: Set taxonRank=SPECIES from binomial scientificName. | epi_taxo: acceptedName(match1); authorship_epig(match1); genus_from_scientificName; family_WFO; order_majorGroup_WCVP [2026-03-11] | CoordinateCleaner QA applied without sea test (validity, equal, zeros, capitals, centroids, gbif, institutions) [2026-04-14] | CoordinateCleaner QA applied without sea test (validity, equal, zeros, capitals, centroids, gbif, institutions) [2026-04-14]";TRUE;"Corrected: points were corrected according to locality"
"449";"SURCO:282";"COLOMBIA";"CO";NA;"Municipio de Neiva, Vereda La Plata, Carretera a Balsillas";"2.692388";"-75.09147";4312;"SURCO2025";FALSE;"1996-11-23";"change1: Set taxonRank=SPECIES from binomial scientificName. | change2: Corrected taxonRank (SPECIES→FORM); kept scientificName as-is. | epi_taxo: acceptedName(match1); authorship_epig(match1); genus_from_scientificName; family_WFO; order_majorGroup_WCVP [2026-03-11] | CoordinateCleaner QA applied without sea test (validity, equal, zeros, capitals, centroids, gbif, institutions) [2026-04-14] | CoordinateCleaner QA applied without sea test (validity, equal, zeros, capitals, centroids, gbif, institutions) [2026-04-14]";TRUE;"Corrected: points were corrected according to locality"
"450";"SURCO:283";"COLOMBIA";"CO";NA;"Municipio de Palermo, Inspeccion del Carmen, Vereda Pinares";"2.89765";"-75.411492";2900;"SURCO2025";FALSE;"1992-08-01";"change1: Set taxonRank=SPECIES from binomial scientificName. | change2: Corrected taxonRank (SPECIES→FORM); kept scientificName as-is. | epi_taxo: acceptedName(match1); authorship_epig(match1); genus_from_scientificName; family_WFO; order_majorGroup_WCVP [2026-03-11] | CoordinateCleaner QA applied without sea test (validity, equal, zeros, capitals, centroids, gbif, institutions) [2026-04-14] | CoordinateCleaner QA applied without sea test (validity, equal, zeros, capitals, centroids, gbif, institutions) [2026-04-14]";TRUE;"Corrected: points were corrected according to locality"
"451";"SURCO:284";"COLOMBIA";"CO";NA;"Municipio de Neiva, Vereda La Plata, Carretera a Balsillas";"2.692388";"-75.09147";4312;"SURCO2025";FALSE;"1996-11-23";"change1: Set taxonRank=SPECIES from binomial scientificName. | change2: Corrected taxonRank (SPECIES→FORM); kept scientificName as-is. | epi_taxo: acceptedName(match1); authorship_epig(match1); genus_from_scientificName; family_WFO; order_majorGroup_WCVP [2026-03-11] | CoordinateCleaner QA applied without sea test (validity, equal, zeros, capitals, centroids, gbif, institutions) [2026-04-14] | CoordinateCleaner QA applied without sea test (validity, equal, zeros, capitals, centroids, gbif, institutions) [2026-04-14]";TRUE;"Corrected: points were corrected according to locality"
"452";"SURCO:285";"COLOMBIA";"CO";NA;"Municipio de Neiva, Vereda La Plata, Carretera a Balsillas";"2.692388";"-75.09147";4312;"SURCO2025";FALSE;"1996-11-23";"change1: Set taxonRank=SPECIES from binomial scientificName. | change2: Corrected taxonRank (SPECIES→FORM); kept scientificName as-is. | epi_taxo: acceptedName(match1); authorship_epig(match1); genus_from_scientificName; family_WFO; order_majorGroup_WCVP [2026-03-11] | CoordinateCleaner QA applied without sea test (validity, equal, zeros, capitals, centroids, gbif, institutions) [2026-04-14] | CoordinateCleaner QA applied without sea test (validity, equal, zeros, capitals, centroids, gbif, institutions) [2026-04-14]";TRUE;"Corrected: points were corrected according to locality"
"453";"SURCO:286";"COLOMBIA";"CO";NA;"Municipio de Neiva, Vereda La Plata, Carretera a Balsillas";"2.692388";"-75.09147";4312;"SURCO2025";FALSE;"1996-11-23";"change1: Set taxonRank=SPECIES from binomial scientificName. | change2: Corrected taxonRank (SPECIES→FORM); kept scientificName as-is. | epi_taxo: acceptedName(match1); authorship_epig(match1); genus_from_scientificName; family_WFO; order_majorGroup_WCVP [2026-03-11] | CoordinateCleaner QA applied without sea test (validity, equal, zeros, capitals, centroids, gbif, institutions) [2026-04-14] | CoordinateCleaner QA applied without sea test (validity, equal, zeros, capitals, centroids, gbif, institutions) [2026-04-14]";TRUE;"Corrected: points were corrected according to locality"
"454";"SURCO:292";"COLOMBIA";"CO";NA;"Municipio de Campoalegre, Vereda Palmar Alto";"2.678749";"-75.309364";1604;"SURCO2025";FALSE;"2001-03-31";"change1: Set taxonRank=SPECIES from binomial scientificName. | change2: Trimmed whitespace in verbatimScientificName (and standardized blanks to NA) | change3: Corrected taxonRank (SPECIES→FORM); kept scientificName as-is. | epi_taxo: acceptedName(match1); authorship_epig(match1); genus_from_scientificName; family_WFO; order_majorGroup_WCVP [2026-03-11] | CoordinateCleaner QA applied without sea test (validity, equal, zeros, capitals, centroids, gbif, institutions) [2026-04-14] | CoordinateCleaner QA applied without sea test (validity, equal, zeros, capitals, centroids, gbif, institutions) [2026-04-14]";TRUE;"Corrected: points were corrected according to locality"
"455";"SURCO:295";"COLOMBIA";"CO";NA;"Municipio de Campoalegre, Vereda El Roble";"6.162468";"-75.486483";2438;"SURCO2025";FALSE;"2001-03-31";"change1: Set taxonRank=SPECIES from binomial scientificName. | epi_taxo: acceptedName(match1); authorship_epig(match1); genus_from_scientificName; family_WFO; order_majorGroup_WCVP [2026-03-11] | CoordinateCleaner QA applied without sea test (validity, equal, zeros, capitals, centroids, gbif, institutions) [2026-04-14] | CoordinateCleaner QA applied without sea test (validity, equal, zeros, capitals, centroids, gbif, institutions) [2026-04-14]";TRUE;"Corrected: points were corrected according to locality"
"456";"SURCO:296";"COLOMBIA";"CO";NA;"Municipio de la Plata, Inspeccion de Belen, Vereda La Maria, Hacienda Meremberg";"2.287823";"-76.134625";10809;"SURCO2025";FALSE;"2011-09-27";"change1: Set taxonRank=SPECIES from binomial scientificName. | change2: Trimmed whitespace in verbatimScientificName (and standardized blanks to NA) | change3: Corrected taxonRank (SPECIES→FORM); kept scientificName as-is. | epi_taxo: acceptedName(match1); authorship_epig(match1); genus_from_scientificName; family_WFO; order_majorGroup_WCVP [2026-03-11] | CoordinateCleaner QA applied without sea test (validity, equal, zeros, capitals, centroids, gbif, institutions) [2026-04-14] | CoordinateCleaner QA applied without sea test (validity, equal, zeros, capitals, centroids, gbif, institutions) [2026-04-14]";TRUE;"Corrected: points were corrected according to locality"
"457";"SURCO:297";"COLOMBIA";"CO";NA;"Municipio de la Plata, Inspeccion de Belen, Vereda La Maria, Hacienda Meremberg";"2.287823";"-76.134625";10809;"SURCO2025";FALSE;"2011-09-27";"change1: Set taxonRank=SPECIES from binomial scientificName. | change2: Trimmed whitespace in verbatimScientificName (and standardized blanks to NA) | change3: Corrected taxonRank (SPECIES→FORM); kept scientificName as-is. | epi_taxo: acceptedName(match1); authorship_epig(match1); genus_from_scientificName; family_WFO; order_majorGroup_WCVP [2026-03-11] | CoordinateCleaner QA applied without sea test (validity, equal, zeros, capitals, centroids, gbif, institutions) [2026-04-14] | CoordinateCleaner QA applied without sea test (validity, equal, zeros, capitals, centroids, gbif, institutions) [2026-04-14]";TRUE;"Corrected: points were corrected according to locality"
"458";"SURCO:299";"COLOMBIA";"CO";NA;"Municipio Santa Maria, Vereda Bachecito";"4.815165";"-73.257321";1244;"SURCO2025";FALSE;"2019-05-25";"change1: Set taxonRank=SPECIES from binomial scientificName. | epi_taxo: acceptedName(match1); authorship_epig(match1); genus_from_scientificName; family_WFO; order_majorGroup_WCVP [2026-03-11] | CoordinateCleaner QA applied without sea test (validity, equal, zeros, capitals, centroids, gbif, institutions) [2026-04-14] | CoordinateCleaner QA applied without sea test (validity, equal, zeros, capitals, centroids, gbif, institutions) [2026-04-14]";TRUE;"Corrected: points were corrected according to locality"
"459";"SURCO:303";"COLOMBIA";"CO";NA;"Municipio de Neiva, Vereda la Plata, cuenca del rio las Ceibas, Quebrada Peru";"2.642026";"-74.939163";18015;"SURCO2025";FALSE;"1996-11-01";"change1: Set taxonRank=SPECIES from binomial scientificName. | epi_taxo: acceptedName(match1); authorship_epig(match1); genus_from_scientificName; family_WFO; order_majorGroup_WCVP [2026-03-11] | CoordinateCleaner QA applied without sea test (validity, equal, zeros, capitals, centroids, gbif, institutions) [2026-04-14] | CoordinateCleaner QA applied without sea test (validity, equal, zeros, capitals, centroids, gbif, institutions) [2026-04-14]";TRUE;"Corrected: points were corrected according to locality"
"460";"SURCO:304";"COLOMBIA";"CO";NA;"Municipio de Neiva, Vereda la Plata, cuenca del rio las Ceibas";"2.715465";"-75.139582";7310;"SURCO2025";FALSE;"1996-12-07";"change1: Set taxonRank=SPECIES from binomial scientificName. | epi_taxo: acceptedName(match1); authorship_epig(match1); genus_from_scientificName; family_WFO; order_majorGroup_WCVP [2026-03-11] | CoordinateCleaner QA applied without sea test (validity, equal, zeros, capitals, centroids, gbif, institutions) [2026-04-14] | CoordinateCleaner QA applied without sea test (validity, equal, zeros, capitals, centroids, gbif, institutions) [2026-04-14]";TRUE;"Corrected: points were corrected according to locality"
"461";"SURCO:306";"COLOMBIA";"CO";NA;"Municipio de la Plata, Inspeccion de Belen, Vereda La Maria, Hacienda Meremberg";"2.287823";"-76.134625";10809;"SURCO2025";FALSE;"2011-09-27";"change1: Set taxonRank=SPECIES from binomial scientificName. | epi_taxo: acceptedName(match1); authorship_epig(match1); genus_from_scientificName; family_WFO; order_majorGroup_WCVP [2026-03-11] | CoordinateCleaner QA applied without sea test (validity, equal, zeros, capitals, centroids, gbif, institutions) [2026-04-14] | CoordinateCleaner QA applied without sea test (validity, equal, zeros, capitals, centroids, gbif, institutions) [2026-04-14]";TRUE;"Corrected: points were corrected according to locality"
"462";"SURCO:312";"COLOMBIA";"CO";NA;"Municipio de Rivera";"2.77978";"-75.256447";557;"SURCO2025";FALSE;"1992-10-23";"change1: Set taxonRank=SPECIES from binomial scientificName. | epi_taxo: acceptedName(match1); authorship_epig(match1); genus_from_scientificName; family_WFO; order_majorGroup_WCVP [2026-03-11] | CoordinateCleaner QA applied without sea test (validity, equal, zeros, capitals, centroids, gbif, institutions) [2026-04-14] | CoordinateCleaner QA applied without sea test (validity, equal, zeros, capitals, centroids, gbif, institutions) [2026-04-14]";TRUE;"Corrected: points were corrected according to locality"
"463";"SURCO:314";"COLOMBIA";"CO";NA;"Municipio de Palermo, Carretera Palermo- Guacimo";"2.888882";"-75.427468";750;"SURCO2025";FALSE;"1992-02-29";"change1: Set taxonRank=SPECIES from binomial scientificName. | epi_taxo: acceptedName(match1); authorship_epig(match1); genus_from_scientificName; family_WFO; order_majorGroup_WCVP [2026-03-11] | CoordinateCleaner QA applied without sea test (validity, equal, zeros, capitals, centroids, gbif, institutions) [2026-04-14] | CoordinateCleaner QA applied without sea test (validity, equal, zeros, capitals, centroids, gbif, institutions) [2026-04-14]";TRUE;"Corrected: points were corrected according to locality"
"464";"SURCO:315";"COLOMBIA";"CO";NA;"Municipio de Rivera- Carretera Las Juntas";"2.755497";"-75.228097";650;"SURCO2025";FALSE;"1992-02-22";"change1: Set taxonRank=SPECIES from binomial scientificName. | epi_taxo: acceptedName(match1); authorship_epig(match1); genus_from_scientificName; family_WFO; order_majorGroup_WCVP [2026-03-11] | CoordinateCleaner QA applied without sea test (validity, equal, zeros, capitals, centroids, gbif, institutions) [2026-04-14] | CoordinateCleaner QA applied without sea test (validity, equal, zeros, capitals, centroids, gbif, institutions) [2026-04-14]";TRUE;"Corrected: points were corrected according to locality"
"465";"SURCO:316";"COLOMBIA";"CO";NA;"Municipio de Teruel, Vereda Monserrate";"2.158817";"-75.61212";628;"SURCO2025";FALSE;"2006-04-26";"change1: Set taxonRank=SPECIES from binomial scientificName. | epi_taxo: acceptedName(match1); authorship_epig(match1); genus_from_scientificName; family_WFO; order_majorGroup_WCVP [2026-03-11] | CoordinateCleaner QA applied without sea test (validity, equal, zeros, capitals, centroids, gbif, institutions) [2026-04-14] | CoordinateCleaner QA applied without sea test (validity, equal, zeros, capitals, centroids, gbif, institutions) [2026-04-14]";TRUE;"Corrected: points were corrected according to locality"
"466";"SURCO:317";"COLOMBIA";"CO";NA;"Municipio de Rivera, Vereda El Salado, Sendero Ecologico- Salto del Angel";"2.731751";"-75.25981";4840;"SURCO2025";FALSE;"2006-09-26";"change1: Set taxonRank=SPECIES from binomial scientificName. | epi_taxo: acceptedName(match1); authorship_epig(match1); genus_from_scientificName; family_WFO; order_majorGroup_WCVP [2026-03-11] | CoordinateCleaner QA applied without sea test (validity, equal, zeros, capitals, centroids, gbif, institutions) [2026-04-14] | CoordinateCleaner QA applied without sea test (validity, equal, zeros, capitals, centroids, gbif, institutions) [2026-04-14]";TRUE;"Corrected: points were corrected according to locality"
"467";"SURCO:318";"COLOMBIA";"CO";NA;"Municipio de Rivera Vereda Las Juntas, Margenes del rio Frio";"2.779204";"-75.232564";2983;"SURCO2025";FALSE;"1992-05-01";"change1: Set taxonRank=SPECIES from binomial scientificName. | epi_taxo: acceptedName(match1); authorship_epig(match1); genus_from_scientificName; family_WFO; order_majorGroup_WCVP [2026-03-11] | CoordinateCleaner QA applied without sea test (validity, equal, zeros, capitals, centroids, gbif, institutions) [2026-04-14] | CoordinateCleaner QA applied without sea test (validity, equal, zeros, capitals, centroids, gbif, institutions) [2026-04-14]";TRUE;"Corrected: points were corrected according to locality"
"468";"SURCO:319";"COLOMBIA";"CO";NA;"Municipio de Campoalegre, Vereda Palmar Alto";"2.678749";"-75.309364";1604;"SURCO2025";FALSE;"2001-03-01";"change1: Set taxonRank=SPECIES from binomial scientificName. | epi_taxo: acceptedName(match1); authorship_epig(match1); genus_from_scientificName; family_WFO; order_majorGroup_WCVP [2026-03-11] | CoordinateCleaner QA applied without sea test (validity, equal, zeros, capitals, centroids, gbif, institutions) [2026-04-14] | CoordinateCleaner QA applied without sea test (validity, equal, zeros, capitals, centroids, gbif, institutions) [2026-04-14]";TRUE;"Corrected: points were corrected according to locality"
"469";"SURCO:320";"COLOMBIA";"CO";NA;"Municipio de Campoalegre, Piravante Alto-Guamal";"2.691226";"-75.291774";3988;"SURCO2025";FALSE;"2001-08-18";"change1: Set taxonRank=SPECIES from binomial scientificName. | epi_taxo: acceptedName(match1); authorship_epig(match1); genus_from_scientificName; family_WFO; order_majorGroup_WCVP [2026-03-11] | CoordinateCleaner QA applied without sea test (validity, equal, zeros, capitals, centroids, gbif, institutions) [2026-04-14] | CoordinateCleaner QA applied without sea test (validity, equal, zeros, capitals, centroids, gbif, institutions) [2026-04-14]";TRUE;"Corrected: points were corrected according to locality"
"470";"SURCO:321";"COLOMBIA";"CO";NA;"Municipio de Campoalegre, carretera Chia-Pando-El Roble";"2.724452";"-75.317404";4615;"SURCO2025";FALSE;"2001-08-18";"change1: Set taxonRank=SPECIES from binomial scientificName. | epi_taxo: acceptedName(match1); authorship_epig(match1); genus_from_scientificName; family_WFO; order_majorGroup_WCVP [2026-03-11] | CoordinateCleaner QA applied without sea test (validity, equal, zeros, capitals, centroids, gbif, institutions) [2026-04-14] | CoordinateCleaner QA applied without sea test (validity, equal, zeros, capitals, centroids, gbif, institutions) [2026-04-14]";TRUE;"Corrected: points were corrected according to locality"
"471";"SURCO:331";"COLOMBIA";"CO";NA;"Municipio de Colombia, Inspeccion de Las Lajas, sitio Cara de Perro";"0.669103";"-77.398313";24209;"SURCO2025";FALSE;"1990-09-14";"change1: Set taxonRank=SPECIES from binomial scientificName. | epi_taxo: acceptedName(match1); authorship_epig(match1); genus_from_scientificName; family_WFO; order_majorGroup_WCVP [2026-03-11] | CoordinateCleaner QA applied without sea test (validity, equal, zeros, capitals, centroids, gbif, institutions) [2026-04-14] | CoordinateCleaner QA applied without sea test (validity, equal, zeros, capitals, centroids, gbif, institutions) [2026-04-14]";TRUE;"Corrected: points were corrected according to locality"
"472";"SURCO:332";"COLOMBIA";"CO";NA;"Municipio de Colombia, Inspeccion de Santa Ana, hacia el Cerro de la Cruz";"9.335945";"-74.572542";1521;"SURCO2025";FALSE;"1990-09-14";"change1: Set taxonRank=SPECIES from binomial scientificName. | epi_taxo: acceptedName(match1); authorship_epig(match1); genus_from_scientificName; family_WFO; order_majorGroup_WCVP [2026-03-11] | CoordinateCleaner QA applied without sea test (validity, equal, zeros, capitals, centroids, gbif, institutions) [2026-04-14] | CoordinateCleaner QA applied without sea test (validity, equal, zeros, capitals, centroids, gbif, institutions) [2026-04-14]";TRUE;"Corrected: points were corrected according to locality"
"473";"SURCO:333";"COLOMBIA";"CO";NA;"Municipio de Colombia, hacia la Vereda San Isidro, Llano Hondo";"6.097245";"-75.42715";2164;"SURCO2025";FALSE;"1989-04-29";"change1: Set taxonRank=SPECIES from binomial scientificName. | epi_taxo: acceptedName(match1); authorship_epig(match1); genus_from_scientificName; family_WFO; order_majorGroup_WCVP [2026-03-11] | CoordinateCleaner QA applied without sea test (validity, equal, zeros, capitals, centroids, gbif, institutions) [2026-04-14] | CoordinateCleaner QA applied without sea test (validity, equal, zeros, capitals, centroids, gbif, institutions) [2026-04-14]";TRUE;"Corrected: points were corrected according to locality"
"474";"SURCO:334";"COLOMBIA";"CO";NA;"Municipio de Tesalia, Vereda Matanza";"2.528134";"-75.706125";2119;"SURCO2025";FALSE;"2008-05-04";"change1: Set taxonRank=SPECIES from binomial scientificName. | epi_taxo: acceptedName(match1); authorship_epig(match1); genus_from_scientificName; family_WFO; order_majorGroup_WCVP [2026-03-11] | CoordinateCleaner QA applied without sea test (validity, equal, zeros, capitals, centroids, gbif, institutions) [2026-04-14] | CoordinateCleaner QA applied without sea test (validity, equal, zeros, capitals, centroids, gbif, institutions) [2026-04-14]";TRUE;"Corrected: points were corrected according to locality"
"475";"SURCO:335";"COLOMBIA";"CO";NA;"Municipio de Colombia, Inspeccion de San Marcos";"8.641158";"-75.092146";5057;"SURCO2025";FALSE;"1989-04-16";"change1: Set taxonRank=SPECIES from binomial scientificName. | epi_taxo: acceptedName(match1); authorship_epig(match1); genus_from_scientificName; family_WFO; order_majorGroup_WCVP [2026-03-11] | CoordinateCleaner QA applied without sea test (validity, equal, zeros, capitals, centroids, gbif, institutions) [2026-04-14] | CoordinateCleaner QA applied without sea test (validity, equal, zeros, capitals, centroids, gbif, institutions) [2026-04-14]";TRUE;"Corrected: points were corrected according to locality"
"476";"SURCO:336";"COLOMBIA";"CO";NA;"Municipio de Colombia, Inspeccion de Las Lajas";"0.889011";"-77.463801";17982;"SURCO2025";FALSE;"1990-09-29";"change1: Set taxonRank=SPECIES from binomial scientificName. | epi_taxo: acceptedName(match1); authorship_epig(match1); genus_from_scientificName; family_WFO; order_majorGroup_WCVP [2026-03-11] | CoordinateCleaner QA applied without sea test (validity, equal, zeros, capitals, centroids, gbif, institutions) [2026-04-14] | CoordinateCleaner QA applied without sea test (validity, equal, zeros, capitals, centroids, gbif, institutions) [2026-04-14]";TRUE;"Corrected: points were corrected according to locality"
"477";"SURCO:337";"COLOMBIA";"CO";NA;"Municipio de Colombia, Carretera al Playon, Rio Blanco";"5.250926";"-75.398478";15251;"SURCO2025";FALSE;"1990-09-30";"change1: Set taxonRank=SPECIES from binomial scientificName. | epi_taxo: acceptedName(match1); authorship_epig(match1); genus_from_scientificName; family_WFO; order_majorGroup_WCVP [2026-03-11] | CoordinateCleaner QA applied without sea test (validity, equal, zeros, capitals, centroids, gbif, institutions) [2026-04-14] | CoordinateCleaner QA applied without sea test (validity, equal, zeros, capitals, centroids, gbif, institutions) [2026-04-14]";TRUE;"Corrected: points were corrected according to locality"
"478";"SURCO:338";"COLOMBIA";"CO";NA;"Municipio de Neiva, entre las veredas El Motilon y La Plata";"2.939085";"-75.28023";542;"SURCO2025";FALSE;"1996-10-31";"change1: Set taxonRank=SPECIES from binomial scientificName. | epi_taxo: acceptedName(match1); authorship_epig(match1); genus_from_scientificName; family_WFO; order_majorGroup_WCVP [2026-03-11] | CoordinateCleaner QA applied without sea test (validity, equal, zeros, capitals, centroids, gbif, institutions) [2026-04-14] | CoordinateCleaner QA applied without sea test (validity, equal, zeros, capitals, centroids, gbif, institutions) [2026-04-14]";TRUE;"Corrected: points were corrected according to locality"
"479";"SURCO:339";"COLOMBIA";"CO";NA;"Municipio de Santa Maria, Vereda Carmen de Bolivar";"4.846285";"-73.238256";2851;"SURCO2025";FALSE;"2004-07-26";"change1: Set taxonRank=SPECIES from binomial scientificName. | epi_taxo: acceptedName(match1); authorship_epig(match1); genus_from_scientificName; family_WFO; order_majorGroup_WCVP [2026-03-11] | CoordinateCleaner QA applied without sea test (validity, equal, zeros, capitals, centroids, gbif, institutions) [2026-04-14] | CoordinateCleaner QA applied without sea test (validity, equal, zeros, capitals, centroids, gbif, institutions) [2026-04-14]";TRUE;"Corrected: points were corrected according to locality"
"480";"SURCO:345";"COLOMBIA";"CO";NA;"Municipio de San Agustin, Corregimiento El Estrecho, Bosque humedo subandino";"1.923817";"-76.293972";725;"SURCO2025";FALSE;"2006-09-07";"change1: Set taxonRank=SPECIES from binomial scientificName. | change2: Corrected taxonRank (SPECIES→FORM); kept scientificName as-is. | epi_taxo: acceptedName(match1); authorship_epig(match1); genus_from_scientificName; family_WFO; order_majorGroup_WCVP [2026-03-11] | CoordinateCleaner QA applied without sea test (validity, equal, zeros, capitals, centroids, gbif, institutions) [2026-04-14] | CoordinateCleaner QA applied without sea test (validity, equal, zeros, capitals, centroids, gbif, institutions) [2026-04-14]";TRUE;"Corrected: points were corrected according to locality"
"481";"SURCO:346";"COLOMBIA";"CO";NA;"Municipio de Suaza, Vereda El Vergel, quebrada El Neme";"1.977297";"-75.809111";1561;"SURCO2025";FALSE;"1986-10-13";"change1: Set taxonRank=SPECIES from binomial scientificName. | change2: Corrected taxonRank (SPECIES→FORM); kept scientificName as-is. | epi_taxo: acceptedName(match1); authorship_epig(match1); genus_from_scientificName; family_WFO; order_majorGroup_WCVP [2026-03-11] | CoordinateCleaner QA applied without sea test (validity, equal, zeros, capitals, centroids, gbif, institutions) [2026-04-14] | CoordinateCleaner QA applied without sea test (validity, equal, zeros, capitals, centroids, gbif, institutions) [2026-04-14]";TRUE;"Corrected: points were corrected according to locality"
"482";"SURCO:351";"COLOMBIA";"CO";NA;"Municipio de Palermo, Vereda Horizonte, Carretera que va Hacia La Cascada El Duende";"2.834339";"-75.427406";5764;"SURCO2025";FALSE;"2024-02-13";"change1: Set taxonRank=SPECIES from binomial scientificName. | epi_taxo: acceptedName(match1); authorship_epig(match1); genus_from_scientificName; family_WFO; order_majorGroup_WCVP [2026-03-11] | CoordinateCleaner QA applied without sea test (validity, equal, zeros, capitals, centroids, gbif, institutions) [2026-04-14] | CoordinateCleaner QA applied without sea test (validity, equal, zeros, capitals, centroids, gbif, institutions) [2026-04-14]";TRUE;"Corrected: points were corrected according to locality"
"483";"SURCO:352";"COLOMBIA";"CO";NA;"Municipio de Colombia, Inspeccion de Santa Ana";"9.329435";"-74.593137";2606;"SURCO2025";FALSE;"1990-09-15";"change1: Set taxonRank=SPECIES from binomial scientificName. | epi_taxo: acceptedName(match1); authorship_epig(match1); genus_from_scientificName; family_WFO; order_majorGroup_WCVP [2026-03-11] | CoordinateCleaner QA applied without sea test (validity, equal, zeros, capitals, centroids, gbif, institutions) [2026-04-14] | CoordinateCleaner QA applied without sea test (validity, equal, zeros, capitals, centroids, gbif, institutions) [2026-04-14]";TRUE;"Corrected: points were corrected according to locality"
"484";"SURCO:356";"COLOMBIA";"CO";NA;"Municipio de Colombia, Inspeccion a San Marcos, carrera a la Quebrada Linderos";"8.682917";"-75.138317";2245;"SURCO2025";FALSE;"1989-04-08";"change1: Set taxonRank=SPECIES from binomial scientificName. | epi_taxo: acceptedName(match1); authorship_epig(match1); genus_from_scientificName; family_WFO; order_majorGroup_WCVP [2026-03-11] | CoordinateCleaner QA applied without sea test (validity, equal, zeros, capitals, centroids, gbif, institutions) [2026-04-14] | CoordinateCleaner QA applied without sea test (validity, equal, zeros, capitals, centroids, gbif, institutions) [2026-04-14]";TRUE;"Corrected: points were corrected according to locality"
"485";"SURCO:357";"COLOMBIA";"CO";NA;"Municipio de Santa Maria, borde en la Carretera Vereda Bachecito";"4.846285";"-73.238256";2851;"SURCO2025";FALSE;"2019-01-26";"change1: Set taxonRank=SPECIES from binomial scientificName. | epi_taxo: acceptedName(match1); authorship_epig(match1); genus_from_scientificName; family_WFO; order_majorGroup_WCVP [2026-03-11] | CoordinateCleaner QA applied without sea test (validity, equal, zeros, capitals, centroids, gbif, institutions) [2026-04-14] | CoordinateCleaner QA applied without sea test (validity, equal, zeros, capitals, centroids, gbif, institutions) [2026-04-14]";TRUE;"Corrected: points were corrected according to locality"
"486";"SURCO:360";"COLOMBIA";"CO";NA;"Municipio de la Plata, Vereda Belen, hacienda Meremberg";"2.225036";"-76.040378";5177;"SURCO2025";FALSE;"";"change1: Set taxonRank=SPECIES from binomial scientificName. | epi_taxo: acceptedName(match1); authorship_epig(match1); genus_from_scientificName; family_WFO; order_majorGroup_WCVP [2026-03-11] | CoordinateCleaner QA applied without sea test (validity, equal, zeros, capitals, centroids, gbif, institutions) [2026-04-14] | CoordinateCleaner QA applied without sea test (validity, equal, zeros, capitals, centroids, gbif, institutions) [2026-04-14]";TRUE;"Corrected: points were corrected according to locality"
"487";"SURCO:361";"COLOMBIA";"CO";NA;"Municipio de la Plata, Vereda Belen, hacienda Meremberg";"2.225036";"-76.040378";5177;"SURCO2025";FALSE;"";"change1: Set taxonRank=SPECIES from binomial scientificName. | epi_taxo: acceptedName(match1); authorship_epig(match1); genus_from_scientificName; family_WFO; order_majorGroup_WCVP [2026-03-11] | CoordinateCleaner QA applied without sea test (validity, equal, zeros, capitals, centroids, gbif, institutions) [2026-04-14] | CoordinateCleaner QA applied without sea test (validity, equal, zeros, capitals, centroids, gbif, institutions) [2026-04-14]";TRUE;"Corrected: points were corrected according to locality"
"488";"SURCO:362";"COLOMBIA";"CO";NA;"Municipio de la Plata, Vereda Belen, hacienda Meremberg";"2.225036";"-76.040378";5177;"SURCO2025";FALSE;"";"change1: Set taxonRank=SPECIES from binomial scientificName. | epi_taxo: acceptedName(match1); authorship_epig(match1); genus_from_scientificName; family_WFO; order_majorGroup_WCVP [2026-03-11] | CoordinateCleaner QA applied without sea test (validity, equal, zeros, capitals, centroids, gbif, institutions) [2026-04-14] | CoordinateCleaner QA applied without sea test (validity, equal, zeros, capitals, centroids, gbif, institutions) [2026-04-14]";TRUE;"Corrected: points were corrected according to locality"
"489";"SURCO:367";"COLOMBIA";"CO";NA;"Municipio de la Plata, Vereda la Playa, sobre la via a la hacienda Meremberg";"2.385157";"-76.073319";13562;"SURCO2025";FALSE;"2011-05-05";"change1: Set taxonRank=SPECIES from binomial scientificName. | epi_taxo: acceptedName(match1); authorship_epig(match1); genus_from_scientificName; family_WFO; order_majorGroup_WCVP [2026-03-11] | CoordinateCleaner QA applied without sea test (validity, equal, zeros, capitals, centroids, gbif, institutions) [2026-04-14] | CoordinateCleaner QA applied without sea test (validity, equal, zeros, capitals, centroids, gbif, institutions) [2026-04-14]";TRUE;"Corrected: points were corrected according to locality"
"490";"SURCO:368";"COLOMBIA";"CO";NA;"Municipio de la Plata, Vereda la Playa, sobre la via a la hacienda Meremberg";"2.385157";"-76.073319";13562;"SURCO2025";FALSE;"2011-05-05";"change1: Set taxonRank=SPECIES from binomial scientificName. | epi_taxo: acceptedName(match1); authorship_epig(match1); genus_from_scientificName; family_WFO; order_majorGroup_WCVP [2026-03-11] | CoordinateCleaner QA applied without sea test (validity, equal, zeros, capitals, centroids, gbif, institutions) [2026-04-14] | CoordinateCleaner QA applied without sea test (validity, equal, zeros, capitals, centroids, gbif, institutions) [2026-04-14]";TRUE;"Corrected: points were corrected according to locality"
"491";"SURCO:369";"COLOMBIA";"CO";NA;"Municipio de Neiva, Vereda La Plata";"2.750002";"-75.071731";2331;"SURCO2025";FALSE;"1996-10-31";"change1: Set taxonRank=SPECIES from binomial scientificName. | epi_taxo: acceptedName(match1); authorship_epig(match1); genus_from_scientificName; family_WFO; order_majorGroup_WCVP [2026-03-11] | CoordinateCleaner QA applied without sea test (validity, equal, zeros, capitals, centroids, gbif, institutions) [2026-04-14] | CoordinateCleaner QA applied without sea test (validity, equal, zeros, capitals, centroids, gbif, institutions) [2026-04-14]";TRUE;"Corrected: points were corrected according to locality"
"492";"SURCO:373";"COLOMBIA";"CO";NA;"Municipio de la Plata, Inspeccion de Belen, Vereda La Maria, Hacienda Meremberg";"2.287823";"-76.134625";10809;"SURCO2025";FALSE;"2011-09-26";"change1: Set taxonRank=SPECIES from binomial scientificName. | epi_taxo: acceptedName(match1); authorship_epig(match1); genus_from_scientificName; family_WFO; order_majorGroup_WCVP [2026-03-11] | CoordinateCleaner QA applied without sea test (validity, equal, zeros, capitals, centroids, gbif, institutions) [2026-04-14] | CoordinateCleaner QA applied without sea test (validity, equal, zeros, capitals, centroids, gbif, institutions) [2026-04-14]";TRUE;"Corrected: points were corrected according to locality"
"493";"SURCO:383";"COLOMBIA";"CO";NA;"Municipio de San Agustin, Vereda Mesitas, Estrecho del Magdalena";"1.88307";"-76.297423";297;"SURCO2025";FALSE;"2005-10-06";"change1: Set taxonRank=SPECIES from binomial scientificName. | change2: Corrected taxonRank (SPECIES→FORM); kept scientificName as-is. | epi_taxo: acceptedName(match1); authorship_epig(match1); genus_from_scientificName; family_WFO; order_majorGroup_WCVP [2026-03-11] | CoordinateCleaner QA applied without sea test (validity, equal, zeros, capitals, centroids, gbif, institutions) [2026-04-14] | CoordinateCleaner QA applied without sea test (validity, equal, zeros, capitals, centroids, gbif, institutions) [2026-04-14]";TRUE;"Corrected: points were corrected according to locality"
"494";"SURCO:384";"COLOMBIA";"CO";NA;"Municipio de San Agustin, Vereda Mesitas, Estrecho del Magdalena";"1.88307";"-76.297423";297;"SURCO2025";FALSE;"2010-10-14";"change1: Set taxonRank=SPECIES from binomial scientificName. | change2: Corrected taxonRank (SPECIES→FORM); kept scientificName as-is. | epi_taxo: acceptedName(match1); authorship_epig(match1); genus_from_scientificName; family_WFO; order_majorGroup_WCVP [2026-03-11] | CoordinateCleaner QA applied without sea test (validity, equal, zeros, capitals, centroids, gbif, institutions) [2026-04-14] | CoordinateCleaner QA applied without sea test (validity, equal, zeros, capitals, centroids, gbif, institutions) [2026-04-14]";TRUE;"Corrected: points were corrected according to locality"
"495";"SURCO:388";"COLOMBIA";"CO";NA;"Municipio de Neiva, Carretera Via Rivera";"2.899295";"-75.276147";847;"SURCO2025";FALSE;"";"change1: Set taxonRank=SPECIES from binomial scientificName. | epi_taxo: acceptedName(match1); authorship_epig(match1); genus_from_scientificName; family_WFO; order_majorGroup_WCVP [2026-03-11] | CoordinateCleaner QA applied without sea test (validity, equal, zeros, capitals, centroids, gbif, institutions) [2026-04-14] | CoordinateCleaner QA applied without sea test (validity, equal, zeros, capitals, centroids, gbif, institutions) [2026-04-14]";TRUE;"Corrected: points were corrected according to locality"
"496";"SURCO:394";"COLOMBIA";"CO";NA;"Municipio de Campoalegre, vereda Alto El Roble";"4.680574";"-75.515964";9696;"SURCO2025";FALSE;"2001-09-29";"change1: Set taxonRank=SPECIES from binomial scientificName. | epi_taxo: acceptedName(match1); authorship_epig(match1); genus_from_scientificName; family_WFO; order_majorGroup_WCVP [2026-03-11] | CoordinateCleaner QA applied without sea test (validity, equal, zeros, capitals, centroids, gbif, institutions) [2026-04-14] | CoordinateCleaner QA applied without sea test (validity, equal, zeros, capitals, centroids, gbif, institutions) [2026-04-14]";TRUE;"Corrected: points were corrected according to locality"
"497";"SURCO:400";"COLOMBIA";"CO";NA;"Municipio de Neiva, vereda La Plata, Rio Las Ceibas";"2.865354";"-74.919548";22992;"SURCO2025";FALSE;"1996-12-07";"change1: Set taxonRank=SPECIES from binomial scientificName. | change2: Corrected taxonRank (SPECIES→FORM); kept scientificName as-is. | epi_taxo: acceptedName(match1); authorship_epig(match1); genus_from_scientificName; family_WFO; order_majorGroup_WCVP [2026-03-11] | CoordinateCleaner QA applied without sea test (validity, equal, zeros, capitals, centroids, gbif, institutions) [2026-04-14] | CoordinateCleaner QA applied without sea test (validity, equal, zeros, capitals, centroids, gbif, institutions) [2026-04-14]";TRUE;"Corrected: points were corrected according to locality"
"498";"SURCO:402";"COLOMBIA";"CO";NA;"Municipio de Acevedo, PNN Cueva de los Guacharos";"1.380324";"-76.227494";1872;"SURCO2025";FALSE;"2012-04-26";"change1: Set taxonRank=SPECIES from binomial scientificName. | epi_taxo: acceptedName(match1); authorship_epig(match1); genus_from_scientificName; family_WFO; order_majorGroup_WCVP [2026-03-11] | CoordinateCleaner QA applied without sea test (validity, equal, zeros, capitals, centroids, gbif, institutions) [2026-04-14] | CoordinateCleaner QA applied without sea test (validity, equal, zeros, capitals, centroids, gbif, institutions) [2026-04-14]";TRUE;"Corrected: points were corrected according to locality"
"499";"SURCO:404";"COLOMBIA";"CO";NA;"Municipio de Neiva, vereda La Plata, Rio Las Ceibas";"2.865354";"-74.919548";22992;"SURCO2025";FALSE;"1996-12-07";"change1: Set taxonRank=SPECIES from binomial scientificName. | epi_taxo: acceptedName(match1); authorship_epig(match1); genus_from_scientificName; family_WFO; order_majorGroup_WCVP [2026-03-11] | CoordinateCleaner QA applied without sea test (validity, equal, zeros, capitals, centroids, gbif, institutions) [2026-04-14] | CoordinateCleaner QA applied without sea test (validity, equal, zeros, capitals, centroids, gbif, institutions) [2026-04-14]";TRUE;"Corrected: points were corrected according to locality"
"500";"SURCO:405";"COLOMBIA";"CO";NA;"Municipio de Neiva, vereda La Plata, Rio Las Ceibas";"2.865354";"-74.919548";22992;"SURCO2025";FALSE;"1996-12-07";"change1: Set taxonRank=SPECIES from binomial scientificName. | epi_taxo: acceptedName(match1); authorship_epig(match1); genus_from_scientificName; family_WFO; order_majorGroup_WCVP [2026-03-11] | CoordinateCleaner QA applied without sea test (validity, equal, zeros, capitals, centroids, gbif, institutions) [2026-04-14] | CoordinateCleaner QA applied without sea test (validity, equal, zeros, capitals, centroids, gbif, institutions) [2026-04-14]";TRUE;"Corrected: points were corrected according to locality"
"501";"SURCO:412";"COLOMBIA";"CO";NA;"Municipio de Neiva, Vereda Alta Santa Rosalia, quebrada La Cabuya";"2.886503";"-75.45785";546;"SURCO2025";FALSE;"1997-10-11";"change1: Set taxonRank=SPECIES from binomial scientificName. | epi_taxo: acceptedName(match1); authorship_epig(match1); genus_from_scientificName; family_WFO; order_majorGroup_WCVP [2026-03-11] | CoordinateCleaner QA applied without sea test (validity, equal, zeros, capitals, centroids, gbif, institutions) [2026-04-14] | CoordinateCleaner QA applied without sea test (validity, equal, zeros, capitals, centroids, gbif, institutions) [2026-04-14]";TRUE;"Corrected: points were corrected according to locality"
"502";"SURCO:413";"COLOMBIA";"CO";NA;"Municipio de Neiva, Vereda Alta Santa Rosalia, rio Fortalecillas";"2.886503";"-75.45785";546;"SURCO2025";FALSE;"1997-10-11";"change1: Set taxonRank=SPECIES from binomial scientificName. | epi_taxo: acceptedName(match1); authorship_epig(match1); genus_from_scientificName; family_WFO; order_majorGroup_WCVP [2026-03-11] | CoordinateCleaner QA applied without sea test (validity, equal, zeros, capitals, centroids, gbif, institutions) [2026-04-14] | CoordinateCleaner QA applied without sea test (validity, equal, zeros, capitals, centroids, gbif, institutions) [2026-04-14]";TRUE;"Corrected: points were corrected according to locality"
"503";"SURCO:429";"COLOMBIA";"CO";NA;"Municipio del Cairo, Serrania de los Paraguas";"4.756741";"-76.238851";1956;"SURCO2025";FALSE;"1987-01-05";"change1: Set taxonRank=SPECIES from binomial scientificName. | epi_taxo: acceptedName(match1); authorship_epig(match1); genus_from_scientificName; family_WFO; order_majorGroup_WCVP [2026-03-11] | CoordinateCleaner QA applied without sea test (validity, equal, zeros, capitals, centroids, gbif, institutions) [2026-04-14] | CoordinateCleaner QA applied without sea test (validity, equal, zeros, capitals, centroids, gbif, institutions) [2026-04-14]";TRUE;"Corrected: points were corrected according to locality"
"504";"SURCO:430";"COLOMBIA";"CO";NA;"Municipio de Algeciras, Vereda Alto El Roble";"2.651145";"-75.161498";607;"SURCO2025";FALSE;"2001-10-14";"change1: Set taxonRank=SPECIES from binomial scientificName. | epi_taxo: acceptedName(match1); authorship_epig(match1); genus_from_scientificName; family_WFO; order_majorGroup_WCVP [2026-03-11] | CoordinateCleaner QA applied without sea test (validity, equal, zeros, capitals, centroids, gbif, institutions) [2026-04-14] | CoordinateCleaner QA applied without sea test (validity, equal, zeros, capitals, centroids, gbif, institutions) [2026-04-14]";TRUE;"Corrected: points were corrected according to locality"
"505";"SURCO:431";"COLOMBIA";"CO";NA;"Municipio de Campoalegre, Vereda Alto El Roble";"4.680574";"-75.515964";9696;"SURCO2025";FALSE;"2001-10-15";"change1: Set taxonRank=SPECIES from binomial scientificName. | epi_taxo: acceptedName(match1); authorship_epig(match1); genus_from_scientificName; family_WFO; order_majorGroup_WCVP [2026-03-11] | CoordinateCleaner QA applied without sea test (validity, equal, zeros, capitals, centroids, gbif, institutions) [2026-04-14] | CoordinateCleaner QA applied without sea test (validity, equal, zeros, capitals, centroids, gbif, institutions) [2026-04-14]";TRUE;"Corrected: points were corrected according to locality"
"506";"SURCO:435";"COLOMBIA";"CO";NA;"Municipio de Palestina, Zona de amortiguacion PNN Cueva de los Guacharos. Reserva la Riviera";"2.857746";"-75.385466";685;"SURCO2025";FALSE;"2018-04-26";"change1: Set taxonRank=SPECIES from binomial scientificName. | epi_taxo: acceptedName(match1); authorship_epig(match1); genus_from_scientificName; family_WFO; order_majorGroup_WCVP [2026-03-11] | CoordinateCleaner QA applied without sea test (validity, equal, zeros, capitals, centroids, gbif, institutions) [2026-04-14] | CoordinateCleaner QA applied without sea test (validity, equal, zeros, capitals, centroids, gbif, institutions) [2026-04-14]";TRUE;"Corrected: points were corrected according to locality"
"507";"SURCO:469";"COLOMBIA";"CO";NA;"Municipio de San Agustin, via al estrecho Magdalena, Obando";"1.88307";"-76.297423";297;"SURCO2025";FALSE;"2017-04-21";"change1: Set taxonRank=SPECIES from binomial scientificName. | epi_taxo: acceptedName(match1); authorship_epig(match1); genus_from_scientificName; family_WFO; order_majorGroup_WCVP [2026-03-11] | CoordinateCleaner QA applied without sea test (validity, equal, zeros, capitals, centroids, gbif, institutions) [2026-04-14] | CoordinateCleaner QA applied without sea test (validity, equal, zeros, capitals, centroids, gbif, institutions) [2026-04-14]";TRUE;"Corrected: points were corrected according to locality"
"508";"SURCO:470";"COLOMBIA";"CO";NA;"Municipio de San Agustin";"1.878588";"-76.267278";365;"SURCO2025";FALSE;"2006-04-27";"change1: Set taxonRank=SPECIES from binomial scientificName. | epi_taxo: acceptedName(match1); authorship_epig(match1); genus_from_scientificName; family_WFO; order_majorGroup_WCVP [2026-03-11] | CoordinateCleaner QA applied without sea test (validity, equal, zeros, capitals, centroids, gbif, institutions) [2026-04-14] | CoordinateCleaner QA applied without sea test (validity, equal, zeros, capitals, centroids, gbif, institutions) [2026-04-14]";TRUE;"Corrected: points were corrected according to locality"
"509";"SURCO:473";"COLOMBIA";"CO";NA;"Municipio de Acevedo, campamento PNN Cueva de los Guacharos";"1.627952";"-76.000652";1038;"SURCO2025";FALSE;"2012-04-26";"change1: Set taxonRank=SPECIES from binomial scientificName. | epi_taxo: acceptedName(match1); authorship_epig(match1); genus_from_scientificName; family_WFO; order_majorGroup_WCVP [2026-03-11] | CoordinateCleaner QA applied without sea test (validity, equal, zeros, capitals, centroids, gbif, institutions) [2026-04-14] | CoordinateCleaner QA applied without sea test (validity, equal, zeros, capitals, centroids, gbif, institutions) [2026-04-14]";TRUE;"Corrected: points were corrected according to locality"
"510";"SURCO:478";"COLOMBIA";"CO";NA;"Via al estrecho del Magdalena";"0";"0";0;"SURCO2025";FALSE;"";"change1: Set taxonRank=SPECIES from binomial scientificName. | change2: Corrected taxonRank (SPECIES→FORM); kept scientificName as-is. | epi_taxo: acceptedName(match1); authorship_epig(match1); genus_from_scientificName; family_WFO; order_majorGroup_WCVP [2026-03-11] | CoordinateCleaner QA applied without sea test (validity, equal, zeros, capitals, centroids, gbif, institutions) [2026-04-14] | CoordinateCleaner QA applied without sea test (validity, equal, zeros, capitals, centroids, gbif, institutions) [2026-04-14]";FALSE;"Impossible to correct, too vague coordinate"
"511";"SURCO:480";"COLOMBIA";"CO";NA;"Municipio de San Agustin- San Jose de Isnos";"1.878588";"-76.267278";365;"SURCO2025";FALSE;"2007-03-15";"change1: Set taxonRank=SPECIES from binomial scientificName. | change2: Corrected taxonRank (SPECIES→FORM); kept scientificName as-is. | epi_taxo: acceptedName(match1); authorship_epig(match1); genus_from_scientificName; family_WFO; order_majorGroup_WCVP [2026-03-11] | CoordinateCleaner QA applied without sea test (validity, equal, zeros, capitals, centroids, gbif, institutions) [2026-04-14] | CoordinateCleaner QA applied without sea test (validity, equal, zeros, capitals, centroids, gbif, institutions) [2026-04-14]";TRUE;"Corrected: points were corrected according to locality"
"512";"SURCO:481";"COLOMBIA";"CO";NA;"Municipio de Neiva-San Agustin";"2.936331";"-75.219881";92;"SURCO2025";FALSE;"2005-10-07";"change1: Set taxonRank=SPECIES from binomial scientificName. | change2: Corrected taxonRank (SPECIES→FORM); kept scientificName as-is. | epi_taxo: acceptedName(match1); authorship_epig(match1); genus_from_scientificName; family_WFO; order_majorGroup_WCVP [2026-03-11] | CoordinateCleaner QA applied without sea test (validity, equal, zeros, capitals, centroids, gbif, institutions) [2026-04-14] | CoordinateCleaner QA applied without sea test (validity, equal, zeros, capitals, centroids, gbif, institutions) [2026-04-14]";TRUE;"Corrected: points were corrected according to locality"
"513";"SURCO:487";"COLOMBIA";"CO";NA;"Municipio de Algeciras, Vereda Quiosco Alto";"2.525323";"-75.284348";3507;"SURCO2025";FALSE;"2000-03-21";"change1: Set taxonRank=SPECIES from binomial scientificName. | change2: Trimmed whitespace in genus (and standardized blanks to NA) | epi_taxo: acceptedName(match1); authorship_epig(match1); genus_from_scientificName; family_WFO; order_majorGroup_WCVP [2026-03-11] | CoordinateCleaner QA applied without sea test (validity, equal, zeros, capitals, centroids, gbif, institutions) [2026-04-14] | CoordinateCleaner QA applied without sea test (validity, equal, zeros, capitals, centroids, gbif, institutions) [2026-04-14]";TRUE;"Corrected: points were corrected according to locality"
"514";"SURCO:488";"COLOMBIA";"CO";NA;"Municipio de Campoalegre, Vereda El Roble";"6.162468";"-75.486483";2438;"SURCO2025";FALSE;"1992-08-29";"change1: Set taxonRank=SPECIES from binomial scientificName. | change2: Trimmed whitespace in genus (and standardized blanks to NA) | epi_taxo: acceptedName(match1); authorship_epig(match1); genus_from_scientificName; family_WFO; order_majorGroup_WCVP [2026-03-11] | CoordinateCleaner QA applied without sea test (validity, equal, zeros, capitals, centroids, gbif, institutions) [2026-04-14] | CoordinateCleaner QA applied without sea test (validity, equal, zeros, capitals, centroids, gbif, institutions) [2026-04-14]";TRUE;"Corrected: points were corrected according to locality"
"515";"SURCO:494";"COLOMBIA";"CO";NA;"Municipio de Campoalegre, Vereda Alto El Roble";"4.680574";"-75.515964";9696;"SURCO2025";FALSE;"2001-10-13";"change1: Set taxonRank=SPECIES from binomial scientificName. | epi_taxo: acceptedName(match1); authorship_epig(match1); genus_from_scientificName; family_WFO; order_majorGroup_WCVP [2026-03-11] | CoordinateCleaner QA applied without sea test (validity, equal, zeros, capitals, centroids, gbif, institutions) [2026-04-14] | CoordinateCleaner QA applied without sea test (validity, equal, zeros, capitals, centroids, gbif, institutions) [2026-04-14]";TRUE;"Corrected: points were corrected according to locality"
"516";"SURCO:495";"COLOMBIA";"CO";NA;"Municipio de Campoalegre, Vereda Alto El Roble";"4.680574";"-75.515964";9696;"SURCO2025";FALSE;"2001-10-15";"change1: Set taxonRank=SPECIES from binomial scientificName. | epi_taxo: acceptedName(match1); authorship_epig(match1); genus_from_scientificName; family_WFO; order_majorGroup_WCVP [2026-03-11] | CoordinateCleaner QA applied without sea test (validity, equal, zeros, capitals, centroids, gbif, institutions) [2026-04-14] | CoordinateCleaner QA applied without sea test (validity, equal, zeros, capitals, centroids, gbif, institutions) [2026-04-14]";TRUE;"Corrected: points were corrected according to locality"
"517";"SURCO:496";"COLOMBIA";"CO";NA;"Municipio de Algeciras, Vereda Alto El Roble";"2.651145";"-75.161498";607;"SURCO2025";FALSE;"2001-10-14";"change1: Set taxonRank=SPECIES from binomial scientificName. | epi_taxo: acceptedName(match1); authorship_epig(match1); genus_from_scientificName; family_WFO; order_majorGroup_WCVP [2026-03-11] | CoordinateCleaner QA applied without sea test (validity, equal, zeros, capitals, centroids, gbif, institutions) [2026-04-14] | CoordinateCleaner QA applied without sea test (validity, equal, zeros, capitals, centroids, gbif, institutions) [2026-04-14]";TRUE;"Corrected: points were corrected according to locality"
"518";"SURCO:497";"COLOMBIA";"CO";NA;"Municipio de Neiva, Santa Rosalia";"2.862954";"-75.133424";199;"SURCO2025";FALSE;"1996-12-06";"change1: Set taxonRank=SPECIES from binomial scientificName. | epi_taxo: acceptedName(match1); authorship_epig(match1); genus_from_scientificName; family_WFO; order_majorGroup_WCVP [2026-03-11] | CoordinateCleaner QA applied without sea test (validity, equal, zeros, capitals, centroids, gbif, institutions) [2026-04-14] | CoordinateCleaner QA applied without sea test (validity, equal, zeros, capitals, centroids, gbif, institutions) [2026-04-14]";TRUE;"Corrected: points were corrected according to locality"
"519";"SURCO:509";"COLOMBIA";"CO";NA;"Municipio de La Plata, Vereda La Linea";"2.391569";"-75.932828";18407;"SURCO2025";FALSE;"2004-05-22";"change1: Set taxonRank=SPECIES from binomial scientificName. | change2: Trimmed whitespace in verbatimScientificName (and standardized blanks to NA) | epi_taxo: acceptedName(match1); authorship_epig(match1); genus_from_scientificName; family_WFO; order_majorGroup_WCVP [2026-03-11] | CoordinateCleaner QA applied without sea test (validity, equal, zeros, capitals, centroids, gbif, institutions) [2026-04-14] | CoordinateCleaner QA applied without sea test (validity, equal, zeros, capitals, centroids, gbif, institutions) [2026-04-14]";TRUE;"Corrected: points were corrected according to locality"
"520";"SURCO:510";"COLOMBIA";"CO";NA;"Municipio de Palermo, Inspeccion Aleluya, HaciendaSan Alejo";"2.87208";"-75.441702";1769;"SURCO2025";FALSE;"1989-04-08";"change1: Set taxonRank=SPECIES from binomial scientificName. | change2: Trimmed whitespace in verbatimScientificName (and standardized blanks to NA) | epi_taxo: acceptedName(match1); authorship_epig(match1); genus_from_scientificName; family_WFO; order_majorGroup_WCVP [2026-03-11] | CoordinateCleaner QA applied without sea test (validity, equal, zeros, capitals, centroids, gbif, institutions) [2026-04-14] | CoordinateCleaner QA applied without sea test (validity, equal, zeros, capitals, centroids, gbif, institutions) [2026-04-14]";TRUE;"Corrected: points were corrected according to locality"
"521";"SURCO:511";"COLOMBIA";"CO";NA;"Municipio de La Plata, camino a la Vereda Canada Baja";"2.333115";"-76.042528";7614;"SURCO2025";FALSE;"1999-06-20";"change1: Set taxonRank=SPECIES from binomial scientificName. | change2: Trimmed whitespace in verbatimScientificName (and standardized blanks to NA) | epi_taxo: acceptedName(match1); authorship_epig(match1); genus_from_scientificName; family_WFO; order_majorGroup_WCVP [2026-03-11] | CoordinateCleaner QA applied without sea test (validity, equal, zeros, capitals, centroids, gbif, institutions) [2026-04-14] | CoordinateCleaner QA applied without sea test (validity, equal, zeros, capitals, centroids, gbif, institutions) [2026-04-14]";TRUE;"Corrected: points were corrected according to locality"
"522";"SURCO:512";"COLOMBIA";"CO";NA;"Municipio de Rivera, margenes de la quebrada Arrayanal";"2.728094";"-75.261239";5273;"SURCO2025";FALSE;"1992-05-01";"change1: Set taxonRank=SPECIES from binomial scientificName. | change2: Trimmed whitespace in verbatimScientificName (and standardized blanks to NA) | epi_taxo: acceptedName(match1); authorship_epig(match1); genus_from_scientificName; family_WFO; order_majorGroup_WCVP [2026-03-11] | CoordinateCleaner QA applied without sea test (validity, equal, zeros, capitals, centroids, gbif, institutions) [2026-04-14] | CoordinateCleaner QA applied without sea test (validity, equal, zeros, capitals, centroids, gbif, institutions) [2026-04-14]";TRUE;"Corrected: points were corrected according to locality"
"523";"SURCO:513";"COLOMBIA";"CO";NA;"Municipio de Rivera, Vereda Arrayanal";"2.760452";"-75.207509";433;"SURCO2025";FALSE;"1992-05-01";"change1: Set taxonRank=SPECIES from binomial scientificName. | change2: Trimmed whitespace in verbatimScientificName (and standardized blanks to NA) | epi_taxo: acceptedName(match1); authorship_epig(match1); genus_from_scientificName; family_WFO; order_majorGroup_WCVP [2026-03-11] | CoordinateCleaner QA applied without sea test (validity, equal, zeros, capitals, centroids, gbif, institutions) [2026-04-14] | CoordinateCleaner QA applied without sea test (validity, equal, zeros, capitals, centroids, gbif, institutions) [2026-04-14]";TRUE;"Corrected: points were corrected according to locality"
"524";"SURCO:514";"COLOMBIA";"CO";NA;"Municipio de Palermo, region de San Francisco, Las Moyas";"2.862235";"-75.383175";6211;"SURCO2025";FALSE;"1992-03-14";"change1: Set taxonRank=SPECIES from binomial scientificName. | change2: Trimmed whitespace in verbatimScientificName (and standardized blanks to NA) | epi_taxo: acceptedName(match1); authorship_epig(match1); genus_from_scientificName; family_WFO; order_majorGroup_WCVP [2026-03-11] | CoordinateCleaner QA applied without sea test (validity, equal, zeros, capitals, centroids, gbif, institutions) [2026-04-14] | CoordinateCleaner QA applied without sea test (validity, equal, zeros, capitals, centroids, gbif, institutions) [2026-04-14]";TRUE;"Corrected: points were corrected according to locality"
"525";"SURCO:515";"COLOMBIA";"CO";NA;"Municipio de Rivera, Vereda Las Juntas, margenes del Rio Frio";"2.753117";"-75.220838";543;"SURCO2025";FALSE;"1992-05-01";"change1: Set taxonRank=SPECIES from binomial scientificName. | change2: Trimmed whitespace in verbatimScientificName (and standardized blanks to NA) | epi_taxo: acceptedName(match1); authorship_epig(match1); genus_from_scientificName; family_WFO; order_majorGroup_WCVP [2026-03-11] | CoordinateCleaner QA applied without sea test (validity, equal, zeros, capitals, centroids, gbif, institutions) [2026-04-14] | CoordinateCleaner QA applied without sea test (validity, equal, zeros, capitals, centroids, gbif, institutions) [2026-04-14]";TRUE;"Corrected: points were corrected according to locality"
"526";"SURCO:516";"COLOMBIA";"CO";NA;"Municipio de Palermo, carretera a Santa Maria, quebrada La Jenara";"2.888882";"-75.427468";750;"SURCO2025";FALSE;"1992-03-28";"change1: Set taxonRank=SPECIES from binomial scientificName. | change2: Trimmed whitespace in verbatimScientificName (and standardized blanks to NA) | epi_taxo: acceptedName(match1); authorship_epig(match1); genus_from_scientificName; family_WFO; order_majorGroup_WCVP [2026-03-11] | CoordinateCleaner QA applied without sea test (validity, equal, zeros, capitals, centroids, gbif, institutions) [2026-04-14] | CoordinateCleaner QA applied without sea test (validity, equal, zeros, capitals, centroids, gbif, institutions) [2026-04-14]";TRUE;"Corrected: points were corrected according to locality"
"527";"SURCO:517";"COLOMBIA";"CO";NA;"Municipio de Suaza, vereda El Porvenir";"1.989046";"-75.798616";1433;"SURCO2025";FALSE;"1998-04-18";"change1: Set taxonRank=SPECIES from binomial scientificName. | change2: Trimmed whitespace in verbatimScientificName (and standardized blanks to NA) | epi_taxo: acceptedName(match1); authorship_epig(match1); genus_from_scientificName; family_WFO; order_majorGroup_WCVP [2026-03-11] | CoordinateCleaner QA applied without sea test (validity, equal, zeros, capitals, centroids, gbif, institutions) [2026-04-14] | CoordinateCleaner QA applied without sea test (validity, equal, zeros, capitals, centroids, gbif, institutions) [2026-04-14]";TRUE;"Corrected: points were corrected according to locality"
"528";"SURCO:518";"COLOMBIA";"CO";NA;"Municipio de Suaza, vereda El Porvenir";"1.977297";"-75.809111";1561;"SURCO2025";FALSE;"1998-04-18";"change1: Set taxonRank=SPECIES from binomial scientificName. | change2: Trimmed whitespace in verbatimScientificName (and standardized blanks to NA) | epi_taxo: acceptedName(match1); authorship_epig(match1); genus_from_scientificName; family_WFO; order_majorGroup_WCVP [2026-03-11] | CoordinateCleaner QA applied without sea test (validity, equal, zeros, capitals, centroids, gbif, institutions) [2026-04-14] | CoordinateCleaner QA applied without sea test (validity, equal, zeros, capitals, centroids, gbif, institutions) [2026-04-14]";TRUE;"Corrected: points were corrected according to locality"
"529";"SURCO:519";"COLOMBIA";"CO";NA;"Municipio de Rivera, Vereda Alto Pedregal, a orillas de la quebrada La Manga";"2.78257";"-75.221654";324;"SURCO2025";FALSE;"1998-04-09";"change1: Set taxonRank=SPECIES from binomial scientificName. | change2: Trimmed whitespace in verbatimScientificName (and standardized blanks to NA) | epi_taxo: acceptedName(match1); authorship_epig(match1); genus_from_scientificName; family_WFO; order_majorGroup_WCVP [2026-03-11] | CoordinateCleaner QA applied without sea test (validity, equal, zeros, capitals, centroids, gbif, institutions) [2026-04-14] | CoordinateCleaner QA applied without sea test (validity, equal, zeros, capitals, centroids, gbif, institutions) [2026-04-14]";TRUE;"Corrected: points were corrected according to locality"
"530";"SURCO:520";"COLOMBIA";"CO";NA;"Municipio de Neiva, Vereda La Plata, cuenca del Rio Las Ceibas";"2.715465";"-75.139582";7310;"SURCO2025";FALSE;"1996-11-01";"change1: Set taxonRank=SPECIES from binomial scientificName. | change2: Trimmed whitespace in verbatimScientificName (and standardized blanks to NA) | epi_taxo: acceptedName(match1); authorship_epig(match1); genus_from_scientificName; family_WFO; order_majorGroup_WCVP [2026-03-11] | CoordinateCleaner QA applied without sea test (validity, equal, zeros, capitals, centroids, gbif, institutions) [2026-04-14] | CoordinateCleaner QA applied without sea test (validity, equal, zeros, capitals, centroids, gbif, institutions) [2026-04-14]";TRUE;"Corrected: points were corrected according to locality"
"531";"SURCO:522";"COLOMBIA";"CO";NA;"Municipio de Neiva, Vereda Santa Barbara, quebrada San Bartolo";"3.218083";"-75.239837";469;"SURCO2025";FALSE;"1997-06-07";"change1: Set taxonRank=SPECIES from binomial scientificName. | change2: Trimmed whitespace in verbatimScientificName (and standardized blanks to NA) | epi_taxo: acceptedName(match1); authorship_epig(match1); genus_from_scientificName; family_WFO; order_majorGroup_WCVP [2026-03-11] | CoordinateCleaner QA applied without sea test (validity, equal, zeros, capitals, centroids, gbif, institutions) [2026-04-14] | CoordinateCleaner QA applied without sea test (validity, equal, zeros, capitals, centroids, gbif, institutions) [2026-04-14]";TRUE;"Corrected: points were corrected according to locality"
"532";"SURCO:523";"COLOMBIA";"CO";NA;"Municipio de Palermo, Inspeccion Aleluya, HaciendaSan Alejo";"2.87208";"-75.441702";1769;"SURCO2025";FALSE;"1989-04-08";"change1: Set taxonRank=SPECIES from binomial scientificName. | change2: Trimmed whitespace in verbatimScientificName (and standardized blanks to NA) | epi_taxo: acceptedName(match1); authorship_epig(match1); genus_from_scientificName; family_WFO; order_majorGroup_WCVP [2026-03-11] | CoordinateCleaner QA applied without sea test (validity, equal, zeros, capitals, centroids, gbif, institutions) [2026-04-14] | CoordinateCleaner QA applied without sea test (validity, equal, zeros, capitals, centroids, gbif, institutions) [2026-04-14]";TRUE;"Corrected: points were corrected according to locality"
"533";"SURCO:524";"COLOMBIA";"CO";NA;"Municipio de Suaza, vereda El Porvenir";"1.977297";"-75.809111";1561;"SURCO2025";FALSE;"1998-04-18";"change1: Set taxonRank=SPECIES from binomial scientificName. | change2: Trimmed whitespace in verbatimScientificName (and standardized blanks to NA) | epi_taxo: acceptedName(match1); authorship_epig(match1); genus_from_scientificName; family_WFO; order_majorGroup_WCVP [2026-03-11] | CoordinateCleaner QA applied without sea test (validity, equal, zeros, capitals, centroids, gbif, institutions) [2026-04-14] | CoordinateCleaner QA applied without sea test (validity, equal, zeros, capitals, centroids, gbif, institutions) [2026-04-14]";TRUE;"Corrected: points were corrected according to locality"
"534";"SURCO:525";"COLOMBIA";"CO";NA;"Municipio de Colombia, Carretera al Playon, Rio Blanco";"5.250926";"-75.398478";15251;"SURCO2025";FALSE;"1990-09-30";"change1: Set taxonRank=SPECIES from binomial scientificName. | change2: Trimmed whitespace in verbatimScientificName (and standardized blanks to NA) | epi_taxo: acceptedName(match1); authorship_epig(match1); genus_from_scientificName; family_WFO; order_majorGroup_WCVP [2026-03-11] | CoordinateCleaner QA applied without sea test (validity, equal, zeros, capitals, centroids, gbif, institutions) [2026-04-14] | CoordinateCleaner QA applied without sea test (validity, equal, zeros, capitals, centroids, gbif, institutions) [2026-04-14]";TRUE;"Corrected: points were corrected according to locality"
"535";"SURCO:526";"COLOMBIA";"CO";NA;"Municipio de Neiva, quebrada La Jabonera, sector Hacienda Mayor";"5.675334";"-73.711214";517;"SURCO2025";FALSE;"2009-03-23";"change1: Set taxonRank=SPECIES from binomial scientificName. | change2: Trimmed whitespace in verbatimScientificName (and standardized blanks to NA) | epi_taxo: acceptedName(match1); authorship_epig(match1); genus_from_scientificName; family_WFO; order_majorGroup_WCVP [2026-03-11] | CoordinateCleaner QA applied without sea test (validity, equal, zeros, capitals, centroids, gbif, institutions) [2026-04-14] | CoordinateCleaner QA applied without sea test (validity, equal, zeros, capitals, centroids, gbif, institutions) [2026-04-14]";TRUE;"Corrected: points were corrected according to locality"
"536";"SURCO:527";"COLOMBIA";"CO";NA;"Municipio de Neiva, Vereda Alta Santa Rosalia, quebrada La Cabuya";"2.886503";"-75.45785";546;"SURCO2025";FALSE;"1991-10-11";"change1: Set taxonRank=SPECIES from binomial scientificName. | change2: Trimmed whitespace in verbatimScientificName (and standardized blanks to NA) | change3: Corrected taxonRank (SPECIES→FORM); kept scientificName as-is. | epi_taxo: acceptedName(match1); authorship_epig(match1); genus_from_scientificName; family_WFO; order_majorGroup_WCVP [2026-03-11] | CoordinateCleaner QA applied without sea test (validity, equal, zeros, capitals, centroids, gbif, institutions) [2026-04-14] | CoordinateCleaner QA applied without sea test (validity, equal, zeros, capitals, centroids, gbif, institutions) [2026-04-14]";TRUE;"Corrected: points were corrected according to locality"
"537";"SURCO:530";"COLOMBIA";"CO";NA;"Municipio de Suaza, en la Finca de la senora Rosario Diaz";"1.989046";"-75.798616";1433;"SURCO2025";FALSE;"1998-04-18";"change1: Set taxonRank=SPECIES from binomial scientificName. | change2: Trimmed whitespace in verbatimScientificName (and standardized blanks to NA) | epi_taxo: acceptedName(match1); authorship_epig(match1); genus_from_scientificName; family_WFO; order_majorGroup_WCVP [2026-03-11] | CoordinateCleaner QA applied without sea test (validity, equal, zeros, capitals, centroids, gbif, institutions) [2026-04-14] | CoordinateCleaner QA applied without sea test (validity, equal, zeros, capitals, centroids, gbif, institutions) [2026-04-14]";TRUE;"Corrected: points were corrected according to locality"
"538";"SURCO:531";"COLOMBIA";"CO";NA;"Municipio de La Plata, Vereda La Linea";"2.391569";"-75.932828";18407;"SURCO2025";FALSE;"2004-05-22";"change1: Set taxonRank=SPECIES from binomial scientificName. | change2: Trimmed whitespace in verbatimScientificName (and standardized blanks to NA) | epi_taxo: acceptedName(match1); authorship_epig(match1); genus_from_scientificName; family_WFO; order_majorGroup_WCVP [2026-03-11] | CoordinateCleaner QA applied without sea test (validity, equal, zeros, capitals, centroids, gbif, institutions) [2026-04-14] | CoordinateCleaner QA applied without sea test (validity, equal, zeros, capitals, centroids, gbif, institutions) [2026-04-14]";TRUE;"Corrected: points were corrected according to locality"
"539";"SURCO:533";"COLOMBIA";"CO";NA;"Municipio de Colombia, Inspeccion de San Marcos, hacia el Cerro de Bellavista";"8.643975";"-75.179578";5545;"SURCO2025";FALSE;"1989-04-15";"change1: Trimmed whitespace in scientificName (and standardized blanks to NA) | change2: Trimmed whitespace in verbatimScientificName (and standardized blanks to NA) | epi_taxo: acceptedName(match1); authorship_epig(match1); genus_from_scientificName; family_WFO; order_majorGroup_WCVP [2026-03-11] | CoordinateCleaner QA applied without sea test (validity, equal, zeros, capitals, centroids, gbif, institutions) [2026-04-14] | CoordinateCleaner QA applied without sea test (validity, equal, zeros, capitals, centroids, gbif, institutions) [2026-04-14]";TRUE;"Corrected: points were corrected according to locality"
"540";"SURCO:534";"COLOMBIA";"CO";NA;"Municipio de Colombia, Inspeccion de Santa Ana, camino hacia el Cerro de La Cruz";"9.335945";"-74.572542";1521;"SURCO2025";FALSE;"1990-09-15";"change1: Trimmed whitespace in scientificName (and standardized blanks to NA) | change2: Trimmed whitespace in verbatimScientificName (and standardized blanks to NA) | epi_taxo: acceptedName(match1); authorship_epig(match1); genus_from_scientificName; family_WFO; order_majorGroup_WCVP [2026-03-11] | CoordinateCleaner QA applied without sea test (validity, equal, zeros, capitals, centroids, gbif, institutions) [2026-04-14] | CoordinateCleaner QA applied without sea test (validity, equal, zeros, capitals, centroids, gbif, institutions) [2026-04-14]";TRUE;"Corrected: points were corrected according to locality"
"541";"SURCO:535";"COLOMBIA";"CO";NA;"Municipio de Colombia, Vereda Santa Elena, casria El Roblal";"6.138503";"-74.876898";5847;"SURCO2025";FALSE;"1988-08-13";"change1: Trimmed whitespace in scientificName (and standardized blanks to NA) | change2: Trimmed whitespace in verbatimScientificName (and standardized blanks to NA) | epi_taxo: acceptedName(match1); authorship_epig(match1); genus_from_scientificName; family_WFO; order_majorGroup_WCVP [2026-03-11] | CoordinateCleaner QA applied without sea test (validity, equal, zeros, capitals, centroids, gbif, institutions) [2026-04-14] | CoordinateCleaner QA applied without sea test (validity, equal, zeros, capitals, centroids, gbif, institutions) [2026-04-14]";TRUE;"Corrected: points were corrected according to locality"
"542";"SURCO:536";"COLOMBIA";"CO";NA;"Municipio de Pereira, parque Regional Ucumari, Vereda La Pastora";"4.750595";"-75.820393";4338;"SURCO2025";FALSE;"1989-12-02";"change1: Trimmed whitespace in scientificName (and standardized blanks to NA) | change2: Trimmed whitespace in verbatimScientificName (and standardized blanks to NA) | epi_taxo: acceptedName(match1); authorship_epig(match1); genus_from_scientificName; family_WFO; order_majorGroup_WCVP [2026-03-11] | CoordinateCleaner QA applied without sea test (validity, equal, zeros, capitals, centroids, gbif, institutions) [2026-04-14] | CoordinateCleaner QA applied without sea test (validity, equal, zeros, capitals, centroids, gbif, institutions) [2026-04-14]";TRUE;"Corrected: points were corrected according to locality"
"543";"SURCO:537";"COLOMBIA";"CO";NA;"Municipio de Campoalegre, Vereda Alto El Roble";"4.680574";"-75.515964";9696;"SURCO2025";FALSE;"2001-10-13";"change1: Trimmed whitespace in scientificName (and standardized blanks to NA) | change2: Trimmed whitespace in verbatimScientificName (and standardized blanks to NA) | epi_taxo: acceptedName(match1); authorship_epig(match1); genus_from_scientificName; family_WFO; order_majorGroup_WCVP [2026-03-11] | CoordinateCleaner QA applied without sea test (validity, equal, zeros, capitals, centroids, gbif, institutions) [2026-04-14] | CoordinateCleaner QA applied without sea test (validity, equal, zeros, capitals, centroids, gbif, institutions) [2026-04-14]";TRUE;"Corrected: points were corrected according to locality"
"544";"SURCO:538";"COLOMBIA";"CO";NA;"Municipio de Colombia, hacia la Vereda San Isidro, Llano Hondo";"6.097245";"-75.42715";2164;"SURCO2025";FALSE;"1989-04-29";"change1: Trimmed whitespace in scientificName (and standardized blanks to NA) | change2: Trimmed whitespace in verbatimScientificName (and standardized blanks to NA) | epi_taxo: acceptedName(match1); authorship_epig(match1); genus_from_scientificName; family_WFO; order_majorGroup_WCVP [2026-03-11] | CoordinateCleaner QA applied without sea test (validity, equal, zeros, capitals, centroids, gbif, institutions) [2026-04-14] | CoordinateCleaner QA applied without sea test (validity, equal, zeros, capitals, centroids, gbif, institutions) [2026-04-14]";TRUE;"Corrected: points were corrected according to locality"
"545";"SURCO:539";"COLOMBIA";"CO";NA;"Municipio de Suaza, sector Quebrada";"1.989046";"-75.798616";1433;"SURCO2025";FALSE;"1998-04-18";"change1: Trimmed whitespace in scientificName (and standardized blanks to NA) | change2: Trimmed whitespace in verbatimScientificName (and standardized blanks to NA) | epi_taxo: acceptedName(match1); authorship_epig(match1); genus_from_scientificName; family_WFO; order_majorGroup_WCVP [2026-03-11] | CoordinateCleaner QA applied without sea test (validity, equal, zeros, capitals, centroids, gbif, institutions) [2026-04-14] | CoordinateCleaner QA applied without sea test (validity, equal, zeros, capitals, centroids, gbif, institutions) [2026-04-14]";TRUE;"Corrected: points were corrected according to locality"
"546";"SURCO:540";"COLOMBIA";"CO";NA;"Municipio de Suaza, sector Quebrada";"1.989046";"-75.798616";1433;"SURCO2025";FALSE;"1998-04-19";"change1: Trimmed whitespace in scientificName (and standardized blanks to NA) | change2: Trimmed whitespace in verbatimScientificName (and standardized blanks to NA) | epi_taxo: acceptedName(match1); authorship_epig(match1); genus_from_scientificName; family_WFO; order_majorGroup_WCVP [2026-03-11] | CoordinateCleaner QA applied without sea test (validity, equal, zeros, capitals, centroids, gbif, institutions) [2026-04-14] | CoordinateCleaner QA applied without sea test (validity, equal, zeros, capitals, centroids, gbif, institutions) [2026-04-14]";TRUE;"Corrected: points were corrected according to locality"
"547";"SURCO:541";"COLOMBIA";"CO";NA;"Municipio de San Agustin";"1.878588";"-76.267278";365;"SURCO2025";FALSE;"2006-04-24";"change1: Trimmed whitespace in scientificName (and standardized blanks to NA) | change2: Trimmed whitespace in verbatimScientificName (and standardized blanks to NA) | epi_taxo: acceptedName(match1); authorship_epig(match1); genus_from_scientificName; family_WFO; order_majorGroup_WCVP [2026-03-11] | CoordinateCleaner QA applied without sea test (validity, equal, zeros, capitals, centroids, gbif, institutions) [2026-04-14] | CoordinateCleaner QA applied without sea test (validity, equal, zeros, capitals, centroids, gbif, institutions) [2026-04-14]";TRUE;"Corrected: points were corrected according to locality"
"548";"SURCO:542";"COLOMBIA";"CO";NA;"Alto Paez, campamento Polaco";"2.740871";"-76.041045";740;"SURCO2025";FALSE;"1992-05-15";"change1: Trimmed whitespace in scientificName (and standardized blanks to NA) | change2: Trimmed whitespace in verbatimScientificName (and standardized blanks to NA) | epi_taxo: acceptedName(match1); authorship_epig(match1); genus_from_scientificName; family_WFO; order_majorGroup_WCVP [2026-03-11] | CoordinateCleaner QA applied without sea test (validity, equal, zeros, capitals, centroids, gbif, institutions) [2026-04-14] | CoordinateCleaner QA applied without sea test (validity, equal, zeros, capitals, centroids, gbif, institutions) [2026-04-14]";TRUE;"Corrected: points were corrected according to locality"
"549";"SURCO:543";"COLOMBIA";"CO";NA;"Alto Paez, campamento Polaco";"2.731668";"-76.031133";954;"SURCO2025";FALSE;"1992-05-15";"change1: Trimmed whitespace in scientificName (and standardized blanks to NA) | change2: Trimmed whitespace in verbatimScientificName (and standardized blanks to NA) | epi_taxo: acceptedName(match1); authorship_epig(match1); genus_from_scientificName; family_WFO; order_majorGroup_WCVP [2026-03-11] | CoordinateCleaner QA applied without sea test (validity, equal, zeros, capitals, centroids, gbif, institutions) [2026-04-14] | CoordinateCleaner QA applied without sea test (validity, equal, zeros, capitals, centroids, gbif, institutions) [2026-04-14]";TRUE;"Corrected: points were corrected according to locality"
"550";"SURCO:544";"COLOMBIA";"CO";NA;"Alto Paez, campamento Polaco";"2.726399";"-76.035332";998;"SURCO2025";FALSE;"1992-05-15";"change1: Trimmed whitespace in scientificName (and standardized blanks to NA) | change2: Trimmed whitespace in verbatimScientificName (and standardized blanks to NA) | epi_taxo: acceptedName(match1); authorship_epig(match1); genus_from_scientificName; family_WFO; order_majorGroup_WCVP [2026-03-11] | CoordinateCleaner QA applied without sea test (validity, equal, zeros, capitals, centroids, gbif, institutions) [2026-04-14] | CoordinateCleaner QA applied without sea test (validity, equal, zeros, capitals, centroids, gbif, institutions) [2026-04-14]";TRUE;"Corrected: points were corrected according to locality"
"551";"SURCO:545";"COLOMBIA";"CO";NA;"Municipio de Rivera, vereda Honda Alta, quebrada la Honda";"2.819458";"-75.195495";8913,31;"SURCO2025";FALSE;"1992-10-23";"change1: Trimmed whitespace in scientificName (and standardized blanks to NA) | change2: Trimmed whitespace in verbatimScientificName (and standardized blanks to NA) | epi_taxo: acceptedName(match1); authorship_epig(match1); genus_from_scientificName; family_WFO; order_majorGroup_WCVP [2026-03-11] | CoordinateCleaner QA applied without sea test (validity, equal, zeros, capitals, centroids, gbif, institutions) [2026-04-14] | CoordinateCleaner QA applied without sea test (validity, equal, zeros, capitals, centroids, gbif, institutions) [2026-04-14]";TRUE;"Corrected: points were corrected according to locality"
"552";"SURCO:548";"COLOMBIA";"CO";NA;"Municipio de Palestina. Zona de amortiguacion del PNN Cueva de los Guacharos";"2.857746";"-75.385466";685;"SURCO2025";FALSE;"2018-04-26";"change1: Trimmed whitespace in scientificName (and standardized blanks to NA) | change2: Trimmed whitespace in verbatimScientificName (and standardized blanks to NA) | epi_taxo: acceptedName(match1); authorship_epig(match1); genus_from_scientificName; family_WFO; order_majorGroup_WCVP [2026-03-11] | CoordinateCleaner QA applied without sea test (validity, equal, zeros, capitals, centroids, gbif, institutions) [2026-04-14] | CoordinateCleaner QA applied without sea test (validity, equal, zeros, capitals, centroids, gbif, institutions) [2026-04-14]";TRUE;"Corrected: points were corrected according to locality"
"553";"SURCO:550";"COLOMBIA";"CO";NA;"Municipio de San Agustin. Parque Arqueologico";"1.88307";"-76.297423";297;"SURCO2025";FALSE;"2005-10-05";"change1: Trimmed whitespace in scientificName (and standardized blanks to NA) | change2: Trimmed whitespace in verbatimScientificName (and standardized blanks to NA) | epi_taxo: acceptedName(match1); authorship_epig(match1); genus_from_scientificName; family_WFO; order_majorGroup_WCVP [2026-03-11] | CoordinateCleaner QA applied without sea test (validity, equal, zeros, capitals, centroids, gbif, institutions) [2026-04-14] | CoordinateCleaner QA applied without sea test (validity, equal, zeros, capitals, centroids, gbif, institutions) [2026-04-14]";TRUE;"Corrected: points were corrected according to locality"
"554";"SURCO:551";"COLOMBIA";"CO";NA;"Municipio de San Agustin, La Chaquira";"1.901479";"-76.270986";404;"SURCO2025";FALSE;"2006-07-05";"change1: Trimmed whitespace in scientificName (and standardized blanks to NA) | change2: Trimmed whitespace in verbatimScientificName (and standardized blanks to NA) | epi_taxo: acceptedName(match1); authorship_epig(match1); genus_from_scientificName; family_WFO; order_majorGroup_WCVP [2026-03-11] | CoordinateCleaner QA applied without sea test (validity, equal, zeros, capitals, centroids, gbif, institutions) [2026-04-14] | CoordinateCleaner QA applied without sea test (validity, equal, zeros, capitals, centroids, gbif, institutions) [2026-04-14]";TRUE;"Corrected: points were corrected according to locality"
"555";"SURCO:553";"COLOMBIA";"CO";NA;"Municipio de Neiva, Vereda La Plata";"2.750002";"-75.071731";2331;"SURCO2025";FALSE;"1996-11-23";"change1: Trimmed whitespace in scientificName (and standardized blanks to NA) | change2: Trimmed whitespace in verbatimScientificName (and standardized blanks to NA) | epi_taxo: acceptedName(match1); authorship_epig(match1); genus_from_scientificName; family_WFO; order_majorGroup_WCVP [2026-03-11] | CoordinateCleaner QA applied without sea test (validity, equal, zeros, capitals, centroids, gbif, institutions) [2026-04-14] | CoordinateCleaner QA applied without sea test (validity, equal, zeros, capitals, centroids, gbif, institutions) [2026-04-14]";TRUE;"Corrected: points were corrected according to locality"
"556";"SURCO:554";"COLOMBIA";"CO";NA;"Municipio de Neiva, Vereda La Plata";"2.750002";"-75.071731";2331;"SURCO2025";FALSE;"1996-11-01";"change1: Trimmed whitespace in scientificName (and standardized blanks to NA) | change2: Trimmed whitespace in verbatimScientificName (and standardized blanks to NA) | epi_taxo: acceptedName(match1); authorship_epig(match1); genus_from_scientificName; family_WFO; order_majorGroup_WCVP [2026-03-11] | CoordinateCleaner QA applied without sea test (validity, equal, zeros, capitals, centroids, gbif, institutions) [2026-04-14] | CoordinateCleaner QA applied without sea test (validity, equal, zeros, capitals, centroids, gbif, institutions) [2026-04-14]";TRUE;"Corrected: points were corrected according to locality"
"557";"SURCO:555";"COLOMBIA";"CO";NA;"Municipio de Rivera, quebrada La Honda";"2.798256";"-75.269137";147;"SURCO2025";FALSE;"1992-10-23";"change1: Trimmed whitespace in scientificName (and standardized blanks to NA) | change2: Trimmed whitespace in verbatimScientificName (and standardized blanks to NA) | epi_taxo: acceptedName(match1); authorship_epig(match1); genus_from_scientificName; family_WFO; order_majorGroup_WCVP [2026-03-11] | CoordinateCleaner QA applied without sea test (validity, equal, zeros, capitals, centroids, gbif, institutions) [2026-04-14] | CoordinateCleaner QA applied without sea test (validity, equal, zeros, capitals, centroids, gbif, institutions) [2026-04-14]";TRUE;"Corrected: points were corrected according to locality"
"558";"SURCO:556";"COLOMBIA";"CO";NA;"Municipio de Colombia, Vereda San Ambrosio";"3.270152";"-74.843161";794;"SURCO2025";FALSE;"1990-10-07";"change1: Trimmed whitespace in scientificName (and standardized blanks to NA) | change2: Trimmed whitespace in verbatimScientificName (and standardized blanks to NA) | epi_taxo: acceptedName(match1); authorship_epig(match1); genus_from_scientificName; family_WFO; order_majorGroup_WCVP [2026-03-11] | CoordinateCleaner QA applied without sea test (validity, equal, zeros, capitals, centroids, gbif, institutions) [2026-04-14] | CoordinateCleaner QA applied without sea test (validity, equal, zeros, capitals, centroids, gbif, institutions) [2026-04-14]";TRUE;"Corrected: points were corrected according to locality"
"559";"SURCO:557";"COLOMBIA";"CO";NA;"Municipio de Colombia, Inspeccion de Santa Ana, hacia el Cerro de la Cruz";"9.335945";"-74.572542";1521;"SURCO2025";FALSE;"1990-09-15";"change1: Trimmed whitespace in scientificName (and standardized blanks to NA) | change2: Trimmed whitespace in verbatimScientificName (and standardized blanks to NA) | epi_taxo: acceptedName(match1); authorship_epig(match1); genus_from_scientificName; family_WFO; order_majorGroup_WCVP [2026-03-11] | CoordinateCleaner QA applied without sea test (validity, equal, zeros, capitals, centroids, gbif, institutions) [2026-04-14] | CoordinateCleaner QA applied without sea test (validity, equal, zeros, capitals, centroids, gbif, institutions) [2026-04-14]";TRUE;"Corrected: points were corrected according to locality"
"560";"SURCO:558";"COLOMBIA";"CO";NA;"Municipio de Rivera, Vereda Alto Rio Blanco, quebrada La Zanja del Diablo";"2.78257";"-75.221654";324;"SURCO2025";FALSE;"1992-03-29";"change1: Trimmed whitespace in scientificName (and standardized blanks to NA) | change2: Trimmed whitespace in verbatimScientificName (and standardized blanks to NA) | epi_taxo: acceptedName(match1); authorship_epig(match1); genus_from_scientificName; family_WFO; order_majorGroup_WCVP [2026-03-11] | CoordinateCleaner QA applied without sea test (validity, equal, zeros, capitals, centroids, gbif, institutions) [2026-04-14] | CoordinateCleaner QA applied without sea test (validity, equal, zeros, capitals, centroids, gbif, institutions) [2026-04-14]";TRUE;"Corrected: points were corrected according to locality"
"561";"SURCO:559";"COLOMBIA";"CO";NA;"Municipio de Neiva, Vereda Santa Rosalia";"6.617348";"-76.062772";101;"SURCO2025";FALSE;"1996-10-06";"change1: Set taxonRank=SPECIES from binomial scientificName. | change2: Trimmed whitespace in verbatimScientificName (and standardized blanks to NA) | change3: Trimmed whitespace in genus (and standardized blanks to NA) | epi_taxo: acceptedName(match1); authorship_epig(match1); genus_from_scientificName; family_WFO; order_majorGroup_WCVP [2026-03-11] | CoordinateCleaner QA applied without sea test (validity, equal, zeros, capitals, centroids, gbif, institutions) [2026-04-14] | CoordinateCleaner QA applied without sea test (validity, equal, zeros, capitals, centroids, gbif, institutions) [2026-04-14]";TRUE;"Corrected: points were corrected according to locality"
"562";"SURCO:560";"COLOMBIA";"CO";NA;"Municipio de Neiva, Vereda Santa Rosalia";"6.617348";"-76.062772";101;"SURCO2025";FALSE;"1996-10-06";"change1: Set taxonRank=SPECIES from binomial scientificName. | change2: Trimmed whitespace in verbatimScientificName (and standardized blanks to NA) | change3: Trimmed whitespace in genus (and standardized blanks to NA) | epi_taxo: acceptedName(match1); authorship_epig(match1); genus_from_scientificName; family_WFO; order_majorGroup_WCVP [2026-03-11] | CoordinateCleaner QA applied without sea test (validity, equal, zeros, capitals, centroids, gbif, institutions) [2026-04-14] | CoordinateCleaner QA applied without sea test (validity, equal, zeros, capitals, centroids, gbif, institutions) [2026-04-14]";TRUE;"Corrected: points were corrected according to locality"
"563";"SURCO:561";"COLOMBIA";"CO";NA;"Municipio de Neiva, Vereda Santa Rosalia";"6.617348";"-76.062772";101;"SURCO2025";FALSE;"1996-10-06";"change1: Set taxonRank=SPECIES from binomial scientificName. | change2: Trimmed whitespace in verbatimScientificName (and standardized blanks to NA) | change3: Trimmed whitespace in genus (and standardized blanks to NA) | epi_taxo: acceptedName(match1); authorship_epig(match1); genus_from_scientificName; family_WFO; order_majorGroup_WCVP [2026-03-11] | CoordinateCleaner QA applied without sea test (validity, equal, zeros, capitals, centroids, gbif, institutions) [2026-04-14] | CoordinateCleaner QA applied without sea test (validity, equal, zeros, capitals, centroids, gbif, institutions) [2026-04-14]";TRUE;"Corrected: points were corrected according to locality"
"564";"SURCO:562";"COLOMBIA";"CO";NA;"Municipio de Rivera, quebrada La Honda";"2.798256";"-75.269137";147;"SURCO2025";FALSE;"1992-10-23";"change1: Trimmed whitespace in scientificName (and standardized blanks to NA) | change2: Trimmed whitespace in verbatimScientificName (and standardized blanks to NA) | change3: Trimmed whitespace in genus (and standardized blanks to NA) | epi_taxo: acceptedName(match1); authorship_epig(match1); genus_from_scientificName; family_WFO; order_majorGroup_WCVP [2026-03-11] | CoordinateCleaner QA applied without sea test (validity, equal, zeros, capitals, centroids, gbif, institutions) [2026-04-14] | CoordinateCleaner QA applied without sea test (validity, equal, zeros, capitals, centroids, gbif, institutions) [2026-04-14]";TRUE;"Corrected: points were corrected according to locality"
"565";"SURCO:563";"COLOMBIA";"CO";NA;"Municipio de Colombia, Inspeccion de Santa Ana, vereda San Emilio";"9.339092";"-74.548193";3092;"SURCO2025";FALSE;"1990-09-22";"change1: Trimmed whitespace in scientificName (and standardized blanks to NA) | change2: Trimmed whitespace in verbatimScientificName (and standardized blanks to NA) | change3: Trimmed whitespace in genus (and standardized blanks to NA) | epi_taxo: acceptedName(match1); authorship_epig(match1); genus_from_scientificName; family_WFO; order_majorGroup_WCVP [2026-03-11] | CoordinateCleaner QA applied without sea test (validity, equal, zeros, capitals, centroids, gbif, institutions) [2026-04-14] | CoordinateCleaner QA applied without sea test (validity, equal, zeros, capitals, centroids, gbif, institutions) [2026-04-14]";TRUE;"Corrected: points were corrected according to locality"
"566";"SURCO:564";"COLOMBIA";"CO";NA;"Municipio de Garzon, Vereda Los Medios";"2.140599";"-75.646964";6329;"SURCO2025";FALSE;"2003-09-15";"change1: Trimmed whitespace in scientificName (and standardized blanks to NA) | change2: Trimmed whitespace in verbatimScientificName (and standardized blanks to NA) | change3: Trimmed whitespace in genus (and standardized blanks to NA) | epi_taxo: acceptedName(match1); authorship_epig(match1); genus_from_scientificName; family_WFO; order_majorGroup_WCVP [2026-03-11] | CoordinateCleaner QA applied without sea test (validity, equal, zeros, capitals, centroids, gbif, institutions) [2026-04-14] | CoordinateCleaner QA applied without sea test (validity, equal, zeros, capitals, centroids, gbif, institutions) [2026-04-14]";TRUE;"Corrected: points were corrected according to locality"
"567";"SURCO:565";"COLOMBIA";"CO";NA;"Municipio de Garzon, vereda Villa Rica, estribaciones del Cerro Miraflores, Quebrada Majo";"2.218069";"-75.62617";2570;"SURCO2025";FALSE;"2005-02-11";"change1: Trimmed whitespace in scientificName (and standardized blanks to NA) | change2: Trimmed whitespace in verbatimScientificName (and standardized blanks to NA) | change3: Trimmed whitespace in genus (and standardized blanks to NA) | epi_taxo: acceptedName(match1); authorship_epig(match1); genus_from_scientificName; family_WFO; order_majorGroup_WCVP [2026-03-11] | CoordinateCleaner QA applied without sea test (validity, equal, zeros, capitals, centroids, gbif, institutions) [2026-04-14] | CoordinateCleaner QA applied without sea test (validity, equal, zeros, capitals, centroids, gbif, institutions) [2026-04-14]";TRUE;"Corrected: points were corrected according to locality"
"568";"SURCO:566";"COLOMBIA";"CO";NA;"Municipio de Garzon, vereda Villa Rica, estribaciones del Cerro Miraflores, Quebrada Majo";"2.218069";"-75.62617";2570;"SURCO2025";FALSE;"2005-02-11";"change1: Trimmed whitespace in scientificName (and standardized blanks to NA) | change2: Trimmed whitespace in verbatimScientificName (and standardized blanks to NA) | change3: Trimmed whitespace in genus (and standardized blanks to NA) | epi_taxo: acceptedName(match1); authorship_epig(match1); genus_from_scientificName; family_WFO; order_majorGroup_WCVP [2026-03-11] | CoordinateCleaner QA applied without sea test (validity, equal, zeros, capitals, centroids, gbif, institutions) [2026-04-14] | CoordinateCleaner QA applied without sea test (validity, equal, zeros, capitals, centroids, gbif, institutions) [2026-04-14]";TRUE;"Corrected: points were corrected according to locality"
"569";"SURCO:567";"COLOMBIA";"CO";NA;"Municipio de Garzon, vereda Villa Rica, estribaciones del Cerro Miraflores, Quebrada Majo";"2.218069";"-75.62617";2570;"SURCO2025";FALSE;"2005-02-11";"change1: Trimmed whitespace in scientificName (and standardized blanks to NA) | change2: Trimmed whitespace in verbatimScientificName (and standardized blanks to NA) | change3: Trimmed whitespace in genus (and standardized blanks to NA) | epi_taxo: acceptedName(match1); authorship_epig(match1); genus_from_scientificName; family_WFO; order_majorGroup_WCVP [2026-03-11] | CoordinateCleaner QA applied without sea test (validity, equal, zeros, capitals, centroids, gbif, institutions) [2026-04-14] | CoordinateCleaner QA applied without sea test (validity, equal, zeros, capitals, centroids, gbif, institutions) [2026-04-14]";TRUE;"Corrected: points were corrected according to locality"
"570";"SURCO:568";"COLOMBIA";"CO";NA;"Municipio de Garzon, vereda Villa Rica, estribaciones del Cerro Miraflores, Quebrada Majo";"2.218069";"-75.62617";2570;"SURCO2025";FALSE;"2005-02-11";"change1: Trimmed whitespace in scientificName (and standardized blanks to NA) | change2: Trimmed whitespace in verbatimScientificName (and standardized blanks to NA) | change3: Trimmed whitespace in genus (and standardized blanks to NA) | epi_taxo: acceptedName(match1); authorship_epig(match1); genus_from_scientificName; family_WFO; order_majorGroup_WCVP [2026-03-11] | CoordinateCleaner QA applied without sea test (validity, equal, zeros, capitals, centroids, gbif, institutions) [2026-04-14] | CoordinateCleaner QA applied without sea test (validity, equal, zeros, capitals, centroids, gbif, institutions) [2026-04-14]";TRUE;"Corrected: points were corrected according to locality"
"571";"SURCO:569";"COLOMBIA";"CO";NA;"Municipio de Garzon, vereda Villa Rica, estribaciones del Cerro Miraflores, Quebrada Majo";"2.218069";"-75.62617";2570;"SURCO2025";FALSE;"2005-02-11";"change1: Trimmed whitespace in scientificName (and standardized blanks to NA) | change2: Trimmed whitespace in verbatimScientificName (and standardized blanks to NA) | change3: Trimmed whitespace in genus (and standardized blanks to NA) | epi_taxo: acceptedName(match1); authorship_epig(match1); genus_from_scientificName; family_WFO; order_majorGroup_WCVP [2026-03-11] | CoordinateCleaner QA applied without sea test (validity, equal, zeros, capitals, centroids, gbif, institutions) [2026-04-14] | CoordinateCleaner QA applied without sea test (validity, equal, zeros, capitals, centroids, gbif, institutions) [2026-04-14]";TRUE;"Corrected: points were corrected according to locality"
"572";"SURCO:570";"COLOMBIA";"CO";NA;"Municipio de Garzon, vereda Villa Rica, estribaciones del Cerro Miraflores, Quebrada Majo";"2.218069";"-75.62617";2570;"SURCO2025";FALSE;"2005-02-11";"change1: Trimmed whitespace in scientificName (and standardized blanks to NA) | change2: Trimmed whitespace in verbatimScientificName (and standardized blanks to NA) | change3: Trimmed whitespace in genus (and standardized blanks to NA) | epi_taxo: acceptedName(match1); authorship_epig(match1); genus_from_scientificName; family_WFO; order_majorGroup_WCVP [2026-03-11] | CoordinateCleaner QA applied without sea test (validity, equal, zeros, capitals, centroids, gbif, institutions) [2026-04-14] | CoordinateCleaner QA applied without sea test (validity, equal, zeros, capitals, centroids, gbif, institutions) [2026-04-14]";TRUE;"Corrected: points were corrected according to locality"
"573";"SURCO:571";"COLOMBIA";"CO";NA;"Municipio de Rivera, Vereda Honda Alta, quebrada La Honda";"2.819458";"-75.195495";8913,31;"SURCO2025";FALSE;"1992-10-18";"change1: Trimmed whitespace in scientificName (and standardized blanks to NA) | change2: Trimmed whitespace in verbatimScientificName (and standardized blanks to NA) | change3: Trimmed whitespace in genus (and standardized blanks to NA) | epi_taxo: acceptedName(match1); authorship_epig(match1); genus_from_scientificName; family_WFO; order_majorGroup_WCVP [2026-03-11] | CoordinateCleaner QA applied without sea test (validity, equal, zeros, capitals, centroids, gbif, institutions) [2026-04-14] | CoordinateCleaner QA applied without sea test (validity, equal, zeros, capitals, centroids, gbif, institutions) [2026-04-14]";TRUE;"Corrected: points were corrected according to locality"
"574";"SURCO:572";"COLOMBIA";"CO";NA;"Municipio de Rivera, quebrada Agua Fria";"2.772073";"-75.237459";2451;"SURCO2025";FALSE;"1992-11-07";"change1: Set taxonRank=SPECIES from binomial scientificName. | change2: Trimmed whitespace in verbatimScientificName (and standardized blanks to NA) | change3: Trimmed whitespace in genus (and standardized blanks to NA) | epi_taxo: acceptedName(match1); authorship_epig(match1); genus_from_scientificName; family_WFO; order_majorGroup_WCVP [2026-03-11] | CoordinateCleaner QA applied without sea test (validity, equal, zeros, capitals, centroids, gbif, institutions) [2026-04-14] | CoordinateCleaner QA applied without sea test (validity, equal, zeros, capitals, centroids, gbif, institutions) [2026-04-14]";TRUE;"Corrected: points were corrected according to locality"
"575";"SURCO:573";"COLOMBIA";"CO";NA;"Municipio de Rivera, quebrada Agua Fria";"2.772073";"-75.237459";2451;"SURCO2025";FALSE;"1992-11-07";"change1: Set taxonRank=SPECIES from binomial scientificName. | change2: Trimmed whitespace in verbatimScientificName (and standardized blanks to NA) | change3: Trimmed whitespace in genus (and standardized blanks to NA) | epi_taxo: acceptedName(match1); authorship_epig(match1); genus_from_scientificName; family_WFO; order_majorGroup_WCVP [2026-03-11] | CoordinateCleaner QA applied without sea test (validity, equal, zeros, capitals, centroids, gbif, institutions) [2026-04-14] | CoordinateCleaner QA applied without sea test (validity, equal, zeros, capitals, centroids, gbif, institutions) [2026-04-14]";TRUE;"Corrected: points were corrected according to locality"
"576";"SURCO:574";"COLOMBIA";"CO";NA;"Municipio de Palermo, Inspeccion Ospiona Perez, Vereda Pijao";"2.85196";"-75.446257";3976;"SURCO2025";FALSE;"1992-02-23";"change1: Set taxonRank=SPECIES from binomial scientificName. | change2: Trimmed whitespace in verbatimScientificName (and standardized blanks to NA) | change3: Trimmed whitespace in genus (and standardized blanks to NA) | epi_taxo: acceptedName(match1); authorship_epig(match1); genus_from_scientificName; family_WFO; order_majorGroup_WCVP [2026-03-11] | CoordinateCleaner QA applied without sea test (validity, equal, zeros, capitals, centroids, gbif, institutions) [2026-04-14] | CoordinateCleaner QA applied without sea test (validity, equal, zeros, capitals, centroids, gbif, institutions) [2026-04-14]";TRUE;"Corrected: points were corrected according to locality"
"577";"SURCO:575";"COLOMBIA";"CO";NA;"Municipio de Rivera, Alto Rio Blanco";"2.773305";"-75.292337";3666;"SURCO2025";FALSE;"1992-02-22";"change1: Set taxonRank=SPECIES from binomial scientificName. | change2: Trimmed whitespace in verbatimScientificName (and standardized blanks to NA) | change3: Trimmed whitespace in genus (and standardized blanks to NA) | epi_taxo: acceptedName(match1); authorship_epig(match1); genus_from_scientificName; family_WFO; order_majorGroup_WCVP [2026-03-11] | CoordinateCleaner QA applied without sea test (validity, equal, zeros, capitals, centroids, gbif, institutions) [2026-04-14] | CoordinateCleaner QA applied without sea test (validity, equal, zeros, capitals, centroids, gbif, institutions) [2026-04-14]";TRUE;"Corrected: points were corrected according to locality"
"578";"SURCO:576";"COLOMBIA";"CO";NA;"Municipio de Rivera, quebrada Agua Fria";"2.772073";"-75.237459";2451;"SURCO2025";FALSE;"1992-11-07";"change1: Set taxonRank=SPECIES from binomial scientificName. | change2: Trimmed whitespace in verbatimScientificName (and standardized blanks to NA) | change3: Trimmed whitespace in genus (and standardized blanks to NA) | epi_taxo: acceptedName(match1); authorship_epig(match1); genus_from_scientificName; family_WFO; order_majorGroup_WCVP [2026-03-11] | CoordinateCleaner QA applied without sea test (validity, equal, zeros, capitals, centroids, gbif, institutions) [2026-04-14] | CoordinateCleaner QA applied without sea test (validity, equal, zeros, capitals, centroids, gbif, institutions) [2026-04-14]";TRUE;"Corrected: points were corrected according to locality"
"579";"SURCO:577";"COLOMBIA";"CO";NA;"Municipio de Suaza, vereda Bajo Tablon";"1.989046";"-75.798616";1433;"SURCO2025";FALSE;"2003-08-18";"change1: Set taxonRank=SPECIES from binomial scientificName. | change2: Trimmed whitespace in verbatimScientificName (and standardized blanks to NA) | change3: Trimmed whitespace in genus (and standardized blanks to NA) | epi_taxo: acceptedName(match1); authorship_epig(match1); genus_from_scientificName; family_WFO; order_majorGroup_WCVP [2026-03-11] | CoordinateCleaner QA applied without sea test (validity, equal, zeros, capitals, centroids, gbif, institutions) [2026-04-14] | CoordinateCleaner QA applied without sea test (validity, equal, zeros, capitals, centroids, gbif, institutions) [2026-04-14]";TRUE;"Corrected: points were corrected according to locality"
"580";"SURCO:578";"COLOMBIA";"CO";NA;"Municipio de Suaza, Inspeccion Santa Ana, vereda San Emilio";"1.989046";"-75.798616";1433;"SURCO2025";FALSE;"1990-09-22";"change1: Set taxonRank=SPECIES from binomial scientificName. | change2: Trimmed whitespace in verbatimScientificName (and standardized blanks to NA) | change3: Trimmed whitespace in genus (and standardized blanks to NA) | epi_taxo: acceptedName(match1); authorship_epig(match1); genus_from_scientificName; family_WFO; order_majorGroup_WCVP [2026-03-11] | CoordinateCleaner QA applied without sea test (validity, equal, zeros, capitals, centroids, gbif, institutions) [2026-04-14] | CoordinateCleaner QA applied without sea test (validity, equal, zeros, capitals, centroids, gbif, institutions) [2026-04-14]";TRUE;"Corrected: points were corrected according to locality"
"581";"SURCO:579";"COLOMBIA";"CO";NA;"Municipio de Campoalegre, Vereda Alto El Roble";"4.680574";"-75.515964";9696;"SURCO2025";FALSE;"2001-10-13";"change1: Set taxonRank=SPECIES from binomial scientificName. | change2: Trimmed whitespace in verbatimScientificName (and standardized blanks to NA) | change3: Trimmed whitespace in genus (and standardized blanks to NA) | epi_taxo: acceptedName(match1); authorship_epig(match1); genus_from_scientificName; family_WFO; order_majorGroup_WCVP [2026-03-11] | CoordinateCleaner QA applied without sea test (validity, equal, zeros, capitals, centroids, gbif, institutions) [2026-04-14] | CoordinateCleaner QA applied without sea test (validity, equal, zeros, capitals, centroids, gbif, institutions) [2026-04-14]";TRUE;"Corrected: points were corrected according to locality"
"582";"SURCO:580";"COLOMBIA";"CO";NA;"Municipio de Campoalegre, Vereda Alto El Roble";"4.586505";"-75.571662";10772;"SURCO2025";FALSE;"2001-10-15";"change1: Set taxonRank=SPECIES from binomial scientificName. | change2: Trimmed whitespace in verbatimScientificName (and standardized blanks to NA) | change3: Trimmed whitespace in genus (and standardized blanks to NA) | epi_taxo: acceptedName(match1); authorship_epig(match1); genus_from_scientificName; family_WFO; order_majorGroup_WCVP [2026-03-11] | CoordinateCleaner QA applied without sea test (validity, equal, zeros, capitals, centroids, gbif, institutions) [2026-04-14] | CoordinateCleaner QA applied without sea test (validity, equal, zeros, capitals, centroids, gbif, institutions) [2026-04-14]";TRUE;"Corrected: points were corrected according to locality"
"583";"SURCO:581";"COLOMBIA";"CO";NA;"Municipio de Neiva, Vereda Alta Santa Rosalia, quebrada La Cabuya";"2.886503";"-75.45785";546;"SURCO2025";FALSE;"1997-10-10";"change1: Set taxonRank=SPECIES from binomial scientificName. | change2: Trimmed whitespace in verbatimScientificName (and standardized blanks to NA) | change3: Trimmed whitespace in genus (and standardized blanks to NA) | epi_taxo: acceptedName(match1); authorship_epig(match1); genus_from_scientificName; family_WFO; order_majorGroup_WCVP [2026-03-11] | CoordinateCleaner QA applied without sea test (validity, equal, zeros, capitals, centroids, gbif, institutions) [2026-04-14] | CoordinateCleaner QA applied without sea test (validity, equal, zeros, capitals, centroids, gbif, institutions) [2026-04-14]";TRUE;"Corrected: points were corrected according to locality"
"584";"SURCO:582";"COLOMBIA";"CO";NA;"Municipio de Neiva, Vereda Alta Santa Rosalia, margenes de la quebrada aflente del rio Las Ceibas";"2.886503";"-75.45785";546;"SURCO2025";FALSE;"1996-12-06";"change1: Set taxonRank=SPECIES from binomial scientificName. | change2: Trimmed whitespace in verbatimScientificName (and standardized blanks to NA) | change3: Trimmed whitespace in genus (and standardized blanks to NA) | epi_taxo: acceptedName(match1); authorship_epig(match1); genus_from_scientificName; family_WFO; order_majorGroup_WCVP [2026-03-11] | CoordinateCleaner QA applied without sea test (validity, equal, zeros, capitals, centroids, gbif, institutions) [2026-04-14] | CoordinateCleaner QA applied without sea test (validity, equal, zeros, capitals, centroids, gbif, institutions) [2026-04-14]";TRUE;"Corrected: points were corrected according to locality"
"585";"SURCO:583";"COLOMBIA";"CO";NA;"Municipio de Neiva, Inspeccion de Motilon, Vereda Alto Motilon, La Siberia, trocha hacia la quebrada Negra";"2.817875";"-75.095317";659;"SURCO2025";FALSE;"1992-11-24";"change1: Set taxonRank=SPECIES from binomial scientificName. | change2: Trimmed whitespace in verbatimScientificName (and standardized blanks to NA) | change3: Trimmed whitespace in genus (and standardized blanks to NA) | epi_taxo: acceptedName(match1); authorship_epig(match1); genus_from_scientificName; family_WFO; order_majorGroup_WCVP [2026-03-11] | CoordinateCleaner QA applied without sea test (validity, equal, zeros, capitals, centroids, gbif, institutions) [2026-04-14] | CoordinateCleaner QA applied without sea test (validity, equal, zeros, capitals, centroids, gbif, institutions) [2026-04-14]";TRUE;"Corrected: points were corrected according to locality"
"586";"SURCO:584";"COLOMBIA";"CO";NA;"Municipio de Campoalegre, Vereda Alto El Roble";"4.586505";"-75.571662";10772;"SURCO2025";FALSE;"2001-10-15";"change1: Set taxonRank=SPECIES from binomial scientificName. | change2: Trimmed whitespace in verbatimScientificName (and standardized blanks to NA) | change3: Trimmed whitespace in genus (and standardized blanks to NA) | epi_taxo: acceptedName(match1); authorship_epig(match1); genus_from_scientificName; family_WFO; order_majorGroup_WCVP [2026-03-11] | CoordinateCleaner QA applied without sea test (validity, equal, zeros, capitals, centroids, gbif, institutions) [2026-04-14] | CoordinateCleaner QA applied without sea test (validity, equal, zeros, capitals, centroids, gbif, institutions) [2026-04-14]";TRUE;"Corrected: points were corrected according to locality"
"587";"SURCO:585";"COLOMBIA";"CO";NA;"Municipio de Neiva, Inspeccion de Motilon, Vereda Alto Motilon, La Siberia, trocha hacia la quebrada Negra";"2.817875";"-75.095317";659;"SURCO2025";FALSE;"1992-11-24";"change1: Set taxonRank=SPECIES from binomial scientificName. | change2: Trimmed whitespace in verbatimScientificName (and standardized blanks to NA) | change3: Trimmed whitespace in genus (and standardized blanks to NA) | epi_taxo: acceptedName(match1); authorship_epig(match1); genus_from_scientificName; family_WFO; order_majorGroup_WCVP [2026-03-11] | CoordinateCleaner QA applied without sea test (validity, equal, zeros, capitals, centroids, gbif, institutions) [2026-04-14] | CoordinateCleaner QA applied without sea test (validity, equal, zeros, capitals, centroids, gbif, institutions) [2026-04-14]";TRUE;"Corrected: points were corrected according to locality"
"588";"SURCO:586";"COLOMBIA";"CO";NA;"Municipio de Neiva, vereda La Plata, Rio Las Ceibas";"2.865354";"-74.919548";22992;"SURCO2025";FALSE;"1996-12-07";"change1: Set taxonRank=SPECIES from binomial scientificName. | change2: Trimmed whitespace in verbatimScientificName (and standardized blanks to NA) | change3: Trimmed whitespace in genus (and standardized blanks to NA) | epi_taxo: acceptedName(match1); authorship_epig(match1); genus_from_scientificName; family_WFO; order_majorGroup_WCVP [2026-03-11] | CoordinateCleaner QA applied without sea test (validity, equal, zeros, capitals, centroids, gbif, institutions) [2026-04-14] | CoordinateCleaner QA applied without sea test (validity, equal, zeros, capitals, centroids, gbif, institutions) [2026-04-14]";TRUE;"Corrected: points were corrected according to locality"
"589";"SURCO:587";"COLOMBIA";"CO";NA;"Municipio de La Plata, Corregimiento de Belen, hacienda Meremberg";"2.276605";"-76.00021";4587;"SURCO2025";FALSE;"2012-10-24";"change1: Set taxonRank=SPECIES from binomial scientificName. | change2: Trimmed whitespace in verbatimScientificName (and standardized blanks to NA) | change3: Trimmed whitespace in genus (and standardized blanks to NA) | epi_taxo: acceptedName(match1); authorship_epig(match1); genus_from_scientificName; family_WFO; order_majorGroup_WCVP [2026-03-11] | CoordinateCleaner QA applied without sea test (validity, equal, zeros, capitals, centroids, gbif, institutions) [2026-04-14] | CoordinateCleaner QA applied without sea test (validity, equal, zeros, capitals, centroids, gbif, institutions) [2026-04-14]";TRUE;"Corrected: points were corrected according to locality"
"590";"SURCO:588";"COLOMBIA";"CO";NA;"Municipio de Campoalegre, vereda Alto El Roble";"4.586505";"-75.571662";10772;"SURCO2025";FALSE;"2001-10-13";"change1: Set taxonRank=SPECIES from binomial scientificName. | change2: Trimmed whitespace in verbatimScientificName (and standardized blanks to NA) | change3: Trimmed whitespace in genus (and standardized blanks to NA) | epi_taxo: acceptedName(match1); authorship_epig(match1); genus_from_scientificName; family_WFO; order_majorGroup_WCVP [2026-03-11] | CoordinateCleaner QA applied without sea test (validity, equal, zeros, capitals, centroids, gbif, institutions) [2026-04-14] | CoordinateCleaner QA applied without sea test (validity, equal, zeros, capitals, centroids, gbif, institutions) [2026-04-14]";TRUE;"Corrected: points were corrected according to locality"
"591";"SURCO:589";"COLOMBIA";"CO";NA;"Municipio de Santa Maria, Vereda El Carmen de Bolivar";"4.846285";"-73.238256";2851;"SURCO2025";FALSE;"2004-07-26";"change1: Set taxonRank=SPECIES from binomial scientificName. | change2: Trimmed whitespace in verbatimScientificName (and standardized blanks to NA) | change3: Trimmed whitespace in genus (and standardized blanks to NA) | epi_taxo: acceptedName(match1); authorship_epig(match1); genus_from_scientificName; family_WFO; order_majorGroup_WCVP [2026-03-11] | CoordinateCleaner QA applied without sea test (validity, equal, zeros, capitals, centroids, gbif, institutions) [2026-04-14] | CoordinateCleaner QA applied without sea test (validity, equal, zeros, capitals, centroids, gbif, institutions) [2026-04-14]";TRUE;"Corrected: points were corrected according to locality"
"592";"SURCO:590";"COLOMBIA";"CO";NA;"Municipio de Colombia, Inspeccion de Las Lajas, sitio Cara de Perro";"0.669103";"-77.398313";24209;"SURCO2025";FALSE;"1990-09-29";"change1: Set taxonRank=SPECIES from binomial scientificName. | change2: Trimmed whitespace in verbatimScientificName (and standardized blanks to NA) | change3: Trimmed whitespace in genus (and standardized blanks to NA) | epi_taxo: acceptedName(match1); authorship_epig(match1); genus_from_scientificName; family_WFO; order_majorGroup_WCVP [2026-03-11] | CoordinateCleaner QA applied without sea test (validity, equal, zeros, capitals, centroids, gbif, institutions) [2026-04-14] | CoordinateCleaner QA applied without sea test (validity, equal, zeros, capitals, centroids, gbif, institutions) [2026-04-14]";TRUE;"Corrected: points were corrected according to locality"
"593";"SURCO:591";"COLOMBIA";"CO";NA;"Municipio de Neiva, quebrada el Mico";"2.951501";"-75.295464";147;"SURCO2025";FALSE;"1996-03-23";"change1: Set taxonRank=SPECIES from binomial scientificName. | change2: Trimmed whitespace in verbatimScientificName (and standardized blanks to NA) | change3: Trimmed whitespace in genus (and standardized blanks to NA) | epi_taxo: acceptedName(match1); authorship_epig(match1); genus_from_scientificName; family_WFO; order_majorGroup_WCVP [2026-03-11] | CoordinateCleaner QA applied without sea test (validity, equal, zeros, capitals, centroids, gbif, institutions) [2026-04-14] | CoordinateCleaner QA applied without sea test (validity, equal, zeros, capitals, centroids, gbif, institutions) [2026-04-14]";TRUE;"Corrected: points were corrected according to locality"
"594";"SURCO:592";"COLOMBIA";"CO";NA;"Municipio de Rivera, Vereda Honda Alta";"2.819458";"-75.195495";8913,31;"SURCO2025";FALSE;"1992-08-22";"change1: Set taxonRank=SPECIES from binomial scientificName. | change2: Trimmed whitespace in verbatimScientificName (and standardized blanks to NA) | change3: Trimmed whitespace in genus (and standardized blanks to NA) | epi_taxo: acceptedName(match1); authorship_epig(match1); genus_from_scientificName; family_WFO; order_majorGroup_WCVP [2026-03-11] | CoordinateCleaner QA applied without sea test (validity, equal, zeros, capitals, centroids, gbif, institutions) [2026-04-14] | CoordinateCleaner QA applied without sea test (validity, equal, zeros, capitals, centroids, gbif, institutions) [2026-04-14]";TRUE;"Corrected: points were corrected according to locality"
"595";"SURCO:593";"COLOMBIA";"CO";NA;"Municipio de Rivera, Vereda Honda Alta";"2.819458";"-75.195495";8913,31;"SURCO2025";FALSE;"1992-08-22";"change1: Set taxonRank=SPECIES from binomial scientificName. | change2: Trimmed whitespace in verbatimScientificName (and standardized blanks to NA) | change3: Trimmed whitespace in genus (and standardized blanks to NA) | epi_taxo: acceptedName(match1); authorship_epig(match1); genus_from_scientificName; family_WFO; order_majorGroup_WCVP [2026-03-11] | CoordinateCleaner QA applied without sea test (validity, equal, zeros, capitals, centroids, gbif, institutions) [2026-04-14] | CoordinateCleaner QA applied without sea test (validity, equal, zeros, capitals, centroids, gbif, institutions) [2026-04-14]";TRUE;"Corrected: points were corrected according to locality"
"596";"SURCO:594";"COLOMBIA";"CO";NA;"Municipio de Rivera, Vereda Honda Alta";"2.819458";"-75.195495";8913,31;"SURCO2025";FALSE;"1992-08-22";"change1: Set taxonRank=SPECIES from binomial scientificName. | change2: Trimmed whitespace in verbatimScientificName (and standardized blanks to NA) | change3: Trimmed whitespace in genus (and standardized blanks to NA) | epi_taxo: acceptedName(match1); authorship_epig(match1); genus_from_scientificName; family_WFO; order_majorGroup_WCVP [2026-03-11] | CoordinateCleaner QA applied without sea test (validity, equal, zeros, capitals, centroids, gbif, institutions) [2026-04-14] | CoordinateCleaner QA applied without sea test (validity, equal, zeros, capitals, centroids, gbif, institutions) [2026-04-14]";TRUE;"Corrected: points were corrected according to locality"
"597";"SURCO:595";"COLOMBIA";"CO";NA;"Municipio de Colombia, Inspeccion de Santa Ana, camino hacia el Cerro de La Cruz";"9.335945";"-74.572542";1521;"SURCO2025";FALSE;"1990-09-15";"change1: Set taxonRank=SPECIES from binomial scientificName. | change2: Trimmed whitespace in verbatimScientificName (and standardized blanks to NA) | change3: Trimmed whitespace in genus (and standardized blanks to NA) | epi_taxo: acceptedName(match1); authorship_epig(match1); genus_from_scientificName; family_WFO; order_majorGroup_WCVP [2026-03-11] | CoordinateCleaner QA applied without sea test (validity, equal, zeros, capitals, centroids, gbif, institutions) [2026-04-14] | CoordinateCleaner QA applied without sea test (validity, equal, zeros, capitals, centroids, gbif, institutions) [2026-04-14]";TRUE;"Corrected: points were corrected according to locality"
"598";"SURCO:596";"COLOMBIA";"CO";NA;"Municipio de Suaza, Vereda El Vergel, quebrada El Neme";"1.977297";"-75.809111";1561;"SURCO2025";FALSE;"1986-10-13";"change1: Set taxonRank=SPECIES from binomial scientificName. | change2: Trimmed whitespace in verbatimScientificName (and standardized blanks to NA) | change3: Trimmed whitespace in genus (and standardized blanks to NA) | epi_taxo: acceptedName(match1); authorship_epig(match1); genus_from_scientificName; family_WFO; order_majorGroup_WCVP [2026-03-11] | CoordinateCleaner QA applied without sea test (validity, equal, zeros, capitals, centroids, gbif, institutions) [2026-04-14] | CoordinateCleaner QA applied without sea test (validity, equal, zeros, capitals, centroids, gbif, institutions) [2026-04-14]";TRUE;"Corrected: points were corrected according to locality"
"599";"SURCO:597";"COLOMBIA";"CO";NA;"Municipio de Colombia, Carretera al Playon, Rio Blanco";"5.250926";"-75.398478";15251;"SURCO2025";FALSE;"1990-09-30";"change1: Set taxonRank=SPECIES from binomial scientificName. | change2: Trimmed whitespace in verbatimScientificName (and standardized blanks to NA) | change3: Trimmed whitespace in genus (and standardized blanks to NA) | epi_taxo: acceptedName(match1); authorship_epig(match1); genus_from_scientificName; family_WFO; order_majorGroup_WCVP [2026-03-11] | CoordinateCleaner QA applied without sea test (validity, equal, zeros, capitals, centroids, gbif, institutions) [2026-04-14] | CoordinateCleaner QA applied without sea test (validity, equal, zeros, capitals, centroids, gbif, institutions) [2026-04-14]";TRUE;"Corrected: points were corrected according to locality"
"600";"SURCO:598";"COLOMBIA";"CO";NA;"Municipio de Suaza, vereda El Porvenir";"1.977297";"-75.809111";1561;"SURCO2025";FALSE;"1998-04-18";"change1: Set taxonRank=SPECIES from binomial scientificName. | change2: Trimmed whitespace in verbatimScientificName (and standardized blanks to NA) | change3: Trimmed whitespace in genus (and standardized blanks to NA) | epi_taxo: acceptedName(match1); authorship_epig(match1); genus_from_scientificName; family_WFO; order_majorGroup_WCVP [2026-03-11] | CoordinateCleaner QA applied without sea test (validity, equal, zeros, capitals, centroids, gbif, institutions) [2026-04-14] | CoordinateCleaner QA applied without sea test (validity, equal, zeros, capitals, centroids, gbif, institutions) [2026-04-14]";TRUE;"Corrected: points were corrected according to locality"
"601";"SURCO:599";"COLOMBIA";"CO";NA;"Municipio de La Plata, Vereda La Linea";"2.391569";"-75.932828";18407;"SURCO2025";FALSE;"2004-05-22";"change1: Set taxonRank=SPECIES from binomial scientificName. | change2: Trimmed whitespace in verbatimScientificName (and standardized blanks to NA) | change3: Trimmed whitespace in genus (and standardized blanks to NA) | epi_taxo: acceptedName(match1); authorship_epig(match1); genus_from_scientificName; family_WFO; order_majorGroup_WCVP [2026-03-11] | CoordinateCleaner QA applied without sea test (validity, equal, zeros, capitals, centroids, gbif, institutions) [2026-04-14] | CoordinateCleaner QA applied without sea test (validity, equal, zeros, capitals, centroids, gbif, institutions) [2026-04-14]";TRUE;"Corrected: points were corrected according to locality"
"602";"SURCO:600";"COLOMBIA";"CO";NA;"Municipio de Neiva, vereda La Plata, Rio Las Ceibas";"2.865354";"-74.919548";22992;"SURCO2025";FALSE;"1997-12-07";"change1: Set taxonRank=SPECIES from binomial scientificName. | change2: Trimmed whitespace in verbatimScientificName (and standardized blanks to NA) | epi_taxo: acceptedName(match1); authorship_epig(match1); genus_from_scientificName; family_WFO; order_majorGroup_WCVP [2026-03-11] | CoordinateCleaner QA applied without sea test (validity, equal, zeros, capitals, centroids, gbif, institutions) [2026-04-14] | CoordinateCleaner QA applied without sea test (validity, equal, zeros, capitals, centroids, gbif, institutions) [2026-04-14]";TRUE;"Corrected: points were corrected according to locality"
"603";"SURCO:601";"COLOMBIA";"CO";NA;"Municipio de Neiva, vereda La Plata, Rio Las Ceibas";"2.865354";"-74.919548";22992;"SURCO2025";FALSE;"1996-12-07";"change1: Set taxonRank=SPECIES from binomial scientificName. | change2: Trimmed whitespace in verbatimScientificName (and standardized blanks to NA) | change3: Trimmed whitespace in genus (and standardized blanks to NA) | epi_taxo: acceptedName(match1); authorship_epig(match1); genus_from_scientificName; family_WFO; order_majorGroup_WCVP [2026-03-11] | CoordinateCleaner QA applied without sea test (validity, equal, zeros, capitals, centroids, gbif, institutions) [2026-04-14] | CoordinateCleaner QA applied without sea test (validity, equal, zeros, capitals, centroids, gbif, institutions) [2026-04-14]";TRUE;"Corrected: points were corrected according to locality"
"604";"SURCO:602";"COLOMBIA";"CO";NA;"Municipio de Neiva, vereda La Plata, Rio Las Ceibas";"2.865354";"-74.919548";22992;"SURCO2025";FALSE;"1996-12-06";"change1: Set taxonRank=SPECIES from binomial scientificName. | change2: Trimmed whitespace in verbatimScientificName (and standardized blanks to NA) | change3: Trimmed whitespace in genus (and standardized blanks to NA) | epi_taxo: acceptedName(match1); authorship_epig(match1); genus_from_scientificName; family_WFO; order_majorGroup_WCVP [2026-03-11] | CoordinateCleaner QA applied without sea test (validity, equal, zeros, capitals, centroids, gbif, institutions) [2026-04-14] | CoordinateCleaner QA applied without sea test (validity, equal, zeros, capitals, centroids, gbif, institutions) [2026-04-14]";TRUE;"Corrected: points were corrected according to locality"
"605";"SURCO:605";"COLOMBIA";"CO";NA;"Municipio de Algeciras, Vereda Alto El Roble";"2.651145";"-75.161498";607;"SURCO2025";FALSE;"2001-10-14";"change1: Set taxonRank=SPECIES from binomial scientificName. | change2: Trimmed whitespace in verbatimScientificName (and standardized blanks to NA) | epi_taxo: acceptedName(match1); authorship_epig(match1); genus_from_scientificName; family_WFO; order_majorGroup_WCVP [2026-03-11] | CoordinateCleaner QA applied without sea test (validity, equal, zeros, capitals, centroids, gbif, institutions) [2026-04-14] | CoordinateCleaner QA applied without sea test (validity, equal, zeros, capitals, centroids, gbif, institutions) [2026-04-14]";TRUE;"Corrected: points were corrected according to locality"
"606";"SURCO:606";"COLOMBIA";"CO";NA;"Municipio de Campoalegre, Vereda Alto El Roble";"4.586505";"-75.571662";10772;"SURCO2025";FALSE;"2001-10-14";"change1: Set taxonRank=SPECIES from binomial scientificName. | change2: Trimmed whitespace in verbatimScientificName (and standardized blanks to NA) | epi_taxo: acceptedName(match1); authorship_epig(match1); genus_from_scientificName; family_WFO; order_majorGroup_WCVP [2026-03-11] | CoordinateCleaner QA applied without sea test (validity, equal, zeros, capitals, centroids, gbif, institutions) [2026-04-14] | CoordinateCleaner QA applied without sea test (validity, equal, zeros, capitals, centroids, gbif, institutions) [2026-04-14]";TRUE;"Corrected: points were corrected according to locality"
"607";"SURCO:607";"COLOMBIA";"CO";NA;"Municipio de Campoalegre, Vereda Alto El Roble";"4.586505";"-75.571662";10772;"SURCO2025";FALSE;"2001-03-31";"change1: Set taxonRank=SPECIES from binomial scientificName. | change2: Trimmed whitespace in verbatimScientificName (and standardized blanks to NA) | epi_taxo: acceptedName(match1); authorship_epig(match1); genus_from_scientificName; family_WFO; order_majorGroup_WCVP [2026-03-11] | CoordinateCleaner QA applied without sea test (validity, equal, zeros, capitals, centroids, gbif, institutions) [2026-04-14] | CoordinateCleaner QA applied without sea test (validity, equal, zeros, capitals, centroids, gbif, institutions) [2026-04-14]";TRUE;"Corrected: points were corrected according to locality"
"608";"SURCO:608";"COLOMBIA";"CO";NA;"Municipio de Algeciras, Vereda Alto El Roble";"2.651145";"-75.161498";607;"SURCO2025";FALSE;"2001-10-14";"change1: Set taxonRank=SPECIES from binomial scientificName. | change2: Trimmed whitespace in verbatimScientificName (and standardized blanks to NA) | epi_taxo: acceptedName(match1); authorship_epig(match1); genus_from_scientificName; family_WFO; order_majorGroup_WCVP [2026-03-11] | CoordinateCleaner QA applied without sea test (validity, equal, zeros, capitals, centroids, gbif, institutions) [2026-04-14] | CoordinateCleaner QA applied without sea test (validity, equal, zeros, capitals, centroids, gbif, institutions) [2026-04-14]";TRUE;"Corrected: points were corrected according to locality"
